product_id,year_month,region_id,region,target_month,next_month_risk_label,split,split_row_number,model_scope,actual_risk_label_num,actual_risk_label,predicted_risk_label_num,predicted_risk_label,prob_low_risk,prob_medium_risk,high_risk_probability,high_risk_probability_pct,risk_score,risk_score_0_10,selected_high_risk_threshold,is_any_risk_alert,is_high_risk_alert,is_false_alarm,is_missed_high_risk,product_line,product_category,product_name,lifecycle_stage,units_sold,revenue,unique_customers,avg_discount_pct,market_demand_index,competitor_pressure_index,stockout_flag,backorder_units,campaign_flag,website_visits,demo_requests,estimated_gross_profit,estimated_gross_margin_pct,product_unit_share_category_region,unit_share_change_pct,risk_factor_under_trend,risk_factor_volatility,risk_factor_sales_drop,risk_factor_customer_drop,supply_pressure_score,customer_count_growth_pct,market_tailwind_score,high_competition_flag,margin_gap_vs_target,campaign_active_with_no_sales,commercial_pressure_score,demand_supply_mismatch_flag,revenue_at_risk_proxy,model_explained_class,model_explained_class_probability,model_explained_class_base_probability,model_high_risk_base_probability,model_driver_1,model_driver_1_contribution_pp,model_driver_1_direction,model_driver_2,model_driver_2_contribution_pp,model_driver_2_direction,model_driver_3,model_driver_3_contribution_pp,model_driver_3_direction,model_driver_4,model_driver_4_contribution_pp,model_driver_4_direction,model_driver_5,model_driver_5_contribution_pp,model_driver_5_direction,business_risk_indicators,risk_drivers,recommended_action,business_indicator_count,monitoring_priority,review_rank_within_split
1148,2025-12-01,7,Eastern EU,2026-01-01,,scoring,1487,refit_model_current_scoring,,,2,High Risk,0.014923970382705258,0.03469369890517415,0.9503823307121201,95.038233071212,95.0,9.67729180164707,0.39,1,1,,,Services,Legacy Workstation,Legacy Workstation Model 09,Decline,60.0,42573.31,2.0,0.1165,,,0,0.0,False,184,0,6533.709999999999,0.1534696268624638,0.1566579634464752,,0,0,0,0,10.0,,10.0,,-0.0265303731375361,0,2.0,,851.4662,High Risk,0.9503823307121201,0.3333333333333305,0.3333333333333305,Rolling Revenue Std 3M,5.234249145081896,increases predicted class probability,Rolling Revenue Mean 3M,4.343455243188637,increases predicted class probability,Rolling Units Mean 3M,4.222748956943221,increases predicted class probability,Rolling Units Std 3M,3.792024621446758,increases predicted class probability,Customers Lag 1M,3.740766809015502,increases predicted class probability,Supply pressure,Supply pressure,"Review stock, replenishment, and supplier lead times immediately",1,1,1
1106,2025-12-01,10,Northern EU,2026-01-01,,scoring,1061,refit_model_current_scoring,,,2,High Risk,0.016064692194836878,0.037435712180562665,0.9464995956246001,94.64995956246001,94.6,9.652174517148813,0.39,1,1,,,Accessories,Industrial Scanner,Industrial Scanner Model 07,Decline,73.0,82426.52,2.0,0.1765,,,0,0.0,False,263,3,16678.34000000001,0.2023419161696989,0.2172619047619047,,0,0,0,0,10.0,,10.0,,-0.1376580838303011,0,2.0,,1648.5304,High Risk,0.9464995956246001,0.3333333333333305,0.3333333333333305,Rolling Revenue Std 3M,5.592849521814989,increases predicted class probability,Rolling Units Mean 3M,4.804381151619194,increases predicted class probability,Rolling Revenue Mean 3M,4.714161346325462,increases predicted class probability,Rolling Units Std 3M,3.638413223649114,increases predicted class probability,Customers Lag 1M,3.6165371707568768,increases predicted class probability,Supply pressure; Margin below target,Supply pressure; Margin below target,"Review stock, replenishment, and supplier lead times immediately",2,1,2
1040,2025-12-01,10,Northern EU,2026-01-01,,scoring,401,refit_model_current_scoring,,,2,High Risk,0.02134293163761809,0.04328727247655294,0.9353697958858288,93.53697958858288,93.5,9.570134321241053,0.39,1,1,,,IT,Tablet Enterprise,Tablet Enterprise Model 01,Decline,171.0,51726.6,2.0,0.146,,,0,0.0,False,255,9,6586.019999999997,0.1273236593938128,0.1642651296829971,,0,0,0,0,10.0,,10.0,,-0.1426763406061872,0,2.0,,1034.532,High Risk,0.9353697958858288,0.3333333333333305,0.3333333333333305,Rolling Revenue Std 3M,5.340648882765235,increases predicted class probability,Rolling Units Mean 3M,4.802289892357946,increases predicted class probability,Rolling Revenue Mean 3M,4.544048236656441,increases predicted class probability,Rolling Units Std 3M,3.985784873799072,increases predicted class probability,Customers Lag 1M,3.726961397200384,increases predicted class probability,Supply pressure; Margin below target,Supply pressure; Margin below target,"Review stock, replenishment, and supplier lead times immediately",2,1,3
1148,2025-12-01,10,Northern EU,2026-01-01,,scoring,1481,refit_model_current_scoring,,,2,High Risk,0.022623969699343553,0.04751427550272095,0.9298617547979349,92.98617547979349,93.0,9.536188925492954,0.39,1,1,,,Services,Legacy Workstation,Legacy Workstation Model 09,Decline,31.0,21881.29,1.0,0.078,,,0,0.0,False,201,1,3260.8300000000017,0.1490236635957021,0.0903790087463556,,0,0,0,0,10.0,,10.0,,-0.0309763364042978,0,2.0,,437.6258,High Risk,0.9298617547979349,0.3333333333333305,0.3333333333333305,Rolling Revenue Std 3M,5.641393502936653,increases predicted class probability,Rolling Units Mean 3M,4.807705516199729,increases predicted class probability,Rolling Revenue Mean 3M,4.5167663778929015,increases predicted class probability,Rolling Units Std 3M,4.058547805861609,increases predicted class probability,Customers Lag 1M,3.7342657273514703,increases predicted class probability,Supply pressure,Supply pressure,"Review stock, replenishment, and supplier lead times immediately",1,1,4
1148,2025-12-01,2,Western EU,2026-01-01,,scoring,1482,refit_model_current_scoring,,,2,High Risk,0.023870186484350603,0.05070826193139114,0.9254215515842583,92.54215515842583,92.5,9.50775682549954,0.39,1,1,,,Services,Legacy Workstation,Legacy Workstation Model 09,Decline,156.0,100216.87,3.0,0.1546666666666666,,,0,0.0,False,173,1,6513.910000000004,0.0649981385369549,0.1593462717058222,,0,0,0,0,10.0,,10.0,,-0.115001861463045,0,2.0,,2004.3374,High Risk,0.9254215515842583,0.3333333333333305,0.3333333333333305,Rolling Revenue Std 3M,6.294051790786239,increases predicted class probability,Rolling Units Mean 3M,4.985615807710866,increases predicted class probability,Rolling Revenue Mean 3M,4.9295289775231526,increases predicted class probability,Rolling Units Std 3M,4.819995698373322,increases predicted class probability,Unit Share Lag 1M,3.780376427170715,increases predicted class probability,Supply pressure; Margin below target,Supply pressure; Margin below target,"Review stock, replenishment, and supplier lead times immediately",2,1,5
1153,2025-12-01,10,Northern EU,2026-01-01,,scoring,1531,refit_model_current_scoring,,,2,High Risk,0.019206202594462603,0.05569358639383497,0.9251002110117021,92.51002110117021,92.5,9.529470042086196,0.39,1,1,,,Services,Legacy Workstation,Legacy Workstation Model 14,Decline,97.0,61095.91,1.0,0.204,,,0,0.0,False,208,2,6841.869999999995,0.1119857286682528,0.282798833819242,,0,0,0,0,10.0,,10.0,,-0.0680142713317471,0,2.0,,1221.9182,High Risk,0.9251002110117021,0.3333333333333305,0.3333333333333305,Rolling Revenue Std 3M,5.31748596278784,increases predicted class probability,Rolling Revenue Mean 3M,4.418844252036265,increases predicted class probability,Rolling Units Mean 3M,4.367013748810008,increases predicted class probability,Rolling Units Std 3M,4.090511068067857,increases predicted class probability,Customers Lag 1M,3.740766809015502,increases predicted class probability,Supply pressure,Supply pressure,"Review stock, replenishment, and supplier lead times immediately",1,1,6
1159,2025-12-01,7,Eastern EU,2026-01-01,,scoring,1597,refit_model_current_scoring,,,2,High Risk,0.032915682233136616,0.0629170170791484,0.904167300687715,90.4167300687715,90.4,9.356258092272892,0.39,1,1,,,Services,Legacy Workstation,Legacy Workstation Model 20,Decline,33.0,23475.62,1.0,0.108,,,0,0.0,False,236,0,3844.25,0.1637549934783405,0.0861618798955613,,0,0,0,0,10.0,,10.0,,-0.0162450065216594,0,2.0,,469.5124,High Risk,0.904167300687715,0.3333333333333305,0.3333333333333305,Rolling Revenue Std 3M,5.349230517322415,increases predicted class probability,Rolling Revenue Mean 3M,4.530442566004105,increases predicted class probability,Rolling Units Mean 3M,4.50210280993223,increases predicted class probability,Rolling Units Std 3M,4.1597403721187085,increases predicted class probability,Customers Lag 1M,3.6100360890928447,increases predicted class probability,Supply pressure,Supply pressure,"Review stock, replenishment, and supplier lead times immediately",1,1,7
1044,2025-12-01,10,Northern EU,2026-01-01,,scoring,441,refit_model_current_scoring,,,2,High Risk,0.03373544582908225,0.08808358365185881,0.8781809705190594,87.81809705190594,87.8,9.22222762344989,0.39,1,1,,,IT,Tablet Enterprise,Tablet Enterprise Model 05,Decline,77.0,31815.85,1.0,0.085,,,0,0.0,False,306,1,10687.05,0.3359033312012723,0.073967339097022,,0,0,0,0,10.0,,10.0,,0.0659033312012722,0,2.0,,636.317,High Risk,0.8781809705190594,0.3333333333333305,0.3333333333333305,Rolling Revenue Std 3M,5.206232803506191,increases predicted class probability,Rolling Units Mean 3M,5.128080057663899,increases predicted class probability,Rolling Revenue Mean 3M,5.11497826622709,increases predicted class probability,Rolling Units Std 3M,4.065972319743575,increases predicted class probability,Customers Lag 1M,3.5947522056667216,increases predicted class probability,Supply pressure,Supply pressure,"Review stock, replenishment, and supplier lead times immediately",1,1,8
1010,2025-12-01,7,Eastern EU,2026-01-01,,scoring,107,refit_model_current_scoring,,,2,High Risk,0.044932471460485165,0.08120114286296869,0.8738663856765465,87.38663856765466,87.4,9.144669571080309,0.39,1,1,,,IT,Laptop Pro,Laptop Pro Model 11,Decline,78.0,52668.66,2.0,0.1109999999999999,,,0,0.0,False,393,0,10716.36,0.2034674890152891,0.0885357548240635,,0,0,0,0,10.0,,10.0,,-0.0865325109847108,0,2.0,,1053.3732,High Risk,0.8738663856765465,0.3333333333333305,0.3333333333333305,Rolling Revenue Std 3M,5.6869708005236355,increases predicted class probability,Rolling Units Mean 3M,5.23586771689838,increases predicted class probability,Rolling Revenue Mean 3M,4.79458537249425,increases predicted class probability,Rolling Units Std 3M,4.632290356918423,increases predicted class probability,Customers Lag 1M,3.6703035925395042,increases predicted class probability,Supply pressure,Supply pressure,"Review stock, replenishment, and supplier lead times immediately",1,1,9
1023,2025-12-01,10,Northern EU,2026-01-01,,scoring,231,refit_model_current_scoring,,,2,High Risk,0.03151727182380428,0.09991734377112373,0.8685653844050724,86.85653844050724,86.9,9.185240562906342,0.39,1,1,,,IT,Laptop Standard,Laptop Standard Model 04,Mature,98.0,60835.11,2.0,0.087,,,0,0.0,False,227,2,17455.410000000003,0.2869298666510179,0.1116173120728929,,0,0,0,0,10.0,,10.0,,0.0469298666510178,0,2.0,,1216.7022,High Risk,0.8685653844050724,0.3333333333333305,0.3333333333333305,Rolling Units Mean 3M,5.751864247822704,increases predicted class probability,Rolling Revenue Std 3M,5.578464950667959,increases predicted class probability,Rolling Revenue Mean 3M,5.372936882636364,increases predicted class probability,Rolling Units Std 3M,4.505133345604402,increases predicted class probability,Customers Lag 1M,3.7732323249072706,increases predicted class probability,Supply pressure,Supply pressure,"Review stock, replenishment, and supplier lead times immediately",1,1,10
1103,2025-12-01,7,Eastern EU,2026-01-01,,scoring,1037,refit_model_current_scoring,,,2,High Risk,0.06109319700507643,0.09249120351329475,0.8464155994816293,84.64155994816292,84.6,8.926612012382767,0.39,1,1,,,Accessories,Industrial Scanner,Industrial Scanner Model 04,Decline,43.0,70783.84,1.0,0.068,,,0,0.0,False,340,10,22460.01,0.3173042038973868,0.0639880952380952,,0,0,0,0,10.0,,10.0,,-0.0226957961026132,0,2.0,,1415.6768,High Risk,0.8464155994816293,0.3333333333333305,0.3333333333333305,Rolling Revenue Std 3M,5.432814233821555,increases predicted class probability,Rolling Units Mean 3M,5.09440095363089,increases predicted class probability,Rolling Revenue Mean 3M,4.8401616457719925,increases predicted class probability,Rolling Units Std 3M,4.054989295495355,increases predicted class probability,Customers Lag 1M,3.60836181301502,increases predicted class probability,Supply pressure,Supply pressure,"Review stock, replenishment, and supplier lead times immediately",1,1,11
1049,2025-12-01,10,Northern EU,2026-01-01,,scoring,491,refit_model_current_scoring,,,2,High Risk,0.060050984202324124,0.11463094997376347,0.8253180658239124,82.53180658239124,82.5,8.82633540810794,0.39,1,1,,,IT,Tablet Enterprise,Tablet Enterprise Model 10,Mature,42.0,20344.43,1.0,0.215,,,0,0.0,False,277,1,3639.77,0.1789074454285522,0.0403458213256484,,0,0,0,0,10.0,,10.0,,-0.0910925545714478,0,2.0,,406.8886,High Risk,0.8253180658239124,0.3333333333333305,0.3333333333333305,Rolling Revenue Std 3M,5.606284708134189,increases predicted class probability,Rolling Units Mean 3M,4.935935039445772,increases predicted class probability,Rolling Revenue Mean 3M,4.85200849203218,increases predicted class probability,Rolling Units Std 3M,4.40664725578143,increases predicted class probability,Customers Lag 1M,3.687989366848969,increases predicted class probability,Supply pressure,Supply pressure,"Review stock, replenishment, and supplier lead times immediately",1,1,12
1048,2025-12-01,5,Northern EU,2026-01-01,,scoring,485,refit_model_current_scoring,,,2,High Risk,0.06723042455854449,0.1194031687612611,0.8133664066801944,81.33664066801944,81.3,8.73067991060825,0.39,1,1,,,IT,Tablet Enterprise,Tablet Enterprise Model 09,Decline,100.0,32455.02,2.0,0.2415,,,0,0.0,False,298,1,2609.020000000004,0.080388796555972,0.0521920668058455,,0,0,0,0,10.0,,10.0,,-0.189611203444028,0,2.0,,649.1004,High Risk,0.8133664066801944,0.3333333333333305,0.3333333333333305,Rolling Revenue Std 3M,5.8782684373216725,increases predicted class probability,Rolling Units Mean 3M,5.409674861586314,increases predicted class probability,Rolling Revenue Mean 3M,4.942035892471248,increases predicted class probability,Rolling Units Std 3M,4.346864846660966,increases predicted class probability,Customers Lag 1M,3.7479176965630217,increases predicted class probability,Supply pressure; Margin below target,Supply pressure; Margin below target,"Review stock, replenishment, and supplier lead times immediately",2,1,13
1024,2025-12-01,7,Eastern EU,2026-01-01,,scoring,247,refit_model_current_scoring,,,2,High Risk,0.08590363899663456,0.10127032740008317,0.8128260336032821,81.28260336032821,81.3,8.634611973033236,0.39,1,1,,,IT,Laptop Standard,Laptop Standard Model 05,Growth,31.0,14918.91,1.0,0.14,,,0,0.0,False,226,4,2322.370000000001,0.1556661981337779,0.0353477765108323,,0,0,0,0,10.0,,10.0,,-0.084333801866222,0,2.0,,298.3782,High Risk,0.8128260336032821,0.3333333333333305,0.3333333333333305,Rolling Revenue Std 3M,5.969449018945819,increases predicted class probability,Rolling Units Mean 3M,5.025793995548936,increases predicted class probability,Rolling Revenue Mean 3M,4.87430724322349,increases predicted class probability,Rolling Units Std 3M,4.405091323924581,increases predicted class probability,Unit Share Lag 1M,3.489091592921005,increases predicted class probability,Supply pressure,Supply pressure,"Review stock, replenishment, and supplier lead times immediately",1,1,14
1167,2025-12-01,7,Eastern EU,2026-01-01,,scoring,1677,refit_model_current_scoring,,,2,High Risk,0.07360915574188244,0.12049868717972913,0.8058921570783888,80.58921570783887,80.6,8.661415006682534,0.39,1,1,,,Accessories,Accessory Kit,Accessory Kit Model 08,Decline,44.0,2776.36,1.0,0.219,160.35,58.9,0,0.0,False,225,2,211.1600000000003,0.0760564191963579,0.0417457305502846,,0,0,0,0,7.890000000000001,,27.2255,0.0,-0.143943580803642,0,1.5780000000000003,0.0,43.81096080000001,High Risk,0.8058921570783888,0.3333333333333305,0.3333333333333305,Rolling Revenue Std 3M,5.609216781517524,increases predicted class probability,Rolling Units Mean 3M,5.184875180304098,increases predicted class probability,Rolling Revenue Mean 3M,5.149546519599343,increases predicted class probability,Rolling Units Std 3M,4.404955054926862,increases predicted class probability,Customers Lag 1M,3.6316474692759706,increases predicted class probability,Supply pressure; Margin below target,Supply pressure; Margin below target,"Review stock, replenishment, and supplier lead times immediately",2,1,15
1136,2025-12-01,7,Eastern EU,2026-01-01,,scoring,1367,refit_model_current_scoring,,,2,High Risk,0.08461952477143361,0.11452040034168445,0.800860074886882,80.08600748868821,80.1,8.581202750577242,0.39,1,1,,,Accessories,Connectivity Module,Connectivity Module Model 17,Mature,43.0,3235.79,1.0,0.161,,,0,0.0,False,224,1,965.39,0.2983475441855002,0.0541561712846347,,0,0,0,0,10.0,,10.0,,-0.0116524558144997,0,2.0,,64.7158,High Risk,0.800860074886882,0.3333333333333305,0.3333333333333305,Rolling Revenue Std 3M,5.435278246687472,increases predicted class probability,Rolling Revenue Mean 3M,5.385780160908415,increases predicted class probability,Rolling Units Mean 3M,5.1786294134674105,increases predicted class probability,Rolling Units Std 3M,4.5209105298334435,increases predicted class probability,Customers Lag 1M,3.5806076201189945,increases predicted class probability,Supply pressure,Supply pressure,"Review stock, replenishment, and supplier lead times immediately",1,1,16
1119,2025-12-01,7,Eastern EU,2026-01-01,,scoring,1197,refit_model_current_scoring,,,2,High Risk,0.08155793592177493,0.12012874441974106,0.7983133196584842,79.83133196584842,79.8,8.583776918683547,0.39,1,1,,,Accessories,Industrial Scanner,Industrial Scanner Model 20,Growth,40.0,54543.6,1.0,0.147,,,0,0.0,False,344,4,23378.4,0.428618573031483,0.0595238095238095,,0,0,0,0,10.0,,10.0,,0.088618573031483,0,2.0,,1090.872,High Risk,0.7983133196584842,0.3333333333333305,0.3333333333333305,Rolling Revenue Std 3M,5.7392184111006195,increases predicted class probability,Rolling Revenue Mean 3M,5.5281228255162,increases predicted class probability,Rolling Units Mean 3M,5.466741517689105,increases predicted class probability,Rolling Units Std 3M,4.661126014035235,increases predicted class probability,Customers Lag 1M,3.7047894637187535,increases predicted class probability,Supply pressure,Supply pressure,"Review stock, replenishment, and supplier lead times immediately",1,1,17
1022,2025-12-01,2,Western EU,2026-01-01,,scoring,222,refit_model_current_scoring,,,2,High Risk,0.07794118255977267,0.12560084402053798,0.7964579734196893,79.64579734196893,79.6,8.592583954299583,0.39,1,1,,,IT,Laptop Standard,Laptop Standard Model 03,Mature,68.0,47039.72,4.0,0.05875,,,0,0.0,True,1922,26,13452.480000000003,0.2859812941063425,0.045822102425876,,0,0,0,0,10.0,,10.0,,0.0459812941063425,0,2.0,,940.7944,High Risk,0.7964579734196893,0.3333333333333305,0.3333333333333305,Rolling Units Mean 3M,5.94208315525768,increases predicted class probability,Rolling Revenue Std 3M,5.746202708300509,increases predicted class probability,Rolling Revenue Mean 3M,5.2032624285079345,increases predicted class probability,Rolling Units Std 3M,4.741403401342391,increases predicted class probability,Customers Lag 1M,3.755777147216998,increases predicted class probability,Supply pressure,Supply pressure,"Review stock, replenishment, and supplier lead times immediately",1,1,18
1031,2025-12-01,7,Eastern EU,2026-01-01,,scoring,317,refit_model_current_scoring,,,2,High Risk,0.061098400536056724,0.1462160447460631,0.7926855547178807,79.26855547178808,79.3,8.657935770909122,0.39,1,1,,,IT,Laptop Standard,Laptop Standard Model 12,Mature,98.0,65028.19,1.0,0.178,,,0,0.0,False,319,1,13488.030000000006,0.2074181981691326,0.1117445838084378,,0,0,0,0,10.0,,10.0,,-0.0325818018308673,0,2.0,,1300.5638,High Risk,0.7926855547178807,0.3333333333333305,0.3333333333333305,Rolling Revenue Std 3M,5.474728583834435,increases predicted class probability,Rolling Units Mean 3M,5.233084878736535,increases predicted class probability,Rolling Revenue Mean 3M,4.893117522780676,increases predicted class probability,Rolling Units Std 3M,4.190785225431295,increases predicted class probability,Customers Lag 1M,3.6363743145445784,increases predicted class probability,Supply pressure,Supply pressure,"Review stock, replenishment, and supplier lead times immediately",1,1,19
1189,2025-12-01,9,Western EU,2026-01-01,,scoring,1899,refit_model_current_scoring,,,2,High Risk,0.07461391105813953,0.1354391885375603,0.7899469004043005,78.99469004043004,79.0,8.576664946730807,0.39,1,1,,,Services,Service Contract,Service Contract Model 10,Decline,73.0,16993.97,2.0,0.078,180.0,54.35,0,0.0,False,226,2,10864.89,0.639337953403472,0.0808416389811738,,0,0,0,0,8.14,,48.56100000000001,0.0,0.0193379534034719,0,1.628,0.0,276.6618316,High Risk,0.7899469004043005,0.3333333333333305,0.3333333333333305,Rolling Revenue Std 3M,5.649820658380303,increases predicted class probability,Rolling Units Mean 3M,5.433323845687495,increases predicted class probability,Rolling Revenue Mean 3M,5.178272266033988,increases predicted class probability,Rolling Units Std 3M,4.681293039376951,increases predicted class probability,Customers Lag 1M,3.5304508971221478,increases predicted class probability,Supply pressure,Supply pressure,"Review stock, replenishment, and supplier lead times immediately",1,1,20
1195,2025-12-01,7,Eastern EU,2026-01-01,,scoring,1957,refit_model_current_scoring,,,2,High Risk,0.05481987627077802,0.15641426624423185,0.7887658574849903,78.87658574849902,78.9,8.669729906071062,0.39,1,1,,,Services,Service Contract,Service Contract Model 16,Decline,113.0,26864.070000000003,3.0,0.0823333333333333,180.0,63.27,0,0.0,False,288,3,17620.670000000006,0.6559195981844896,0.0513169845594913,,0,0,0,0,8.112,,46.367,0.0,0.0359195981844896,0,1.6224,0.0,435.8426716800001,High Risk,0.7887658574849903,0.3333333333333305,0.3333333333333305,Rolling Revenue Std 3M,5.500857638946117,increases predicted class probability,Rolling Units Mean 3M,5.1310511335080475,increases predicted class probability,Rolling Revenue Mean 3M,4.973168452676842,increases predicted class probability,Rolling Units Std 3M,4.162522154810079,increases predicted class probability,Customers Lag 1M,3.6817042319552185,increases predicted class probability,Supply pressure,Supply pressure,"Review stock, replenishment, and supplier lead times immediately",1,1,21
1189,2025-12-01,7,Eastern EU,2026-01-01,,scoring,1897,refit_model_current_scoring,,,2,High Risk,0.09138734530687663,0.12735399821162488,0.7812586564814987,78.12586564814987,78.1,8.449356555873111,0.39,1,1,,,Services,Service Contract,Service Contract Model 10,Decline,58.0,12364.02,2.0,0.1435,180.0,63.27,0,0.0,False,288,5,7494.340000000001,0.6061410447411117,0.0263396911898274,,0,0,0,0,8.112,,46.367,0.0,-0.0138589552588882,0,1.6224,0.0,200.59386048,High Risk,0.7812586564814987,0.3333333333333305,0.3333333333333305,Rolling Revenue Std 3M,5.274047043882227,increases predicted class probability,Rolling Revenue Mean 3M,4.932765900373451,increases predicted class probability,Rolling Units Mean 3M,4.756487032950825,increases predicted class probability,Rolling Units Std 3M,4.2113379723832285,increases predicted class probability,Customers Lag 1M,3.5884670707729707,increases predicted class probability,Supply pressure,Supply pressure,"Review stock, replenishment, and supplier lead times immediately",1,1,22
1027,2025-12-01,10,Northern EU,2026-01-01,,scoring,271,refit_model_current_scoring,,,2,High Risk,0.11025710069763595,0.13298677013743795,0.7567561291649261,75.67561291649261,75.7,8.23249514233645,0.39,1,1,,,IT,Laptop Standard,Laptop Standard Model 08,Decline,22.0,16594.73,1.0,0.044,,,0,0.0,False,213,1,3389.01,0.2042220632694837,0.0250569476082004,,0,0,0,0,10.0,,10.0,,-0.0357779367305162,0,2.0,,331.8946,High Risk,0.7567561291649261,0.3333333333333305,0.3333333333333305,Rolling Revenue Std 3M,6.533463581242273,increases predicted class probability,Rolling Units Mean 3M,5.093047633105643,increases predicted class probability,Rolling Revenue Mean 3M,4.890212601129749,increases predicted class probability,Rolling Units Std 3M,3.695513140366844,increases predicted class probability,Customers Lag 1M,3.658843826224778,increases predicted class probability,Supply pressure,Supply pressure,"Review stock, replenishment, and supplier lead times immediately",1,1,23
1150,2025-12-01,10,Northern EU,2026-01-01,,scoring,1501,refit_model_current_scoring,,,2,High Risk,0.07750707788241865,0.1658394207138329,0.7566535014037485,75.66535014037485,75.7,8.39573211760665,0.39,1,1,,,Services,Legacy Workstation,Legacy Workstation Model 11,Decline,25.0,16397.42,1.0,0.092,,,0,0.0,False,194,0,2474.9199999999983,0.1509335005141051,0.0728862973760933,,0,1,0,0,10.0,,10.0,,-0.0290664994858948,0,2.0,,327.9484,High Risk,0.7566535014037485,0.3333333333333305,0.3333333333333305,Trend Slope 3M,5.703382919880302,increases predicted class probability,Customers Lag 1M,4.729038513213356,increases predicted class probability,Volatility 3M,4.515913129574995,increases predicted class probability,Unit Share Lag 1M,4.441289389526762,increases predicted class probability,Units Lag 1M,4.110134884919663,increases predicted class probability,High sales volatility; Supply pressure,High sales volatility; Supply pressure,"Review stock, replenishment, and supplier lead times immediately",2,1,24
1195,2025-12-01,8,Eastern EU,2026-01-01,,scoring,1958,refit_model_current_scoring,,,2,High Risk,0.08213862322695209,0.16712563674138062,0.7507357400316679,75.07357400316678,75.1,8.342985584023582,0.39,1,1,,,Services,Service Contract,Service Contract Model 16,Decline,117.0,27562.390000000003,4.0,0.132,180.0,62.21,0,0.0,False,309,5,17991.79,0.6527659611521351,0.079700272479564,,0,0,0,0,8.072000000000001,,46.989,0.0,0.0327659611521351,0,1.6144000000000005,0.0,444.9672241600001,High Risk,0.7507357400316679,0.3333333333333305,0.3333333333333305,Rolling Revenue Std 3M,5.771977225048226,increases predicted class probability,Rolling Units Mean 3M,5.597106386159996,increases predicted class probability,Rolling Revenue Mean 3M,5.3518339101642916,increases predicted class probability,Rolling Units Std 3M,4.675374874794026,increases predicted class probability,Customers Lag 1M,3.667308907484839,increases predicted class probability,Supply pressure,Supply pressure,"Review stock, replenishment, and supplier lead times immediately",1,1,25
1143,2025-12-01,5,Northern EU,2026-01-01,,scoring,1435,refit_model_current_scoring,,,2,High Risk,0.10899351938026626,0.14153443746571084,0.749472043154023,74.9472043154023,74.9,8.202392618868785,0.39,1,1,,,Services,Legacy Workstation,Legacy Workstation Model 04,Decline,30.0,17443.15,1.0,0.247,,,0,0.0,False,237,0,-1188.3499999999983,-0.0681270298082627,0.0365408038976857,,0,0,0,0,10.0,,10.0,,-0.2481270298082627,0,2.0,,348.86300000000006,High Risk,0.749472043154023,0.3333333333333305,0.3333333333333305,Rolling Revenue Std 3M,6.211578301700332,increases predicted class probability,Rolling Units Mean 3M,4.801001225585694,increases predicted class probability,Rolling Revenue Mean 3M,4.774247059009025,increases predicted class probability,Rolling Units Std 3M,4.194058604463988,increases predicted class probability,Customers Lag 1M,3.741612454225465,increases predicted class probability,Supply pressure; Margin below target,Supply pressure; Margin below target,"Review stock, replenishment, and supplier lead times immediately",2,1,26
1189,2025-12-01,8,Eastern EU,2026-01-01,,scoring,1898,refit_model_current_scoring,,,2,High Risk,0.07925656319261161,0.1730580113252779,0.74768542548211,74.768542548211,74.8,8.34214431144749,0.39,1,1,,,Services,Service Contract,Service Contract Model 10,Decline,134.0,29633.83,2.0,0.1625,180.0,62.21,0,0.0,False,298,6,18383.19,0.620344720881506,0.0912806539509536,,0,1,0,0,8.072000000000001,,46.989,0.0,0.000344720881506,0,1.6144000000000005,0.0,478.4085515200001,High Risk,0.74768542548211,0.3333333333333305,0.3333333333333305,Trend Slope 3M,6.246550342116111,increases predicted class probability,Unit Share Lag 1M,4.907779775211026,increases predicted class probability,Volatility 3M,4.6790063292737445,increases predicted class probability,Units Lag 1M,4.250434444278219,increases predicted class probability,Customers Lag 1M,3.9384965081064665,increases predicted class probability,High sales volatility; Supply pressure,High sales volatility; Supply pressure,"Review stock, replenishment, and supplier lead times immediately",2,1,27
1198,2025-12-01,5,Northern EU,2026-01-01,,scoring,1985,refit_model_current_scoring,,,2,High Risk,0.08305891733437486,0.17141187035052055,0.7455292123151045,74.55292123151045,74.6,8.312351474903648,0.39,1,1,,,Services,Service Contract,Service Contract Model 19,Mature,111.0,31610.91,4.0,0.1205,180.0,61.53,0,0.0,False,274,5,19450.86,0.6153211027458558,0.0786676116229624,,0,1,0,0,8.256,,47.125,0.0,-0.0046788972541441,0,1.6512000000000002,0.0,521.95934592,High Risk,0.7455292123151045,0.3333333333333305,0.3333333333333305,Trend Slope 3M,5.566850850491532,increases predicted class probability,Volatility 3M,5.436389125964596,increases predicted class probability,Risk Factor Volatility,4.909851796380577,increases predicted class probability,Unit Share Lag 1M,4.875075851502343,increases predicted class probability,Revenue Volatility 3M,4.473669555927961,increases predicted class probability,High sales volatility; Supply pressure,High sales volatility; Supply pressure,"Review stock, replenishment, and supplier lead times immediately",2,1,28
1027,2025-12-01,3,Southern EU,2026-01-01,,scoring,273,refit_model_current_scoring,,,2,High Risk,0.06240526569366255,0.19935310790688315,0.738241626399454,73.8241626399454,73.8,8.379181803528956,0.39,1,1,,,IT,Laptop Standard,Laptop Standard Model 08,Decline,249.0,169835.21,4.0,0.08425,,,0,0.0,False,335,1,20370.47,0.1199425607917227,0.1267820773930753,,0,0,0,0,10.0,,10.0,,-0.1200574392082772,0,2.0,,3396.7042,High Risk,0.738241626399454,0.3333333333333305,0.3333333333333305,Risk Factor Volatility,-7.393858722230723,decreases predicted class probability,Volatility 3M,7.211465836024933,increases predicted class probability,Unit Share Lag 1M,5.1940638813431494,increases predicted class probability,Trend Slope 3M,5.0207487095500625,increases predicted class probability,Revenue Volatility 3M,4.932429684268422,increases predicted class probability,Supply pressure; Margin below target,Supply pressure; Margin below target,"Review stock, replenishment, and supplier lead times immediately",2,1,29
1065,2025-12-01,10,Northern EU,2026-01-01,,scoring,651,refit_model_current_scoring,,,2,High Risk,0.12569743601355776,0.13961170704778175,0.7346908569386605,73.46908569386605,73.5,8.044967104625513,0.39,1,1,,,Medical,Medical Sensor,Medical Sensor Model 06,Decline,5.0,855.36,1.0,0.003,,,0,0.0,False,220,3,423.26,0.4948325851103629,0.0117647058823529,,0,0,0,0,10.0,,10.0,,0.0448325851103628,0,2.0,,17.1072,High Risk,0.7346908569386605,0.3333333333333305,0.3333333333333305,Rolling Revenue Std 3M,5.390084635878651,increases predicted class probability,Rolling Revenue Mean 3M,5.350851313588559,increases predicted class probability,Rolling Units Std 3M,4.414612474689766,increases predicted class probability,Rolling Units Mean 3M,4.293696675610067,increases predicted class probability,Customers Lag 1M,3.851108265044983,increases predicted class probability,Supply pressure,Supply pressure,"Review stock, replenishment, and supplier lead times immediately",1,1,30
1095,2025-12-01,9,Western EU,2026-01-01,,scoring,959,refit_model_current_scoring,,,2,High Risk,0.09149658780511079,0.1740442033577574,0.7344592088371318,73.44592088371317,73.4,8.214813105160104,0.39,1,1,,,Medical,Monitoring Device,Monitoring Device Model 16,Decline,52.0,40349.08,1.0,0.128,,,0,0.0,False,328,9,14607.520000000004,0.3620285766119079,0.0760233918128654,,0,1,0,0,10.0,,10.0,,-0.027971423388092,0,2.0,,806.9816000000001,High Risk,0.7344592088371318,0.3333333333333305,0.3333333333333305,Trend Slope 3M,5.791753679633021,increases predicted class probability,Volatility 3M,5.093024397061135,increases predicted class probability,Unit Share Lag 1M,4.956878390979048,increases predicted class probability,Units Lag 1M,4.613015073019292,increases predicted class probability,Risk Factor Volatility,4.415527296577944,increases predicted class probability,High sales volatility; Supply pressure,High sales volatility; Supply pressure,"Review stock, replenishment, and supplier lead times immediately",2,1,31
1172,2025-12-01,7,Eastern EU,2026-01-01,,scoring,1727,refit_model_current_scoring,,,2,High Risk,0.08584349826933206,0.18483554027555413,0.729320961455114,72.93209614551141,72.9,8.217387315928912,0.39,1,1,,,Accessories,Accessory Kit,Accessory Kit Model 13,Decline,89.0,5125.34,1.0,0.131,160.35,58.9,0,0.0,False,277,1,872.0300000000007,0.1701409077251461,0.0844402277039848,,0,1,0,0,7.890000000000001,,27.2255,0.0,-0.0498590922748538,0,1.5780000000000003,0.0,80.87786520000002,High Risk,0.729320961455114,0.3333333333333305,0.3333333333333305,Rolling Units Mean 3M,-6.114904608415009,decreases predicted class probability,Volatility 3M,5.12764350708181,increases predicted class probability,Risk Factor Volatility,4.967043689336204,increases predicted class probability,Units Lag 3M,4.819542072169215,increases predicted class probability,Unit Share Lag 1M,4.60299562750863,increases predicted class probability,High sales volatility; Supply pressure,High sales volatility; Supply pressure,"Review stock, replenishment, and supplier lead times immediately",2,1,32
1145,2025-12-01,4,Southern EU,2026-01-01,,scoring,1454,refit_model_current_scoring,,,2,High Risk,0.09254410630645038,0.17820560455872192,0.7292502891348276,72.92502891348276,72.9,8.183530914141885,0.39,1,1,,,Services,Legacy Workstation,Legacy Workstation Model 06,Mature,81.0,57441.51,2.0,0.135,,,0,0.0,False,239,2,4930.020000000004,0.0858267827569296,0.1021437578814628,,0,1,0,0,10.0,,10.0,,-0.0941732172430703,0,2.0,,1148.8302,High Risk,0.7292502891348276,0.3333333333333305,0.3333333333333305,Risk Factor Volatility,5.428671772784492,increases predicted class probability,Unit Share Lag 1M,5.086445401536306,increases predicted class probability,Trend Slope 3M,5.069685898962929,increases predicted class probability,Rolling Units Mean 3M,-4.985392155261843,decreases predicted class probability,Volatility 3M,4.907945363601918,increases predicted class probability,High sales volatility; Supply pressure,High sales volatility; Supply pressure,"Review stock, replenishment, and supplier lead times immediately",2,1,33
1051,2025-12-01,7,Eastern EU,2026-01-01,,scoring,517,refit_model_current_scoring,,,2,High Risk,0.11472044963876069,0.158175334615596,0.7271042157456432,72.71042157456432,72.7,8.061918830534413,0.39,1,1,,,IT,Tablet Enterprise,Tablet Enterprise Model 12,Mature,11.0,4904.75,1.0,0.054,,,0,0.0,False,304,3,1711.67,0.3489821091798766,0.0166919575113808,,0,0,0,0,10.0,,10.0,,0.0789821091798766,0,2.0,,98.095,High Risk,0.7271042157456432,0.3333333333333305,0.3333333333333305,Rolling Revenue Std 3M,6.459123426613367,increases predicted class probability,Rolling Revenue Mean 3M,5.526063384093546,increases predicted class probability,Rolling Units Mean 3M,5.017300113281484,increases predicted class probability,Rolling Units Std 3M,4.104880615552958,increases predicted class probability,Customers Lag 1M,3.666012179017332,increases predicted class probability,Supply pressure,Supply pressure,"Review stock, replenishment, and supplier lead times immediately",1,1,34
1151,2025-12-01,3,Southern EU,2026-01-01,,scoring,1513,refit_model_current_scoring,,,2,High Risk,0.08366948375259854,0.19067021652349983,0.7256602997239016,72.56602997239015,72.6,8.209954079856516,0.39,1,1,,,Services,Legacy Workstation,Legacy Workstation Model 12,Decline,81.0,46607.22,1.0,0.119,,,0,0.0,False,218,1,4650.029999999999,0.0997705934831555,0.1449016100178891,,0,0,0,0,10.0,,10.0,,-0.0802294065168444,0,2.0,,932.1444,High Risk,0.7256602997239016,0.3333333333333305,0.3333333333333305,Risk Factor Volatility,-7.687165570550334,decreases predicted class probability,Volatility 3M,7.19743488604396,increases predicted class probability,Unit Share Lag 1M,5.10328521094957,increases predicted class probability,Trend Slope 3M,5.050289782501319,increases predicted class probability,Revenue Volatility 3M,4.90955059128703,increases predicted class probability,Supply pressure,Supply pressure,"Review stock, replenishment, and supplier lead times immediately",1,1,35
1147,2025-12-01,8,Eastern EU,2026-01-01,,scoring,1478,refit_model_current_scoring,,,2,High Risk,0.1298135815995662,0.14730626160902682,0.7228801567914073,72.28801567914073,72.3,7.9653328759592075,0.39,1,1,,,Services,Legacy Workstation,Legacy Workstation Model 08,Decline,13.0,11586.92,1.0,0.056,,,0,0.0,False,205,2,2255.390000000001,0.1946496566818448,0.0221465076660988,,0,0,0,0,10.0,,10.0,,0.0146496566818448,0,2.0,,231.7384,High Risk,0.7228801567914073,0.3333333333333305,0.3333333333333305,Rolling Revenue Std 3M,6.483713118678088,increases predicted class probability,Rolling Revenue Mean 3M,5.195542224200181,increases predicted class probability,Rolling Units Mean 3M,5.1348729446410335,increases predicted class probability,Rolling Units Std 3M,4.233916184087339,increases predicted class probability,Unit Share Lag 1M,3.5908309704095336,increases predicted class probability,Supply pressure,Supply pressure,"Review stock, replenishment, and supplier lead times immediately",1,1,36
1003,2025-12-01,7,Eastern EU,2026-01-01,,scoring,37,refit_model_current_scoring,,,2,High Risk,0.1167900165328184,0.16648109598116845,0.7167288874860128,71.67288874860128,71.7,7.999694354765971,0.39,1,1,,,IT,Laptop Pro,Laptop Pro Model 04,Mature,69.0,67514.53,2.0,0.0955,,,0,0.0,False,318,2,14323.809999999998,0.2121589234198919,0.0783200908059023,,0,1,0,0,10.0,,10.0,,-0.077841076580108,0,2.0,,1350.2906,High Risk,0.7167288874860128,0.3333333333333305,0.3333333333333305,Risk Factor Volatility,5.662706637684077,increases predicted class probability,Volatility 3M,5.525992122235448,increases predicted class probability,Revenue Volatility 3M,5.21968699419167,increases predicted class probability,Unit Share Lag 1M,5.045122443345798,increases predicted class probability,Trend Slope 3M,4.95776969669788,increases predicted class probability,High sales volatility; Supply pressure,High sales volatility; Supply pressure,"Review stock, replenishment, and supplier lead times immediately",2,1,37
1076,2025-12-01,9,Western EU,2026-01-01,,scoring,769,refit_model_current_scoring,,,2,High Risk,0.1210889825809536,0.1624142746893249,0.7164967427297219,71.64967427297219,71.6,7.977038800743843,0.39,1,1,,,Medical,Medical Sensor,Medical Sensor Model 17,Mature,46.0,8566.31,2.0,0.156,,,0,0.0,False,284,3,3630.0499999999993,0.4237588880159601,0.0280487804878048,,0,0,0,0,10.0,,10.0,,-0.0262411119840398,0,2.0,,171.3262,High Risk,0.7164967427297219,0.3333333333333305,0.3333333333333305,Rolling Revenue Std 3M,6.646254476925854,increases predicted class probability,Rolling Units Mean 3M,6.38773199118887,increases predicted class probability,Rolling Revenue Mean 3M,5.662849917216617,increases predicted class probability,Rolling Units Std 3M,5.383646359632692,increases predicted class probability,Unit Share Lag 1M,3.5850400171952166,increases predicted class probability,Supply pressure,Supply pressure,"Review stock, replenishment, and supplier lead times immediately",1,1,38
1079,2025-12-01,5,Northern EU,2026-01-01,,scoring,795,refit_model_current_scoring,,,2,High Risk,0.11030241241576061,0.1836587417938295,0.7060388457904095,70.60388457904095,70.6,7.978682166873243,0.39,1,1,,,Medical,Medical Sensor,Medical Sensor Model 20,Decline,109.0,19500.56,3.0,0.1373333333333333,,,0,0.0,False,254,6,9520.52,0.4882177742587905,0.0425117004680187,,0,1,0,0,10.0,,10.0,,0.0382177742587904,0,2.0,,390.0112,High Risk,0.7060388457904095,0.3333333333333305,0.3333333333333305,Trend Slope 3M,4.906822471404908,increases predicted class probability,Unit Share Lag 1M,4.542041195920504,increases predicted class probability,Customers Lag 1M,4.154590302670345,increases predicted class probability,Units Lag 1M,4.05802305869436,increases predicted class probability,Volatility 3M,3.939547034630909,increases predicted class probability,High sales volatility; Supply pressure,High sales volatility; Supply pressure,"Review stock, replenishment, and supplier lead times immediately",2,1,39
1172,2025-12-01,9,Western EU,2026-01-01,,scoring,1729,refit_model_current_scoring,,,2,High Risk,0.10459684867591408,0.1919721885180836,0.7034309628060028,70.34309628060028,70.3,7.9941705706504465,0.39,1,1,,,Accessories,Accessory Kit,Accessory Kit Model 13,Decline,62.0,3770.12,1.0,0.07,180.0,61.55,0,0.0,True,681,6,807.1399999999999,0.2140886762225075,0.0691192865105908,,0,0,0,0,8.123999999999999,,47.121,0.0,-0.0059113237774925,0,1.6247999999999998,0.0,61.25690975999999,High Risk,0.7034309628060028,0.3333333333333305,0.3333333333333305,Rolling Revenue Std 3M,6.205507800433441,increases predicted class probability,Rolling Units Mean 3M,5.960627706686662,increases predicted class probability,Rolling Revenue Mean 3M,5.265269942848032,increases predicted class probability,Rolling Units Std 3M,5.006943522302338,increases predicted class probability,Customers Lag 1M,3.662639946352349,increases predicted class probability,Supply pressure,Supply pressure,"Review stock, replenishment, and supplier lead times immediately",1,1,40
1112,2025-12-01,2,Western EU,2026-01-01,,scoring,1122,refit_model_current_scoring,,,2,High Risk,0.12453245713067206,0.18250709218368952,0.6929604506856387,69.29604506856387,69.3,7.842139967774835,0.39,1,1,,,Accessories,Industrial Scanner,Industrial Scanner Model 13,Decline,57.0,67648.41,2.0,0.1005,,,0,0.0,True,1402,37,20113.83,0.2973289394384879,0.0415754923413566,,0,0,0,0,10.0,,10.0,,-0.0426710605615121,0,2.0,,1352.9682,High Risk,0.6929604506856387,0.3333333333333305,0.3333333333333305,Rolling Revenue Std 3M,6.361211425508778,increases predicted class probability,Rolling Units Mean 3M,5.750718765802963,increases predicted class probability,Rolling Revenue Mean 3M,5.344853674916256,increases predicted class probability,Rolling Units Std 3M,4.077210741748437,increases predicted class probability,Customers Lag 1M,3.551462079494804,increases predicted class probability,Supply pressure,Supply pressure,"Review stock, replenishment, and supplier lead times immediately",1,1,41
1185,2025-12-01,10,Northern EU,2026-01-01,,scoring,1851,refit_model_current_scoring,,,2,High Risk,0.14142177188915078,0.1706572996546007,0.6879209284562489,68.7920928456249,68.8,7.7324957828354925,0.39,1,1,,,Services,Service Contract,Service Contract Model 06,Decline,15.0,3088.05,1.0,0.028,180.0,54.71,0,0.0,False,377,8,1911.75,0.6190800019429737,0.0462962962962962,,0,1,0,0,8.284,,58.489,0.0,-0.0009199980570262,0,1.6568000000000005,0.0,51.162812400000014,High Risk,0.6879209284562489,0.3333333333333305,0.3333333333333305,Trend Slope 3M,5.1617480168300345,increases predicted class probability,Customers Lag 1M,4.392596284223209,increases predicted class probability,Volatility 3M,4.316295579089656,increases predicted class probability,Unit Share Lag 1M,4.3014686220346325,increases predicted class probability,Units Lag 3M,4.229944979609362,increases predicted class probability,High sales volatility; Supply pressure,High sales volatility; Supply pressure,"Review stock, replenishment, and supplier lead times immediately",2,1,42
1155,2025-12-01,9,Western EU,2026-01-01,,scoring,1559,refit_model_current_scoring,,,2,High Risk,0.11300463098123362,0.20344055489582377,0.6835548141229424,68.35548141229424,68.4,7.852750915708542,0.39,1,1,,,Services,Legacy Workstation,Legacy Workstation Model 16,Decline,30.0,20543.02,1.0,0.134,,,0,0.0,False,221,1,3785.02,0.1842484697965538,0.0955414012738853,,0,1,0,0,10.0,,10.0,,0.0042484697965538,0,2.0,,410.8604,High Risk,0.6835548141229424,0.3333333333333305,0.3333333333333305,Volatility 3M,5.367645727586243,increases predicted class probability,Trend Slope 3M,5.1333744360327564,increases predicted class probability,Risk Factor Volatility,5.024833781615477,increases predicted class probability,Unit Share Lag 1M,4.935102232758961,increases predicted class probability,Units Lag 1M,4.642647433311381,increases predicted class probability,High sales volatility; Supply pressure,High sales volatility; Supply pressure,"Review stock, replenishment, and supplier lead times immediately",2,1,43
1116,2025-12-01,9,Western EU,2026-01-01,,scoring,1169,refit_model_current_scoring,,,2,High Risk,0.11222669956924004,0.2082352454459665,0.6795380549847934,67.95380549847934,68.0,7.836556777077766,0.39,1,1,,,Accessories,Industrial Scanner,Industrial Scanner Model 17,Growth,96.0,146370.41,2.0,0.1159999999999999,,,0,0.0,False,304,6,54600.17,0.3730273762299361,0.0824742268041237,,0,1,0,0,10.0,,10.0,,0.033027376229936,0,2.0,,2927.4082,High Risk,0.6795380549847934,0.3333333333333305,0.3333333333333305,Volatility 3M,5.983442965852238,increases predicted class probability,Risk Factor Volatility,5.444151761549667,increases predicted class probability,Rolling Units Mean 3M,-5.300665051930873,decreases predicted class probability,Trend Slope 3M,5.019377343958895,increases predicted class probability,Unit Share Lag 1M,4.700563141433357,increases predicted class probability,High sales volatility; Supply pressure,High sales volatility; Supply pressure,"Review stock, replenishment, and supplier lead times immediately",2,1,44
1167,2025-12-01,3,Southern EU,2026-01-01,,scoring,1673,refit_model_current_scoring,,,2,High Risk,0.12805194632871553,0.19459298246366305,0.6773550712076218,67.73550712076218,67.7,7.746515624394534,0.39,1,1,,,Accessories,Accessory Kit,Accessory Kit Model 08,Decline,102.0,6951.56,2.0,0.126,180.0,51.27,0,0.0,False,291,1,1004.960000000001,0.1445661117792266,0.0692934782608695,,0,0,0,0,8.302,,49.17700000000001,0.0,-0.0754338882207733,0,1.6604,0.0,115.42370224000004,High Risk,0.6773550712076218,0.3333333333333305,0.3333333333333305,Rolling Revenue Std 3M,5.783107737455269,increases predicted class probability,Rolling Units Mean 3M,5.167510000137073,increases predicted class probability,Rolling Revenue Mean 3M,4.671094219411935,increases predicted class probability,Rolling Units Std 3M,4.468297744842683,increases predicted class probability,Unit Share Lag 1M,3.5678780175948965,increases predicted class probability,Supply pressure,Supply pressure,"Review stock, replenishment, and supplier lead times immediately",1,1,45
1009,2025-12-01,7,Eastern EU,2026-01-01,,scoring,97,refit_model_current_scoring,,,2,High Risk,0.12796466018323238,0.19999224056169512,0.6720430992550727,67.20430992550726,67.2,7.720392195359202,0.39,1,1,,,IT,Laptop Pro,Laptop Pro Model 10,Mature,82.0,67762.31,1.0,0.177,,,0,0.0,False,314,4,21509.39,0.3174240960793692,0.0930760499432463,,0,1,0,0,10.0,,10.0,,0.0274240960793692,0,2.0,,1355.2462,High Risk,0.6720430992550727,0.3333333333333305,0.3333333333333305,Volatility 3M,5.214860002414984,increases predicted class probability,Trend Slope 3M,5.055390459363287,increases predicted class probability,Rolling Units Cv 6M,-5.027360263283449,decreases predicted class probability,Risk Factor Volatility,4.968877947973152,increases predicted class probability,Unit Share Lag 1M,4.8572780311640145,increases predicted class probability,High sales volatility; Supply pressure,High sales volatility; Supply pressure,"Review stock, replenishment, and supplier lead times immediately",2,1,46
1195,2025-12-01,10,Northern EU,2026-01-01,,scoring,1951,refit_model_current_scoring,,,2,High Risk,0.15001166462259888,0.17905844930582548,0.6709298860715757,67.09298860715757,67.1,7.604591107244884,0.39,1,1,,,Services,Service Contract,Service Contract Model 16,Decline,6.0,1329.33,1.0,0.074,180.0,54.71,0,0.0,False,285,4,838.53,0.6307914513326263,0.0185185185185185,,0,0,0,0,8.284,,58.489,0.0,0.0107914513326262,0,1.6568000000000005,0.0,22.02433944,High Risk,0.6709298860715757,0.3333333333333305,0.3333333333333305,Rolling Revenue Std 3M,5.437050381474206,increases predicted class probability,Rolling Units Mean 3M,5.381742789076607,increases predicted class probability,Rolling Revenue Mean 3M,5.33380711259628,increases predicted class probability,Rolling Units Std 3M,4.539497364388979,increases predicted class probability,Customers Lag 1M,3.9289214781735264,increases predicted class probability,Supply pressure,Supply pressure,"Review stock, replenishment, and supplier lead times immediately",1,1,47
1101,2025-12-01,3,Southern EU,2026-01-01,,scoring,1013,refit_model_current_scoring,,,2,High Risk,0.1261226125508722,0.20845270068274752,0.6654246867663801,66.54246867663801,66.5,7.696510371077538,0.39,1,1,,,Accessories,Industrial Scanner,Industrial Scanner Model 02,Decline,41.0,49128.79,2.0,0.126,,,0,0.0,True,1975,65,14207.04,0.2891795218241687,0.0478971962616822,,0,1,0,0,10.0,,10.0,,-0.0508204781758313,0,2.0,,982.5758,High Risk,0.6654246867663801,0.3333333333333305,0.3333333333333305,Trend Slope 3M,5.64880261045425,increases predicted class probability,Unit Share Lag 1M,4.553040449285938,increases predicted class probability,Customers Lag 1M,4.375376980112568,increases predicted class probability,Volatility 3M,3.964108192433912,increases predicted class probability,Units Lag 1M,3.8523750504040324,increases predicted class probability,High sales volatility; Supply pressure,High sales volatility; Supply pressure,"Review stock, replenishment, and supplier lead times immediately",2,1,48
1140,2025-12-01,3,Southern EU,2026-01-01,,scoring,1403,refit_model_current_scoring,,,2,High Risk,0.16198837666346125,0.18538219107973,0.6526294322568091,65.26294322568091,65.3,7.453205277966742,0.39,1,1,,,Services,Legacy Workstation,Legacy Workstation Model 01,Decline,18.0,15101.53,1.0,0.112,,,0,0.0,False,235,4,2731.0300000000007,0.1808445899190347,0.0322003577817531,,0,1,0,0,10.0,,10.0,,0.0008445899190347,0,2.0,,302.0306,High Risk,0.6526294322568091,0.3333333333333305,0.3333333333333305,Volatility 3M,5.244701067527044,increases predicted class probability,Trend Slope 3M,5.176460122303834,increases predicted class probability,Unit Share Lag 1M,4.802776847403371,increases predicted class probability,Customers Lag 1M,4.71203599785775,increases predicted class probability,Units Lag 3M,4.35886398008764,increases predicted class probability,High sales volatility; Supply pressure,High sales volatility; Supply pressure,"Review stock, replenishment, and supplier lead times immediately",2,1,49
1196,2025-12-01,5,Northern EU,2026-01-01,,scoring,1965,refit_model_current_scoring,,,2,High Risk,0.10784902672407987,0.2450961148925745,0.6470548583833459,64.70548583833458,64.7,7.696029158296332,0.39,1,1,,,Services,Service Contract,Service Contract Model 17,Mature,131.0,33946.68,3.0,0.136,180.0,61.53,0,0.0,False,295,11,21310.42,0.6277615366215489,0.0928419560595322,,0,1,0,0,8.256,,47.125,0.0,0.0077615366215488,0,1.6512000000000002,0.0,560.5275801600001,High Risk,0.6470548583833459,0.3333333333333305,0.3333333333333305,Unit Share Lag 1M,5.006561335624749,increases predicted class probability,Units Lag 1M,4.00413257688914,increases predicted class probability,Volatility 3M,3.813712422813624,increases predicted class probability,Customers Lag 1M,3.727764618210281,increases predicted class probability,Rolling Revenue Std 3M,-3.604010162444608,decreases predicted class probability,High sales volatility; Supply pressure,High sales volatility; Supply pressure,"Review stock, replenishment, and supplier lead times immediately",2,1,50
1143,2025-12-01,8,Eastern EU,2026-01-01,,scoring,1438,refit_model_current_scoring,,,2,High Risk,0.14324436518860514,0.21204806938213283,0.6447075654292618,64.47075654292618,64.5,7.507316001203282,0.39,1,1,,,Services,Legacy Workstation,Legacy Workstation Model 04,Decline,42.0,29757.77,2.0,0.1225,,,0,0.0,False,233,3,3673.670000000002,0.1234524630037802,0.0715502555366269,,0,1,0,0,10.0,,10.0,,-0.0565475369962197,0,2.0,,595.1554,High Risk,0.6447075654292618,0.3333333333333305,0.3333333333333305,Risk Factor Volatility,6.537795365534373,increases predicted class probability,Volatility 3M,6.377524007710365,increases predicted class probability,Revenue Volatility 3M,5.7059691503647265,increases predicted class probability,Trend Slope 3M,5.204806922954827,increases predicted class probability,Unit Share Lag 1M,4.9500181016147815,increases predicted class probability,High sales volatility; Supply pressure,High sales volatility; Supply pressure,"Review stock, replenishment, and supplier lead times immediately",2,1,51
1015,2025-12-01,7,Eastern EU,2026-01-01,,scoring,157,refit_model_current_scoring,,,2,High Risk,0.16174561010226998,0.1953234095243152,0.642930980373415,64.2930980373415,64.3,7.405926851355726,0.39,1,1,,,IT,Laptop Pro,Laptop Pro Model 16,Growth,47.0,39159.09,1.0,0.084,,,0,0.0,False,392,3,14369.879999999996,0.3669615407303898,0.0533484676503972,,0,1,0,0,10.0,,10.0,,0.0769615407303898,0,2.0,,783.1818,High Risk,0.642930980373415,0.3333333333333305,0.3333333333333305,Trend Slope 3M,5.686162167639465,increases predicted class probability,Volatility 3M,5.59024703382142,increases predicted class probability,Risk Factor Volatility,5.102811835673211,increases predicted class probability,Revenue Volatility 3M,4.662401393441595,increases predicted class probability,Unit Share Lag 1M,4.504088296113348,increases predicted class probability,High sales volatility; Supply pressure,High sales volatility; Supply pressure,"Review stock, replenishment, and supplier lead times immediately",2,1,52
1079,2025-12-01,8,Eastern EU,2026-01-01,,scoring,798,refit_model_current_scoring,,,2,High Risk,0.1335940145647474,0.24743371441296363,0.6189722710222892,61.897227102228925,61.9,7.426891282287711,0.39,1,1,,,Medical,Medical Sensor,Medical Sensor Model 20,Decline,215.0,37489.22,1.0,0.185,,,0,0.0,False,305,6,17803.82,0.4749050527058178,0.1289742051589682,,0,1,0,0,10.0,,10.0,,0.0249050527058177,0,2.0,,749.7844,High Risk,0.6189722710222892,0.3333333333333305,0.3333333333333305,Customer Share Category Region,-8.731699974782321,decreases predicted class probability,Trend Slope 3M,5.261821777915452,increases predicted class probability,Unit Share Lag 1M,4.777135133629306,increases predicted class probability,Volatility 3M,4.598499322793326,increases predicted class probability,Units Lag 3M,4.296846678250707,increases predicted class probability,High sales volatility; Supply pressure,High sales volatility; Supply pressure,"Review stock, replenishment, and supplier lead times immediately",2,1,53
1145,2025-12-01,9,Western EU,2026-01-01,,scoring,1459,refit_model_current_scoring,,,2,High Risk,0.13668039828261713,0.24883999426346137,0.6144796074539215,61.44796074539215,61.4,7.388996045856522,0.39,1,1,,,Services,Legacy Workstation,Legacy Workstation Model 06,Mature,48.0,31999.25,1.0,0.194,,,0,0.0,False,226,1,881.3300000000017,0.0275422080205005,0.1528662420382165,,0,0,0,0,10.0,,10.0,,-0.1524577919794994,0,2.0,,639.985,High Risk,0.6144796074539215,0.3333333333333305,0.3333333333333305,Risk Factor Volatility,-9.49043303668034,decreases predicted class probability,Volatility 3M,6.2985218661627025,increases predicted class probability,Trend Slope 3M,5.165810429617904,increases predicted class probability,Unit Share Lag 1M,4.9684525305720495,increases predicted class probability,Rolling Revenue Mean 3M,-4.886653343814076,decreases predicted class probability,Supply pressure; Margin below target,Supply pressure; Margin below target,"Review stock, replenishment, and supplier lead times immediately",2,1,54
1107,2025-12-01,7,Eastern EU,2026-01-01,,scoring,1077,refit_model_current_scoring,,,2,High Risk,0.18129609297188434,0.21746040189670943,0.6012435051314061,60.12435051314061,60.1,7.099737060797608,0.39,1,1,,,Accessories,Industrial Scanner,Industrial Scanner Model 08,Mature,31.0,46908.11,1.0,0.074,,,0,0.0,False,293,6,20576.09,0.4386467499969621,0.0461309523809523,,0,1,0,0,10.0,,10.0,,0.0986467499969621,0,2.0,,938.1622,High Risk,0.6012435051314061,0.3333333333333305,0.3333333333333305,Trend Slope 3M,5.4512988879376785,increases predicted class probability,Volatility 3M,5.09485135730717,increases predicted class probability,Risk Factor Volatility,5.0883415237738605,increases predicted class probability,Unit Share Lag 1M,4.582554999917371,increases predicted class probability,Units Lag 1M,4.338375962331447,increases predicted class probability,High sales volatility; Supply pressure,High sales volatility; Supply pressure,"Review stock, replenishment, and supplier lead times immediately",2,1,55
1085,2025-12-01,9,Western EU,2026-01-01,,scoring,859,refit_model_current_scoring,,,2,High Risk,0.1175070364742431,0.2819919395106381,0.6005010240151186,60.050102401511865,60.1,7.414969937704377,0.39,1,1,,,Medical,Monitoring Device,Monitoring Device Model 06,Mature,84.0,60467.48,2.0,0.0765,,,0,0.0,True,1531,59,22751.480000000003,0.3762597680604517,0.1228070175438596,,0,0,0,0,10.0,,10.0,,-0.0137402319395483,0,2.0,,1209.3496,High Risk,0.6005010240151186,0.3333333333333305,0.3333333333333305,Risk Factor Volatility,-8.83425581105348,decreases predicted class probability,Volatility 3M,7.244989315647286,increases predicted class probability,Unit Share Lag 1M,5.394818129281672,increases predicted class probability,Trend Slope 3M,4.801486644049705,increases predicted class probability,Units Lag 1M,4.322006962182423,increases predicted class probability,Supply pressure,Supply pressure,"Review stock, replenishment, and supplier lead times immediately",1,1,56
1042,2025-12-01,10,Northern EU,2026-01-01,,scoring,421,refit_model_current_scoring,,,2,High Risk,0.1772849855899506,0.2296305759160116,0.593084438494038,59.3084438494038,59.3,7.078997264520439,0.39,1,1,,,IT,Tablet Enterprise,Tablet Enterprise Model 03,Decline,30.0,11337.87,1.0,0.148,,,0,0.0,False,296,1,1685.9699999999991,0.1487025340738603,0.0288184438040345,,0,1,0,0,10.0,,10.0,,-0.1212974659261396,0,2.0,,226.7574,High Risk,0.593084438494038,0.3333333333333305,0.3333333333333305,Rolling Units Mean 3M,-6.359392622211042,decreases predicted class probability,Volatility 3M,6.293790414012815,increases predicted class probability,Revenue Volatility 3M,5.30858623012817,increases predicted class probability,Risk Factor Volatility,4.95921986483638,increases predicted class probability,Customers Lag 1M,4.616289880106464,increases predicted class probability,High sales volatility; Supply pressure; Margin below target,High sales volatility; Supply pressure; Margin below target,"Review stock, replenishment, and supplier lead times immediately",3,1,57
1140,2025-12-01,5,Northern EU,2026-01-01,,scoring,1405,refit_model_current_scoring,,,2,High Risk,0.17747688005836598,0.24522612970023444,0.5772969902413998,57.72969902413998,57.7,6.99910055091517,0.39,1,1,,,Services,Legacy Workstation,Legacy Workstation Model 01,Decline,25.0,21528.16,2.0,0.0535,,,0,0.0,True,656,6,4346.91,0.2019173956343691,0.0304506699147381,,0,1,0,0,10.0,,10.0,,0.0219173956343691,0,2.0,,430.5632,High Risk,0.5772969902413998,0.3333333333333305,0.3333333333333305,Volatility 3M,6.167796804337877,increases predicted class probability,Trend Slope 3M,5.001727241751892,increases predicted class probability,Revenue Volatility 3M,4.9522918186954685,increases predicted class probability,Unit Share Lag 1M,4.744942887128962,increases predicted class probability,Rolling Revenue Mean 3M,-4.638295162709939,decreases predicted class probability,High sales volatility; Supply pressure,High sales volatility; Supply pressure,"Review stock, replenishment, and supplier lead times immediately",2,1,58
1027,2025-12-01,5,Northern EU,2026-01-01,,scoring,275,refit_model_current_scoring,,,2,High Risk,0.21217562016699565,0.21470178798646727,0.573122591846537,57.312259184653705,57.3,6.8047348583977065,0.39,1,1,,,IT,Laptop Standard,Laptop Standard Model 08,Decline,32.0,21520.21,1.0,0.115,,,0,0.0,True,2498,24,2311.8899999999994,0.1074287843845389,0.0166753517457008,,0,0,0,0,10.0,,10.0,,-0.132571215615461,0,2.0,,430.4042,High Risk,0.573122591846537,0.3333333333333305,0.3333333333333305,Rolling Revenue Std 3M,6.581320134385093,increases predicted class probability,Customer Share Category Region,-5.738998890400538,decreases predicted class probability,Rolling Units Mean 3M,5.229292267752565,increases predicted class probability,Rolling Revenue Mean 3M,4.91956408470351,increases predicted class probability,Rolling Units Std 3M,4.531817360240291,increases predicted class probability,Supply pressure; Margin below target,Supply pressure; Margin below target,"Review stock, replenishment, and supplier lead times immediately",2,1,59
1104,2025-12-01,2,Western EU,2026-01-01,,scoring,1042,refit_model_current_scoring,,,2,High Risk,0.1732280576176757,0.2565541407918122,0.5702178015905123,57.021780159051225,57.0,6.9849487198641835,0.39,1,1,,,Accessories,Industrial Scanner,Industrial Scanner Model 05,New,107.0,150141.68,2.0,0.14,,,0,0.0,False,338,9,55965.62999999999,0.3727521231945719,0.0780452224653537,,0,1,0,0,10.0,,10.0,,0.0327521231945718,0,2.0,,3002.8336,High Risk,0.5702178015905123,0.3333333333333305,0.3333333333333305,Volatility 3M,7.573864519023813,increases predicted class probability,Risk Factor Volatility,6.216621860771096,increases predicted class probability,Rolling Units Mean 3M,-6.17409532657939,decreases predicted class probability,Revenue Volatility 3M,5.911508149556522,increases predicted class probability,Trend Slope 3M,5.5514907428860765,increases predicted class probability,High sales volatility; Supply pressure,High sales volatility; Supply pressure,"Review stock, replenishment, and supplier lead times immediately",2,1,60
1070,2025-12-01,7,Eastern EU,2026-01-01,,scoring,707,refit_model_current_scoring,,,2,High Risk,0.13647919674934114,0.3044390617846678,0.5590817414659913,55.90817414659913,55.9,7.113012723583251,0.39,1,1,,,Medical,Medical Sensor,Medical Sensor Model 11,Mature,129.0,35462.95,1.0,0.194,,,0,0.0,False,262,6,19241.2,0.5425718954570897,0.1439732142857142,,0,0,0,0,10.0,,10.0,,0.0925718954570897,0,2.0,,709.2589999999999,High Risk,0.5590817414659913,0.3333333333333305,0.3333333333333305,Risk Factor Volatility,-11.26402509106189,decreases predicted class probability,Volatility 3M,8.130030086198293,increases predicted class probability,Rolling Units Mean 3M,-6.225221318034601,decreases predicted class probability,Revenue Volatility 3M,4.995630833517329,increases predicted class probability,Trend Slope 3M,4.815268851588129,increases predicted class probability,Supply pressure,Supply pressure,"Review stock, replenishment, and supplier lead times immediately",1,1,61
1099,2025-12-01,10,Northern EU,2026-01-01,,scoring,991,refit_model_current_scoring,,,2,High Risk,0.2276002430816237,0.21758815073684953,0.5548116061815266,55.48116061815266,55.5,6.636056815499513,0.39,1,1,,,Medical,Monitoring Device,Monitoring Device Model 20,Decline,4.0,3126.96,1.0,0.064,,,0,0.0,False,275,10,964.3200000000002,0.308388978432727,0.0062402496099844,,0,1,0,0,10.0,,10.0,,-0.0816110215672729,0,2.0,,62.5392,High Risk,0.5548116061815266,0.3333333333333305,0.3333333333333305,Volatility 3M,4.743424698057077,increases predicted class probability,Customers Lag 1M,4.5063050376022495,increases predicted class probability,Trend Slope 3M,4.406496959611155,increases predicted class probability,Rolling Revenue Std 3M,-4.038113153687094,decreases predicted class probability,Units Lag 1M,3.9612048786862997,increases predicted class probability,High sales volatility; Supply pressure,High sales volatility; Supply pressure,"Review stock, replenishment, and supplier lead times immediately",2,1,62
1031,2025-12-01,10,Northern EU,2026-01-01,,scoring,311,refit_model_current_scoring,,,2,High Risk,0.18799268417815929,0.2685208070544662,0.5434865087673747,54.34865087673747,54.3,6.777469122946078,0.39,1,1,,,IT,Laptop Standard,Laptop Standard Model 12,Mature,22.0,18602.15,2.0,0.0085,,,0,0.0,False,256,1,7031.910000000002,0.3780159820235833,0.0250569476082004,,0,1,0,0,10.0,,10.0,,0.1380159820235833,0,2.0,,372.043,High Risk,0.5434865087673747,0.3333333333333305,0.3333333333333305,Volatility 3M,5.459570853594366,increases predicted class probability,Trend Slope 3M,4.91987948404689,increases predicted class probability,Customers Lag 1M,4.822504545916637,increases predicted class probability,Margin Gap Vs Target,-4.717337324407493,decreases predicted class probability,Revenue Volatility 3M,4.383611958816919,increases predicted class probability,High sales volatility; Supply pressure,High sales volatility; Supply pressure,"Review stock, replenishment, and supplier lead times immediately",2,1,63
1039,2025-12-01,5,Northern EU,2026-01-01,,scoring,395,refit_model_current_scoring,,,2,High Risk,0.19673421842202382,0.2680610543828002,0.5352047271951758,53.52047271951758,53.5,6.692352543865759,0.39,1,1,,,IT,Laptop Standard,Laptop Standard Model 20,Mature,82.0,59064.76,1.0,0.202,,,0,0.0,False,220,0,8233.780000000006,0.1394025811668413,0.0427305888483585,,0,1,0,0,10.0,,10.0,,-0.1005974188331586,0,2.0,,1181.2952,High Risk,0.5352047271951758,0.3333333333333305,0.3333333333333305,Volatility 3M,5.647098616819099,increases predicted class probability,Risk Factor Volatility,5.4835711120275,increases predicted class probability,Customer Share Category Region,-5.393673764556302,decreases predicted class probability,Trend Slope 3M,5.369136465067719,increases predicted class probability,Revenue Volatility 3M,4.824264123252223,increases predicted class probability,High sales volatility; Supply pressure; Margin below target,High sales volatility; Supply pressure; Margin below target,"Review stock, replenishment, and supplier lead times immediately",3,1,64
1185,2025-12-01,1,Western EU,2026-01-01,,scoring,1850,refit_model_current_scoring,,,2,High Risk,0.17316626877046404,0.2916381422407027,0.5351955889888333,53.51955889888333,53.5,6.810146601091848,0.39,1,1,,,Services,Service Contract,Service Contract Model 06,Decline,306.0,59645.25,5.0,0.122,180.0,52.49,0,0.0,True,9012,271,35648.73,0.5976792787355237,0.0743259655088656,,0,1,0,0,8.276,,48.93300000000001,0.0,-0.0223207212644762,0,1.6552,0.0,987.248178,High Risk,0.5351955889888333,0.3333333333333305,0.3333333333333305,Volatility 3M,5.243689658863519,increases predicted class probability,Unit Share Lag 1M,5.185684383374996,increases predicted class probability,Risk Factor Volatility,5.153097963922982,increases predicted class probability,Trend Slope 3M,4.53618162401624,increases predicted class probability,Units Lag 1M,4.3484106726289,increases predicted class probability,High sales volatility; Supply pressure,High sales volatility; Supply pressure,"Review stock, replenishment, and supplier lead times immediately",2,1,65
1166,2025-12-01,8,Eastern EU,2026-01-01,,scoring,1668,refit_model_current_scoring,,,2,High Risk,0.2251196764871142,0.24778512091920502,0.5270952025936811,52.70952025936811,52.7,6.509877630532836,0.39,1,1,,,Accessories,Accessory Kit,Accessory Kit Model 07,Decline,58.0,2223.27,1.0,0.143,180.0,62.45,0,0.0,False,285,3,-32.34999999999991,-0.0145506393735353,0.0577689243027888,,0,1,0,0,8.420000000000002,,46.519000000000005,0.0,-0.2345506393735353,0,1.6840000000000004,0.0,37.43986680000001,High Risk,0.5270952025936811,0.3333333333333305,0.3333333333333305,Volatility 3M,5.415676918211462,increases predicted class probability,Rolling Units Mean 3M,-5.292328207825644,decreases predicted class probability,Trend Slope 3M,5.097524887131798,increases predicted class probability,Revenue Volatility 3M,5.041228007123084,increases predicted class probability,Unit Share Lag 1M,5.025802108935438,increases predicted class probability,High sales volatility; Supply pressure; Margin below target,High sales volatility; Supply pressure; Margin below target,"Review stock, replenishment, and supplier lead times immediately",3,1,66
1162,2025-12-01,8,Eastern EU,2026-01-01,,scoring,1628,refit_model_current_scoring,,,2,High Risk,0.2308656804786978,0.24288634063896367,0.5262479788823387,52.624797888233864,52.6,6.476911492018204,0.39,1,1,,,Accessories,Accessory Kit,Accessory Kit Model 03,Decline,34.0,1585.55,1.0,0.176,180.0,62.45,0,0.0,True,1258,7,48.74999999999977,0.0307464286840527,0.0338645418326693,,0,1,0,0,8.420000000000002,,46.519000000000005,0.0,-0.1892535713159472,0,1.6840000000000004,0.0,26.70066200000001,High Risk,0.5262479788823387,0.3333333333333305,0.3333333333333305,Volatility 3M,5.169727273251682,increases predicted class probability,Trend Slope 3M,5.059464803950799,increases predicted class probability,Unit Share Lag 1M,4.445483314457877,increases predicted class probability,Risk Factor Volatility,4.392696386667351,increases predicted class probability,Units Lag 1M,4.3852562839701115,increases predicted class probability,High sales volatility; Supply pressure; Margin below target,High sales volatility; Supply pressure; Margin below target,"Review stock, replenishment, and supplier lead times immediately",3,1,67
1127,2025-12-01,4,Southern EU,2026-01-01,,scoring,1274,refit_model_current_scoring,,,2,High Risk,0.19651865131081853,0.2773536394397212,0.5261277092494607,52.612770924946076,52.6,6.648045289693213,0.39,1,1,,,Accessories,Connectivity Module,Connectivity Module Model 08,Mature,119.0,6863.040000000001,2.0,0.1755,,,0,0.0,False,261,1,1529.460000000001,0.2228545950482586,0.0536036036036036,,0,1,0,0,10.0,,10.0,,-0.0871454049517413,0,2.0,,137.26080000000002,High Risk,0.5261277092494607,0.3333333333333305,0.3333333333333305,Volatility 3M,6.058703664137363,increases predicted class probability,Revenue Volatility 3M,5.198243903761987,increases predicted class probability,Risk Factor Volatility,5.114963244920744,increases predicted class probability,Trend Slope 3M,4.846348983665911,increases predicted class probability,Unit Share Lag 1M,4.689711475066609,increases predicted class probability,High sales volatility; Supply pressure,High sales volatility; Supply pressure,"Review stock, replenishment, and supplier lead times immediately",2,1,68
1059,2025-12-01,7,Eastern EU,2026-01-01,,scoring,597,refit_model_current_scoring,,,2,High Risk,0.15769837624009217,0.31912019617846843,0.5231814275814396,52.318142758143956,52.3,6.827415256706738,0.39,1,1,,,IT,Tablet Enterprise,Tablet Enterprise Model 20,Decline,33.0,12507.92,1.0,0.127,,,0,0.0,False,326,3,2977.5200000000004,0.2380507710314744,0.0500758725341426,,0,0,0,0,10.0,,10.0,,-0.0319492289685255,0,2.0,,250.1584,High Risk,0.5231814275814396,0.3333333333333305,0.3333333333333305,Risk Factor Volatility,-9.207997019537475,decreases predicted class probability,Volatility 3M,7.880861029292544,increases predicted class probability,Rolling Units Cv 6M,-6.990015876955867,decreases predicted class probability,Customers Lag 1M,4.639980739393206,increases predicted class probability,Revenue Volatility 3M,4.634489171204888,increases predicted class probability,Supply pressure,Supply pressure,"Review stock, replenishment, and supplier lead times immediately",1,1,69
1152,2025-12-01,5,Northern EU,2026-01-01,,scoring,1525,refit_model_current_scoring,,,2,High Risk,0.23727605633404641,0.26572513953589694,0.49699880413005665,49.699880413005666,49.7,6.298613738980051,0.39,1,1,,,Services,Legacy Workstation,Legacy Workstation Model 13,Decline,26.0,17356.65,1.0,0.132,,,0,0.0,False,198,3,252.54999999999927,0.0145506189270394,0.0316686967113276,,0,1,0,0,10.0,,10.0,,-0.1654493810729605,0,2.0,,347.13300000000004,High Risk,0.49699880413005665,0.3333333333333305,0.3333333333333305,Rolling Units Cv 6M,-6.846443165160852,decreases predicted class probability,Volatility 3M,5.845375537507571,increases predicted class probability,Trend Slope 3M,5.481038118474276,increases predicted class probability,Unit Share Lag 1M,5.038045168114739,increases predicted class probability,Revenue Volatility 3M,4.702492046756915,increases predicted class probability,High sales volatility; Supply pressure; Margin below target,High sales volatility; Supply pressure; Margin below target,"Review stock, replenishment, and supplier lead times immediately",3,1,70
1164,2025-12-01,3,Southern EU,2026-01-01,,scoring,1643,refit_model_current_scoring,,,2,High Risk,0.19400796058452227,0.3154001300073923,0.49059190940808595,49.05919094080859,49.1,6.482919744117821,0.39,1,1,,,Accessories,Accessory Kit,Accessory Kit Model 05,Mature,168.0,6807.22,2.0,0.141,180.0,51.27,0,0.0,True,674,4,1387.5400000000009,0.2038335767023837,0.1141304347826086,,0,1,0,0,8.302,,49.17700000000001,0.0,-0.0161664232976162,0,1.6604,0.0,113.02708088,High Risk,0.49059190940808595,0.3333333333333305,0.3333333333333305,Unit Share Lag 1M,4.5783861570148225,increases predicted class probability,Customers Lag 1M,4.246215858526957,increases predicted class probability,Units Lag 1M,3.9783499224370398,increases predicted class probability,Volatility 3M,3.3927734530696236,increases predicted class probability,Risk Factor Volatility,3.2831357438378515,increases predicted class probability,High sales volatility; Supply pressure,High sales volatility; Supply pressure,"Review stock, replenishment, and supplier lead times immediately",2,1,71
1121,2025-12-01,7,Eastern EU,2026-01-01,,scoring,1217,refit_model_current_scoring,,,2,High Risk,0.24684123406330108,0.2925842067695082,0.4605745591671905,46.05745591671905,46.1,6.068666625519446,0.39,1,1,,,Accessories,Connectivity Module,Connectivity Module Model 02,Mature,60.0,5179.0,1.0,0.219,,,0,0.0,True,1567,13,1198.0000000000005,0.2313187874106971,0.0755667506297229,,0,0,0,0,10.0,,10.0,,-0.0786812125893028,0,2.0,,103.58,High Risk,0.4605745591671905,0.3333333333333305,0.3333333333333305,Risk Factor Volatility,-10.606195943840929,decreases predicted class probability,Volatility 3M,8.834499081147944,increases predicted class probability,Revenue Volatility 3M,5.0682707762274095,increases predicted class probability,Unit Share Lag 1M,4.776233715872529,increases predicted class probability,Units Lag 1M,4.593902935985966,increases predicted class probability,Supply pressure,Supply pressure,"Review stock, replenishment, and supplier lead times immediately",1,1,72
1006,2025-12-01,7,Eastern EU,2026-01-01,,scoring,67,refit_model_current_scoring,,,2,High Risk,0.23295999023011357,0.3134635809154532,0.4535764288544333,45.357642885443326,45.4,6.103082193121598,0.39,1,1,,,IT,Laptop Pro,Laptop Pro Model 07,Growth,38.0,42053.13,1.0,0.098,,,0,0.0,False,366,0,14861.85,0.3534065121906502,0.043132803632236,,0,0,0,0,10.0,,10.0,,0.0634065121906502,0,2.0,,841.0626,High Risk,0.4535764288544333,0.3333333333333305,0.3333333333333305,Risk Factor Volatility,-9.148984177448913,decreases predicted class probability,Volatility 3M,7.505850086653923,increases predicted class probability,Trend Slope 3M,5.203817359674414,increases predicted class probability,Revenue Volatility 3M,4.932029742252923,increases predicted class probability,Unit Share Lag 1M,4.65870693603223,increases predicted class probability,Supply pressure,Supply pressure,"Review stock, replenishment, and supplier lead times immediately",1,1,73
1099,2025-12-01,4,Southern EU,2026-01-01,,scoring,994,refit_model_current_scoring,,,2,High Risk,0.2547744629318993,0.29528184053264234,0.4499436965354583,44.99436965354583,45.0,5.975846168017795,0.39,1,1,,,Medical,Monitoring Device,Monitoring Device Model 20,Decline,25.0,18222.23,2.0,0.1245,,,0,0.0,False,389,4,4705.73,0.2582411702629151,0.0143266475644699,,0,0,0,0,10.0,,10.0,,-0.1317588297370849,0,2.0,,364.4446,High Risk,0.4499436965354583,0.3333333333333305,0.3333333333333305,Risk Factor Volatility,-7.960388451720797,decreases predicted class probability,Volatility 3M,6.257595899562117,increases predicted class probability,Customers Lag 1M,4.615166199000531,increases predicted class probability,Trend Slope 3M,4.4954270003176475,increases predicted class probability,Unit Share Lag 1M,4.42966651490164,increases predicted class probability,Supply pressure; Margin below target,Supply pressure; Margin below target,"Review stock, replenishment, and supplier lead times immediately",2,1,74
1099,2025-12-01,2,Western EU,2026-01-01,,scoring,992,refit_model_current_scoring,,,2,High Risk,0.30886821359771244,0.2619891214944456,0.4291426649078419,42.91426649078419,42.9,5.601372256550647,0.39,1,1,,,Medical,Monitoring Device,Monitoring Device Model 20,Decline,24.0,17832.42,1.0,0.085,,,0,0.0,False,365,5,4856.579999999998,0.272345536948995,0.0147510755992624,,0,1,0,0,10.0,,10.0,,-0.1176544630510049,0,2.0,,356.6484,High Risk,0.4291426649078419,0.3333333333333305,0.3333333333333305,Customer Share Category Region,-6.7547832087206325,decreases predicted class probability,Volatility 3M,6.0021663362984325,increases predicted class probability,Trend Slope 3M,5.503860191417758,increases predicted class probability,Revenue Volatility 3M,4.6304619825655315,increases predicted class probability,Rolling Units Mean 3M,-4.439463994396351,decreases predicted class probability,High sales volatility; Supply pressure; Margin below target,High sales volatility; Supply pressure; Margin below target,"Review stock, replenishment, and supplier lead times immediately",3,1,75
1096,2025-12-01,4,Southern EU,2026-01-01,,scoring,964,refit_model_current_scoring,,,2,High Risk,0.24068742124167639,0.3349571353662072,0.42435544339211667,42.43554433921167,42.4,5.918340110752203,0.39,1,1,,,Medical,Monitoring Device,Monitoring Device Model 17,Decline,45.0,27641.99,1.0,0.187,,,0,0.0,False,341,7,4138.490000000005,0.1497175131023491,0.0257879656160458,,0,0,0,0,10.0,,10.0,,-0.2402824868976508,0,2.0,,552.8398000000001,High Risk,0.42435544339211667,0.3333333333333305,0.3333333333333305,Customer Share Category Region,-5.176002557531578,decreases predicted class probability,Risk Factor Volatility,-4.88292787372482,decreases predicted class probability,Volatility 3M,4.844050180196955,increases predicted class probability,Unit Share Lag 1M,4.68930978389286,increases predicted class probability,Units Lag 1M,4.2732266925854026,increases predicted class probability,Supply pressure; Margin below target,Supply pressure; Margin below target,"Review stock, replenishment, and supplier lead times immediately",2,1,76
1010,2025-12-01,3,Southern EU,2026-01-01,,scoring,103,refit_model_current_scoring,,,2,High Risk,0.3345296281820081,0.24758672741588872,0.4178836444021031,41.788364440210316,41.8,5.416770081100474,0.39,1,1,,,IT,Laptop Pro,Laptop Pro Model 11,Decline,27.0,19974.66,2.0,0.1045,,,0,0.0,False,354,0,5452.709999999999,0.2729813673924862,0.0127599243856332,,0,1,0,0,10.0,,10.0,,-0.0170186326075137,0,2.0,,399.4932,High Risk,0.4178836444021031,0.3333333333333305,0.3333333333333305,Trend Slope 6M,-9.115135743308597,decreases predicted class probability,Volatility 3M,6.338091962218308,increases predicted class probability,Revenue Volatility 3M,4.963119076864253,increases predicted class probability,Trend Slope 3M,4.939570128657186,increases predicted class probability,Revenue Percentile Category Region,-4.865434551876894,decreases predicted class probability,High sales volatility; Supply pressure,High sales volatility; Supply pressure,"Review stock, replenishment, and supplier lead times immediately",2,1,77
1095,2025-12-01,3,Southern EU,2026-01-01,,scoring,953,refit_model_current_scoring,,,0,Low Risk,0.38350840002200537,0.23385054226758303,0.38264105771041124,38.26410577104112,38.3,4.995663288442027,0.39,0,0,,,Medical,Monitoring Device,Monitoring Device Model 16,Decline,10.0,8969.3,1.0,0.035,,,0,0.0,False,360,9,4019.0,0.448084019934666,0.0061012812690665,,0,1,0,0,10.0,,10.0,,0.058084019934666,0,2.0,,179.386,Low Risk,0.38350840002200537,0.3333333333333398,0.3333333333333305,Customer Share Category Region,5.065092335058196,increases predicted class probability,Revenue Percentile Category Region,3.57154460978036,increases predicted class probability,Rolling Units Cv 6M,3.25270085718259,increases predicted class probability,Product Unit Share Category Region,3.215528304896984,increases predicted class probability,Product Revenue Share Category Region,3.188052399083395,increases predicted class probability,High sales volatility; Supply pressure,High sales volatility; Supply pressure,No immediate action; continue routine monitoring,2,3,78
1104,2025-12-01,5,Northern EU,2026-01-01,,scoring,1045,refit_model_current_scoring,,,0,Low Risk,0.315185290896884,0.3149221276143941,0.36989258148872184,36.98925814887218,37.0,5.273536452959188,0.39,0,0,,,Accessories,Industrial Scanner,Industrial Scanner Model 05,New,85.0,124076.95,1.0,0.183,,,0,0.0,False,296,8,49264.2,0.3970455431085306,0.0527950310559006,,0,1,0,0,10.0,,10.0,,0.0570455431085306,0,2.0,,2481.539,Low Risk,0.315185290896884,0.3333333333333398,0.3333333333333305,Trend Slope 6M,4.194633952250071,increases predicted class probability,Customer Share Category Region,3.5560056993081415,increases predicted class probability,Volatility 3M,-3.043766316234017,decreases predicted class probability,Revenue Volatility 3M,-2.9732030175094,decreases predicted class probability,Trend Slope 3M,-2.5020604329385234,decreases predicted class probability,High sales volatility; Supply pressure,High sales volatility; Supply pressure,No immediate action; continue routine monitoring,2,3,79
1081,2025-12-01,7,Eastern EU,2026-01-01,,scoring,817,refit_model_current_scoring,,,1,Medium Risk,0.2947009358766981,0.3975097745620618,0.30778928956124013,30.778928956124012,30.8,5.06544176842271,0.39,1,0,,,Medical,Monitoring Device,Monitoring Device Model 02,Mature,49.0,34675.91,1.0,0.178,,,0,0.0,True,3216,51,10403.760000000002,0.3000284635644746,0.0947775628626692,,0,0,0,0,10.0,,10.0,,-0.0899715364355254,0,2.0,,693.5182000000001,Medium Risk,0.3975097745620618,0.33333333333332965,0.3333333333333305,Risk Factor Volatility,8.288455537359157,increases predicted class probability,Volatility 3M,-5.566060937516292,decreases predicted class probability,Rolling Units Mean 3M,3.532395096020625,increases predicted class probability,Trend Slope 3M,-3.2037720181297664,decreases predicted class probability,Unit Share Lag 1M,-3.1865689477423422,decreases predicted class probability,Supply pressure,Supply pressure,Monitor next month and assign an owner if deterioration continues,1,2,80
1037,2025-12-01,9,Western EU,2026-01-01,,scoring,379,refit_model_current_scoring,,,0,Low Risk,0.466372122147987,0.24001449425047358,0.2936133836015394,29.361338360153937,29.4,4.136206307267761,0.39,0,0,,,IT,Laptop Standard,Laptop Standard Model 18,Growth,18.0,15993.28,1.0,0.026,,,0,0.0,False,304,1,6038.380000000001,0.377557324076112,0.01707779886148,-0.519222836399637,1,0,0,0,10.0,0.0,10.0,,0.137557324076112,0,17.0,,2718.8576000000003,Low Risk,0.466372122147987,0.3333333333333398,0.3333333333333305,Customer Share Category Region,5.405073674443295,increases predicted class probability,Revenue Percentile Category Region,2.332587191720297,increases predicted class probability,Units Vs 6M Avg Pct,1.849203469469941,increases predicted class probability,Trend Slope 3M,-1.6467594578844578,decreases predicted class probability,Customers Lag 1M,1.2961244994254748,increases predicted class probability,Sales below trend; Supply pressure; Losing category share,Sales below trend; Supply pressure; Losing category share,No immediate action; continue routine monitoring,3,3,81
1119,2025-12-01,10,Northern EU,2026-01-01,,scoring,1191,refit_model_current_scoring,,,0,Low Risk,0.360743874634756,0.35540266948595534,0.28385345587928884,28.385345587928885,28.4,4.615547906222665,0.39,0,0,,,Accessories,Industrial Scanner,Industrial Scanner Model 20,Growth,3.0,4974.88,1.0,0.04,,,0,0.0,False,296,6,2637.49,0.530161531534429,0.0089285714285714,,0,0,0,0,10.0,,10.0,,0.190161531534429,0,2.0,,99.4976,Low Risk,0.360743874634756,0.3333333333333398,0.3333333333333305,Units Vs 6M Avg Pct,5.710196430443554,increases predicted class probability,Risk Factor Volatility,4.4792150018786705,increases predicted class probability,Product Unit Share Category Region,3.1625344355461915,increases predicted class probability,Volatility 3M,-2.887981842587748,decreases predicted class probability,Margin Gap Vs Target,2.445490521851727,increases predicted class probability,Supply pressure,Supply pressure,No immediate action; continue routine monitoring,1,3,82
1080,2025-12-01,8,Eastern EU,2026-01-01,,scoring,808,refit_model_current_scoring,,,1,Medium Risk,0.18213371979882317,0.5476942851053136,0.2701719950958633,27.01719950958633,27.0,5.440191376485201,0.39,1,0,,,Medical,Monitoring Device,Monitoring Device Model 01,Mature,203.0,182255.12,5.0,0.16,,,0,0.0,False,309,8,62330.84,0.3419977446998471,0.0930339138405133,,0,1,0,0,10.0,,10.0,,-0.0480022553001528,0,2.0,,3645.1024,Medium Risk,0.5476942851053136,0.33333333333332965,0.3333333333333305,Trend Slope 3M,14.95046240962043,increases predicted class probability,Units Lag 3M,13.30087753592388,increases predicted class probability,Unit Share Lag 1M,-3.447619562294614,decreases predicted class probability,Customers Lag 1M,-2.864757629058687,decreases predicted class probability,Units Lag 1M,-2.7690473028590814,decreases predicted class probability,High sales volatility; Supply pressure,High sales volatility; Supply pressure,Monitor next month and assign an owner if deterioration continues,2,2,83
1191,2025-12-01,8,Eastern EU,2026-01-01,,scoring,1918,refit_model_current_scoring,,,0,Low Risk,0.4319843361130064,0.3071632973547179,0.2608523665322757,26.08523665322757,26.1,4.144340152096347,0.39,0,0,,,Services,Service Contract,Service Contract Model 12,Mature,18.0,3305.09,2.0,0.1175,180.0,62.21,0,0.0,False,275,9,2101.9700000000003,0.635979655622086,0.0122615803814713,,0,1,0,0,8.072000000000001,,46.989,0.0,0.015979655622086,0,1.6144000000000005,0.0,53.35737296000001,Low Risk,0.4319843361130064,0.3333333333333398,0.3333333333333305,Product Revenue Share Category Region,3.7153618425527988,increases predicted class probability,Trend Slope 6M,3.7065261188774548,increases predicted class probability,Revenue Percentile Category Region,3.5736130431727333,increases predicted class probability,Volatility 3M,-3.252611395067409,decreases predicted class probability,Revenue Volatility 3M,-2.803440299191594,decreases predicted class probability,High sales volatility; Supply pressure,High sales volatility; Supply pressure,No immediate action; continue routine monitoring,2,3,84
1179,2025-12-01,4,Southern EU,2026-01-01,,scoring,1794,refit_model_current_scoring,,,0,Low Risk,0.4545212153445218,0.2858061210805852,0.25967266357489305,25.967266357489304,26.0,4.025757241151856,0.39,0,0,,,Accessories,Accessory Kit,Accessory Kit Model 20,New,34.0,1831.63,2.0,0.108,146.77,59.09,0,0.0,False,182,2,353.3100000000002,0.1928937612945847,0.0260736196319018,-0.546390452979242,1,0,0,0,8.184000000000001,1.0,25.896500000000003,0.0,-0.0271062387054153,0,16.6368,0.0,304.72461984000006,Low Risk,0.4545212153445218,0.3333333333333398,0.3333333333333305,Customer Share Category Region,-1.8186227596030324,decreases predicted class probability,Revenue Percentile Category Region,1.544566745902341,increases predicted class probability,Customers Lag 1M,1.4927770172979737,increases predicted class probability,Trend Slope 3M,-1.490108640848544,decreases predicted class probability,Order Count,-1.4615686710133524,decreases predicted class probability,Sales below trend; Supply pressure; Losing category share,Sales below trend; Supply pressure; Losing category share,No immediate action; continue routine monitoring,3,3,85
1035,2025-12-01,7,Eastern EU,2026-01-01,,scoring,357,refit_model_current_scoring,,,1,Medium Risk,0.1958051835078252,0.5536528612604908,0.2505419552316839,25.05419552316839,25.1,5.273683858619293,0.39,1,0,,,IT,Laptop Standard,Laptop Standard Model 16,Mature,84.0,52578.28999999999,2.0,0.1395,,,0,0.0,False,305,3,7530.769999999997,0.1432296485868977,0.0957810718358038,,0,1,0,0,10.0,,10.0,,-0.0967703514131022,0,2.0,,1051.5658,Medium Risk,0.5536528612604908,0.33333333333332965,0.3333333333333305,Trend Slope 3M,14.644105133584704,increases predicted class probability,Units Lag 3M,13.461492941581515,increases predicted class probability,Unit Share Lag 1M,-3.505579753382624,decreases predicted class probability,Units Lag 1M,-2.9352620312775612,decreases predicted class probability,Customers Lag 1M,-2.8188042000591795,decreases predicted class probability,High sales volatility; Supply pressure,High sales volatility; Supply pressure,Monitor next month and assign an owner if deterioration continues,2,2,86
1009,2025-12-01,8,Eastern EU,2026-01-01,,scoring,98,refit_model_current_scoring,,,1,Medium Risk,0.19397041867453288,0.558640847940043,0.24738873338542397,24.738873338542398,24.7,5.267091573554454,0.39,1,0,,,IT,Laptop Pro,Laptop Pro Model 10,Mature,114.0,94611.3,4.0,0.093,,,0,0.0,False,324,2,30308.460000000006,0.3203471466938939,0.075049374588545,,0,1,0,0,10.0,,10.0,,0.0303471466938939,0,2.0,,1892.226,Medium Risk,0.558640847940043,0.33333333333332965,0.3333333333333305,Trend Slope 3M,15.757502565617699,increases predicted class probability,Units Lag 3M,11.65766530509105,increases predicted class probability,Unit Share Lag 1M,-3.455714316536699,decreases predicted class probability,Customers Lag 1M,-3.066907785873381,decreases predicted class probability,Rolling Revenue Mean 3M,2.878454097103079,increases predicted class probability,High sales volatility; Supply pressure,High sales volatility; Supply pressure,Monitor next month and assign an owner if deterioration continues,2,2,87
1180,2025-12-01,8,Eastern EU,2026-01-01,,scoring,1808,refit_model_current_scoring,,,1,Medium Risk,0.19734922075315536,0.563317541241351,0.23933323800549366,23.933323800549367,23.9,5.2099200862616915,0.39,1,0,,,Services,Service Contract,Service Contract Model 01,Mature,172.0,40823.4,3.0,0.1215,180.0,62.21,0,0.0,False,331,12,27858.04,0.6824037194354219,0.1171662125340599,,0,1,0,0,8.072000000000001,,46.989,0.0,0.0624037194354218,0,1.6144000000000005,0.0,659.0529696000001,Medium Risk,0.563317541241351,0.33333333333332965,0.3333333333333305,Trend Slope 3M,16.42530500028268,increases predicted class probability,Units Lag 3M,12.904387540839005,increases predicted class probability,Unit Share Lag 1M,-3.4480606001128047,decreases predicted class probability,Customers Lag 1M,-2.8696061516917277,decreases predicted class probability,Units Lag 1M,-2.7999833401401015,decreases predicted class probability,High sales volatility; Supply pressure,High sales volatility; Supply pressure,Monitor next month and assign an owner if deterioration continues,2,2,88
1071,2025-12-01,9,Western EU,2026-01-01,,scoring,719,refit_model_current_scoring,,,1,Medium Risk,0.264498168436527,0.5058306649616781,0.229671166601795,22.967116660179503,23.0,4.825864990826341,0.39,1,0,,,Medical,Medical Sensor,Medical Sensor Model 12,Growth,111.0,17078.83,2.0,0.104,,,0,0.0,True,2789,97,6369.550000000001,0.3729500205810351,0.0676829268292683,,0,1,0,0,10.0,,10.0,,-0.0770499794189648,0,2.0,,341.57660000000004,Medium Risk,0.5058306649616781,0.33333333333332965,0.3333333333333305,Trend Slope 3M,13.56777600831714,increases predicted class probability,Units Lag 3M,11.268123618232421,increases predicted class probability,Customers Lag 1M,-3.166479983275658,decreases predicted class probability,Unit Share Lag 1M,-3.155244506539286,decreases predicted class probability,Units Lag 1M,-2.945261344951568,decreases predicted class probability,High sales volatility; Supply pressure,High sales volatility; Supply pressure,Monitor next month and assign an owner if deterioration continues,2,2,89
1095,2025-12-01,4,Southern EU,2026-01-01,,scoring,954,refit_model_current_scoring,,,1,Medium Risk,0.18877373390923005,0.5818712966330756,0.22935496945769412,22.935496945769412,22.9,5.202906177742319,0.39,1,0,,,Medical,Monitoring Device,Monitoring Device Model 16,Decline,110.0,93635.51,4.0,0.0832499999999999,,,0,0.0,False,308,5,39182.21,0.4184546012511706,0.0630372492836676,,0,1,0,0,10.0,,10.0,,0.0284546012511706,0,2.0,,1872.7102,Medium Risk,0.5818712966330756,0.33333333333332965,0.3333333333333305,Trend Slope 3M,15.17117272316072,increases predicted class probability,Units Lag 3M,12.513240902715333,increases predicted class probability,Unit Share Lag 1M,-3.4511228953977837,decreases predicted class probability,Customers Lag 1M,-3.035449576809076,decreases predicted class probability,Units Lag 1M,-2.846008662030315,decreases predicted class probability,High sales volatility; Supply pressure,High sales volatility; Supply pressure,Monitor next month and assign an owner if deterioration continues,2,2,90
1170,2025-12-01,7,Eastern EU,2026-01-01,,scoring,1707,refit_model_current_scoring,,,1,Medium Risk,0.2160039953920443,0.5614289647499773,0.22256703985797804,22.256703985797806,22.3,5.032815222329667,0.39,1,0,,,Accessories,Accessory Kit,Accessory Kit Model 11,Growth,116.0,5342.35,2.0,0.178,160.35,58.9,0,0.0,False,226,3,940.1499999999996,0.1759806077849634,0.1100569259962049,,0,1,0,0,7.890000000000001,,27.2255,0.0,-0.0440193922150365,0,1.5780000000000003,0.0,84.30228300000003,Medium Risk,0.5614289647499773,0.33333333333332965,0.3333333333333305,Units Lag 3M,13.779221033510659,increases predicted class probability,Trend Slope 3M,13.731126505472849,increases predicted class probability,Unit Share Lag 1M,-3.2734601457998598,decreases predicted class probability,Customers Lag 1M,-3.1054163154968224,decreases predicted class probability,Rolling Units Mean 3M,3.0405160423963093,increases predicted class probability,High sales volatility; Supply pressure,High sales volatility; Supply pressure,Monitor next month and assign an owner if deterioration continues,2,2,91
1145,2025-12-01,3,Southern EU,2026-01-01,,scoring,1453,refit_model_current_scoring,,,1,Medium Risk,0.24018392576970385,0.5375163306039575,0.22229974362633834,22.229974362633833,22.2,4.910579089283171,0.39,1,0,,,Services,Legacy Workstation,Legacy Workstation Model 06,Mature,61.0,49280.4,3.0,0.0533333333333333,,,0,0.0,False,210,0,9734.710000000006,0.197537154730887,0.10912343470483,,0,0,0,0,10.0,,10.0,,0.017537154730887,0,2.0,,985.608,Medium Risk,0.5375163306039575,0.33333333333332965,0.3333333333333305,Trend Slope 3M,13.445134720298157,increases predicted class probability,Units Lag 3M,10.604275829326607,increases predicted class probability,Risk Factor Volatility,4.440142216350944,increases predicted class probability,Volatility 3M,-3.5861853306876488,decreases predicted class probability,Unit Share Lag 1M,-3.3869962980741386,decreases predicted class probability,Supply pressure,Supply pressure,Monitor next month and assign an owner if deterioration continues,1,2,92
1007,2025-12-01,8,Eastern EU,2026-01-01,,scoring,78,refit_model_current_scoring,,,1,Medium Risk,0.18868350750420174,0.5894713846625481,0.22184510783325018,22.184510783325017,22.2,5.165808001645242,0.39,1,0,,,IT,Laptop Pro,Laptop Pro Model 08,Mature,178.0,236873.21,4.0,0.1205,,,0,0.0,True,1049,15,62903.129999999976,0.2655561175533526,0.1171823568136932,,0,0,0,0,10.0,,10.0,,-0.0244438824466473,0,2.0,,4737.464199999999,Medium Risk,0.5894713846625481,0.33333333333332965,0.3333333333333305,Trend Slope 3M,14.453202991915006,increases predicted class probability,Units Lag 3M,12.14462783847146,increases predicted class probability,Risk Factor Volatility,3.598108128561387,increases predicted class probability,Unit Share Lag 1M,-3.3175693040239143,decreases predicted class probability,Rolling Revenue Mean 3M,3.119402929905117,increases predicted class probability,Supply pressure,Supply pressure,Monitor next month and assign an owner if deterioration continues,1,2,93
1054,2025-12-01,9,Western EU,2026-01-01,,scoring,549,refit_model_current_scoring,,,1,Medium Risk,0.17861053980916006,0.6007248625740355,0.22066459761680468,22.06645976168047,22.1,5.210270289038224,0.39,1,0,,,IT,Tablet Enterprise,Tablet Enterprise Model 15,Growth,172.0,78841.79,3.0,0.1323333333333333,,,0,0.0,True,2168,16,21331.869999999988,0.2705655211531853,0.1169272603670972,,0,1,0,0,10.0,,10.0,,0.0005655211531852,0,2.0,,1576.8357999999998,Medium Risk,0.6007248625740355,0.33333333333332965,0.3333333333333305,Trend Slope 3M,14.882510335526552,increases predicted class probability,Units Lag 3M,11.478933337158422,increases predicted class probability,Rolling Units Mean 3M,3.6060546800976296,increases predicted class probability,Unit Share Lag 1M,-3.593567014020866,decreases predicted class probability,Risk Factor Volatility,-3.227754693268964,decreases predicted class probability,High sales volatility; Supply pressure,High sales volatility; Supply pressure,Monitor next month and assign an owner if deterioration continues,2,2,94
1062,2025-12-01,2,Western EU,2026-01-01,,scoring,622,refit_model_current_scoring,,,0,Low Risk,0.5411959081370251,0.23926369157148544,0.21954040029148958,21.954040029148956,22.0,3.391722460772323,0.39,0,0,,,Medical,Medical Sensor,Medical Sensor Model 03,Mature,2.0,376.71,1.0,0.025,,,0,0.0,False,304,8,150.51,0.3995381062355658,0.0016920473773265,,0,1,0,0,10.0,,10.0,,-0.0504618937644342,0,2.0,,7.534199999999999,Low Risk,0.5411959081370251,0.3333333333333398,0.3333333333333305,Product Unit Share Category Region,5.09563277741595,increases predicted class probability,Product Revenue Share Category Region,4.436164049460889,increases predicted class probability,Customer Share Category Region,4.062463810780705,increases predicted class probability,Units Vs 6M Avg Pct,3.944990077390489,increases predicted class probability,Volatility 3M,-3.3868560292254086,decreases predicted class probability,High sales volatility; Supply pressure,High sales volatility; Supply pressure,No immediate action; continue routine monitoring,2,3,95
1038,2025-12-01,10,Northern EU,2026-01-01,,scoring,381,refit_model_current_scoring,,,1,Medium Risk,0.2449193279697584,0.5373397477212097,0.21774092430903186,21.774092430903185,21.8,4.8641079816963675,0.39,1,0,,,IT,Laptop Standard,Laptop Standard Model 19,Mature,46.0,20224.39,1.0,0.229,,,0,0.0,False,235,2,3113.769999999997,0.1539611330675485,0.0523917995444191,,0,1,0,0,10.0,,10.0,,-0.0860388669324515,0,2.0,,404.4878,Medium Risk,0.5373397477212097,0.33333333333332965,0.3333333333333305,Trend Slope 3M,13.892460361234054,increases predicted class probability,Units Lag 3M,13.61731142365673,increases predicted class probability,Units Lag 1M,-3.0968318392421716,decreases predicted class probability,Unit Share Lag 1M,-3.0615873422121838,decreases predicted class probability,Customers Lag 1M,-3.0209897044195877,decreases predicted class probability,High sales volatility; Supply pressure,High sales volatility; Supply pressure,Monitor next month and assign an owner if deterioration continues,2,2,96
1065,2025-12-01,9,Western EU,2026-01-01,,scoring,659,refit_model_current_scoring,,,1,Medium Risk,0.14798838436585765,0.634916599278919,0.21709501635522316,21.709501635522315,21.7,5.345533159946827,0.39,1,0,,,Medical,Medical Sensor,Medical Sensor Model 06,Decline,402.0,51258.82,3.0,0.1703333333333333,,,0,0.0,False,275,13,16517.979999999996,0.3222465909281563,0.2451219512195122,,0,1,0,0,10.0,,10.0,,-0.1277534090718437,0,2.0,,1025.1764,Medium Risk,0.634916599278919,0.33333333333332965,0.3333333333333305,Trend Slope 3M,16.020629092822876,increases predicted class probability,Units Lag 3M,13.006327026565431,increases predicted class probability,Unit Share Lag 1M,-3.5152917787528346,decreases predicted class probability,Rolling Units Mean 3M,3.094214826755565,increases predicted class probability,Customers Lag 1M,-3.017910291941009,decreases predicted class probability,High sales volatility; Supply pressure; Margin below target,High sales volatility; Supply pressure; Margin below target,Monitor next month and assign an owner if deterioration continues,3,2,97
1051,2025-12-01,10,Northern EU,2026-01-01,,scoring,511,refit_model_current_scoring,,,1,Medium Risk,0.2408676076530466,0.5430882651679423,0.21604412717901153,21.604412717901152,21.6,4.875882597629827,0.39,1,0,,,IT,Tablet Enterprise,Tablet Enterprise Model 12,Mature,69.0,27405.08,1.0,0.147,,,0,0.0,False,285,4,7375.760000000002,0.2691384225114468,0.0662824207492795,,0,1,0,0,10.0,,10.0,,-0.0008615774885532,0,2.0,,548.1016000000001,Medium Risk,0.5430882651679423,0.33333333333332965,0.3333333333333305,Trend Slope 3M,16.108920470532453,increases predicted class probability,Units Lag 3M,13.977024367650511,increases predicted class probability,Unit Share Lag 1M,-3.2218248942023027,decreases predicted class probability,Units Lag 1M,-3.09135295939775,decreases predicted class probability,Customers Lag 1M,-2.917591267401633,decreases predicted class probability,High sales volatility; Supply pressure,High sales volatility; Supply pressure,Monitor next month and assign an owner if deterioration continues,2,2,98
1097,2025-12-01,7,Eastern EU,2026-01-01,,scoring,977,refit_model_current_scoring,,,0,Low Risk,0.4427950468483906,0.34193674623652304,0.215268206915086,21.5268206915086,21.5,3.8623658003334755,0.39,0,0,,,Medical,Monitoring Device,Monitoring Device Model 18,Mature,10.0,9192.63,1.0,0.012,,,0,0.0,False,329,5,4982.229999999999,0.5419809129704991,0.0193423597678916,-0.3105017635680964,1,0,0,0,10.0,0.0,10.0,,0.1519809129704991,0,17.0,,1562.7470999999998,Low Risk,0.4427950468483906,0.3333333333333398,0.3333333333333305,Customer Share Category Region,-2.3595927727208137,decreases predicted class probability,Crm Activity Minutes,-2.194843613484337,decreases predicted class probability,Units Lag 1M,1.8459142830496371,increases predicted class probability,Inventory Months Cover,1.7940171268341223,increases predicted class probability,Units Vs 6M Avg Pct,1.7884810781965794,increases predicted class probability,Sales below trend; Supply pressure; Losing category share,Sales below trend; Supply pressure; Losing category share,No immediate action; continue routine monitoring,3,3,99
1118,2025-12-01,10,Northern EU,2026-01-01,,scoring,1181,refit_model_current_scoring,,,1,Medium Risk,0.19878228104678533,0.5883894879337752,0.21282823101943937,21.282823101943936,21.3,5.07022974986327,0.39,1,0,,,Accessories,Industrial Scanner,Industrial Scanner Model 19,Mature,45.0,43938.93,2.0,0.1535,,,0,0.0,False,285,6,5300.580000000002,0.1206351633961045,0.1339285714285714,,0,1,0,0,10.0,,10.0,,-0.2193648366038954,0,2.0,,878.7786,Medium Risk,0.5883894879337752,0.33333333333332965,0.3333333333333305,Units Lag 3M,16.061984527168477,increases predicted class probability,Trend Slope 3M,15.869094690847794,increases predicted class probability,Rolling Units Mean 3M,3.4156356093906965,increases predicted class probability,Unit Share Lag 1M,-3.2748756439678623,decreases predicted class probability,Units Lag 1M,-3.041608503061189,decreases predicted class probability,High sales volatility; Supply pressure; Margin below target,High sales volatility; Supply pressure; Margin below target,Monitor next month and assign an owner if deterioration continues,3,2,100
