product_id,year_month,region_id,region,target_month,next_month_risk_label,split,split_row_number,model_scope,actual_risk_label_num,actual_risk_label,predicted_risk_label_num,predicted_risk_label,prob_low_risk,prob_medium_risk,high_risk_probability,high_risk_probability_pct,risk_score,risk_score_0_10,selected_high_risk_threshold,is_any_risk_alert,is_high_risk_alert,is_false_alarm,is_missed_high_risk,product_line,product_category,product_name,lifecycle_stage,units_sold,revenue,unique_customers,avg_discount_pct,market_demand_index,competitor_pressure_index,stockout_flag,backorder_units,campaign_flag,website_visits,demo_requests,estimated_gross_profit,estimated_gross_margin_pct,product_unit_share_category_region,unit_share_change_pct,risk_factor_under_trend,risk_factor_volatility,risk_factor_sales_drop,risk_factor_customer_drop,supply_pressure_score,customer_count_growth_pct,market_tailwind_score,high_competition_flag,margin_gap_vs_target,campaign_active_with_no_sales,commercial_pressure_score,demand_supply_mismatch_flag,revenue_at_risk_proxy,model_explained_class,model_explained_class_probability,model_explained_class_base_probability,model_high_risk_base_probability,model_driver_1,model_driver_1_contribution_pp,model_driver_1_direction,model_driver_2,model_driver_2_contribution_pp,model_driver_2_direction,model_driver_3,model_driver_3_contribution_pp,model_driver_3_direction,model_driver_4,model_driver_4_contribution_pp,model_driver_4_direction,model_driver_5,model_driver_5_contribution_pp,model_driver_5_direction,business_risk_indicators,risk_drivers,recommended_action,business_indicator_count,monitoring_priority,review_rank_within_split
1027,2021-04-01,6,Northern EU,2021-05-01,2,train,8559,train_period_model_in_sample,2,High Risk,2,High Risk,0.015691042524225055,0.0188262683789385,0.9654826890968361,96.54826890968361,96.5,9.748958232863053,0.39,1,1,0,0,IT,Laptop Standard,Laptop Standard Model 08,Decline,19.0,11387.0,1.0,0.101,,,0,0.0,False,194,1,-17.94000000000051,-0.0015754808114517,0.2111111111111111,,0,0,0,0,10.0,,10.0,,-0.2415754808114517,0,2.0,,227.74,,,,,,,,,,,,,,,,,,,,Supply pressure; Margin below target,Supply pressure; Margin below target,"Review stock, replenishment, and supplier lead times immediately",2,1,1
1188,2021-03-01,8,Eastern EU,2021-04-01,2,train,59650,train_period_model_in_sample,2,High Risk,2,High Risk,0.014239932783170718,0.020456929671501287,0.9653031375453274,96.53031375453274,96.5,9.755316023810781,0.39,1,1,0,0,Services,Service Contract,Service Contract Model 09,Decline,49.0,9261.55,2.0,0.133,104.84,62.31,0,0.0,False,196,4,5076.459999999999,0.5481220745987442,0.3202614379084967,,0,0,0,0,8.372,,24.645000000000003,0.0,-0.0718779254012558,0,1.6744,0.0,155.0753932,,,,,,,,,,,,,,,,,,,,Supply pressure,Supply pressure,"Review stock, replenishment, and supplier lead times immediately",1,1,2
1159,2021-05-01,9,Western EU,2021-06-01,2,train,50563,train_period_model_in_sample,2,High Risk,2,High Risk,0.014974068801715163,0.020658293735161253,0.9643676374631225,96.43676374631225,96.4,9.746967843307031,0.39,1,1,0,0,Services,Legacy Workstation,Legacy Workstation Model 20,Decline,15.0,9789.65,1.0,0.078,,,0,0.0,False,218,1,866.2999999999993,0.0884914169556622,1.0,,0,0,0,0,10.0,,10.0,,-0.0915085830443377,0,2.0,,195.793,,,,,,,,,,,,,,,,,,,,Supply pressure,Supply pressure,"Review stock, replenishment, and supplier lead times immediately",1,1,3
1078,2021-03-01,8,Eastern EU,2021-04-01,2,train,25230,train_period_model_in_sample,2,High Risk,2,High Risk,0.015391852131831325,0.020843219781475818,0.9637649280866921,96.37649280866921,96.4,9.7418653797743,0.39,1,1,0,0,Medical,Medical Sensor,Medical Sensor Model 19,Mature,44.0,6972.43,1.0,0.107,,,0,0.0,False,156,6,2245.95,0.322118687459035,1.0,,0,0,0,0,10.0,,10.0,,-0.1278813125409649,0,2.0,,139.4486,,,,,,,,,,,,,,,,,,,,Supply pressure; Margin below target,Supply pressure; Margin below target,"Review stock, replenishment, and supplier lead times immediately",2,1,4
1159,2021-09-01,4,Southern EU,2021-10-01,2,train,50362,train_period_model_in_sample,2,High Risk,2,High Risk,0.014575282474037162,0.022388245430191273,0.9630364720957711,96.30364720957712,96.3,9.742305948108667,0.39,1,1,0,0,Services,Legacy Workstation,Legacy Workstation Model 20,Decline,65.0,36949.59,1.0,0.126,,,0,0.0,False,235,0,-1718.260000000002,-0.0465028164047287,0.6018518518518519,,0,0,0,0,10.0,,10.0,,-0.2265028164047287,0,2.0,,738.9917999999999,,,,,,,,,,,,,,,,,,,,Supply pressure; Margin below target,Supply pressure; Margin below target,"Review stock, replenishment, and supplier lead times immediately",2,1,5
1021,2021-03-01,8,Eastern EU,2021-04-01,2,train,6780,train_period_model_in_sample,2,High Risk,2,High Risk,0.01555125774313588,0.021475106724891446,0.9629736355319718,96.29736355319719,96.3,9.737111888944176,0.39,1,1,0,0,IT,Laptop Standard,Laptop Standard Model 02,Growth,40.0,17965.18,2.0,0.134,,,0,0.0,False,227,3,2897.98,0.161310935932732,0.2061855670103092,,0,0,0,0,10.0,,10.0,,-0.0786890640672679,0,2.0,,359.3036,,,,,,,,,,,,,,,,,,,,Supply pressure,Supply pressure,"Review stock, replenishment, and supplier lead times immediately",1,1,6
1157,2021-08-01,9,Western EU,2021-09-01,2,train,49986,train_period_model_in_sample,2,High Risk,2,High Risk,0.014165758815117032,0.02324611278979317,0.962588128395089,96.2588128395089,96.3,9.742111847899855,0.39,1,1,0,0,Services,Legacy Workstation,Legacy Workstation Model 18,Decline,55.0,26850.74,1.0,0.145,,,0,0.0,False,248,1,-398.4599999999991,-0.0148398144706626,0.8870967741935484,,0,0,0,0,10.0,,10.0,,-0.1948398144706626,0,2.0,,537.0148,,,,,,,,,,,,,,,,,,,,Supply pressure; Margin below target,Supply pressure; Margin below target,"Review stock, replenishment, and supplier lead times immediately",2,1,7
1040,2021-05-01,7,Eastern EU,2021-06-01,2,train,13091,train_period_model_in_sample,2,High Risk,2,High Risk,0.01642561087078917,0.021098567962372437,0.9624758211668378,96.24758211668379,96.2,9.730251051480241,0.39,1,1,0,0,IT,Tablet Enterprise,Tablet Enterprise Model 01,Decline,27.0,8500.05,1.0,0.037,,,0,0.0,False,262,4,1372.5899999999983,0.1614802265869022,0.149171270718232,,0,0,0,0,10.0,,10.0,,-0.1085197734130977,0,2.0,,170.00099999999998,,,,,,,,,,,,,,,,,,,,Supply pressure; Margin below target,Supply pressure; Margin below target,"Review stock, replenishment, and supplier lead times immediately",2,1,8
1059,2021-07-01,8,Eastern EU,2021-08-01,2,train,19244,train_period_model_in_sample,2,High Risk,2,High Risk,0.01591606956963783,0.021873800838444472,0.9622101295919169,96.22101295919168,96.2,9.731470300111392,0.39,1,1,0,0,IT,Tablet Enterprise,Tablet Enterprise Model 20,Decline,29.0,10055.03,1.0,0.153,,,0,0.0,False,216,0,1679.83,0.1670636487409783,0.58,,0,0,0,0,10.0,,10.0,,-0.1029363512590216,0,2.0,,201.1006,,,,,,,,,,,,,,,,,,,,Supply pressure; Margin below target,Supply pressure; Margin below target,"Review stock, replenishment, and supplier lead times immediately",2,1,9
1168,2021-05-01,7,Eastern EU,2021-06-01,2,train,53451,train_period_model_in_sample,2,High Risk,2,High Risk,0.01731205754654654,0.02083079681028433,0.9618571456431687,96.18571456431687,96.2,9.722725440483108,0.39,1,1,0,0,Accessories,Accessory Kit,Accessory Kit Model 09,Growth,26.0,1478.45,1.0,0.147,100.9,43.31,0,0.0,False,145,2,278.2900000000002,0.1882309175149651,0.2626262626262626,,0,0,0,0,7.881999999999999,,24.347500000000004,0.0,-0.0317690824850348,0,1.5763999999999998,0.0,23.3062858,,,,,,,,,,,,,,,,,,,,Supply pressure,Supply pressure,"Review stock, replenishment, and supplier lead times immediately",1,1,10
1099,2021-03-01,8,Eastern EU,2021-04-01,2,train,31080,train_period_model_in_sample,2,High Risk,2,High Risk,0.016995775129027828,0.021159351797719696,0.9618448730732517,96.18448730732517,96.2,9.724245489721115,0.39,1,1,0,0,Medical,Monitoring Device,Monitoring Device Model 20,Decline,9.0,6411.11,1.0,0.093,,,0,0.0,False,286,6,1545.17,0.2410144265189647,0.25,,0,0,0,0,10.0,,10.0,,-0.1489855734810352,0,2.0,,128.2222,,,,,,,,,,,,,,,,,,,,Supply pressure; Margin below target,Supply pressure; Margin below target,"Review stock, replenishment, and supplier lead times immediately",2,1,11
1144,2021-05-01,3,Southern EU,2021-06-01,2,train,45247,train_period_model_in_sample,2,High Risk,2,High Risk,0.017631882581658744,0.020622130813624916,0.9617459866047154,96.17459866047155,96.2,9.72057052011528,0.39,1,1,0,0,Services,Legacy Workstation,Legacy Workstation Model 05,Decline,16.0,10556.48,1.0,0.083,,,0,0.0,False,216,0,-242.88000000000105,-0.0230076692230744,0.1702127659574468,,0,0,0,0,10.0,,10.0,,-0.2030076692230744,0,2.0,,211.1296,,,,,,,,,,,,,,,,,,,,Supply pressure; Margin below target,Supply pressure; Margin below target,"Review stock, replenishment, and supplier lead times immediately",2,1,12
1143,2021-04-01,5,Northern EU,2021-05-01,2,train,44918,train_period_model_in_sample,2,High Risk,2,High Risk,0.017154141575087444,0.021126864881932717,0.9617189935429792,96.17189935429792,96.2,9.722824259839456,0.39,1,1,0,0,Services,Legacy Workstation,Legacy Workstation Model 04,Decline,23.0,16075.39,1.0,0.051,,,0,0.0,False,258,1,1791.2399999999998,0.1114274677006281,0.2705882352941176,,0,0,0,0,10.0,,10.0,,-0.0685725322993719,0,2.0,,321.5078,,,,,,,,,,,,,,,,,,,,Supply pressure,Supply pressure,"Review stock, replenishment, and supplier lead times immediately",1,1,13
1155,2021-09-01,4,Southern EU,2021-10-01,2,train,49202,train_period_model_in_sample,2,High Risk,2,High Risk,0.016184187289594452,0.02210687785372531,0.96170893485668,96.170893485668,96.2,9.727623737835426,0.39,1,1,0,0,Services,Legacy Workstation,Legacy Workstation Model 16,Decline,25.0,15107.18,1.0,0.103,,,0,0.0,False,197,2,1142.1800000000003,0.0756051096233711,0.2314814814814814,,0,0,0,0,10.0,,10.0,,-0.1043948903766288,0,2.0,,302.1436,,,,,,,,,,,,,,,,,,,,Supply pressure; Margin below target,Supply pressure; Margin below target,"Review stock, replenishment, and supplier lead times immediately",2,1,14
1185,2021-08-01,10,Northern EU,2021-09-01,2,train,58138,train_period_model_in_sample,2,High Risk,2,High Risk,0.015298036414584298,0.023118861321770868,0.9615831022636441,96.1583102263644,96.2,9.731425329245294,0.39,1,1,0,0,Services,Service Contract,Service Contract Model 06,Decline,59.0,9772.3,1.0,0.174,92.19,55.12,0,0.0,False,206,5,5145.52,0.5265413464588684,0.3470588235294117,,0,0,0,0,8.149999999999999,,12.344500000000002,0.0,-0.0934586535411315,0,1.63,0.0,159.28849,,,,,,,,,,,,,,,,,,,,Supply pressure,Supply pressure,"Review stock, replenishment, and supplier lead times immediately",1,1,15
1078,2021-04-01,10,Northern EU,2021-05-01,2,train,24944,train_period_model_in_sample,2,High Risk,2,High Risk,0.01635777787116776,0.022103633430800025,0.9615385886980319,96.15385886980319,96.2,9.725904054134318,0.39,1,1,0,0,Medical,Medical Sensor,Medical Sensor Model 19,Mature,45.0,6800.07,1.0,0.176,,,0,0.0,False,227,4,1966.17,0.2891396706210377,0.3260869565217391,,0,0,0,0,10.0,,10.0,,-0.1608603293789622,0,2.0,,136.0014,,,,,,,,,,,,,,,,,,,,Supply pressure; Margin below target,Supply pressure; Margin below target,"Review stock, replenishment, and supplier lead times immediately",2,1,16
1189,2021-03-01,10,Northern EU,2021-04-01,2,train,59773,train_period_model_in_sample,2,High Risk,2,High Risk,0.014775946250790364,0.023690489890174932,0.9615335638590334,96.15335638590335,96.2,9.733788088041209,0.39,1,1,0,0,Services,Service Contract,Service Contract Model 10,Decline,44.0,9040.23,1.0,0.07,102.49,51.39,0,0.0,False,166,10,5345.99,0.5913555296712584,0.3283582089552239,,0,0,0,0,8.122,,7.592499999999998,0.0,-0.0286444703287416,0,1.6244,0.0,146.84949612,,,,,,,,,,,,,,,,,,,,Supply pressure,Supply pressure,"Review stock, replenishment, and supplier lead times immediately",1,1,17
1040,2021-05-01,3,Southern EU,2021-06-01,2,train,12927,train_period_model_in_sample,2,High Risk,2,High Risk,0.016372044158432082,0.022285610955485605,0.9613423448860817,96.13423448860817,96.1,9.724851503638247,0.39,1,1,0,0,IT,Tablet Enterprise,Tablet Enterprise Model 01,Decline,67.0,16813.35,1.0,0.189,,,0,0.0,False,242,1,-873.3100000000013,-0.0519414631825306,0.335,,0,0,0,0,10.0,,10.0,,-0.3219414631825306,0,2.0,,336.267,,,,,,,,,,,,,,,,,,,,Supply pressure; Margin below target,Supply pressure; Margin below target,"Review stock, replenishment, and supplier lead times immediately",2,1,18
1146,2021-06-01,9,Western EU,2021-07-01,2,train,46314,train_period_model_in_sample,2,High Risk,2,High Risk,0.017332543171479295,0.021770236972859576,0.9608972198556608,96.08972198556607,96.1,9.717823383420905,0.39,1,1,0,0,Services,Legacy Workstation,Legacy Workstation Model 07,Decline,24.0,11282.59,1.0,0.178,,,0,0.0,False,259,1,-943.4899999999998,-0.0836235297037293,1.0,,0,0,0,0,10.0,,10.0,,-0.2636235297037294,0,2.0,,225.6518,,,,,,,,,,,,,,,,,,,,Supply pressure; Margin below target,Supply pressure; Margin below target,"Review stock, replenishment, and supplier lead times immediately",2,1,19
1148,2022-09-01,10,Northern EU,2022-10-01,2,train,46797,train_period_model_in_sample,2,High Risk,2,High Risk,0.016261856190974613,0.022901270564232645,0.9608368732447921,96.0836873244792,96.1,9.722875085269084,0.39,1,1,0,0,Services,Legacy Workstation,Legacy Workstation Model 09,Decline,23.0,14560.07,1.0,0.136,,,0,0.0,False,180,1,744.8900000000012,0.0511597815120395,0.1564625850340136,,0,0,0,0,10.0,,10.0,,-0.1288402184879604,0,2.0,,291.2014,,,,,,,,,,,,,,,,,,,,Supply pressure; Margin below target,Supply pressure; Margin below target,"Review stock, replenishment, and supplier lead times immediately",2,1,20
1155,2021-04-01,5,Northern EU,2021-05-01,2,train,49238,train_period_model_in_sample,2,High Risk,2,High Risk,0.014677369497690017,0.024542224855998527,0.9607804056463106,96.07804056463107,96.1,9.7305151807431,0.39,1,1,0,0,Services,Legacy Workstation,Legacy Workstation Model 16,Decline,46.0,25601.58,1.0,0.122,,,0,0.0,False,220,0,-94.02000000000044,-0.0036724295922361,0.5411764705882353,,0,0,0,0,10.0,,10.0,,-0.1836724295922361,0,2.0,,512.0316,,,,,,,,,,,,,,,,,,,,Supply pressure; Margin below target,Supply pressure; Margin below target,"Review stock, replenishment, and supplier lead times immediately",2,1,21
1036,2021-07-01,6,Northern EU,2021-08-01,2,train,11412,train_period_model_in_sample,2,High Risk,2,High Risk,0.015571254347873225,0.023700080170398014,0.9607286654817289,96.07286654817288,96.1,9.72578705566928,0.39,1,1,0,0,IT,Laptop Standard,Laptop Standard Model 17,Mature,35.0,16900.059999999998,2.0,0.0825,,,0,0.0,False,163,2,2024.0099999999984,0.1197634801296562,0.2755905511811024,,0,0,0,0,10.0,,10.0,,-0.1202365198703437,0,2.0,,338.0011999999999,,,,,,,,,,,,,,,,,,,,Supply pressure; Margin below target,Supply pressure; Margin below target,"Review stock, replenishment, and supplier lead times immediately",2,1,22
1157,2021-08-01,4,Southern EU,2021-09-01,2,train,49781,train_period_model_in_sample,2,High Risk,2,High Risk,0.015256665351836235,0.024127193285959192,0.9606161413622035,96.06161413622036,96.1,9.726797380051831,0.39,1,1,0,0,Services,Legacy Workstation,Legacy Workstation Model 18,Decline,51.0,24848.56,1.0,0.129,,,0,0.0,False,177,1,-418.8799999999974,-0.0168573148705597,1.0,,0,0,0,0,10.0,,10.0,,-0.1968573148705598,0,2.0,,496.9712,,,,,,,,,,,,,,,,,,,,Supply pressure; Margin below target,Supply pressure; Margin below target,"Review stock, replenishment, and supplier lead times immediately",2,1,23
1059,2021-07-01,4,Southern EU,2021-08-01,2,train,19080,train_period_model_in_sample,2,High Risk,2,High Risk,0.01676506742170402,0.0228070760295568,0.9604278565487384,96.04278565487384,96.0,9.718313945635169,0.39,1,1,0,0,IT,Tablet Enterprise,Tablet Enterprise Model 20,Decline,23.0,8651.42,1.0,0.047,,,0,0.0,False,206,1,2009.0199999999995,0.2322185259760824,0.23,,0,0,0,0,10.0,,10.0,,-0.0377814740239175,0,2.0,,173.0284,,,,,,,,,,,,,,,,,,,,Supply pressure,Supply pressure,"Review stock, replenishment, and supplier lead times immediately",1,1,24
1157,2021-10-01,10,Northern EU,2021-11-01,2,train,49660,train_period_model_in_sample,2,High Risk,2,High Risk,0.015962884735666226,0.02364496775179901,0.960392147512534,96.0392147512534,96.0,9.722146313884334,0.39,1,1,0,0,Services,Legacy Workstation,Legacy Workstation Model 18,Decline,59.0,28833.94,1.0,0.121,,,0,0.0,False,230,0,-397.0200000000005,-0.01376919005866,0.6704545454545454,,0,0,0,0,10.0,,10.0,,-0.19376919005866,0,2.0,,576.6788,,,,,,,,,,,,,,,,,,,,Supply pressure; Margin below target,Supply pressure; Margin below target,"Review stock, replenishment, and supplier lead times immediately",2,1,25
1096,2021-08-01,2,Western EU,2021-09-01,2,train,29969,train_period_model_in_sample,2,High Risk,2,High Risk,0.01670917632334408,0.0229000950780397,0.9603907285986159,96.03907285986159,96.0,9.718407761376357,0.39,1,1,0,0,Medical,Monitoring Device,Monitoring Device Model 17,Decline,22.0,13360.89,1.0,0.082,,,0,0.0,False,277,6,1870.2900000000009,0.139982441289465,0.7096774193548387,,0,0,0,0,10.0,,10.0,,-0.2500175587105349,0,2.0,,267.2178,,,,,,,,,,,,,,,,,,,,Supply pressure; Margin below target,Supply pressure; Margin below target,"Review stock, replenishment, and supplier lead times immediately",2,1,26
1148,2022-06-01,9,Western EU,2022-07-01,2,train,47026,train_period_model_in_sample,2,High Risk,2,High Risk,0.012426068913264324,0.02718527328867192,0.9603886577980626,96.03886577980626,96.0,9.739812944423985,0.39,1,1,0,0,Services,Legacy Workstation,Legacy Workstation Model 09,Decline,132.0,88892.82,2.0,0.0945,,,0,0.0,False,212,2,9605.700000000012,0.1080593460754199,0.6226415094339622,,0,0,0,0,10.0,,10.0,,-0.07194065392458,0,2.0,,1777.8564,,,,,,,,,,,,,,,,,,,,Supply pressure,Supply pressure,"Review stock, replenishment, and supplier lead times immediately",1,1,27
1120,2021-04-01,9,Western EU,2021-05-01,2,train,38052,train_period_model_in_sample,2,High Risk,2,High Risk,0.016247002300223433,0.023671553116870202,0.960081444582906,96.0081444582906,96.0,9.719172211413412,0.39,1,1,0,0,Accessories,Connectivity Module,Connectivity Module Model 01,Mature,34.0,2512.06,1.0,0.178,,,0,0.0,False,202,1,341.84000000000015,0.1360795522399943,0.3300970873786408,,0,0,0,0,10.0,,10.0,,-0.1739204477600056,0,2.0,,50.2412,,,,,,,,,,,,,,,,,,,,Supply pressure; Margin below target,Supply pressure; Margin below target,"Review stock, replenishment, and supplier lead times immediately",2,1,28
1137,2021-04-01,4,Southern EU,2021-05-01,2,train,42777,train_period_model_in_sample,2,High Risk,2,High Risk,0.017710890044575836,0.022237096711535505,0.9600520132438881,96.0052013243888,96.0,9.711705615996559,0.39,1,1,0,0,Accessories,Connectivity Module,Connectivity Module Model 18,Mature,34.0,2243.62,1.0,0.155,,,0,0.0,False,174,1,566.3999999999999,0.2524491669712339,0.2312925170068027,,0,0,0,0,10.0,,10.0,,-0.057550833028766,0,2.0,,44.8724,,,,,,,,,,,,,,,,,,,,Supply pressure,Supply pressure,"Review stock, replenishment, and supplier lead times immediately",1,1,29
1053,2021-06-01,7,Eastern EU,2021-07-01,2,train,17222,train_period_model_in_sample,2,High Risk,2,High Risk,0.010924384510241988,0.029168111160238864,0.9599075043295184,95.99075043295184,96.0,9.744915599096379,0.39,1,1,0,0,IT,Tablet Enterprise,Tablet Enterprise Model 14,Decline,211.0,77519.38,2.0,0.1679999999999999,,,0,0.0,False,225,2,-2242.8399999999965,-0.0289326359421346,0.6028571428571429,,0,0,0,0,10.0,,10.0,,-0.2989326359421347,0,2.0,,1550.3876,,,,,,,,,,,,,,,,,,,,Supply pressure; Margin below target,Supply pressure; Margin below target,"Review stock, replenishment, and supplier lead times immediately",2,1,30
1096,2021-06-01,9,Western EU,2021-07-01,2,train,30254,train_period_model_in_sample,2,High Risk,2,High Risk,0.01768074144630637,0.022578968422575542,0.9597402901311177,95.97402901311177,96.0,9.710297743424055,0.39,1,1,0,0,Medical,Monitoring Device,Monitoring Device Model 17,Decline,13.0,7861.08,1.0,0.091,,,0,0.0,False,262,8,1071.1800000000003,0.1362637194889252,1.0,,0,0,0,0,10.0,,10.0,,-0.2537362805110748,0,2.0,,157.2216,,,,,,,,,,,,,,,,,,,,Supply pressure; Margin below target,Supply pressure; Margin below target,"Review stock, replenishment, and supplier lead times immediately",2,1,31
1132,2021-11-01,10,Northern EU,2021-12-01,2,train,41211,train_period_model_in_sample,2,High Risk,2,High Risk,0.01678202223280869,0.02352605642825891,0.9596919213389323,95.96919213389323,96.0,9.714549495530619,0.39,1,1,0,0,Accessories,Connectivity Module,Connectivity Module Model 13,Mature,45.0,3882.67,1.0,0.073,,,0,0.0,False,245,5,799.2700000000004,0.2058557642034992,0.9375,,0,0,0,0,10.0,,10.0,,-0.1041442357965007,0,2.0,,77.6534,,,,,,,,,,,,,,,,,,,,Supply pressure; Margin below target,Supply pressure; Margin below target,"Review stock, replenishment, and supplier lead times immediately",2,1,32
1027,2021-09-01,8,Eastern EU,2021-10-01,2,train,8646,train_period_model_in_sample,2,High Risk,2,High Risk,0.017790735912808723,0.022569614539796255,0.9596396495473943,95.96396495473944,96.0,9.709244568172924,0.39,1,1,0,0,IT,Laptop Standard,Laptop Standard Model 08,Decline,14.0,8417.2,1.0,0.052,,,0,0.0,False,271,0,13.56000000000131,0.0016109870265648,0.1238938053097345,,0,0,0,0,10.0,,10.0,,-0.2383890129734351,0,2.0,,168.34400000000002,,,,,,,,,,,,,,,,,,,,Supply pressure; Margin below target,Supply pressure; Margin below target,"Review stock, replenishment, and supplier lead times immediately",2,1,33
1140,2021-07-01,9,Western EU,2021-08-01,2,train,44095,train_period_model_in_sample,2,High Risk,2,High Risk,0.017722630160070363,0.022953669680134844,0.9593237001597942,95.93237001597942,95.9,9.708005349998615,0.39,1,1,0,0,Services,Legacy Workstation,Legacy Workstation Model 01,Decline,5.0,3593.99,1.0,0.07,,,0,0.0,False,223,0,157.73999999999978,0.0438899384806301,0.2083333333333333,,0,0,0,0,10.0,,10.0,,-0.1361100615193698,0,2.0,,71.87979999999999,,,,,,,,,,,,,,,,,,,,Supply pressure; Margin below target,Supply pressure; Margin below target,"Review stock, replenishment, and supplier lead times immediately",2,1,34
1146,2021-06-01,7,Eastern EU,2021-07-01,2,train,46232,train_period_model_in_sample,2,High Risk,2,High Risk,0.012761291662948943,0.027920973486647554,0.9593177348504024,95.93177348504024,95.9,9.732782215937263,0.39,1,1,0,0,Services,Legacy Workstation,Legacy Workstation Model 07,Decline,68.0,34771.69,2.0,0.128,,,0,0.0,False,188,1,131.13000000000466,0.0037711713178164,0.3976608187134502,,0,0,0,0,10.0,,10.0,,-0.1762288286821835,0,2.0,,695.4338,,,,,,,,,,,,,,,,,,,,Supply pressure; Margin below target,Supply pressure; Margin below target,"Review stock, replenishment, and supplier lead times immediately",2,1,35
1080,2021-09-01,10,Northern EU,2021-10-01,2,train,25769,train_period_model_in_sample,2,High Risk,2,High Risk,0.01779552511288231,0.022931192929948364,0.959273281957169,95.9273281957169,95.9,9.707388784221433,0.39,1,1,0,0,Medical,Monitoring Device,Monitoring Device Model 01,Mature,16.0,14701.65,1.0,0.094,,,0,0.0,False,232,0,5249.49,0.3570680841946312,0.1194029850746268,,0,0,0,0,10.0,,10.0,,-0.0329319158053688,0,2.0,,294.033,,,,,,,,,,,,,,,,,,,,Supply pressure,Supply pressure,"Review stock, replenishment, and supplier lead times immediately",1,1,36
1027,2021-08-01,7,Eastern EU,2021-09-01,2,train,8604,train_period_model_in_sample,2,High Risk,2,High Risk,0.01457105496180574,0.026161217272455725,0.9592677277657375,95.92677277657376,95.9,9.723483364019655,0.39,1,1,0,0,IT,Laptop Standard,Laptop Standard Model 08,Decline,52.0,29393.19,2.0,0.1025,,,0,0.0,False,202,0,-1820.3300000000015,-0.0619303314815439,0.287292817679558,,0,0,0,0,10.0,,10.0,,-0.3019303314815439,0,2.0,,587.8638,,,,,,,,,,,,,,,,,,,,Supply pressure; Margin below target,Supply pressure; Margin below target,"Review stock, replenishment, and supplier lead times immediately",2,1,37
1071,2022-03-01,10,Northern EU,2022-04-01,2,train,22901,train_period_model_in_sample,2,High Risk,2,High Risk,0.013548931137466753,0.027251389812746104,0.9591996790497869,95.91996790497869,95.9,9.728253739561598,0.39,1,1,0,0,Medical,Medical Sensor,Medical Sensor Model 12,Growth,119.0,16793.21,2.0,0.147,,,0,0.0,False,173,4,5312.089999999998,0.3163236808209984,0.7933333333333333,,0,0,0,0,10.0,,10.0,,-0.1336763191790016,0,2.0,,335.8642,,,,,,,,,,,,,,,,,,,,Supply pressure; Margin below target,Supply pressure; Margin below target,"Review stock, replenishment, and supplier lead times immediately",2,1,38
1008,2021-05-01,9,Western EU,2021-06-01,2,train,2693,train_period_model_in_sample,2,High Risk,2,High Risk,0.01602604519229153,0.02503827006227564,0.9589356847454319,95.89356847454319,95.9,9.714548197765698,0.39,1,1,0,0,IT,Laptop Pro,Laptop Pro Model 09,Mature,37.0,37929.9,2.0,0.069,,,0,0.0,False,269,1,12578.240000000002,0.3316180638493642,0.2868217054263566,,0,0,0,0,10.0,,10.0,,0.0416180638493642,0,2.0,,758.5980000000001,,,,,,,,,,,,,,,,,,,,Supply pressure,Supply pressure,"Review stock, replenishment, and supplier lead times immediately",1,1,39
1031,2021-06-01,9,Western EU,2021-07-01,2,train,9964,train_period_model_in_sample,2,High Risk,2,High Risk,0.01753030281975715,0.02353756381472935,0.9589321333655126,95.89321333655127,95.9,9.707009152728773,0.39,1,1,0,0,IT,Laptop Standard,Laptop Standard Model 12,Mature,38.0,20138.21,1.0,0.214,,,0,0.0,False,273,2,153.25,0.0076099117051614,1.0,,0,0,0,0,10.0,,10.0,,-0.2323900882948385,0,2.0,,402.7642,,,,,,,,,,,,,,,,,,,,Supply pressure; Margin below target,Supply pressure; Margin below target,"Review stock, replenishment, and supplier lead times immediately",2,1,40
1153,2021-09-01,8,Eastern EU,2021-10-01,2,train,48546,train_period_model_in_sample,2,High Risk,2,High Risk,0.01802670008668952,0.023211072327231463,0.9587622275860784,95.87622275860784,95.9,9.703677637496941,0.39,1,1,0,0,Services,Legacy Workstation,Legacy Workstation Model 14,Decline,10.0,6757.69,1.0,0.019,,,0,0.0,False,289,1,1164.4899999999989,0.1723207190622829,0.125,,0,0,0,0,10.0,,10.0,,-0.007679280937717,0,2.0,,135.1538,,,,,,,,,,,,,,,,,,,,Supply pressure,Supply pressure,"Review stock, replenishment, and supplier lead times immediately",1,1,41
1044,2021-10-01,7,Eastern EU,2021-11-01,2,train,14616,train_period_model_in_sample,2,High Risk,2,High Risk,0.01323199115638181,0.02832809687562978,0.9584399119679882,95.84399119679881,95.8,9.72603960405803,0.39,1,1,0,0,IT,Tablet Enterprise,Tablet Enterprise Model 05,Decline,111.0,34492.65,2.0,0.1795,,,0,0.0,False,238,2,4034.250000000004,0.1169597001100235,0.3603896103896103,,0,0,0,0,10.0,,10.0,,-0.1530402998899764,0,2.0,,689.8530000000001,,,,,,,,,,,,,,,,,,,,Supply pressure; Margin below target,Supply pressure; Margin below target,"Review stock, replenishment, and supplier lead times immediately",2,1,42
1153,2021-10-01,10,Northern EU,2021-11-01,2,train,48260,train_period_model_in_sample,2,High Risk,2,High Risk,0.01765784531707266,0.023958066787490993,0.9583840878954357,95.83840878954358,95.8,9.703631212891812,0.39,1,1,0,0,Services,Legacy Workstation,Legacy Workstation Model 14,Decline,14.0,8657.86,1.0,0.101,,,0,0.0,False,266,1,827.3800000000001,0.0955640308344094,0.1590909090909091,,0,0,0,0,10.0,,10.0,,-0.0844359691655905,0,2.0,,173.15720000000002,,,,,,,,,,,,,,,,,,,,Supply pressure,Supply pressure,"Review stock, replenishment, and supplier lead times immediately",1,1,43
1023,2022-03-01,10,Northern EU,2022-04-01,2,train,7325,train_period_model_in_sample,2,High Risk,2,High Risk,0.012586284499676054,0.029104157910769913,0.9583095575895537,95.83095575895537,95.8,9.728616365449387,0.39,1,1,0,0,IT,Laptop Standard,Laptop Standard Model 04,Mature,137.0,69369.51999999999,3.0,0.1046666666666666,,,0,0.0,False,196,0,8726.469999999994,0.1257968917760998,0.4675767918088737,,0,0,0,0,10.0,,10.0,,-0.1142031082239001,0,2.0,,1387.3903999999998,,,,,,,,,,,,,,,,,,,,Supply pressure; Margin below target,Supply pressure; Margin below target,"Review stock, replenishment, and supplier lead times immediately",2,1,44
1017,2021-04-01,7,Eastern EU,2021-05-01,2,train,5460,train_period_model_in_sample,2,High Risk,2,High Risk,0.018442872311216902,0.023322004086736823,0.9582351236020453,95.82351236020453,95.8,9.698961256454139,0.39,1,1,0,0,IT,Laptop Pro,Laptop Pro Model 18,Mature,25.0,25090.6,1.0,0.077,,,0,0.0,False,266,3,5486.349999999999,0.2186615704686216,0.1655629139072847,,0,0,0,0,10.0,,10.0,,-0.0713384295313783,0,2.0,,501.812,,,,,,,,,,,,,,,,,,,,Supply pressure,Supply pressure,"Review stock, replenishment, and supplier lead times immediately",1,1,45
1136,2021-08-01,9,Western EU,2021-09-01,2,train,42576,train_period_model_in_sample,2,High Risk,2,High Risk,0.013046677859728392,0.028845688657782118,0.9581076334824895,95.81076334824895,95.8,9.725304778113806,0.39,1,1,0,0,Accessories,Connectivity Module,Connectivity Module Model 17,Mature,115.0,7848.42,3.0,0.13175,,,0,0.0,False,231,3,1776.42,0.2263410979534734,0.558252427184466,,0,0,0,0,10.0,,10.0,,-0.0836589020465265,0,2.0,,156.9684,,,,,,,,,,,,,,,,,,,,Supply pressure,Supply pressure,"Review stock, replenishment, and supplier lead times immediately",1,1,46
1117,2021-06-01,9,Western EU,2021-07-01,2,train,36824,train_period_model_in_sample,2,High Risk,2,High Risk,0.016145895863518212,0.025828148041111446,0.9580259560953694,95.80259560953695,95.8,9.709400301159251,0.39,1,1,0,0,Accessories,Industrial Scanner,Industrial Scanner Model 18,Mature,35.0,44763.33,1.0,0.133,,,0,0.0,False,221,6,9365.730000000003,0.2092277317170104,0.5,,0,0,0,0,10.0,,10.0,,-0.1307722682829896,0,2.0,,895.2666,,,,,,,,,,,,,,,,,,,,Supply pressure; Margin below target,Supply pressure; Margin below target,"Review stock, replenishment, and supplier lead times immediately",2,1,47
1146,2021-07-01,4,Southern EU,2021-08-01,2,train,46110,train_period_model_in_sample,2,High Risk,2,High Risk,0.015188295520052065,0.026819131910696462,0.9579925725692504,95.79925725692505,95.8,9.714021385245987,0.39,1,1,0,0,Services,Legacy Workstation,Legacy Workstation Model 07,Decline,59.0,29576.7,1.0,0.101,,,0,0.0,False,236,1,-479.08000000000175,-0.016197885497706,0.8939393939393939,,0,0,0,0,10.0,,10.0,,-0.196197885497706,0,2.0,,591.534,,,,,,,,,,,,,,,,,,,,Supply pressure; Margin below target,Supply pressure; Margin below target,"Review stock, replenishment, and supplier lead times immediately",2,1,48
1144,2022-06-01,7,Eastern EU,2022-07-01,2,train,45424,train_period_model_in_sample,2,High Risk,2,High Risk,0.01508955815233595,0.02694024382325995,0.9579701980244039,95.79701980244039,95.8,9.714403199360339,0.39,1,1,0,0,Services,Legacy Workstation,Legacy Workstation Model 05,Decline,58.0,35698.47,1.0,0.208,,,0,0.0,False,244,0,-3449.209999999999,-0.096620667496394,0.3625,,0,0,0,0,10.0,,10.0,,-0.2766206674963941,0,2.0,,713.9694000000001,,,,,,,,,,,,,,,,,,,,Supply pressure; Margin below target,Supply pressure; Margin below target,"Review stock, replenishment, and supplier lead times immediately",2,1,49
1039,2021-05-01,7,Eastern EU,2021-06-01,2,train,12681,train_period_model_in_sample,2,High Risk,2,High Risk,0.015962133248594388,0.02615780011761581,0.957880066633789,95.7880066633789,95.8,9.70958966692597,0.39,1,1,0,0,IT,Laptop Standard,Laptop Standard Model 20,Mature,58.0,42851.92,1.0,0.128,,,0,0.0,False,281,1,6898.299999999996,0.1609799514234133,1.0,,0,0,0,0,10.0,,10.0,,-0.0790200485765866,0,2.0,,857.0383999999999,,,,,,,,,,,,,,,,,,,,Supply pressure,Supply pressure,"Review stock, replenishment, and supplier lead times immediately",1,1,50
1183,2021-04-01,9,Western EU,2021-05-01,2,train,57642,train_period_model_in_sample,2,High Risk,2,High Risk,0.017506543608338934,0.02468623076346511,0.9578072256281949,95.78072256281949,95.8,9.701503410099274,0.39,1,1,0,0,Services,Service Contract,Service Contract Model 04,Growth,25.0,6651.68,1.0,0.019,113.44,42.34,0,0.0,False,192,6,3753.43,0.5642830082024392,0.4545454545454545,,0,0,0,0,8.442,,31.8655,0.0,-0.0557169917975608,0,1.6884,0.0,112.30696512,,,,,,,,,,,,,,,,,,,,Supply pressure,Supply pressure,"Review stock, replenishment, and supplier lead times immediately",1,1,51
1122,2021-09-01,8,Eastern EU,2021-10-01,2,train,38716,train_period_model_in_sample,2,High Risk,2,High Risk,0.017421347461394645,0.024792304319104515,0.9577863482195006,95.77863482195006,95.8,9.701825003790528,0.39,1,1,0,0,Accessories,Connectivity Module,Connectivity Module Model 03,Mature,40.0,2891.19,1.0,0.125,,,0,0.0,False,231,0,984.7900000000002,0.3406175311895794,0.4210526315789473,,0,0,0,0,10.0,,10.0,,0.0306175311895794,0,2.0,,57.8238,,,,,,,,,,,,,,,,,,,,Supply pressure,Supply pressure,"Review stock, replenishment, and supplier lead times immediately",1,1,52
1077,2021-11-01,10,Northern EU,2021-12-01,2,train,24541,train_period_model_in_sample,2,High Risk,2,High Risk,0.01747541696522896,0.024759751098074503,0.9577648319366963,95.77648319366962,95.8,9.701447074857336,0.39,1,1,0,0,Medical,Medical Sensor,Medical Sensor Model 18,Mature,10.0,2230.25,1.0,0.07,,,0,0.0,False,238,6,743.05,0.3331689272503082,0.5,,0,0,0,0,10.0,,10.0,,-0.1168310727496917,0,2.0,,44.605,,,,,,,,,,,,,,,,,,,,Supply pressure; Margin below target,Supply pressure; Margin below target,"Review stock, replenishment, and supplier lead times immediately",2,1,53
1028,2021-03-01,6,Northern EU,2021-04-01,2,train,8968,train_period_model_in_sample,2,High Risk,2,High Risk,0.01572141836542329,0.02655239318690981,0.9577261884476669,95.77261884476668,95.8,9.710023850411218,0.39,1,1,0,0,IT,Laptop Standard,Laptop Standard Model 09,Mature,42.0,23283.97,2.0,0.025,,,0,0.0,False,240,3,3576.3100000000013,0.1535953705489227,0.2957746478873239,,0,0,0,0,10.0,,10.0,,-0.0864046294510772,0,2.0,,465.6794,,,,,,,,,,,,,,,,,,,,Supply pressure,Supply pressure,"Review stock, replenishment, and supplier lead times immediately",1,1,54
1159,2022-04-01,7,Eastern EU,2022-05-01,2,train,50492,train_period_model_in_sample,2,High Risk,2,High Risk,0.017592919960970968,0.024823991654183822,0.9575830883848453,95.75830883848452,95.8,9.699950842119373,0.39,1,1,0,0,Services,Legacy Workstation,Legacy Workstation Model 20,Decline,18.0,11476.36,1.0,0.089,,,0,0.0,False,178,0,768.3400000000001,0.0669497994137514,0.6,,0,0,0,0,10.0,,10.0,,-0.1130502005862485,0,2.0,,229.5272,,,,,,,,,,,,,,,,,,,,Supply pressure; Margin below target,Supply pressure; Margin below target,"Review stock, replenishment, and supplier lead times immediately",2,1,55
1023,2021-03-01,2,Western EU,2021-04-01,2,train,7354,train_period_model_in_sample,2,High Risk,2,High Risk,0.014205329461552873,0.02822577191710475,0.9575688986213418,95.75688986213417,95.8,9.716817845798941,0.39,1,1,0,0,IT,Laptop Standard,Laptop Standard Model 04,Mature,67.0,33994.84,2.0,0.0849999999999999,,,0,0.0,False,223,2,4337.289999999997,0.12758671610162,0.2875536480686695,,0,0,0,0,10.0,,10.0,,-0.1124132838983799,0,2.0,,679.8968,,,,,,,,,,,,,,,,,,,,Supply pressure; Margin below target,Supply pressure; Margin below target,"Review stock, replenishment, and supplier lead times immediately",2,1,56
1048,2021-09-01,4,Southern EU,2021-10-01,2,train,15412,train_period_model_in_sample,2,High Risk,2,High Risk,0.016322436958235917,0.026130653325401498,0.9575469097163624,95.75469097163624,95.8,9.70612236379063,0.39,1,1,0,0,IT,Tablet Enterprise,Tablet Enterprise Model 09,Decline,47.0,15177.6,1.0,0.134,,,0,0.0,False,228,3,1149.9800000000014,0.0757682374024879,0.415929203539823,,0,0,0,0,10.0,,10.0,,-0.194231762597512,0,2.0,,303.552,,,,,,,,,,,,,,,,,,,,Supply pressure; Margin below target,Supply pressure; Margin below target,"Review stock, replenishment, and supplier lead times immediately",2,1,57
1106,2021-03-01,7,Eastern EU,2021-04-01,2,train,33309,train_period_model_in_sample,2,High Risk,2,High Risk,0.018566810037371827,0.023960335956889556,0.9574728540057378,95.74728540057377,95.7,9.694530219841827,0.39,1,1,0,0,Accessories,Industrial Scanner,Industrial Scanner Model 07,Decline,11.0,13934.24,1.0,0.028,,,0,0.0,False,201,5,4026.98,0.2889988976793854,0.1358024691358024,,0,0,0,0,10.0,,10.0,,-0.0510011023206146,0,2.0,,278.6848,,,,,,,,,,,,,,,,,,,,Supply pressure,Supply pressure,"Review stock, replenishment, and supplier lead times immediately",1,1,58
1146,2021-04-01,6,Northern EU,2021-05-01,2,train,46189,train_period_model_in_sample,2,High Risk,2,High Risk,0.021314035975817474,0.02123771457142542,0.9574482494527567,95.74482494527568,95.7,9.680671067384694,0.39,1,1,0,0,Services,Legacy Workstation,Legacy Workstation Model 07,Decline,24.0,12461.85,1.0,0.126,,,0,0.0,False,253,2,235.77000000000044,0.018919341831269,0.3037974683544304,,0,0,0,0,10.0,,10.0,,-0.1610806581687309,0,2.0,,249.237,,,,,,,,,,,,,,,,,,,,Supply pressure; Margin below target,Supply pressure; Margin below target,"Review stock, replenishment, and supplier lead times immediately",2,1,59
1196,2021-09-01,8,Eastern EU,2021-10-01,2,train,62216,train_period_model_in_sample,2,High Risk,2,High Risk,0.014800749486573382,0.027755706553437978,0.957443543959988,95.7443543959988,95.7,9.71321397236707,0.39,1,1,0,0,Services,Service Contract,Service Contract Model 17,Mature,69.0,15471.92,1.0,0.125,112.35,64.91,0,0.0,False,202,9,8816.18,0.5698180962673023,1.0,,0,0,0,0,8.270000000000001,,28.2745,0.0,-0.0501819037326977,0,1.6540000000000004,0.0,255.90555680000008,,,,,,,,,,,,,,,,,,,,Supply pressure,Supply pressure,"Review stock, replenishment, and supplier lead times immediately",1,1,60
1051,2021-03-01,1,Western EU,2021-04-01,2,train,16112,train_period_model_in_sample,2,High Risk,2,High Risk,0.017156590685065195,0.025476406109689095,0.9573670032052456,95.73670032052456,95.7,9.701052062600903,0.39,1,1,0,0,IT,Tablet Enterprise,Tablet Enterprise Model 12,Mature,28.0,10483.3,1.0,0.091,,,0,0.0,False,270,6,2355.46,0.2246868829471636,1.0,,0,0,0,0,10.0,,10.0,,-0.0453131170528364,0,2.0,,209.666,,,,,,,,,,,,,,,,,,,,Supply pressure,Supply pressure,"Review stock, replenishment, and supplier lead times immediately",1,1,61
1138,2021-04-01,7,Eastern EU,2021-05-01,2,train,43310,train_period_model_in_sample,2,High Risk,2,High Risk,0.018714833750472587,0.023927576141075154,0.9573575901084517,95.73575901084517,95.7,9.693213781789893,0.39,1,1,0,0,Accessories,Connectivity Module,Connectivity Module Model 19,Growth,41.0,2500.73,1.0,0.102,,,0,0.0,False,186,0,554.8699999999999,0.2218832101026499,0.2611464968152866,,0,0,0,0,10.0,,10.0,,-0.08811678989735,0,2.0,,50.0146,,,,,,,,,,,,,,,,,,,,Supply pressure,Supply pressure,"Review stock, replenishment, and supplier lead times immediately",1,1,62
1140,2021-10-01,10,Northern EU,2021-11-01,2,train,43770,train_period_model_in_sample,2,High Risk,2,High Risk,0.01774148215303687,0.0249172308648337,0.9573412869821288,95.73412869821288,95.7,9.697999024145457,0.39,1,1,0,0,Services,Legacy Workstation,Legacy Workstation Model 01,Decline,15.0,10556.6,1.0,0.116,,,0,0.0,False,196,0,247.8500000000004,0.0234782032093666,0.1704545454545454,,0,0,0,0,10.0,,10.0,,-0.1565217967906333,0,2.0,,211.132,,,,,,,,,,,,,,,,,,,,Supply pressure; Margin below target,Supply pressure; Margin below target,"Review stock, replenishment, and supplier lead times immediately",2,1,63
1042,2021-05-01,4,Southern EU,2021-06-01,2,train,13668,train_period_model_in_sample,2,High Risk,2,High Risk,0.01671023696719703,0.02598120729108884,0.9573085557417138,95.73085557417139,95.7,9.702991593872582,0.39,1,1,0,0,IT,Tablet Enterprise,Tablet Enterprise Model 03,Decline,24.0,9607.17,1.0,0.06,,,0,0.0,False,204,1,1885.65,0.1962752818988317,0.2891566265060241,,0,0,0,0,10.0,,10.0,,-0.0737247181011682,0,2.0,,192.1434,,,,,,,,,,,,,,,,,,,,Supply pressure,Supply pressure,"Review stock, replenishment, and supplier lead times immediately",1,1,64
1043,2021-12-01,8,Eastern EU,2022-01-01,2,train,14249,train_period_model_in_sample,2,High Risk,2,High Risk,0.016737292124865036,0.025987188694234966,0.9572755191808996,95.72755191808996,95.7,9.70269113528017,0.39,1,1,0,0,IT,Tablet Enterprise,Tablet Enterprise Model 04,Decline,36.0,12707.81,1.0,0.177,,,0,0.0,False,245,1,775.25,0.0610057909269968,0.23841059602649,,0,0,0,0,10.0,,10.0,,-0.2089942090730031,0,2.0,,254.1562,,,,,,,,,,,,,,,,,,,,Supply pressure; Margin below target,Supply pressure; Margin below target,"Review stock, replenishment, and supplier lead times immediately",2,1,65
1155,2022-06-01,8,Eastern EU,2022-07-01,2,train,49375,train_period_model_in_sample,2,High Risk,2,High Risk,0.01628812546793202,0.026460391378219393,0.9572514831538479,95.72514831538479,95.7,9.704816788429575,0.39,1,1,0,0,Services,Legacy Workstation,Legacy Workstation Model 16,Decline,36.0,20127.71,1.0,0.144,,,0,0.0,False,223,1,18.109999999996944,0.0008997546168936,0.3,,0,0,0,0,10.0,,10.0,,-0.1791002453831063,0,2.0,,402.5542,,,,,,,,,,,,,,,,,,,,Supply pressure; Margin below target,Supply pressure; Margin below target,"Review stock, replenishment, and supplier lead times immediately",2,1,66
1183,2021-07-01,7,Eastern EU,2021-08-01,2,train,57563,train_period_model_in_sample,2,High Risk,2,High Risk,0.01615891415677114,0.026694387254391785,0.9571466985888362,95.71466985888361,95.7,9.704938922160322,0.39,1,1,0,0,Services,Service Contract,Service Contract Model 04,Growth,53.0,13037.32,1.0,0.112,104.71,58.66,0,0.0,False,227,7,6893.03,0.5287152574302081,0.4953271028037383,,0,0,0,0,8.442,,4.32,0.0,-0.0912847425697919,0,1.6884,0.0,220.12211088,,,,,,,,,,,,,,,,,,,,Supply pressure,Supply pressure,"Review stock, replenishment, and supplier lead times immediately",1,1,67
1151,2022-09-01,9,Western EU,2022-10-01,2,train,48019,train_period_model_in_sample,2,High Risk,2,High Risk,0.01377743225190092,0.029123044152785084,0.9570995235953133,95.70995235953133,95.7,9.716610456717058,0.39,1,1,0,0,Services,Legacy Workstation,Legacy Workstation Model 12,Decline,65.0,35673.48,2.0,0.1085,,,0,0.0,False,210,3,2004.1300000000049,0.0561798288252226,0.26,,0,0,0,0,10.0,,10.0,,-0.1238201711747773,0,2.0,,713.4696,,,,,,,,,,,,,,,,,,,,Supply pressure; Margin below target,Supply pressure; Margin below target,"Review stock, replenishment, and supplier lead times immediately",2,1,68
1138,2021-06-01,4,Southern EU,2021-07-01,2,train,43189,train_period_model_in_sample,2,High Risk,2,High Risk,0.015468025891409798,0.027549585731691174,0.9569823883768988,95.69823883768987,95.7,9.707571812427444,0.39,1,1,0,0,Accessories,Connectivity Module,Connectivity Module Model 19,Growth,76.0,4605.85,2.0,0.0839999999999999,,,0,0.0,False,143,1,998.8900000000004,0.2168741926028855,0.562962962962963,,0,0,0,0,10.0,,10.0,,-0.0931258073971144,0,2.0,,92.117,,,,,,,,,,,,,,,,,,,,Supply pressure,Supply pressure,"Review stock, replenishment, and supplier lead times immediately",1,1,69
1142,2021-07-01,5,Northern EU,2021-08-01,2,train,44511,train_period_model_in_sample,2,High Risk,2,High Risk,0.011479885468798355,0.031662713827886615,0.9568574007033145,95.68574007033145,95.7,9.72688757617258,0.39,1,1,0,0,Services,Legacy Workstation,Legacy Workstation Model 03,Decline,127.0,69803.51,2.0,0.159,,,0,0.0,False,269,2,-6731.770000000004,-0.0964388466998293,0.9338235294117648,,0,0,0,0,10.0,,10.0,,-0.2764388466998293,0,2.0,,1396.0702,,,,,,,,,,,,,,,,,,,,Supply pressure; Margin below target,Supply pressure; Margin below target,"Review stock, replenishment, and supplier lead times immediately",2,1,70
1095,2021-10-01,10,Northern EU,2021-11-01,2,train,29520,train_period_model_in_sample,2,High Risk,2,High Risk,0.0158205911030224,0.027325435198503913,0.9568539736984725,95.68539736984725,95.7,9.705166912977244,0.39,1,1,0,0,Medical,Monitoring Device,Monitoring Device Model 16,Decline,26.0,18210.15,1.0,0.102,,,0,0.0,False,221,7,5339.370000000003,0.2932084579204456,0.4,,0,0,0,0,10.0,,10.0,,-0.0967915420795544,0,2.0,,364.203,,,,,,,,,,,,,,,,,,,,Supply pressure,Supply pressure,"Review stock, replenishment, and supplier lead times immediately",1,1,71
1145,2021-06-01,7,Eastern EU,2021-07-01,2,train,45822,train_period_model_in_sample,2,High Risk,2,High Risk,0.012319479220578924,0.03086349382368766,0.9568170269557333,95.68170269557334,95.7,9.722487738675772,0.39,1,1,0,0,Services,Legacy Workstation,Legacy Workstation Model 06,Mature,102.0,70471.3,2.0,0.145,,,0,0.0,False,249,0,4345.720000000001,0.0616665223998989,0.5964912280701754,,0,0,0,0,10.0,,10.0,,-0.118333477600101,0,2.0,,1409.4260000000002,,,,,,,,,,,,,,,,,,,,Supply pressure; Margin below target,Supply pressure; Margin below target,"Review stock, replenishment, and supplier lead times immediately",2,1,72
1155,2021-09-01,3,Southern EU,2021-10-01,2,train,49161,train_period_model_in_sample,2,High Risk,2,High Risk,0.011668484840879272,0.0315163380185991,0.9568151771405214,95.68151771405215,95.7,9.725733461498208,0.39,1,1,0,0,Services,Legacy Workstation,Legacy Workstation Model 16,Decline,240.0,116583.18,2.0,0.2334999999999999,,,0,0.0,False,240,2,-17480.820000000007,-0.1499428991386236,0.7079646017699115,,0,0,0,0,10.0,,10.0,,-0.3299428991386236,0,2.0,,2331.6636,,,,,,,,,,,,,,,,,,,,Supply pressure; Margin below target,Supply pressure; Margin below target,"Review stock, replenishment, and supplier lead times immediately",2,1,73
1024,2021-05-01,2,Western EU,2021-06-01,2,train,7766,train_period_model_in_sample,2,High Risk,2,High Risk,0.014014232290897632,0.02917589242808647,0.9568098752810151,95.68098752810151,95.7,9.713978214950583,0.39,1,1,0,0,IT,Laptop Standard,Laptop Standard Model 05,Growth,144.0,61396.56,2.0,0.1995,,,0,0.0,False,220,2,2883.5999999999985,0.0469668007458398,0.4186046511627907,,0,0,0,0,10.0,,10.0,,-0.1930331992541601,0,2.0,,1227.9312,,,,,,,,,,,,,,,,,,,,Supply pressure; Margin below target,Supply pressure; Margin below target,"Review stock, replenishment, and supplier lead times immediately",2,1,74
1140,2021-06-01,4,Southern EU,2021-07-01,2,train,43889,train_period_model_in_sample,2,High Risk,2,High Risk,0.016792815310534653,0.026540699395665005,0.9566664852937999,95.66664852938,95.7,9.699368349916323,0.39,1,1,0,0,Services,Legacy Workstation,Legacy Workstation Model 01,Decline,36.0,26657.13,1.0,0.108,,,0,0.0,False,239,3,1916.130000000001,0.0718805812928849,0.8780487804878049,,0,0,0,0,10.0,,10.0,,-0.108119418707115,0,2.0,,533.1426,,,,,,,,,,,,,,,,,,,,Supply pressure; Margin below target,Supply pressure; Margin below target,"Review stock, replenishment, and supplier lead times immediately",2,1,75
1020,2022-06-01,8,Eastern EU,2022-07-01,2,train,6397,train_period_model_in_sample,2,High Risk,2,High Risk,0.01255278524763122,0.03078603249838385,0.9566611822539839,95.66611822539839,95.7,9.720541985031758,0.39,1,1,0,0,IT,Laptop Standard,Laptop Standard Model 01,Growth,171.0,109619.86,3.0,0.1176666666666666,,,0,0.0,False,241,2,19160.86,0.1747936915810693,0.4672131147540984,,0,0,0,0,10.0,,10.0,,-0.0652063084189306,0,2.0,,2192.3972,,,,,,,,,,,,,,,,,,,,Supply pressure,Supply pressure,"Review stock, replenishment, and supplier lead times immediately",1,1,76
1043,2021-05-01,1,Western EU,2021-06-01,2,train,13914,train_period_model_in_sample,2,High Risk,2,High Risk,0.01337803873287021,0.02997309257510682,0.9566488686920224,95.66488686920223,95.7,9.716354149795757,0.39,1,1,0,0,IT,Tablet Enterprise,Tablet Enterprise Model 04,Decline,111.0,41963.8,2.0,0.092,,,0,0.0,False,232,3,5171.740000000005,0.1232428903006878,0.3008130081300813,,0,0,0,0,10.0,,10.0,,-0.1467571096993121,0,2.0,,839.2760000000001,,,,,,,,,,,,,,,,,,,,Supply pressure; Margin below target,Supply pressure; Margin below target,"Review stock, replenishment, and supplier lead times immediately",2,1,77
1054,2021-04-01,8,Eastern EU,2021-05-01,2,train,17671,train_period_model_in_sample,2,High Risk,2,High Risk,0.018130516029918557,0.025226637519272975,0.956642846450808,95.6642846450808,95.7,9.692561652104445,0.39,1,1,0,0,IT,Tablet Enterprise,Tablet Enterprise Model 15,Growth,44.0,16567.99,1.0,0.126,,,0,0.0,True,1615,19,1856.1500000000012,0.1120322984260614,0.4888888888888889,,0,0,0,0,10.0,,10.0,,-0.1579677015739386,0,2.0,,331.3598,,,,,,,,,,,,,,,,,,,,Supply pressure; Margin below target,Supply pressure; Margin below target,"Review stock, replenishment, and supplier lead times immediately",2,1,78
1124,2021-04-01,8,Eastern EU,2021-05-01,2,train,39531,train_period_model_in_sample,2,High Risk,2,High Risk,0.0210429985817451,0.022410256464616893,0.9565467449536377,95.65467449536376,95.7,9.677518731859461,0.39,1,1,0,0,Accessories,Connectivity Module,Connectivity Module Model 05,Mature,20.0,1345.12,1.0,0.146,,,0,0.0,False,207,1,341.92,0.254192934459379,0.1169590643274853,,0,0,0,0,10.0,,10.0,,-0.0558070655406209,0,2.0,,26.9024,,,,,,,,,,,,,,,,,,,,Supply pressure,Supply pressure,"Review stock, replenishment, and supplier lead times immediately",1,1,79
1154,2021-05-01,6,Northern EU,2021-06-01,2,train,48870,train_period_model_in_sample,2,High Risk,2,High Risk,0.01926332690876809,0.02427383884907417,0.9564628342421574,95.64628342421574,95.6,9.685997536666946,0.39,1,1,0,0,Services,Legacy Workstation,Legacy Workstation Model 15,Decline,21.0,15521.85,1.0,0.101,,,0,0.0,False,258,0,422.0100000000002,0.0271881251268373,0.1363636363636363,,0,0,0,0,10.0,,10.0,,-0.1528118748731626,0,2.0,,310.437,,,,,,,,,,,,,,,,,,,,Supply pressure; Margin below target,Supply pressure; Margin below target,"Review stock, replenishment, and supplier lead times immediately",2,1,80
1048,2021-05-01,7,Eastern EU,2021-06-01,2,train,15531,train_period_model_in_sample,2,High Risk,2,High Risk,0.015387824702573548,0.028175105964800707,0.956437069332625,95.6437069332625,95.6,9.705246223150253,0.39,1,1,0,0,IT,Tablet Enterprise,Tablet Enterprise Model 09,Decline,60.0,19645.08,1.0,0.137,,,0,0.0,False,288,2,1737.4800000000032,0.0884435186825405,0.3314917127071823,,0,0,0,0,10.0,,10.0,,-0.1815564813174595,0,2.0,,392.9016,,,,,,,,,,,,,,,,,,,,Supply pressure; Margin below target,Supply pressure; Margin below target,"Review stock, replenishment, and supplier lead times immediately",2,1,81
1146,2021-03-01,3,Southern EU,2021-04-01,2,train,46065,train_period_model_in_sample,2,High Risk,2,High Risk,0.015222325639931427,0.028386626612148226,0.9563910477479196,95.63910477479196,95.6,9.705843610539937,0.39,1,1,0,0,Services,Legacy Workstation,Legacy Workstation Model 07,Decline,68.0,33285.83,1.0,0.158,,,0,0.0,False,234,0,-1354.729999999996,-0.0406999014295271,0.3238095238095238,,0,0,0,0,10.0,,10.0,,-0.220699901429527,0,2.0,,665.7166000000001,,,,,,,,,,,,,,,,,,,,Supply pressure; Margin below target,Supply pressure; Margin below target,"Review stock, replenishment, and supplier lead times immediately",2,1,82
1040,2021-05-01,8,Eastern EU,2021-06-01,2,train,13132,train_period_model_in_sample,2,High Risk,2,High Risk,0.015607070990305824,0.02809097008418175,0.9563019589255112,95.63019589255111,95.6,9.70347443967602,0.39,1,1,0,0,IT,Tablet Enterprise,Tablet Enterprise Model 01,Decline,66.0,19114.95,1.0,0.148,,,0,0.0,False,272,6,1692.2700000000004,0.0885312281748056,0.3419689119170984,,0,0,0,0,10.0,,10.0,,-0.1814687718251944,0,2.0,,382.299,,,,,,,,,,,,,,,,,,,,Supply pressure; Margin below target,Supply pressure; Margin below target,"Review stock, replenishment, and supplier lead times immediately",2,1,83
1136,2021-03-01,1,Western EU,2021-04-01,2,train,42202,train_period_model_in_sample,2,High Risk,2,High Risk,0.015463400871467107,0.02826445436169703,0.956272144766836,95.62721447668359,95.6,9.704043719476845,0.39,1,1,0,0,Accessories,Connectivity Module,Connectivity Module Model 17,Mature,136.0,8636.57,3.0,0.1236666666666666,,,0,0.0,False,217,2,1455.7700000000004,0.1685588144367498,0.3028953229398664,,0,0,0,0,10.0,,10.0,,-0.1414411855632501,0,2.0,,172.7314,,,,,,,,,,,,,,,,,,,,Supply pressure; Margin below target,Supply pressure; Margin below target,"Review stock, replenishment, and supplier lead times immediately",2,1,84
1102,2021-06-01,2,Western EU,2021-07-01,2,train,31707,train_period_model_in_sample,2,High Risk,2,High Risk,0.016738150467153157,0.027007308373148527,0.9562545411596981,95.62545411596982,95.6,9.697581953462723,0.39,1,1,0,0,Accessories,Industrial Scanner,Industrial Scanner Model 03,Decline,18.0,22832.15,1.0,0.168,,,0,0.0,False,321,9,3080.390000000003,0.1349145831645291,1.0,,0,0,0,0,10.0,,10.0,,-0.2050854168354709,0,2.0,,456.643,,,,,,,,,,,,,,,,,,,,Supply pressure; Margin below target,Supply pressure; Margin below target,"Review stock, replenishment, and supplier lead times immediately",2,1,85
1037,2021-03-01,7,Eastern EU,2021-04-01,2,train,11859,train_period_model_in_sample,2,High Risk,2,High Risk,0.018031897835898456,0.025728543084451515,0.9562395590796495,95.62395590796496,95.6,9.691038306218752,0.39,1,1,0,0,IT,Laptop Standard,Laptop Standard Model 18,Growth,42.0,28450.02,1.0,0.128,,,0,0.0,False,229,1,5221.920000000002,0.1835471468912852,0.3414634146341463,,0,0,0,0,10.0,,10.0,,-0.0564528531087147,0,2.0,,569.0004,,,,,,,,,,,,,,,,,,,,Supply pressure,Supply pressure,"Review stock, replenishment, and supplier lead times immediately",1,1,86
1061,2022-04-01,7,Eastern EU,2022-05-01,2,train,19696,train_period_model_in_sample,2,High Risk,2,High Risk,0.019920338120736986,0.023852541547302864,0.95622712033196,95.622712033196,95.6,9.681533911056114,0.39,1,1,0,0,Medical,Medical Sensor,Medical Sensor Model 02,Mature,23.0,5286.48,1.0,0.117,,,0,0.0,False,206,7,1886.8499999999997,0.3569199164661551,0.1666666666666666,,0,0,0,0,10.0,,10.0,,-0.0930800835338448,0,2.0,,105.7296,,,,,,,,,,,,,,,,,,,,Supply pressure,Supply pressure,"Review stock, replenishment, and supplier lead times immediately",1,1,87
1056,2022-04-01,10,Northern EU,2022-05-01,2,train,18216,train_period_model_in_sample,2,High Risk,2,High Risk,0.01760263861336726,0.026256049930017216,0.9561413114566151,95.6141311456615,95.6,9.692693364216236,0.39,1,1,0,0,IT,Tablet Enterprise,Tablet Enterprise Model 17,Decline,37.0,12569.21,1.0,0.115,,,0,0.0,False,243,1,2062.319999999998,0.1640771377039605,0.2242424242424242,,0,0,0,0,10.0,,10.0,,-0.1059228622960394,0,2.0,,251.3842,,,,,,,,,,,,,,,,,,,,Supply pressure; Margin below target,Supply pressure; Margin below target,"Review stock, replenishment, and supplier lead times immediately",2,1,88
1151,2023-05-01,7,Eastern EU,2023-06-01,2,train,47969,train_period_model_in_sample,2,High Risk,2,High Risk,0.014443430981948726,0.02946686685314072,0.9560897021649097,95.60897021649097,95.6,9.708231355914801,0.39,1,1,0,0,Services,Legacy Workstation,Legacy Workstation Model 12,Decline,63.0,32465.26,2.0,0.141,,,0,0.0,False,198,2,-168.11000000000058,-0.0051781504291048,0.2150170648464164,,0,0,0,0,10.0,,10.0,,-0.1851781504291048,0,2.0,,649.3052,,,,,,,,,,,,,,,,,,,,Supply pressure; Margin below target,Supply pressure; Margin below target,"Review stock, replenishment, and supplier lead times immediately",2,1,89
1136,2021-12-01,10,Northern EU,2022-01-01,2,train,42252,train_period_model_in_sample,2,High Risk,2,High Risk,0.020159102993429993,0.02384407750590787,0.9559968195006621,95.59968195006621,95.6,9.67918858253616,0.39,1,1,0,0,Accessories,Connectivity Module,Connectivity Module Model 17,Mature,18.0,1251.64,1.0,0.115,,,0,0.0,False,229,1,301.2400000000001,0.2406762327825893,0.1855670103092783,,0,0,0,0,10.0,,10.0,,-0.0693237672174106,0,2.0,,25.0328,,,,,,,,,,,,,,,,,,,,Supply pressure,Supply pressure,"Review stock, replenishment, and supplier lead times immediately",1,1,90
1077,2021-12-01,4,Southern EU,2022-01-01,2,train,24665,train_period_model_in_sample,2,High Risk,2,High Risk,0.01294083736063517,0.031086309700619975,0.9559728529387449,95.59728529387449,95.6,9.715160077890548,0.39,1,1,0,0,Medical,Medical Sensor,Medical Sensor Model 18,Mature,320.0,61259.3,5.0,0.1708,,,0,0.0,False,226,5,13668.9,0.2231318346765307,0.7322654462242563,,0,0,0,0,10.0,,10.0,,-0.2268681653234692,0,2.0,,1225.186,,,,,,,,,,,,,,,,,,,,Supply pressure; Margin below target,Supply pressure; Margin below target,"Review stock, replenishment, and supplier lead times immediately",2,1,91
1062,2021-08-01,9,Western EU,2021-09-01,2,train,20156,train_period_model_in_sample,2,High Risk,2,High Risk,0.018415792078568312,0.02564697456599826,0.9559372333554328,95.59372333554327,95.6,9.68760720638432,0.39,1,1,0,0,Medical,Medical Sensor,Medical Sensor Model 03,Mature,5.0,850.75,1.0,0.044,,,0,0.0,False,241,5,285.25,0.335292389068469,0.3846153846153846,,0,0,0,0,10.0,,10.0,,-0.114707610931531,0,2.0,,17.015,,,,,,,,,,,,,,,,,,,,Supply pressure; Margin below target,Supply pressure; Margin below target,"Review stock, replenishment, and supplier lead times immediately",2,1,92
1022,2023-05-01,7,Eastern EU,2023-06-01,2,train,7175,train_period_model_in_sample,2,High Risk,2,High Risk,0.015059265958584988,0.029069897617593647,0.9558708364238213,95.58708364238213,95.6,9.704057852326182,0.39,1,1,0,0,IT,Laptop Standard,Laptop Standard Model 03,Mature,118.0,76947.31,3.0,0.0989999999999999,,,0,0.0,False,244,3,18663.57,0.2425499994736658,0.4469696969696969,,0,0,0,0,10.0,,10.0,,0.0025499994736658,0,2.0,,1538.9462,,,,,,,,,,,,,,,,,,,,Supply pressure,Supply pressure,"Review stock, replenishment, and supplier lead times immediately",1,1,93
1036,2021-05-01,9,Western EU,2021-06-01,2,train,11533,train_period_model_in_sample,2,High Risk,2,High Risk,0.020505605534471425,0.023624740913972014,0.9558696535515557,95.58696535515557,95.6,9.676820240085418,0.39,1,1,0,0,IT,Laptop Standard,Laptop Standard Model 17,Mature,12.0,5499.15,1.0,0.098,,,0,0.0,False,234,1,398.79,0.0725184801287471,0.2264150943396226,,0,0,0,0,10.0,,10.0,,-0.1674815198712528,0,2.0,,109.983,,,,,,,,,,,,,,,,,,,,Supply pressure; Margin below target,Supply pressure; Margin below target,"Review stock, replenishment, and supplier lead times immediately",2,1,94
1119,2021-05-01,9,Western EU,2021-06-01,2,train,37643,train_period_model_in_sample,2,High Risk,2,High Risk,0.013324392432452656,0.03082289545501332,0.9558527121125328,95.58527121125327,95.6,9.712641598400396,0.39,1,1,0,0,Accessories,Industrial Scanner,Industrial Scanner Model 20,Growth,77.0,101302.91,2.0,0.1095,,,0,0.0,False,264,4,41309.9,0.4077859165151327,1.0,,0,0,0,0,10.0,,10.0,,0.0677859165151326,0,2.0,,2026.0582,,,,,,,,,,,,,,,,,,,,Supply pressure,Supply pressure,"Review stock, replenishment, and supplier lead times immediately",1,1,95
1190,2021-03-01,2,Western EU,2021-04-01,2,train,60224,train_period_model_in_sample,2,High Risk,2,High Risk,0.017383975063413475,0.026797590287989042,0.9558184346485971,95.5818434648597,95.6,9.692172297925916,0.39,1,1,0,0,Services,Service Contract,Service Contract Model 11,Growth,104.0,13740.2,2.0,0.2145,104.47,67.35,0,0.0,False,179,5,7992.120000000001,0.5816596556090887,0.9454545454545454,,0,0,0,0,7.79,,24.5995,0.0,-0.0383403443909112,0,1.558,0.0,214.07231600000003,,,,,,,,,,,,,,,,,,,,Supply pressure,Supply pressure,"Review stock, replenishment, and supplier lead times immediately",1,1,96
1159,2021-05-01,3,Southern EU,2021-06-01,2,train,50317,train_period_model_in_sample,2,High Risk,2,High Risk,0.022874648484958064,0.02133021172532143,0.9557951397897202,95.57951397897202,95.6,9.66460245652381,0.39,1,1,0,0,Services,Legacy Workstation,Legacy Workstation Model 20,Decline,12.0,7608.78,1.0,0.028,,,0,0.0,False,239,4,470.09999999999945,0.061783886510058,0.1276595744680851,,0,0,0,0,10.0,,10.0,,-0.1182161134899419,0,2.0,,152.1756,,,,,,,,,,,,,,,,,,,,Supply pressure; Margin below target,Supply pressure; Margin below target,"Review stock, replenishment, and supplier lead times immediately",2,1,97
1022,2021-11-01,9,Western EU,2021-12-01,2,train,7239,train_period_model_in_sample,2,High Risk,2,High Risk,0.018705183789105607,0.02552736904075103,0.9557674471701428,95.57674471701428,95.6,9.685311316905183,0.39,1,1,0,0,IT,Laptop Standard,Laptop Standard Model 03,Mature,27.0,16872.02,1.0,0.101,,,0,0.0,False,307,4,3535.91,0.2095724163437454,0.1812080536912751,,0,0,0,0,10.0,,10.0,,-0.0304275836562545,0,2.0,,337.4404,,,,,,,,,,,,,,,,,,,,Supply pressure,Supply pressure,"Review stock, replenishment, and supplier lead times immediately",1,1,98
1106,2021-05-01,4,Southern EU,2021-06-01,2,train,33188,train_period_model_in_sample,2,High Risk,2,High Risk,0.01637759520721569,0.027972820836667262,0.9556495839561162,95.56495839561163,95.6,9.696359943744499,0.39,1,1,0,0,Accessories,Industrial Scanner,Industrial Scanner Model 07,Decline,53.0,53106.78,1.0,0.152,,,0,0.0,False,305,9,5371.800000000003,0.1011509264918717,0.8548387096774194,,0,0,0,0,10.0,,10.0,,-0.2388490735081283,0,2.0,,1062.1356,,,,,,,,,,,,,,,,,,,,Supply pressure; Margin below target,Supply pressure; Margin below target,"Review stock, replenishment, and supplier lead times immediately",2,1,99
1112,2021-05-01,1,Western EU,2021-06-01,2,train,34884,train_period_model_in_sample,2,High Risk,2,High Risk,0.018303478035982774,0.026155106765493166,0.9555414151985235,95.55414151985235,95.6,9.686189685812701,0.39,1,1,0,0,Accessories,Industrial Scanner,Industrial Scanner Model 13,Decline,24.0,24499.14,1.0,0.104,,,0,0.0,False,306,4,4484.579999999998,0.1830505070790239,0.4363636363636363,,0,0,0,0,10.0,,10.0,,-0.1569494929209761,0,2.0,,489.9828,,,,,,,,,,,,,,,,,,,,Supply pressure; Margin below target,Supply pressure; Margin below target,"Review stock, replenishment, and supplier lead times immediately",2,1,100
1143,2022-06-01,10,Northern EU,2022-07-01,2,train,44768,train_period_model_in_sample,2,High Risk,2,High Risk,0.015491203730591997,0.029004927012106788,0.9555038692573008,95.55038692573008,95.6,9.700063327633542,0.39,1,1,0,0,Services,Legacy Workstation,Legacy Workstation Model 04,Decline,60.0,30663.83,1.0,0.21,,,0,0.0,False,153,1,-6599.169999999998,-0.215210233033512,0.3174603174603174,,0,0,0,0,10.0,,10.0,,-0.395210233033512,0,2.0,,613.2766,,,,,,,,,,,,,,,,,,,,Supply pressure; Margin below target,Supply pressure; Margin below target,"Review stock, replenishment, and supplier lead times immediately",2,1,101
1027,2021-09-01,9,Western EU,2021-10-01,2,train,8687,train_period_model_in_sample,2,High Risk,2,High Risk,0.019112455742891957,0.025395799675288273,0.9554917445818196,95.54917445818197,95.5,9.681896444194638,0.39,1,1,0,0,IT,Laptop Standard,Laptop Standard Model 08,Decline,12.0,7335.45,1.0,0.025,,,0,0.0,False,256,2,132.32999999999993,0.0180397930597304,0.24,,0,0,0,0,10.0,,10.0,,-0.2219602069402695,0,2.0,,146.709,,,,,,,,,,,,,,,,,,,,Supply pressure; Margin below target,Supply pressure; Margin below target,"Review stock, replenishment, and supplier lead times immediately",2,1,102
1069,2021-05-01,8,Eastern EU,2021-06-01,2,train,22382,train_period_model_in_sample,2,High Risk,2,High Risk,0.018876822797801916,0.025729427174236194,0.9553937500279613,95.53937500279613,95.5,9.682584636150795,0.39,1,1,0,0,Medical,Medical Sensor,Medical Sensor Model 10,Mature,17.0,2823.04,1.0,0.044,,,0,0.0,False,179,4,1029.54,0.364691963273634,0.7391304347826086,,0,0,0,0,10.0,,10.0,,-0.0853080367263659,0,2.0,,56.4608,,,,,,,,,,,,,,,,,,,,Supply pressure,Supply pressure,"Review stock, replenishment, and supplier lead times immediately",1,1,103
1187,2021-06-01,8,Eastern EU,2021-07-01,2,train,59243,train_period_model_in_sample,2,High Risk,2,High Risk,0.020968519951804914,0.02364298428341965,0.9553884957647754,95.53884957647753,95.5,9.672099879064852,0.39,1,1,0,0,Services,Service Contract,Service Contract Model 08,Mature,49.0,12181.94,1.0,0.149,107.48,62.53,0,0.0,False,168,6,6371.52,0.5230299935806613,0.2752808988764045,,0,0,0,0,8.081999999999999,,4.5495,0.0,-0.0969700064193387,0,1.6163999999999998,0.0,196.90887816,,,,,,,,,,,,,,,,,,,,Supply pressure,Supply pressure,"Review stock, replenishment, and supplier lead times immediately",1,1,104
1183,2021-06-01,10,Northern EU,2021-07-01,2,train,57316,train_period_model_in_sample,2,High Risk,2,High Risk,0.01726885310919263,0.0273565985805145,0.9553745483102919,95.5374548310292,95.5,9.690528476005491,0.39,1,1,0,0,Services,Service Contract,Service Contract Model 04,Growth,36.0,9892.52,1.0,0.087,101.63,54.44,0,0.0,True,706,24,5719.04,0.5781176080513357,0.2857142857142857,,0,0,0,0,8.016,,25.976,0.0,-0.0418823919486642,0,1.6032000000000002,0.0,158.59688064000002,,,,,,,,,,,,,,,,,,,,Supply pressure,Supply pressure,"Review stock, replenishment, and supplier lead times immediately",1,1,105
1118,2021-06-01,9,Western EU,2021-07-01,2,train,37234,train_period_model_in_sample,2,High Risk,2,High Risk,0.019006205194665834,0.025659758329828142,0.9553340364755052,95.53340364755051,95.5,9.681639156404191,0.39,1,1,0,0,Accessories,Industrial Scanner,Industrial Scanner Model 19,Mature,35.0,36849.26,1.0,0.057,,,0,0.0,True,873,21,6797.210000000003,0.1844598778917135,0.5,,0,0,0,0,10.0,,10.0,,-0.1555401221082865,0,2.0,,736.9852000000001,,,,,,,,,,,,,,,,,,,,Supply pressure; Margin below target,Supply pressure; Margin below target,"Review stock, replenishment, and supplier lead times immediately",2,1,106
1086,2021-08-01,4,Southern EU,2021-09-01,2,train,27271,train_period_model_in_sample,2,High Risk,2,High Risk,0.01698888627991618,0.027713098150003466,0.9552980155700794,95.52980155700794,95.5,9.691545646450813,0.39,1,1,0,0,Medical,Monitoring Device,Monitoring Device Model 07,Mature,63.0,42580.47,1.0,0.06,,,0,0.0,False,279,3,17018.22,0.3996719622869358,0.7682926829268293,,0,0,0,0,10.0,,10.0,,0.0096719622869357,0,2.0,,851.6094,,,,,,,,,,,,,,,,,,,,Supply pressure,Supply pressure,"Review stock, replenishment, and supplier lead times immediately",1,1,107
1010,2023-02-01,10,Northern EU,2023-03-01,2,train,3206,train_period_model_in_sample,2,High Risk,2,High Risk,0.012483145078273104,0.03222521285923928,0.9552916420624868,95.52916420624868,95.5,9.714042484921064,0.39,1,1,0,0,IT,Laptop Pro,Laptop Pro Model 11,Decline,156.0,105175.82,2.0,0.145,,,0,0.0,False,276,2,21271.22,0.2022443941963086,0.3804878048780488,,0,0,0,0,10.0,,10.0,,-0.0877556058036913,0,2.0,,2103.5164,,,,,,,,,,,,,,,,,,,,Supply pressure,Supply pressure,"Review stock, replenishment, and supplier lead times immediately",1,1,108
1070,2021-09-01,8,Eastern EU,2021-10-01,2,train,22796,train_period_model_in_sample,2,High Risk,2,High Risk,0.01987885261645883,0.024864752408038218,0.9552563949755029,95.52563949755029,95.5,9.67688771179522,0.39,1,1,0,0,Medical,Medical Sensor,Medical Sensor Model 11,Mature,11.0,2705.03,1.0,0.079,,,0,0.0,False,235,8,1321.7800000000002,0.488637833961176,0.1375,,0,0,0,0,10.0,,10.0,,0.038637833961176,0,2.0,,54.10060000000001,,,,,,,,,,,,,,,,,,,,Supply pressure,Supply pressure,"Review stock, replenishment, and supplier lead times immediately",1,1,109
1140,2021-05-01,7,Eastern EU,2021-06-01,2,train,44011,train_period_model_in_sample,2,High Risk,2,High Risk,0.01638347183860727,0.02840461099762329,0.955211917163769,95.52119171637689,95.5,9.694142226625807,0.39,1,1,0,0,Services,Legacy Workstation,Legacy Workstation Model 01,Decline,19.0,13669.4,1.0,0.103,,,0,0.0,False,225,1,611.6499999999996,0.0447459288630078,0.4130434782608695,,0,0,0,0,10.0,,10.0,,-0.1352540711369921,0,2.0,,273.388,,,,,,,,,,,,,,,,,,,,Supply pressure; Margin below target,Supply pressure; Margin below target,"Review stock, replenishment, and supplier lead times immediately",2,1,110
1042,2022-09-01,7,Eastern EU,2022-10-01,2,train,13807,train_period_model_in_sample,2,High Risk,2,High Risk,0.014879469899195813,0.02997401675138896,0.9551465133494146,95.51465133494146,95.5,9.70133521725109,0.39,1,1,0,0,IT,Tablet Enterprise,Tablet Enterprise Model 03,Decline,59.0,20679.3,2.0,0.154,,,0,0.0,False,217,0,1697.2299999999996,0.0820738613009144,0.7468354430379747,,0,0,0,0,10.0,,10.0,,-0.1879261386990856,0,2.0,,413.586,,,,,,,,,,,,,,,,,,,,Supply pressure; Margin below target,Supply pressure; Margin below target,"Review stock, replenishment, and supplier lead times immediately",2,1,111
1112,2021-10-01,8,Eastern EU,2021-11-01,2,train,35217,train_period_model_in_sample,2,High Risk,2,High Risk,0.01662413552348608,0.028250065753697963,0.9551257987228157,95.51257987228156,95.5,9.692508315996646,0.39,1,1,0,0,Accessories,Industrial Scanner,Industrial Scanner Model 13,Decline,29.0,31237.8,1.0,0.069,,,0,0.0,True,2124,41,7053.539999999997,0.225801432879396,0.2101449275362318,,0,0,0,0,10.0,,10.0,,-0.114198567120604,0,2.0,,624.756,,,,,,,,,,,,,,,,,,,,Supply pressure; Margin below target,Supply pressure; Margin below target,"Review stock, replenishment, and supplier lead times immediately",2,1,112
1112,2021-10-01,4,Southern EU,2021-11-01,2,train,35053,train_period_model_in_sample,2,High Risk,2,High Risk,0.014552195267113611,0.030323600845909474,0.9551242038869764,95.51242038869763,95.5,9.702860043099312,0.39,1,1,0,0,Accessories,Industrial Scanner,Industrial Scanner Model 13,Decline,64.0,59994.02,2.0,0.1999999999999999,,,0,0.0,False,329,7,6621.859999999993,0.1103753340749627,0.3368421052631579,,0,0,0,0,10.0,,10.0,,-0.2296246659250373,0,2.0,,1199.8804,,,,,,,,,,,,,,,,,,,,Supply pressure; Margin below target,Supply pressure; Margin below target,"Review stock, replenishment, and supplier lead times immediately",2,1,113
1195,2021-03-01,8,Eastern EU,2021-04-01,2,train,61800,train_period_model_in_sample,2,High Risk,2,High Risk,0.02302109765068619,0.021897538087989644,0.9550813642613236,95.50813642613237,95.5,9.660301333053184,0.39,1,1,0,0,Services,Service Contract,Service Contract Model 16,Decline,31.0,6397.0,1.0,0.096,104.84,62.31,0,0.0,False,201,4,3861.2,0.6035954353603252,0.2026143790849673,,0,0,0,0,8.372,,24.645000000000003,0.0,-0.0164045646396747,0,1.6744,0.0,107.111368,,,,,,,,,,,,,,,,,,,,Supply pressure,Supply pressure,"Review stock, replenishment, and supplier lead times immediately",1,1,114
1144,2021-09-01,2,Western EU,2021-10-01,2,train,45210,train_period_model_in_sample,2,High Risk,2,High Risk,0.01570972530539269,0.029267491377802813,0.9550227833168032,95.50227833168033,95.5,9.696565290057046,0.39,1,1,0,0,Services,Legacy Workstation,Legacy Workstation Model 05,Decline,61.0,41603.44,1.0,0.159,,,0,0.0,False,272,0,430.8799999999974,0.0103568358770331,0.3096446700507614,,0,0,0,0,10.0,,10.0,,-0.1696431641229668,0,2.0,,832.0688,,,,,,,,,,,,,,,,,,,,Supply pressure; Margin below target,Supply pressure; Margin below target,"Review stock, replenishment, and supplier lead times immediately",2,1,115
1153,2022-11-01,7,Eastern EU,2022-12-01,2,train,48519,train_period_model_in_sample,2,High Risk,2,High Risk,0.017234730643796225,0.027755951133201784,0.9550093182230016,95.50093182230016,95.5,9.688872937896026,0.39,1,1,0,0,Services,Legacy Workstation,Legacy Workstation Model 14,Decline,35.0,21525.92,1.0,0.115,,,0,0.0,False,190,1,1949.7199999999973,0.0905754550792717,0.1707317073170731,,0,0,0,0,10.0,,10.0,,-0.0894245449207282,0,2.0,,430.5184,,,,,,,,,,,,,,,,,,,,Supply pressure,Supply pressure,"Review stock, replenishment, and supplier lead times immediately",1,1,116
1181,2021-07-01,9,Western EU,2021-08-01,2,train,56945,train_period_model_in_sample,2,High Risk,2,High Risk,0.017201455651251564,0.027881298658225487,0.954917245690522,95.49172456905221,95.5,9.688578950196348,0.39,1,1,0,0,Services,Service Contract,Service Contract Model 02,Growth,41.0,8981.73,1.0,0.1,92.14,52.02,0,0.0,False,177,2,5787.83,0.644400354942756,1.0,,0,0,0,0,8.187999999999999,,0.5724999999999998,0.0,0.024400354942756,0,1.6376,0.0,147.08481048,,,,,,,,,,,,,,,,,,,,Supply pressure,Supply pressure,"Review stock, replenishment, and supplier lead times immediately",1,1,117
1061,2022-04-01,10,Northern EU,2022-05-01,2,train,19522,train_period_model_in_sample,2,High Risk,2,High Risk,0.019344816746146243,0.025744037798824036,0.9549111454550296,95.49111454550297,95.5,9.677831643544415,0.39,1,1,0,0,Medical,Medical Sensor,Medical Sensor Model 02,Mature,21.0,5045.13,1.0,0.103,,,0,0.0,False,185,3,1941.12,0.3847512353497332,0.4666666666666667,,0,0,0,0,10.0,,10.0,,-0.0652487646502667,0,2.0,,100.9026,,,,,,,,,,,,,,,,,,,,Supply pressure,Supply pressure,"Review stock, replenishment, and supplier lead times immediately",1,1,118
1120,2021-12-01,10,Northern EU,2022-01-01,2,train,37732,train_period_model_in_sample,2,High Risk,2,High Risk,0.018272129913590444,0.026823198741274746,0.954904671345134,95.4904671345134,95.5,9.683162707157713,0.39,1,1,0,0,Accessories,Connectivity Module,Connectivity Module Model 01,Mature,34.0,2825.03,1.0,0.106,,,0,0.0,False,211,0,654.8100000000004,0.2317886889696747,0.3505154639175257,,0,0,0,0,10.0,,10.0,,-0.0782113110303252,0,2.0,,56.500600000000006,,,,,,,,,,,,,,,,,,,,Supply pressure,Supply pressure,"Review stock, replenishment, and supplier lead times immediately",1,1,119
1077,2021-03-01,6,Northern EU,2021-04-01,2,train,24738,train_period_model_in_sample,2,High Risk,2,High Risk,0.019337164753517527,0.025769468494482098,0.954893366752,95.4893366752,95.5,9.67778100999241,0.39,1,1,0,0,Medical,Medical Sensor,Medical Sensor Model 18,Mature,40.0,8090.27,1.0,0.124,,,0,0.0,False,205,5,2141.4700000000003,0.2646969755026717,0.202020202020202,,0,0,0,0,10.0,,10.0,,-0.1853030244973282,0,2.0,,161.80540000000002,,,,,,,,,,,,,,,,,,,,Supply pressure; Margin below target,Supply pressure; Margin below target,"Review stock, replenishment, and supplier lead times immediately",2,1,120
1042,2021-07-01,6,Northern EU,2021-08-01,2,train,13752,train_period_model_in_sample,2,High Risk,2,High Risk,0.01798366767644436,0.027165356079579955,0.9548509762439756,95.48509762439757,95.5,9.684336542837656,0.39,1,1,0,0,IT,Tablet Enterprise,Tablet Enterprise Model 03,Decline,24.0,7848.16,1.0,0.208,,,0,0.0,False,241,0,126.63999999999942,0.0161362663350389,0.24,,0,0,0,0,10.0,,10.0,,-0.253863733664961,0,2.0,,156.9632,,,,,,,,,,,,,,,,,,,,Supply pressure; Margin below target,Supply pressure; Margin below target,"Review stock, replenishment, and supplier lead times immediately",2,1,121
1054,2021-04-01,7,Eastern EU,2021-05-01,2,train,17630,train_period_model_in_sample,2,High Risk,2,High Risk,0.01566200733505634,0.029547925761928658,0.9547900669030142,95.47900669030142,95.5,9.695640297839786,0.39,1,1,0,0,IT,Tablet Enterprise,Tablet Enterprise Model 15,Growth,79.0,30615.97,1.0,0.153,,,0,0.0,False,212,0,4201.529999999999,0.1372332805395353,1.0,,0,0,0,0,10.0,,10.0,,-0.1327667194604646,0,2.0,,612.3194,,,,,,,,,,,,,,,,,,,,Supply pressure; Margin below target,Supply pressure; Margin below target,"Review stock, replenishment, and supplier lead times immediately",2,1,122
1062,2021-07-01,10,Northern EU,2021-08-01,2,train,19827,train_period_model_in_sample,2,High Risk,2,High Risk,0.02235018999984943,0.02289825859639254,0.9547515514037577,95.47515514037576,95.5,9.66200680701954,0.39,1,1,0,0,Medical,Medical Sensor,Medical Sensor Model 03,Mature,9.0,1488.13,1.0,0.082,,,0,0.0,False,185,4,470.2300000000001,0.3159871785395093,0.2045454545454545,,0,0,0,0,10.0,,10.0,,-0.1340128214604906,0,2.0,,29.762600000000003,,,,,,,,,,,,,,,,,,,,Supply pressure; Margin below target,Supply pressure; Margin below target,"Review stock, replenishment, and supplier lead times immediately",2,1,123
1135,2021-04-01,1,Western EU,2021-05-01,2,train,41793,train_period_model_in_sample,2,High Risk,2,High Risk,0.01568309343936824,0.02959223130977619,0.9547246752508552,95.47246752508552,95.5,9.695207909057434,0.39,1,1,0,0,Accessories,Connectivity Module,Connectivity Module Model 16,Decline,81.0,5439.28,2.0,0.1855,,,0,0.0,False,189,2,1049.8900000000003,0.1930200320630672,0.7043478260869566,,0,0,0,0,10.0,,10.0,,-0.1169799679369327,0,2.0,,108.7856,,,,,,,,,,,,,,,,,,,,Supply pressure; Margin below target,Supply pressure; Margin below target,"Review stock, replenishment, and supplier lead times immediately",2,1,124
1127,2021-03-01,8,Eastern EU,2021-04-01,2,train,40280,train_period_model_in_sample,2,High Risk,2,High Risk,0.01437456424584299,0.030914068451893942,0.9547113673022624,95.47113673022623,95.5,9.701684015282094,0.39,1,1,0,0,Accessories,Connectivity Module,Connectivity Module Model 08,Mature,76.0,4643.780000000001,2.0,0.0805,,,0,0.0,False,249,1,1237.4600000000005,0.2664768787496394,0.4578313253012048,,0,0,0,0,10.0,,10.0,,-0.0435231212503606,0,2.0,,92.87560000000002,,,,,,,,,,,,,,,,,,,,Supply pressure,Supply pressure,"Review stock, replenishment, and supplier lead times immediately",1,1,125
1143,2021-11-01,9,Western EU,2021-12-01,2,train,45089,train_period_model_in_sample,2,High Risk,2,High Risk,0.018042275886156693,0.02726265916507513,0.954695064948768,95.4695064948768,95.5,9.683263945313056,0.39,1,1,0,0,Services,Legacy Workstation,Legacy Workstation Model 04,Decline,19.0,11903.0,1.0,0.092,,,0,0.0,False,266,0,103.05000000000108,0.0086574813072335,0.1165644171779141,,0,0,0,0,10.0,,10.0,,-0.1713425186927664,0,2.0,,238.06,,,,,,,,,,,,,,,,,,,,Supply pressure; Margin below target,Supply pressure; Margin below target,"Review stock, replenishment, and supplier lead times immediately",2,1,126
1159,2021-07-01,7,Eastern EU,2021-08-01,2,train,50483,train_period_model_in_sample,2,High Risk,2,High Risk,0.015641654738624302,0.02967252231584521,0.95468582294553,95.46858229455299,95.5,9.695220841034526,0.39,1,1,0,0,Services,Legacy Workstation,Legacy Workstation Model 20,Decline,46.0,31083.17,1.0,0.081,,,0,0.0,False,176,0,3718.23,0.1196219690591403,0.3150684931506849,,0,0,0,0,10.0,,10.0,,-0.0603780309408596,0,2.0,,621.6633999999999,,,,,,,,,,,,,,,,,,,,Supply pressure,Supply pressure,"Review stock, replenishment, and supplier lead times immediately",1,1,127
1102,2021-06-01,5,Northern EU,2021-07-01,2,train,31830,train_period_model_in_sample,2,High Risk,2,High Risk,0.01908479935599732,0.026234378498415565,0.9546808221455866,95.46808221455866,95.5,9.677980113947944,0.39,1,1,0,0,Accessories,Industrial Scanner,Industrial Scanner Model 03,Decline,19.0,25649.37,1.0,0.123,,,0,0.0,False,303,4,4800.290000000001,0.1871504056434914,0.2209302325581395,,0,0,0,0,10.0,,10.0,,-0.1528495943565085,0,2.0,,512.9874,,,,,,,,,,,,,,,,,,,,Supply pressure; Margin below target,Supply pressure; Margin below target,"Review stock, replenishment, and supplier lead times immediately",2,1,128
1173,2021-03-01,4,Southern EU,2021-04-01,2,train,54776,train_period_model_in_sample,2,High Risk,2,High Risk,0.013706959755794538,0.0316594044243984,0.954633635819807,95.4633635819807,95.5,9.704633380320063,0.39,1,1,0,0,Accessories,Accessory Kit,Accessory Kit Model 14,Mature,162.0,10172.83,2.0,0.1144999999999999,98.62,40.34,0,0.0,False,181,3,2406.55,0.2365664225195938,0.3758700696055684,,0,0,0,0,8.254,,8.604,0.0,0.0165664225195938,0,1.6508,0.0,167.93307764000002,,,,,,,,,,,,,,,,,,,,Supply pressure,Supply pressure,"Review stock, replenishment, and supplier lead times immediately",1,1,129
1149,2022-08-01,7,Eastern EU,2022-09-01,2,train,47260,train_period_model_in_sample,2,High Risk,2,High Risk,0.016923187801777945,0.02844522525312938,0.9546315869450918,95.46315869450918,95.5,9.688541995716566,0.39,1,1,0,0,Services,Legacy Workstation,Legacy Workstation Model 10,Decline,47.0,31084.47,1.0,0.105,,,0,0.0,False,232,3,528.8300000000017,0.0170126754614121,0.3533834586466165,,0,0,0,0,10.0,,10.0,,-0.1629873245385878,0,2.0,,621.6894,,,,,,,,,,,,,,,,,,,,Supply pressure; Margin below target,Supply pressure; Margin below target,"Review stock, replenishment, and supplier lead times immediately",2,1,130
1157,2022-03-01,8,Eastern EU,2022-04-01,2,train,49952,train_period_model_in_sample,2,High Risk,2,High Risk,0.018660025532405478,0.026804551739296054,0.9545354227282982,95.45354227282982,95.5,9.679376985979461,0.39,1,1,0,0,Services,Legacy Workstation,Legacy Workstation Model 18,Decline,38.0,20412.28,1.0,0.106,,,0,0.0,False,254,0,1585.5599999999977,0.0776767710417453,0.4871794871794871,,0,0,0,0,10.0,,10.0,,-0.1023232289582546,0,2.0,,408.2456,,,,,,,,,,,,,,,,,,,,Supply pressure; Margin below target,Supply pressure; Margin below target,"Review stock, replenishment, and supplier lead times immediately",2,1,131
1032,2021-06-01,4,Southern EU,2021-07-01,2,train,10169,train_period_model_in_sample,2,High Risk,2,High Risk,0.019332107545342866,0.026255630551816823,0.9544122619028401,95.44122619028401,95.4,9.675400771787485,0.39,1,1,0,0,IT,Laptop Standard,Laptop Standard Model 13,Mature,23.0,12189.56,1.0,0.075,,,0,0.0,False,242,4,1810.1200000000008,0.1484975667702526,0.5897435897435898,,0,0,0,0,10.0,,10.0,,-0.0915024332297473,0,2.0,,243.7912,,,,,,,,,,,,,,,,,,,,Supply pressure,Supply pressure,"Review stock, replenishment, and supplier lead times immediately",1,1,132
1039,2022-11-01,10,Northern EU,2022-12-01,2,train,12453,train_period_model_in_sample,2,High Risk,2,High Risk,0.013825931623034936,0.031809101666543146,0.9543649667104216,95.43649667104216,95.4,9.702695175436931,0.39,1,1,0,0,IT,Laptop Standard,Laptop Standard Model 20,Mature,147.0,101187.12,3.0,0.154,,,0,0.0,False,257,1,10063.289999999994,0.0994522820691012,0.4164305949008499,,0,0,0,0,10.0,,10.0,,-0.1405477179308987,0,2.0,,2023.7424,,,,,,,,,,,,,,,,,,,,Supply pressure; Margin below target,Supply pressure; Margin below target,"Review stock, replenishment, and supplier lead times immediately",2,1,133
1099,2021-05-01,3,Southern EU,2021-06-01,2,train,30877,train_period_model_in_sample,2,High Risk,2,High Risk,0.01881975129371797,0.02682397407686386,0.9543562746294182,95.43562746294182,95.4,9.677682616678501,0.39,1,1,0,0,Medical,Monitoring Device,Monitoring Device Model 20,Decline,32.0,21226.58,1.0,0.138,,,0,0.0,False,264,10,3925.4600000000023,0.1849313455111469,0.2176870748299319,,0,0,0,0,10.0,,10.0,,-0.205068654488853,0,2.0,,424.5316,,,,,,,,,,,,,,,,,,,,Supply pressure; Margin below target,Supply pressure; Margin below target,"Review stock, replenishment, and supplier lead times immediately",2,1,134
1127,2021-07-01,10,Northern EU,2021-08-01,2,train,39997,train_period_model_in_sample,2,High Risk,2,High Risk,0.01712291765621422,0.028546158873976435,0.9543309234698093,95.43309234698093,95.4,9.686040029067975,0.39,1,1,0,0,Accessories,Connectivity Module,Connectivity Module Model 08,Mature,26.0,1395.9,1.0,0.173,,,0,0.0,False,192,2,230.58000000000013,0.165183752417795,0.2574257425742574,,0,0,0,0,10.0,,10.0,,-0.1448162475822049,0,2.0,,27.918000000000003,,,,,,,,,,,,,,,,,,,,Supply pressure; Margin below target,Supply pressure; Margin below target,"Review stock, replenishment, and supplier lead times immediately",2,1,135
1144,2021-05-01,7,Eastern EU,2021-06-01,2,train,45411,train_period_model_in_sample,2,High Risk,2,High Risk,0.021305512037376653,0.02437533964637676,0.954319148316246,95.4319148316246,95.4,9.665068181394343,0.39,1,1,0,0,Services,Legacy Workstation,Legacy Workstation Model 05,Decline,27.0,18247.86,1.0,0.104,,,0,0.0,False,275,1,23.93999999999869,0.0013119346597353,0.5869565217391305,,0,0,0,0,10.0,,10.0,,-0.1786880653402646,0,2.0,,364.9572,,,,,,,,,,,,,,,,,,,,Supply pressure; Margin below target,Supply pressure; Margin below target,"Review stock, replenishment, and supplier lead times immediately",2,1,136
1154,2021-10-01,7,Eastern EU,2021-11-01,2,train,48916,train_period_model_in_sample,2,High Risk,2,High Risk,0.016206138739417092,0.029558518220942857,0.9542353430396396,95.42353430396396,95.4,9.69014602150111,0.39,1,1,0,0,Services,Legacy Workstation,Legacy Workstation Model 15,Decline,45.0,28259.85,1.0,0.184,,,0,0.0,False,203,0,-4096.950000000001,-0.1449742302241519,0.45,,0,0,0,0,10.0,,10.0,,-0.3249742302241519,0,2.0,,565.197,,,,,,,,,,,,,,,,,,,,Supply pressure; Margin below target,Supply pressure; Margin below target,"Review stock, replenishment, and supplier lead times immediately",2,1,137
1055,2021-06-01,4,Southern EU,2021-07-01,2,train,17919,train_period_model_in_sample,2,High Risk,2,High Risk,0.01478154158174568,0.03099888602573498,0.9542195723925189,95.42195723925188,95.4,9.697190154053864,0.39,1,1,0,0,IT,Tablet Enterprise,Tablet Enterprise Model 16,Mature,94.0,32374.33,2.0,0.2175,,,0,0.0,False,222,3,4519.310000000005,0.1395954757982637,0.734375,,0,0,0,0,10.0,,10.0,,-0.1304045242017362,0,2.0,,647.4866000000001,,,,,,,,,,,,,,,,,,,,Supply pressure; Margin below target,Supply pressure; Margin below target,"Review stock, replenishment, and supplier lead times immediately",2,1,138
1150,2021-10-01,4,Southern EU,2021-11-01,2,train,47513,train_period_model_in_sample,2,High Risk,2,High Risk,0.019431216054884494,0.02637024692647488,0.9541985370186402,95.41985370186403,95.4,9.673836604818778,0.39,1,1,0,0,Services,Legacy Workstation,Legacy Workstation Model 11,Decline,21.0,12113.91,1.0,0.047,,,0,0.0,False,275,2,419.0100000000002,0.0345891623761444,0.1468531468531468,,0,0,0,0,10.0,,10.0,,-0.1454108376238555,0,2.0,,242.2782,,,,,,,,,,,,,,,,,,,,Supply pressure; Margin below target,Supply pressure; Margin below target,"Review stock, replenishment, and supplier lead times immediately",2,1,139
1079,2021-12-01,9,Western EU,2022-01-01,2,train,25690,train_period_model_in_sample,2,High Risk,2,High Risk,0.014111976592358199,0.031693602646468325,0.9541944207611729,95.41944207611729,95.4,9.700412220844072,0.39,1,1,0,0,Medical,Medical Sensor,Medical Sensor Model 20,Decline,78.0,11968.9,2.0,0.125,,,0,0.0,False,268,5,4827.219999999999,0.4033135877148275,0.467065868263473,,0,0,0,0,10.0,,10.0,,-0.0466864122851724,0,2.0,,239.378,,,,,,,,,,,,,,,,,,,,Supply pressure,Supply pressure,"Review stock, replenishment, and supplier lead times immediately",1,1,140
1070,2022-02-01,10,Northern EU,2022-03-01,2,train,22514,train_period_model_in_sample,2,High Risk,2,High Risk,0.01808681974901011,0.027730943432813186,0.9541822368181762,95.41822368181762,95.4,9.680477085345828,0.39,1,1,0,0,Medical,Medical Sensor,Medical Sensor Model 11,Mature,28.0,7666.68,1.0,0.109,,,0,0.0,False,198,5,4145.68,0.5407399291479493,0.1944444444444444,,0,0,0,0,10.0,,10.0,,0.0907399291479493,0,2.0,,153.33360000000002,,,,,,,,,,,,,,,,,,,,Supply pressure,Supply pressure,"Review stock, replenishment, and supplier lead times immediately",1,1,141
1051,2021-06-01,2,Western EU,2021-07-01,2,train,16197,train_period_model_in_sample,2,High Risk,2,High Risk,0.017097391493059447,0.02877396721457449,0.9541286412923657,95.41286412923657,95.4,9.68515624899653,0.39,1,1,0,0,IT,Tablet Enterprise,Tablet Enterprise Model 12,Mature,29.0,11003.26,1.0,0.106,,,0,0.0,False,225,1,2585.140000000001,0.2349430986816635,0.8529411764705882,,0,0,0,0,10.0,,10.0,,-0.0350569013183364,0,2.0,,220.0652,,,,,,,,,,,,,,,,,,,,Supply pressure,Supply pressure,"Review stock, replenishment, and supplier lead times immediately",1,1,142
1063,2021-08-01,8,Eastern EU,2021-09-01,2,train,20525,train_period_model_in_sample,2,High Risk,2,High Risk,0.01968773815728367,0.02623051750376894,0.9540817443389474,95.40817443389474,95.4,9.67197003090832,0.39,1,1,0,0,Medical,Medical Sensor,Medical Sensor Model 04,Mature,23.0,3183.4,1.0,0.013,,,0,0.0,False,180,3,1145.6,0.3598668090720613,0.2017543859649122,,0,0,0,0,10.0,,10.0,,-0.0901331909279386,0,2.0,,63.668,,,,,,,,,,,,,,,,,,,,Supply pressure,Supply pressure,"Review stock, replenishment, and supplier lead times immediately",1,1,143
1152,2023-04-01,7,Eastern EU,2023-05-01,2,train,48162,train_period_model_in_sample,2,High Risk,2,High Risk,0.013085881040076271,0.03293090073552379,0.9539832182243994,95.39832182243994,95.4,9.704486685921612,0.39,1,1,0,0,Services,Legacy Workstation,Legacy Workstation Model 13,Decline,103.0,68134.79000000001,2.0,0.1475,,,0,0.0,False,158,0,376.2400000000053,0.005521995444618,0.3444816053511705,,0,0,0,0,10.0,,10.0,,-0.1744780045553819,0,2.0,,1362.6958000000002,,,,,,,,,,,,,,,,,,,,Supply pressure; Margin below target,Supply pressure; Margin below target,"Review stock, replenishment, and supplier lead times immediately",2,1,144
1027,2021-06-01,1,Western EU,2021-07-01,2,train,8315,train_period_model_in_sample,2,High Risk,2,High Risk,0.013273311915682812,0.03276144888161474,0.9539652392027022,95.39652392027021,95.4,9.703459636435095,0.39,1,1,0,0,IT,Laptop Standard,Laptop Standard Model 08,Decline,130.0,76210.24,3.0,0.0455,,,0,0.0,False,240,0,-1823.5599999999977,-0.023928018072112,0.2725366876310272,,0,0,0,0,10.0,,10.0,,-0.2639280180721121,0,2.0,,1524.2048000000002,,,,,,,,,,,,,,,,,,,,Supply pressure; Margin below target,Supply pressure; Margin below target,"Review stock, replenishment, and supplier lead times immediately",2,1,145
1132,2021-06-01,8,Eastern EU,2021-07-01,2,train,41493,train_period_model_in_sample,2,High Risk,2,High Risk,0.019528012054313412,0.026555268193209903,0.9539167197524762,95.39167197524762,95.4,9.671943538490812,0.39,1,1,0,0,Accessories,Connectivity Module,Connectivity Module Model 13,Mature,9.0,773.29,1.0,0.036,,,0,0.0,False,189,4,156.61,0.2025242793777237,0.4285714285714285,,0,0,0,0,10.0,,10.0,,-0.1074757206222762,0,2.0,,15.4658,,,,,,,,,,,,,,,,,,,,Supply pressure; Margin below target,Supply pressure; Margin below target,"Review stock, replenishment, and supplier lead times immediately",2,1,146
1042,2021-10-01,3,Southern EU,2021-11-01,2,train,13632,train_period_model_in_sample,2,High Risk,2,High Risk,0.018852067247684123,0.027234723611992605,0.9539132091403231,95.3913209140323,95.4,9.675305709463194,0.39,1,1,0,0,IT,Tablet Enterprise,Tablet Enterprise Model 03,Decline,17.0,6461.25,1.0,0.041,,,0,0.0,False,267,0,991.84,0.1535059005610369,0.2098765432098765,,0,0,0,0,10.0,,10.0,,-0.116494099438963,0,2.0,,129.225,,,,,,,,,,,,,,,,,,,,Supply pressure; Margin below target,Supply pressure; Margin below target,"Review stock, replenishment, and supplier lead times immediately",2,1,147
1056,2021-05-01,4,Southern EU,2021-06-01,2,train,18328,train_period_model_in_sample,2,High Risk,2,High Risk,0.018754000864547565,0.027424310111442887,0.9538216890240093,95.38216890240093,95.4,9.675338440797308,0.39,1,1,0,0,IT,Tablet Enterprise,Tablet Enterprise Model 17,Decline,18.0,5269.91,1.0,0.153,,,0,0.0,False,223,3,158.4499999999989,0.0300669271391729,0.216867469879518,,0,0,0,0,10.0,,10.0,,-0.239933072860827,0,2.0,,105.3982,,,,,,,,,,,,,,,,,,,,Supply pressure; Margin below target,Supply pressure; Margin below target,"Review stock, replenishment, and supplier lead times immediately",2,1,148
1168,2021-03-01,8,Eastern EU,2021-04-01,2,train,53490,train_period_model_in_sample,2,High Risk,2,High Risk,0.016994429357492263,0.02918736983120468,0.9538182008113022,95.38182008113021,95.4,9.684118857269045,0.39,1,1,0,0,Accessories,Accessory Kit,Accessory Kit Model 09,Growth,58.0,3389.76,1.0,0.111,99.96,53.22,0,0.0,False,207,0,712.4800000000005,0.2101859718682149,0.5523809523809524,,0,0,0,0,8.245999999999999,,23.113,0.0,-0.009814028131785,0,1.6491999999999998,0.0,55.90392192,,,,,,,,,,,,,,,,,,,,Supply pressure,Supply pressure,"Review stock, replenishment, and supplier lead times immediately",1,1,149
1106,2021-10-01,9,Western EU,2021-11-01,2,train,33398,train_period_model_in_sample,2,High Risk,2,High Risk,0.015569201172509492,0.030685107447328348,0.9537456913801612,95.37456913801611,95.4,9.690882451038254,0.39,1,1,0,0,Accessories,Industrial Scanner,Industrial Scanner Model 07,Decline,45.0,52843.34,1.0,0.106,,,0,0.0,False,286,4,12313.64,0.2330216068855602,0.4838709677419355,,0,0,0,0,10.0,,10.0,,-0.1069783931144398,0,2.0,,1056.8668,,,,,,,,,,,,,,,,,,,,Supply pressure; Margin below target,Supply pressure; Margin below target,"Review stock, replenishment, and supplier lead times immediately",2,1,150
1039,2021-12-01,9,Western EU,2022-01-01,2,train,12770,train_period_model_in_sample,2,High Risk,2,High Risk,0.012809857771812708,0.033486941867820426,0.9537032003603666,95.37032003603666,95.4,9.704466712942768,0.39,1,1,0,0,IT,Laptop Standard,Laptop Standard Model 20,Mature,139.0,99510.85,3.0,0.105,,,0,0.0,False,234,2,13346.140000000014,0.1341174354354325,0.3850415512465374,,0,0,0,0,10.0,,10.0,,-0.1058825645645674,0,2.0,,1990.217,,,,,,,,,,,,,,,,,,,,Supply pressure; Margin below target,Supply pressure; Margin below target,"Review stock, replenishment, and supplier lead times immediately",2,1,151
1053,2021-04-01,10,Northern EU,2021-05-01,2,train,16974,train_period_model_in_sample,2,High Risk,2,High Risk,0.01615670815584097,0.030147949353059963,0.9536953424910981,95.3695342491098,95.4,9.687693171676282,0.39,1,1,0,0,IT,Tablet Enterprise,Tablet Enterprise Model 14,Decline,74.0,25032.95,1.0,0.246,,,0,0.0,False,218,1,-2940.529999999999,-0.1174663793120666,1.0,,0,0,0,0,10.0,,10.0,,-0.3874663793120667,0,2.0,,500.659,,,,,,,,,,,,,,,,,,,,Supply pressure; Margin below target,Supply pressure; Margin below target,"Review stock, replenishment, and supplier lead times immediately",2,1,152
1065,2023-10-01,10,Northern EU,2023-11-01,2,train,20844,train_period_model_in_sample,2,High Risk,2,High Risk,0.01569145803234866,0.030671136876863063,0.9536374050907882,95.36374050907882,95.4,9.689729735292198,0.39,1,1,0,0,Medical,Medical Sensor,Medical Sensor Model 06,Decline,150.0,19369.98,3.0,0.091,,,0,0.0,False,267,7,6406.98,0.3307685397713368,0.1973684210526315,,0,0,0,0,10.0,,10.0,,-0.1192314602286631,0,2.0,,387.3996,,,,,,,,,,,,,,,,,,,,Supply pressure; Margin below target,Supply pressure; Margin below target,"Review stock, replenishment, and supplier lead times immediately",2,1,153
1137,2021-04-01,7,Eastern EU,2021-05-01,2,train,42900,train_period_model_in_sample,2,High Risk,2,High Risk,0.016846479186707487,0.02955267096628534,0.9536008498470064,95.36008498470065,95.4,9.68377185330149,0.39,1,1,0,0,Accessories,Connectivity Module,Connectivity Module Model 18,Mature,70.0,4801.96,1.0,0.152,,,0,0.0,False,150,1,1348.86,0.2808978000649735,0.445859872611465,,0,0,0,0,10.0,,10.0,,-0.0291021999350264,0,2.0,,96.0392,,,,,,,,,,,,,,,,,,,,Supply pressure,Supply pressure,"Review stock, replenishment, and supplier lead times immediately",1,1,154
1036,2022-04-01,8,Eastern EU,2022-05-01,2,train,11503,train_period_model_in_sample,2,High Risk,2,High Risk,0.014647459226384834,0.031819228459180275,0.9535333123144341,95.3533312314434,95.4,9.694429265440242,0.39,1,1,0,0,IT,Laptop Standard,Laptop Standard Model 17,Mature,123.0,59099.490000000005,3.0,0.1263333333333333,,,0,0.0,False,235,1,6820.80000000001,0.1154121634552177,0.3993506493506493,,0,0,0,0,10.0,,10.0,,-0.1245878365447822,0,2.0,,1181.9898,,,,,,,,,,,,,,,,,,,,Supply pressure; Margin below target,Supply pressure; Margin below target,"Review stock, replenishment, and supplier lead times immediately",2,1,155
1112,2023-03-01,8,Eastern EU,2023-04-01,2,train,35234,train_period_model_in_sample,2,High Risk,2,High Risk,0.01217788296019086,0.034336967241580904,0.9534851497982281,95.34851497982281,95.3,9.706536334190185,0.39,1,1,0,0,Accessories,Industrial Scanner,Industrial Scanner Model 13,Decline,153.0,159231.38,3.0,0.1563333333333333,,,0,0.0,False,299,2,31638.56,0.1986955083853446,0.2593220338983051,,0,0,0,0,10.0,,10.0,,-0.1413044916146554,0,2.0,,3184.6276000000003,,,,,,,,,,,,,,,,,,,,Supply pressure; Margin below target,Supply pressure; Margin below target,"Review stock, replenishment, and supplier lead times immediately",2,1,156
1043,2022-10-01,3,Southern EU,2022-11-01,2,train,14054,train_period_model_in_sample,2,High Risk,2,High Risk,0.015345698840633453,0.0312098618567267,0.9534444393026397,95.34444393026396,95.3,9.690493702310029,0.39,1,1,0,0,IT,Tablet Enterprise,Tablet Enterprise Model 04,Decline,153.0,52601.95,3.0,0.1403333333333333,,,0,0.0,False,357,5,1888.57,0.0359030416172784,0.2081632653061224,,0,0,0,0,10.0,,10.0,,-0.2340969583827215,0,2.0,,1052.039,,,,,,,,,,,,,,,,,,,,Supply pressure; Margin below target,Supply pressure; Margin below target,"Review stock, replenishment, and supplier lead times immediately",2,1,157
1055,2021-11-01,9,Western EU,2021-12-01,2,train,18129,train_period_model_in_sample,2,High Risk,2,High Risk,0.01841874410806109,0.028202023951486587,0.953379231940452,95.3379231940452,95.3,9.674802439161954,0.39,1,1,0,0,IT,Tablet Enterprise,Tablet Enterprise Model 16,Mature,35.0,14872.72,1.0,0.06,,,0,0.0,False,277,7,4501.17,0.3026460526386565,1.0,,0,0,0,0,10.0,,10.0,,0.0326460526386565,0,2.0,,297.4544,,,,,,,,,,,,,,,,,,,,Supply pressure,Supply pressure,"Review stock, replenishment, and supplier lead times immediately",1,1,158
1019,2021-05-01,4,Southern EU,2021-06-01,2,train,5918,train_period_model_in_sample,2,High Risk,2,High Risk,0.014670604468266278,0.03195441383584588,0.9533749816958873,95.33749816958873,95.3,9.693521886138102,0.39,1,1,0,0,IT,Laptop Pro,Laptop Pro Model 20,Mature,85.0,67310.09,2.0,0.083,,,0,0.0,False,282,0,14363.589999999997,0.2133943068565202,0.5059523809523809,,0,0,0,0,10.0,,10.0,,-0.0766056931434797,0,2.0,,1346.2017999999998,,,,,,,,,,,,,,,,,,,,Supply pressure,Supply pressure,"Review stock, replenishment, and supplier lead times immediately",1,1,159
1042,2022-03-01,2,Western EU,2022-04-01,2,train,13596,train_period_model_in_sample,2,High Risk,2,High Risk,0.01345078864053617,0.03318855140089142,0.9533606599585714,95.33606599585714,95.3,9.699549356590172,0.39,1,1,0,0,IT,Tablet Enterprise,Tablet Enterprise Model 03,Decline,136.0,48041.61,2.0,0.16,,,0,0.0,True,1649,23,4286.330000000002,0.0892211980406152,0.4705882352941176,,0,0,0,0,10.0,,10.0,,-0.1807788019593847,0,2.0,,960.8322,,,,,,,,,,,,,,,,,,,,Supply pressure; Margin below target,Supply pressure; Margin below target,"Review stock, replenishment, and supplier lead times immediately",2,1,160
1059,2022-02-01,7,Eastern EU,2022-03-01,2,train,19210,train_period_model_in_sample,2,High Risk,2,High Risk,0.013515353266797496,0.03313492682326909,0.953349719909933,95.3349719909933,95.3,9.699171833215676,0.39,1,1,0,0,IT,Tablet Enterprise,Tablet Enterprise Model 20,Decline,163.0,55388.34,2.0,0.1664999999999999,,,0,0.0,False,248,2,8313.939999999995,0.1501027111482307,0.5679442508710801,,0,0,0,0,10.0,,10.0,,-0.1198972888517692,0,2.0,,1107.7668,,,,,,,,,,,,,,,,,,,,Supply pressure; Margin below target,Supply pressure; Margin below target,"Review stock, replenishment, and supplier lead times immediately",2,1,161
1168,2021-09-01,10,Northern EU,2021-10-01,2,train,53209,train_period_model_in_sample,2,High Risk,2,High Risk,0.021159270592958256,0.025515053679108987,0.953325675727932,95.33256757279321,95.3,9.660832025674864,0.39,1,1,0,0,Accessories,Accessory Kit,Accessory Kit Model 09,Growth,49.0,2809.9,1.0,0.164,107.55,49.89,0,0.0,False,179,1,548.0600000000004,0.1950460870493613,0.5697674418604651,,0,0,0,0,8.222000000000001,,25.8825,0.0,-0.0249539129506386,0,1.6444000000000003,0.0,46.20599560000001,,,,,,,,,,,,,,,,,,,,Supply pressure,Supply pressure,"Review stock, replenishment, and supplier lead times immediately",1,1,162
1027,2021-05-01,10,Northern EU,2021-06-01,2,train,8355,train_period_model_in_sample,2,High Risk,2,High Risk,0.01801110098785913,0.02866441837225287,0.9533244806398872,95.33244806398872,95.3,9.676566898260136,0.39,1,1,0,0,IT,Laptop Standard,Laptop Standard Model 08,Decline,13.0,7475.85,1.0,0.117,,,0,0.0,False,269,2,-327.52999999999975,-0.0438117404709832,1.0,,0,0,0,0,10.0,,10.0,,-0.2838117404709832,0,2.0,,149.517,,,,,,,,,,,,,,,,,,,,Supply pressure; Margin below target,Supply pressure; Margin below target,"Review stock, replenishment, and supplier lead times immediately",2,1,163
1044,2021-05-01,10,Northern EU,2021-06-01,2,train,14365,train_period_model_in_sample,2,High Risk,2,High Risk,0.018785955143570832,0.027896956895741287,0.9533170879606875,95.33170879606875,95.3,9.672655664085582,0.39,1,1,0,0,IT,Tablet Enterprise,Tablet Enterprise Model 05,Decline,4.0,1506.98,1.0,0.06,,,0,0.0,False,206,2,409.3800000000001,0.2716558945705982,1.0,,0,0,0,0,10.0,,10.0,,0.0016558945705982,0,2.0,,30.1396,,,,,,,,,,,,,,,,,,,,Supply pressure,Supply pressure,"Review stock, replenishment, and supplier lead times immediately",1,1,164
1102,2021-05-01,1,Western EU,2021-06-01,2,train,31624,train_period_model_in_sample,2,High Risk,2,High Risk,0.019978193145515754,0.026723126797039816,0.9532986800574441,95.32986800574442,95.3,9.66660243455964,0.39,1,1,0,0,Accessories,Industrial Scanner,Industrial Scanner Model 03,Decline,14.0,19070.36,1.0,0.065,,,0,0.0,False,236,10,3707.880000000001,0.1944315681507848,0.2545454545454545,,0,0,0,0,10.0,,10.0,,-0.1455684318492152,0,2.0,,381.4072,,,,,,,,,,,,,,,,,,,,Supply pressure; Margin below target,Supply pressure; Margin below target,"Review stock, replenishment, and supplier lead times immediately",2,1,165
1145,2021-09-01,10,Northern EU,2021-10-01,2,train,45579,train_period_model_in_sample,2,High Risk,2,High Risk,0.021057537806346185,0.02567386835635485,0.9532685938372985,95.32685938372984,95.3,9.66105528015476,0.39,1,1,0,0,Services,Legacy Workstation,Legacy Workstation Model 06,Mature,13.0,9455.62,1.0,0.04,,,0,0.0,False,184,0,1027.8500000000004,0.1087025493833297,0.3421052631578947,,0,0,0,0,10.0,,10.0,,-0.0712974506166702,0,2.0,,189.1124,,,,,,,,,,,,,,,,,,,,Supply pressure,Supply pressure,"Review stock, replenishment, and supplier lead times immediately",1,1,166
1065,2023-03-01,8,Eastern EU,2023-04-01,2,train,21124,train_period_model_in_sample,2,High Risk,2,High Risk,0.014641794597430266,0.03224317437044606,0.9531150310321234,95.31150310321233,95.3,9.692366182173464,0.39,1,1,0,0,Medical,Medical Sensor,Medical Sensor Model 06,Decline,92.0,12189.5,2.0,0.1659999999999999,,,0,0.0,False,241,8,4238.86,0.3477468312892243,0.2216867469879518,,0,0,0,0,10.0,,10.0,,-0.1022531687107757,0,2.0,,243.79,,,,,,,,,,,,,,,,,,,,Supply pressure; Margin below target,Supply pressure; Margin below target,"Review stock, replenishment, and supplier lead times immediately",2,1,167
1157,2022-11-01,9,Western EU,2022-12-01,2,train,50001,train_period_model_in_sample,2,High Risk,2,High Risk,0.016822936319140173,0.03011395533311813,0.9530631083477415,95.30631083477415,95.3,9.681200860143006,0.39,1,1,0,0,Services,Legacy Workstation,Legacy Workstation Model 18,Decline,58.0,27073.78,1.0,0.201,,,0,0.0,False,247,5,-1661.7400000000016,-0.0613782042995105,0.277511961722488,,0,0,0,0,10.0,,10.0,,-0.2413782042995105,0,2.0,,541.4756,,,,,,,,,,,,,,,,,,,,Supply pressure; Margin below target,Supply pressure; Margin below target,"Review stock, replenishment, and supplier lead times immediately",2,1,168
1172,2021-05-01,7,Eastern EU,2021-06-01,2,train,54491,train_period_model_in_sample,2,High Risk,2,High Risk,0.015601638482128605,0.031363977300629384,0.9530343842172415,95.30343842172415,95.3,9.687163728675563,0.39,1,1,0,0,Accessories,Accessory Kit,Accessory Kit Model 13,Decline,73.0,3462.98,1.0,0.146,100.9,43.31,0,0.0,False,158,4,-25.69000000000005,-0.00741846617653,0.7373737373737373,,0,0,0,0,7.881999999999999,,24.347500000000004,0.0,-0.22741846617653,0,1.5763999999999998,0.0,54.59041671999999,,,,,,,,,,,,,,,,,,,,Supply pressure; Margin below target,Supply pressure; Margin below target,"Review stock, replenishment, and supplier lead times immediately",2,1,169
1147,2022-04-01,10,Northern EU,2022-05-01,2,train,46406,train_period_model_in_sample,2,High Risk,2,High Risk,0.01729947233705216,0.029736919942082454,0.9529636077208647,95.29636077208647,95.3,9.678320676919059,0.39,1,1,0,0,Services,Legacy Workstation,Legacy Workstation Model 08,Decline,16.0,10806.83,1.0,0.11,,,0,0.0,False,241,4,-678.1299999999992,-0.0627501311670489,1.0,,0,0,0,0,10.0,,10.0,,-0.2427501311670489,0,2.0,,216.1366,,,,,,,,,,,,,,,,,,,,Supply pressure; Margin below target,Supply pressure; Margin below target,"Review stock, replenishment, and supplier lead times immediately",2,1,170
1027,2022-06-01,7,Eastern EU,2022-07-01,2,train,8614,train_period_model_in_sample,2,High Risk,2,High Risk,0.017997218694694405,0.02913063829773527,0.9528721430075701,95.287214300757,95.3,9.674374621564377,0.39,1,1,0,0,IT,Laptop Standard,Laptop Standard Model 08,Decline,56.0,32789.39,1.0,0.162,,,0,0.0,False,204,1,-825.1699999999983,-0.0251657624615766,0.345679012345679,,0,0,0,0,10.0,,10.0,,-0.2651657624615767,0,2.0,,655.7878,,,,,,,,,,,,,,,,,,,,Supply pressure; Margin below target,Supply pressure; Margin below target,"Review stock, replenishment, and supplier lead times immediately",2,1,171
1043,2021-08-01,3,Southern EU,2021-09-01,2,train,14040,train_period_model_in_sample,2,High Risk,2,High Risk,0.018611358520428518,0.028543263809858527,0.9528453776697128,95.28453776697128,95.3,9.671170095746419,0.39,1,1,0,0,IT,Tablet Enterprise,Tablet Enterprise Model 04,Decline,36.0,13033.39,1.0,0.149,,,0,0.0,False,234,3,1100.83,0.0844622926191881,0.3130434782608696,,0,0,0,0,10.0,,10.0,,-0.1855377073808119,0,2.0,,260.6678,,,,,,,,,,,,,,,,,,,,Supply pressure; Margin below target,Supply pressure; Margin below target,"Review stock, replenishment, and supplier lead times immediately",2,1,172
1145,2021-03-01,2,Western EU,2021-04-01,2,train,45614,train_period_model_in_sample,2,High Risk,2,High Risk,0.022521161564732217,0.02464022516606894,0.9528386132691984,95.28386132691983,95.3,9.65158725852233,0.39,1,1,0,0,Services,Legacy Workstation,Legacy Workstation Model 06,Mature,15.0,10827.79,1.0,0.109,,,0,0.0,False,252,4,1103.4400000000023,0.1019081456142021,0.8333333333333334,,0,0,0,0,10.0,,10.0,,-0.0780918543857978,0,2.0,,216.5558,,,,,,,,,,,,,,,,,,,,Supply pressure,Supply pressure,"Review stock, replenishment, and supplier lead times immediately",1,1,173
1119,2021-05-01,7,Eastern EU,2021-06-01,0,train,37561,train_period_model_in_sample,0,Low Risk,2,High Risk,0.01929824051817556,0.02788291812760697,0.952818841354217,95.2818841354217,95.3,9.667603004180204,0.39,1,1,1,0,Accessories,Industrial Scanner,Industrial Scanner Model 20,Growth,31.0,37152.51,1.0,0.188,,,0,0.0,False,330,5,12999.480000000003,0.3498950676549175,0.4133333333333333,,0,0,0,0,10.0,,10.0,,0.0098950676549175,0,2.0,,743.0502,,,,,,,,,,,,,,,,,,,,Supply pressure,Supply pressure,"Review stock, replenishment, and supplier lead times immediately",1,1,174
1153,2021-04-01,3,Southern EU,2021-05-01,0,train,48336,train_period_model_in_sample,0,Low Risk,2,High Risk,0.023624862708463208,0.023587569110289208,0.9527875681812473,95.27875681812473,95.3,9.645813527363918,0.39,1,1,1,0,Services,Legacy Workstation,Legacy Workstation Model 14,Decline,21.0,13399.44,1.0,0.081,,,0,0.0,False,257,2,1653.7199999999991,0.1234170980279772,0.2258064516129032,,0,0,0,0,10.0,,10.0,,-0.0565829019720227,0,2.0,,267.9888,,,,,,,,,,,,,,,,,,,,Supply pressure,Supply pressure,"Review stock, replenishment, and supplier lead times immediately",1,1,175
1042,2021-11-01,2,Western EU,2021-12-01,2,train,13592,train_period_model_in_sample,2,High Risk,2,High Risk,0.01798604918798427,0.029230358701833308,0.9527835921101822,95.27835921101821,95.3,9.67398771461099,0.39,1,1,0,0,IT,Tablet Enterprise,Tablet Enterprise Model 03,Decline,39.0,14765.42,1.0,0.096,,,0,0.0,False,283,2,2217.949999999999,0.1502124558597045,0.2407407407407407,,0,0,0,0,10.0,,10.0,,-0.1197875441402954,0,2.0,,295.3084,,,,,,,,,,,,,,,,,,,,Supply pressure; Margin below target,Supply pressure; Margin below target,"Review stock, replenishment, and supplier lead times immediately",2,1,176
1080,2021-03-01,8,Eastern EU,2021-04-01,2,train,26050,train_period_model_in_sample,2,High Risk,2,High Risk,0.02314866747723039,0.024093368737359462,0.952757963785409,95.2757963785409,95.3,9.648046481540888,0.39,1,1,0,0,Medical,Monitoring Device,Monitoring Device Model 01,Mature,27.0,25929.42,1.0,0.094,,,0,0.0,False,223,7,9978.899999999998,0.3848485619809467,0.75,,0,0,0,0,10.0,,10.0,,-0.0051514380190533,0,2.0,,518.5884,,,,,,,,,,,,,,,,,,,,Supply pressure,Supply pressure,"Review stock, replenishment, and supplier lead times immediately",1,1,177
1151,2022-11-01,7,Eastern EU,2022-12-01,2,train,47963,train_period_model_in_sample,2,High Risk,2,High Risk,0.018765689165580968,0.028603220521166983,0.9526310903132519,95.26310903132519,95.3,9.669327005738353,0.39,1,1,0,0,Services,Legacy Workstation,Legacy Workstation Model 12,Decline,31.0,17789.14,1.0,0.13,,,0,0.0,False,175,1,1731.449999999999,0.0973318552779954,0.1512195121951219,,0,0,0,0,10.0,,10.0,,-0.0826681447220046,0,2.0,,355.7828,,,,,,,,,,,,,,,,,,,,Supply pressure,Supply pressure,"Review stock, replenishment, and supplier lead times immediately",1,1,178
1075,2021-09-01,9,Western EU,2021-10-01,2,train,24047,train_period_model_in_sample,2,High Risk,2,High Risk,0.022744437611417142,0.024646871007356564,0.9526086913812261,95.2608691381226,95.3,9.649321268849043,0.39,1,1,0,0,Medical,Medical Sensor,Medical Sensor Model 16,Mature,19.0,4117.9,1.0,0.088,,,0,0.0,False,191,10,1182.21,0.2870905072974089,0.120253164556962,,0,0,0,0,10.0,,10.0,,-0.162909492702591,0,2.0,,82.35799999999999,,,,,,,,,,,,,,,,,,,,Supply pressure; Margin below target,Supply pressure; Margin below target,"Review stock, replenishment, and supplier lead times immediately",2,1,179
1095,2021-12-01,9,Western EU,2022-01-01,2,train,29850,train_period_model_in_sample,2,High Risk,2,High Risk,0.019105493063654253,0.02829919235150377,0.9525953145848416,95.25953145848416,95.3,9.667449107605934,0.39,1,1,0,0,Medical,Monitoring Device,Monitoring Device Model 16,Decline,25.0,18380.02,1.0,0.067,,,0,0.0,False,266,5,6004.27,0.3266737468185562,0.1436781609195402,,0,0,0,0,10.0,,10.0,,-0.0633262531814437,0,2.0,,367.6004,,,,,,,,,,,,,,,,,,,,Supply pressure,Supply pressure,"Review stock, replenishment, and supplier lead times immediately",1,1,180
1014,2021-10-01,4,Southern EU,2021-11-01,2,train,4353,train_period_model_in_sample,2,High Risk,2,High Risk,0.016108942779662228,0.03135705263763689,0.9525340045827003,95.25340045827004,95.3,9.682125309015188,0.39,1,1,0,0,IT,Laptop Pro,Laptop Pro Model 15,Mature,77.0,54955.27,2.0,0.188,,,0,0.0,False,297,4,10487.769999999997,0.1908419338127171,0.652542372881356,,0,0,0,0,10.0,,10.0,,-0.0991580661872828,0,2.0,,1099.1054,,,,,,,,,,,,,,,,,,,,Supply pressure,Supply pressure,"Review stock, replenishment, and supplier lead times immediately",1,1,181
1146,2022-09-01,8,Eastern EU,2022-10-01,2,train,46288,train_period_model_in_sample,2,High Risk,2,High Risk,0.016161392060215832,0.03134941338617557,0.9524891945536079,95.24891945536079,95.2,9.681639012466958,0.39,1,1,0,0,Services,Legacy Workstation,Legacy Workstation Model 07,Decline,52.0,26180.63,1.0,0.146,,,0,0.0,False,211,0,-309.2099999999991,-0.011810640156482,0.3291139240506329,,0,0,0,0,10.0,,10.0,,-0.191810640156482,0,2.0,,523.6126,,,,,,,,,,,,,,,,,,,,Supply pressure; Margin below target,Supply pressure; Margin below target,"Review stock, replenishment, and supplier lead times immediately",2,1,182
1039,2021-04-01,6,Northern EU,2021-05-01,2,train,12639,train_period_model_in_sample,2,High Risk,2,High Risk,0.02124500388883694,0.026281703796189198,0.9524732923149737,95.24732923149737,95.2,9.656141442130682,0.39,1,1,0,0,IT,Laptop Standard,Laptop Standard Model 20,Mature,17.0,12491.78,1.0,0.142,,,0,0.0,False,229,1,1953.6500000000012,0.1563948452502366,0.1888888888888888,,0,0,0,0,10.0,,10.0,,-0.0836051547497633,0,2.0,,249.8356,,,,,,,,,,,,,,,,,,,,Supply pressure,Supply pressure,"Review stock, replenishment, and supplier lead times immediately",1,1,183
1080,2021-07-01,7,Eastern EU,2021-08-01,2,train,26013,train_period_model_in_sample,2,High Risk,2,High Risk,0.017106323792995846,0.03049703078870361,0.9523966454183,95.23966454183001,95.2,9.676451608126518,0.39,1,1,0,0,Medical,Monitoring Device,Monitoring Device Model 01,Mature,24.0,19600.26,1.0,0.179,,,0,0.0,False,248,6,5422.019999999999,0.2766300038877035,1.0,,0,0,0,0,10.0,,10.0,,-0.1133699961122965,0,2.0,,392.0052,,,,,,,,,,,,,,,,,,,,Supply pressure; Margin below target,Supply pressure; Margin below target,"Review stock, replenishment, and supplier lead times immediately",2,1,184
1065,2021-09-01,6,Northern EU,2021-10-01,2,train,21024,train_period_model_in_sample,2,High Risk,2,High Risk,0.014611940029236617,0.03303703880194114,0.952351021168822,95.2351021168822,95.2,9.688695405697924,0.39,1,1,0,0,Medical,Medical Sensor,Medical Sensor Model 06,Decline,165.0,17695.77,2.0,0.15,,,0,0.0,False,237,5,3436.47,0.1941972573106453,0.4241645244215938,,0,0,0,0,10.0,,10.0,,-0.2558027426893546,0,2.0,,353.91540000000003,,,,,,,,,,,,,,,,,,,,Supply pressure; Margin below target,Supply pressure; Margin below target,"Review stock, replenishment, and supplier lead times immediately",2,1,185
1008,2021-04-01,7,Eastern EU,2021-05-01,2,train,2610,train_period_model_in_sample,2,High Risk,2,High Risk,0.023115084596232727,0.02466771171592278,0.9522172036878439,95.22172036878439,95.2,9.645510595458052,0.39,1,1,0,0,IT,Laptop Pro,Laptop Pro Model 09,Mature,24.0,22476.64,1.0,0.131,,,0,0.0,False,257,0,6032.32,0.2683817510090476,0.1589403973509933,,0,0,0,0,10.0,,10.0,,-0.0216182489909523,0,2.0,,449.5328,,,,,,,,,,,,,,,,,,,,Supply pressure,Supply pressure,"Review stock, replenishment, and supplier lead times immediately",1,1,186
1159,2022-11-01,8,Eastern EU,2022-12-01,2,train,50540,train_period_model_in_sample,2,High Risk,2,High Risk,0.015067527596938749,0.03272198812195972,0.9522104842811008,95.22104842811008,95.2,9.685714783420806,0.39,1,1,0,0,Services,Legacy Workstation,Legacy Workstation Model 20,Decline,72.0,42709.12,2.0,0.134,,,0,0.0,False,279,1,-122.95999999999913,-0.0028790103846672,0.4044943820224719,,0,0,0,0,10.0,,10.0,,-0.1828790103846672,0,2.0,,854.1824,,,,,,,,,,,,,,,,,,,,Supply pressure; Margin below target,Supply pressure; Margin below target,"Review stock, replenishment, and supplier lead times immediately",2,1,187
1189,2021-03-01,5,Northern EU,2021-04-01,2,train,59937,train_period_model_in_sample,2,High Risk,2,High Risk,0.01570129798553486,0.032139201507875526,0.952159500506589,95.2159500506589,95.2,9.682291012605267,0.39,1,1,0,0,Services,Service Contract,Service Contract Model 10,Decline,80.0,15740.9,1.0,0.191,101.26,53.4,0,0.0,False,219,5,9024.1,0.5732899643603606,0.5755395683453237,,0,0,0,0,8.004000000000001,,6.664000000000003,0.0,-0.0467100356396393,0,1.6008000000000004,0.0,251.9803272000001,,,,,,,,,,,,,,,,,,,,Supply pressure,Supply pressure,"Review stock, replenishment, and supplier lead times immediately",1,1,188
1095,2022-09-01,10,Northern EU,2022-10-01,2,train,29531,train_period_model_in_sample,2,High Risk,2,High Risk,0.01648611807354515,0.0313717023189848,0.9521421796074695,95.21421796074695,95.2,9.678280307669619,0.39,1,1,0,0,Medical,Monitoring Device,Monitoring Device Model 16,Decline,58.0,41272.83,1.0,0.137,,,0,0.0,False,224,1,12561.090000000004,0.3043428328030814,0.3068783068783068,,0,0,0,0,10.0,,10.0,,-0.0856571671969185,0,2.0,,825.4566,,,,,,,,,,,,,,,,,,,,Supply pressure,Supply pressure,"Review stock, replenishment, and supplier lead times immediately",1,1,189
1038,2021-03-01,8,Eastern EU,2021-04-01,2,train,12310,train_period_model_in_sample,2,High Risk,2,High Risk,0.019179561546641095,0.028862522875807477,0.9519579155775509,95.1957915577551,95.2,9.663891770154548,0.39,1,1,0,0,IT,Laptop Standard,Laptop Standard Model 19,Mature,38.0,14600.96,1.0,0.19,,,0,0.0,False,208,1,466.09999999999854,0.0319225585167001,0.1958762886597938,,0,0,0,0,10.0,,10.0,,-0.2080774414832998,0,2.0,,292.0192,,,,,,,,,,,,,,,,,,,,Supply pressure; Margin below target,Supply pressure; Margin below target,"Review stock, replenishment, and supplier lead times immediately",2,1,190
1051,2021-03-01,5,Northern EU,2021-04-01,2,train,16317,train_period_model_in_sample,2,High Risk,2,High Risk,0.020737724715646826,0.027394811807226808,0.9518674634771261,95.18674634771261,95.2,9.655648693807397,0.39,1,1,0,0,IT,Tablet Enterprise,Tablet Enterprise Model 12,Mature,19.0,6377.61,1.0,0.207,,,0,0.0,False,265,4,862.29,0.1352058216165617,0.1544715447154471,,0,0,0,0,10.0,,10.0,,-0.1347941783834383,0,2.0,,127.5522,,,,,,,,,,,,,,,,,,,,Supply pressure; Margin below target,Supply pressure; Margin below target,"Review stock, replenishment, and supplier lead times immediately",2,1,191
1091,2021-03-01,6,Northern EU,2021-04-01,2,train,28558,train_period_model_in_sample,2,High Risk,2,High Risk,0.01461014112171983,0.03358124913282041,0.9518086097454591,95.18086097454591,95.2,9.685992343118693,0.39,1,1,0,0,Medical,Monitoring Device,Monitoring Device Model 12,Decline,87.0,55428.9,2.0,0.0895,,,0,0.0,False,283,13,14482.350000000006,0.2612779614966201,0.416267942583732,,0,0,0,0,10.0,,10.0,,-0.1287220385033799,0,2.0,,1108.578,,,,,,,,,,,,,,,,,,,,Supply pressure; Margin below target,Supply pressure; Margin below target,"Review stock, replenishment, and supplier lead times immediately",2,1,192
1106,2024-01-01,7,Eastern EU,2024-02-01,2,train,33343,train_period_model_in_sample,2,High Risk,2,High Risk,0.012714194707205336,0.035484823577490686,0.9518009817153031,95.18009817153032,95.2,9.695433935040484,0.39,1,1,0,0,Accessories,Industrial Scanner,Industrial Scanner Model 07,Decline,176.0,210058.96,3.0,0.159,,,0,0.0,False,258,7,51542.79999999999,0.2453730133672945,0.2496453900709219,,0,0,0,0,10.0,,10.0,,-0.0946269866327054,0,2.0,,4201.1792,,,,,,,,,,,,,,,,,,,,Supply pressure,Supply pressure,"Review stock, replenishment, and supplier lead times immediately",1,1,193
1132,2021-11-01,9,Western EU,2021-12-01,2,train,41539,train_period_model_in_sample,2,High Risk,2,High Risk,0.019422751413966658,0.028778561835218975,0.9517986867508139,95.1798686750814,95.2,9.661879676684233,0.39,1,1,0,0,Accessories,Connectivity Module,Connectivity Module Model 13,Mature,39.0,3327.39,1.0,0.081,,,0,0.0,True,2289,37,655.1100000000001,0.1968840442508994,0.2708333333333333,,0,0,0,0,10.0,,10.0,,-0.1131159557491006,0,2.0,,66.5478,,,,,,,,,,,,,,,,,,,,Supply pressure; Margin below target,Supply pressure; Margin below target,"Review stock, replenishment, and supplier lead times immediately",2,1,194
1075,2021-08-01,4,Southern EU,2021-09-01,2,train,23841,train_period_model_in_sample,2,High Risk,2,High Risk,0.01953783402060144,0.028670783748983197,0.9517913822304152,95.17913822304152,95.2,9.661267741049068,0.39,1,1,0,0,Medical,Medical Sensor,Medical Sensor Model 16,Mature,9.0,2010.72,1.0,0.11,,,0,0.0,False,225,7,620.1300000000001,0.3084119121508714,0.2727272727272727,,0,0,0,0,10.0,,10.0,,-0.1415880878491286,0,2.0,,40.2144,,,,,,,,,,,,,,,,,,,,Supply pressure; Margin below target,Supply pressure; Margin below target,"Review stock, replenishment, and supplier lead times immediately",2,1,195
1008,2021-03-01,4,Southern EU,2021-04-01,2,train,2486,train_period_model_in_sample,2,High Risk,2,High Risk,0.01845815467698884,0.029753317860112396,0.9517885274628984,95.17885274628985,95.2,9.666651863929546,0.39,1,1,0,0,IT,Laptop Pro,Laptop Pro Model 09,Mature,12.0,10680.47,1.0,0.144,,,0,0.0,False,274,2,2458.3099999999995,0.2301687098039692,0.2553191489361702,,0,0,0,0,10.0,,10.0,,-0.0598312901960307,0,2.0,,213.6094,,,,,,,,,,,,,,,,,,,,Supply pressure,Supply pressure,"Review stock, replenishment, and supplier lead times immediately",1,1,196
1124,2021-09-01,10,Northern EU,2021-10-01,2,train,39249,train_period_model_in_sample,2,High Risk,2,High Risk,0.014869980428916177,0.03338685597169879,0.9517431635993846,95.17431635993846,95.2,9.68436591585234,0.39,1,1,0,0,Accessories,Connectivity Module,Connectivity Module Model 05,Mature,127.0,7593.71,2.0,0.178,,,0,0.0,False,223,2,1223.3900000000003,0.1611057045897196,0.4425087108013937,,0,0,0,0,10.0,,10.0,,-0.1488942954102803,0,2.0,,151.8742,,,,,,,,,,,,,,,,,,,,Supply pressure; Margin below target,Supply pressure; Margin below target,"Review stock, replenishment, and supplier lead times immediately",2,1,197
1157,2021-08-01,3,Southern EU,2021-09-01,2,train,49740,train_period_model_in_sample,2,High Risk,2,High Risk,0.017906624125234343,0.03038066254737768,0.9517127133273879,95.1712713327388,95.2,9.669030446010767,0.39,1,1,0,0,Services,Legacy Workstation,Legacy Workstation Model 18,Decline,50.0,22317.66,1.0,0.216,,,0,0.0,False,238,2,-2454.34,-0.1099729989613606,0.2941176470588235,,0,0,0,0,10.0,,10.0,,-0.2899729989613606,0,2.0,,446.3532,,,,,,,,,,,,,,,,,,,,Supply pressure; Margin below target,Supply pressure; Margin below target,"Review stock, replenishment, and supplier lead times immediately",2,1,198
1067,2021-03-01,9,Western EU,2021-04-01,2,train,21601,train_period_model_in_sample,2,High Risk,2,High Risk,0.017108266832839277,0.031277149533799,0.951614583633361,95.16145836333611,95.2,9.672531584002606,0.39,1,1,0,0,Medical,Medical Sensor,Medical Sensor Model 08,Growth,30.0,4972.35,1.0,0.165,,,0,0.0,False,148,3,2186.25,0.4396814383540981,0.2912621359223301,,0,0,0,0,10.0,,10.0,,-0.0103185616459018,0,2.0,,99.447,,,,,,,,,,,,,,,,,,,,Supply pressure,Supply pressure,"Review stock, replenishment, and supplier lead times immediately",1,1,199
1086,2021-03-01,6,Northern EU,2021-04-01,2,train,27348,train_period_model_in_sample,2,High Risk,2,High Risk,0.015376882126994366,0.03301493915915978,0.9516081787138454,95.16081787138454,95.2,9.681156482934252,0.39,1,1,0,0,Medical,Monitoring Device,Monitoring Device Model 07,Mature,96.0,61978.56999999999,2.0,0.0795,,,0,0.0,False,198,3,23026.569999999992,0.3715247060395229,0.4593301435406698,,0,0,0,0,10.0,,10.0,,-0.018475293960477,0,2.0,,1239.5713999999998,,,,,,,,,,,,,,,,,,,,Supply pressure,Supply pressure,"Review stock, replenishment, and supplier lead times immediately",1,1,200
1079,2021-04-01,7,Eastern EU,2021-05-01,2,train,25600,train_period_model_in_sample,2,High Risk,2,High Risk,0.026085381833947083,0.022333814713084547,0.9515808034529681,95.15808034529681,95.2,9.627477108095105,0.39,1,1,0,0,Medical,Medical Sensor,Medical Sensor Model 20,Decline,14.0,2457.29,1.0,0.037,,,0,0.0,False,186,5,1175.4499999999998,0.4783521684457267,0.1,,0,0,0,0,10.0,,10.0,,0.0283521684457267,0,2.0,,49.1458,,,,,,,,,,,,,,,,,,,,Supply pressure,Supply pressure,"Review stock, replenishment, and supplier lead times immediately",1,1,201
1155,2021-09-01,10,Northern EU,2021-10-01,2,train,49079,train_period_model_in_sample,2,High Risk,2,High Risk,0.017079146622589962,0.03138199048372519,0.9515388628936846,95.15388628936846,95.2,9.672298581355472,0.39,1,1,0,0,Services,Legacy Workstation,Legacy Workstation Model 16,Decline,25.0,14478.48,1.0,0.116,,,0,0.0,True,2119,23,513.4799999999996,0.0354650488172791,0.6578947368421053,,0,0,0,0,10.0,,10.0,,-0.1445349511827208,0,2.0,,289.5696,,,,,,,,,,,,,,,,,,,,Supply pressure; Margin below target,Supply pressure; Margin below target,"Review stock, replenishment, and supplier lead times immediately",2,1,202
1001,2023-05-01,10,Northern EU,2023-06-01,2,train,239,train_period_model_in_sample,2,High Risk,2,High Risk,0.01609453510005008,0.032413761050489855,0.9514917038494594,95.14917038494593,95.1,9.676985843747042,0.39,1,1,0,0,IT,Laptop Pro,Laptop Pro Model 02,Decline,41.0,32981.47,2.0,0.0925,,,0,0.0,False,222,5,4126.9000000000015,0.1251278369338904,0.1553030303030303,,0,0,0,0,10.0,,10.0,,-0.1648721630661095,0,2.0,,659.6294,,,,,,,,,,,,,,,,,,,,Supply pressure; Margin below target,Supply pressure; Margin below target,"Review stock, replenishment, and supplier lead times immediately",2,1,203
1042,2022-03-01,4,Southern EU,2022-04-01,2,train,13678,train_period_model_in_sample,2,High Risk,2,High Risk,0.017753337004336626,0.03084041628554586,0.9514062467101171,95.14062467101171,95.1,9.668264548528901,0.39,1,1,0,0,IT,Tablet Enterprise,Tablet Enterprise Model 03,Decline,54.0,19075.2,1.0,0.206,,,0,0.0,False,203,2,1701.7799999999988,0.0892142677403119,0.2608695652173913,,0,0,0,0,10.0,,10.0,,-0.180785732259688,0,2.0,,381.504,,,,,,,,,,,,,,,,,,,,Supply pressure; Margin below target,Supply pressure; Margin below target,"Review stock, replenishment, and supplier lead times immediately",2,1,204
1150,2021-03-01,5,Northern EU,2021-04-01,2,train,47547,train_period_model_in_sample,2,High Risk,2,High Risk,0.015398947154438361,0.0333020352955903,0.9512990175499708,95.12990175499708,95.1,9.679500351977659,0.39,1,1,0,0,Services,Legacy Workstation,Legacy Workstation Model 11,Decline,90.0,48488.76,1.0,0.063,,,0,0.0,False,247,0,-1632.239999999998,-0.0336622342992478,0.5625,,0,0,0,0,10.0,,10.0,,-0.2136622342992478,0,2.0,,969.7752,,,,,,,,,,,,,,,,,,,,Supply pressure; Margin below target,Supply pressure; Margin below target,"Review stock, replenishment, and supplier lead times immediately",2,1,205
1135,2021-08-01,1,Western EU,2021-09-01,2,train,41797,train_period_model_in_sample,2,High Risk,2,High Risk,0.01640967845211085,0.03229160513317537,0.9512987164147138,95.12987164147137,95.1,9.674445189813014,0.39,1,1,0,0,Accessories,Connectivity Module,Connectivity Module Model 16,Decline,70.0,4721.42,2.0,0.1154999999999999,,,0,0.0,False,163,2,928.1200000000003,0.1965764536940158,0.2941176470588235,,0,0,0,0,10.0,,10.0,,-0.1134235463059841,0,2.0,,94.4284,,,,,,,,,,,,,,,,,,,,Supply pressure; Margin below target,Supply pressure; Margin below target,"Review stock, replenishment, and supplier lead times immediately",2,1,206
1112,2022-04-01,9,Western EU,2022-05-01,2,train,35264,train_period_model_in_sample,2,High Risk,2,High Risk,0.01734906922612828,0.03140648360722497,0.9512444471666462,95.12444471666463,95.1,9.669476889702587,0.39,1,1,0,0,Accessories,Industrial Scanner,Industrial Scanner Model 13,Decline,53.0,55089.76,1.0,0.149,,,0,0.0,False,283,5,10890.940000000002,0.1976944535608795,0.8153846153846154,,0,0,0,0,10.0,,10.0,,-0.1423055464391204,0,2.0,,1101.7952,,,,,,,,,,,,,,,,,,,,Supply pressure; Margin below target,Supply pressure; Margin below target,"Review stock, replenishment, and supplier lead times immediately",2,1,207
1099,2021-05-01,4,Southern EU,2021-06-01,2,train,30918,train_period_model_in_sample,2,High Risk,2,High Risk,0.016078533883276038,0.0327147100473013,0.951206756069422,95.1206756069422,95.1,9.675641110930727,0.39,1,1,0,0,Medical,Monitoring Device,Monitoring Device Model 20,Decline,36.0,25558.22,2.0,0.0735,,,0,0.0,True,1148,22,6094.460000000003,0.2384540081429771,1.0,,0,0,0,0,10.0,,10.0,,-0.1515459918570228,0,2.0,,511.1644,,,,,,,,,,,,,,,,,,,,Supply pressure; Margin below target,Supply pressure; Margin below target,"Review stock, replenishment, and supplier lead times immediately",2,1,208
1087,2022-10-01,8,Eastern EU,2022-11-01,2,train,27751,train_period_model_in_sample,2,High Risk,2,High Risk,0.015565486668120555,0.03323451302794967,0.9512000003039295,95.12000003039294,95.1,9.678172568179043,0.39,1,1,0,0,Medical,Monitoring Device,Monitoring Device Model 08,Mature,111.0,51305.36,2.0,0.161,,,0,0.0,False,334,6,16529.059999999998,0.3221702371837951,0.2545871559633027,,0,0,0,0,10.0,,10.0,,-0.0678297628162048,0,2.0,,1026.1072,,,,,,,,,,,,,,,,,,,,Supply pressure,Supply pressure,"Review stock, replenishment, and supplier lead times immediately",1,1,209
1063,2021-04-01,1,Western EU,2021-05-01,2,train,20193,train_period_model_in_sample,2,High Risk,2,High Risk,0.019930407687536494,0.028871096538994525,0.9511984957734685,95.11984957734686,95.1,9.656340440429657,0.39,1,1,0,0,Medical,Medical Sensor,Medical Sensor Model 04,Mature,14.0,1924.19,1.0,0.058,,,0,0.0,False,247,6,683.7900000000002,0.3553651146716281,0.1866666666666666,,0,0,0,0,10.0,,10.0,,-0.0946348853283718,0,2.0,,38.4838,,,,,,,,,,,,,,,,,,,,Supply pressure,Supply pressure,"Review stock, replenishment, and supplier lead times immediately",1,1,210
1150,2022-03-01,4,Southern EU,2022-04-01,2,train,47518,train_period_model_in_sample,2,High Risk,2,High Risk,0.014866618469137997,0.03394679091664774,0.9511865906142142,95.11865906142141,95.1,9.68159986072538,0.39,1,1,0,0,Services,Legacy Workstation,Legacy Workstation Model 11,Decline,250.0,123944.86,3.0,0.184,,,0,0.0,False,229,0,-15280.14,-0.1232817560970257,0.6009615384615384,,0,0,0,0,10.0,,10.0,,-0.3032817560970257,0,2.0,,2478.8972,,,,,,,,,,,,,,,,,,,,Supply pressure; Margin below target,Supply pressure; Margin below target,"Review stock, replenishment, and supplier lead times immediately",2,1,211
1053,2021-04-01,8,Eastern EU,2021-05-01,0,train,17261,train_period_model_in_sample,0,Low Risk,2,High Risk,0.02309985985237407,0.02572925650477457,0.9511708836428507,95.11708836428508,95.1,9.64035511895238,0.39,1,1,1,0,IT,Tablet Enterprise,Tablet Enterprise Model 14,Decline,11.0,4454.4,1.0,0.101,,,0,0.0,False,246,0,296.1800000000003,0.066491558908046,0.1222222222222222,,0,0,0,0,10.0,,10.0,,-0.2035084410919539,0,2.0,,89.088,,,,,,,,,,,,,,,,,,,,Supply pressure; Margin below target,Supply pressure; Margin below target,"Review stock, replenishment, and supplier lead times immediately",2,1,212
1135,2022-07-01,9,Western EU,2022-08-01,2,train,42177,train_period_model_in_sample,2,High Risk,2,High Risk,0.015626078797248876,0.033217901897314654,0.9511560193054363,95.11560193054362,95.1,9.677649702540936,0.39,1,1,0,0,Accessories,Connectivity Module,Connectivity Module Model 16,Decline,58.0,4250.18,2.0,0.1005,,,0,0.0,True,913,18,1107.1600000000003,0.2604972024714247,0.4296296296296296,,0,0,0,0,10.0,,10.0,,-0.0495027975285752,0,2.0,,85.0036,,,,,,,,,,,,,,,,,,,,Supply pressure,Supply pressure,"Review stock, replenishment, and supplier lead times immediately",1,1,213
1109,2021-05-01,10,Northern EU,2021-06-01,2,train,34055,train_period_model_in_sample,2,High Risk,2,High Risk,0.01542324842416761,0.033457596296795705,0.9511191552790358,95.11191552790358,95.1,9.678479534274336,0.39,1,1,0,0,Accessories,Industrial Scanner,Industrial Scanner Model 10,Mature,43.0,64624.65,1.0,0.124,,,0,0.0,False,255,7,23928.160000000003,0.3702636687394052,0.3839285714285714,,0,0,0,0,10.0,,10.0,,0.0302636687394051,0,2.0,,1292.493,,,,,,,,,,,,,,,,,,,,Supply pressure,Supply pressure,"Review stock, replenishment, and supplier lead times immediately",1,1,214
1150,2021-06-01,1,Western EU,2021-07-01,2,train,47345,train_period_model_in_sample,2,High Risk,2,High Risk,0.02510525749050361,0.023821863394317248,0.9510728791151791,95.10728791151791,95.1,9.629838108123378,0.39,1,1,0,0,Services,Legacy Workstation,Legacy Workstation Model 11,Decline,21.0,11260.35,1.0,0.084,,,0,0.0,False,221,1,-434.5499999999993,-0.0385911627968934,0.25,,0,0,0,0,10.0,,10.0,,-0.2185911627968934,0,2.0,,225.207,,,,,,,,,,,,,,,,,,,,Supply pressure; Margin below target,Supply pressure; Margin below target,"Review stock, replenishment, and supplier lead times immediately",2,1,215
1124,2021-06-01,9,Western EU,2021-07-01,2,train,39574,train_period_model_in_sample,2,High Risk,2,High Risk,0.019719277469176982,0.029252020231700412,0.9510287022991218,95.10287022991218,95.1,9.65654712414972,0.39,1,1,0,0,Accessories,Connectivity Module,Connectivity Module Model 05,Mature,68.0,4259.95,1.0,0.183,,,0,0.0,False,231,1,849.0700000000002,0.1993145459453749,0.6355140186915887,,0,0,0,0,10.0,,10.0,,-0.110685454054625,0,2.0,,85.199,,,,,,,,,,,,,,,,,,,,Supply pressure; Margin below target,Supply pressure; Margin below target,"Review stock, replenishment, and supplier lead times immediately",2,1,216
1044,2022-06-01,7,Eastern EU,2022-07-01,2,train,14624,train_period_model_in_sample,2,High Risk,2,High Risk,0.020976192393054975,0.028043500986013162,0.9509803066209312,95.09803066209312,95.1,9.650020571139377,0.39,1,1,0,0,IT,Tablet Enterprise,Tablet Enterprise Model 05,Decline,8.0,2756.16,1.0,0.107,,,0,0.0,False,235,0,560.96,0.2035295483571345,0.1311475409836065,,0,0,0,0,10.0,,10.0,,-0.0664704516428654,0,2.0,,55.1232,,,,,,,,,,,,,,,,,,,,Supply pressure,Supply pressure,"Review stock, replenishment, and supplier lead times immediately",1,1,217
1190,2021-04-01,8,Eastern EU,2021-05-01,2,train,60471,train_period_model_in_sample,2,High Risk,2,High Risk,0.020657596844671118,0.028366490256621985,0.9509759128987062,95.09759128987062,95.1,9.651591580270171,0.39,1,1,0,0,Services,Service Contract,Service Contract Model 11,Growth,33.0,4943.2,1.0,0.155,98.98,61.67,0,0.0,False,205,9,3119.29,0.6310264605923289,0.5,,0,0,0,0,8.132,,2.8405000000000022,0.0,0.0110264605923289,0,1.6264,0.0,80.39620479999999,,,,,,,,,,,,,,,,,,,,Supply pressure,Supply pressure,"Review stock, replenishment, and supplier lead times immediately",1,1,218
1099,2022-05-01,10,Northern EU,2022-06-01,2,train,30807,train_period_model_in_sample,2,High Risk,2,High Risk,0.02031146255668197,0.028748998081205436,0.9509395393621121,95.09395393621121,95.1,9.653140384027148,0.39,1,1,0,0,Medical,Monitoring Device,Monitoring Device Model 20,Decline,19.0,13185.9,1.0,0.109,,,0,0.0,False,220,2,2913.3600000000006,0.2209451004482061,0.6333333333333333,,0,0,0,0,10.0,,10.0,,-0.1690548995517939,0,2.0,,263.718,,,,,,,,,,,,,,,,,,,,Supply pressure; Margin below target,Supply pressure; Margin below target,"Review stock, replenishment, and supplier lead times immediately",2,1,219
1086,2021-03-01,1,Western EU,2021-04-01,2,train,27102,train_period_model_in_sample,2,High Risk,2,High Risk,0.01933803157770579,0.029778603807794554,0.9508833646144995,95.08833646144996,95.1,9.657726665183967,0.39,1,1,0,0,Medical,Monitoring Device,Monitoring Device Model 07,Mature,14.0,8538.55,1.0,0.127,,,0,0.0,False,277,7,2858.0499999999997,0.3347231087245492,0.3684210526315789,,0,0,0,0,10.0,,10.0,,-0.0552768912754508,0,2.0,,170.771,,,,,,,,,,,,,,,,,,,,Supply pressure,Supply pressure,"Review stock, replenishment, and supplier lead times immediately",1,1,220
1032,2021-12-01,10,Northern EU,2022-01-01,2,train,10052,train_period_model_in_sample,2,High Risk,2,High Risk,0.023478165172182666,0.025710303663715857,0.9508115311641013,95.08115311641014,95.1,9.636666829959593,0.39,1,1,0,0,IT,Laptop Standard,Laptop Standard Model 13,Mature,6.0,3001.38,1.0,0.12,,,0,0.0,False,251,1,293.7000000000003,0.0978549867061152,0.0857142857142857,,0,0,0,0,10.0,,10.0,,-0.1421450132938847,0,2.0,,60.0276,,,,,,,,,,,,,,,,,,,,Supply pressure; Margin below target,Supply pressure; Margin below target,"Review stock, replenishment, and supplier lead times immediately",2,1,221
1137,2021-03-01,2,Western EU,2021-04-01,2,train,42694,train_period_model_in_sample,2,High Risk,2,High Risk,0.018325489327253718,0.030880088425586746,0.950794422247159,95.0794422247159,95.1,9.662344664599523,0.39,1,1,0,0,Accessories,Connectivity Module,Connectivity Module Model 18,Mature,57.0,3967.64,1.0,0.159,,,0,0.0,False,175,1,1155.83,0.2913142321379964,0.4789915966386555,,0,0,0,0,10.0,,10.0,,-0.0186857678620036,0,2.0,,79.3528,,,,,,,,,,,,,,,,,,,,Supply pressure,Supply pressure,"Review stock, replenishment, and supplier lead times immediately",1,1,222
1041,2022-05-01,10,Northern EU,2022-06-01,2,train,13243,train_period_model_in_sample,2,High Risk,2,High Risk,0.020070004388027217,0.029180289606372777,0.9507497060055996,95.07497060055996,95.1,9.65339850808786,0.39,1,1,0,0,IT,Tablet Enterprise,Tablet Enterprise Model 02,Growth,20.0,6379.03,1.0,0.17,,,0,0.0,False,227,0,1431.63,0.2244275383561451,0.5,,0,0,0,0,10.0,,10.0,,-0.0455724616438549,0,2.0,,127.5806,,,,,,,,,,,,,,,,,,,,Supply pressure,Supply pressure,"Review stock, replenishment, and supplier lead times immediately",1,1,223
1086,2022-08-01,10,Northern EU,2022-09-01,2,train,27160,train_period_model_in_sample,2,High Risk,2,High Risk,0.01617772641637136,0.03311386177011272,0.9507084118135151,95.07084118135151,95.1,9.672653426985715,0.39,1,1,0,0,Medical,Monitoring Device,Monitoring Device Model 07,Mature,75.0,44355.22,2.0,0.154,,,0,0.0,False,219,2,13923.97,0.3139195341608045,0.8333333333333334,,0,0,0,0,10.0,,10.0,,-0.0760804658391954,0,2.0,,887.1044,,,,,,,,,,,,,,,,,,,,Supply pressure,Supply pressure,"Review stock, replenishment, and supplier lead times immediately",1,1,224
1076,2021-03-01,5,Northern EU,2021-04-01,2,train,24287,train_period_model_in_sample,2,High Risk,2,High Risk,0.018273385225911352,0.031028243175351886,0.950698371598737,95.0698371598737,95.1,9.66212493186413,0.39,1,1,0,0,Medical,Medical Sensor,Medical Sensor Model 17,Mature,21.0,3327.55,1.0,0.113,,,0,0.0,False,176,8,1074.04,0.3227720094363721,0.3181818181818182,,0,0,0,0,10.0,,10.0,,-0.1272279905636279,0,2.0,,66.551,,,,,,,,,,,,,,,,,,,,Supply pressure; Margin below target,Supply pressure; Margin below target,"Review stock, replenishment, and supplier lead times immediately",2,1,225
1077,2021-08-01,9,Western EU,2021-09-01,2,train,24866,train_period_model_in_sample,2,High Risk,2,High Risk,0.023776703492108798,0.02554182510090065,0.9506814714069901,95.06814714069901,95.1,9.634523839574404,0.39,1,1,0,0,Medical,Medical Sensor,Medical Sensor Model 18,Mature,8.0,1903.29,1.0,0.003,,,0,0.0,False,216,5,713.53,0.3748929485259734,0.6153846153846154,,0,0,0,0,10.0,,10.0,,-0.0751070514740265,0,2.0,,38.0658,,,,,,,,,,,,,,,,,,,,Supply pressure,Supply pressure,"Review stock, replenishment, and supplier lead times immediately",1,1,226
1054,2021-07-01,10,Northern EU,2021-08-01,2,train,17387,train_period_model_in_sample,2,High Risk,2,High Risk,0.020133597193831374,0.029234718579966127,0.9506316842262023,95.06316842262022,95.1,9.652490435161852,0.39,1,1,0,0,IT,Tablet Enterprise,Tablet Enterprise Model 15,Growth,14.0,5770.14,1.0,0.11,,,0,0.0,False,131,1,1089.1000000000004,0.1887475867136673,1.0,,0,0,0,0,10.0,,10.0,,-0.0812524132863327,0,2.0,,115.4028,,,,,,,,,,,,,,,,,,,,Supply pressure,Supply pressure,"Review stock, replenishment, and supplier lead times immediately",1,1,227
1065,2021-04-01,1,Western EU,2021-05-01,2,train,20773,train_period_model_in_sample,2,High Risk,2,High Risk,0.021624633111004186,0.02780827258660013,0.9505670943023952,95.05670943023952,95.1,9.64471230595695,0.39,1,1,0,0,Medical,Medical Sensor,Medical Sensor Model 06,Decline,10.0,1277.76,1.0,0.112,,,0,0.0,False,207,4,413.56,0.3236601552717255,0.1333333333333333,,0,0,0,0,10.0,,10.0,,-0.1263398447282745,0,2.0,,25.5552,,,,,,,,,,,,,,,,,,,,Supply pressure; Margin below target,Supply pressure; Margin below target,"Review stock, replenishment, and supplier lead times immediately",2,1,228
1148,2025-12-01,7,Eastern EU,2026-01-01,,scoring,1487,refit_model_current_scoring,,,2,High Risk,0.014923970382705258,0.03469369890517415,0.9503823307121201,95.038233071212,95.0,9.67729180164707,0.39,1,1,,,Services,Legacy Workstation,Legacy Workstation Model 09,Decline,60.0,42573.31,2.0,0.1165,,,0,0.0,False,184,0,6533.709999999999,0.1534696268624638,0.1566579634464752,,0,0,0,0,10.0,,10.0,,-0.0265303731375361,0,2.0,,851.4662,High Risk,0.9503823307121201,0.3333333333333305,0.3333333333333305,Rolling Revenue Std 3M,5.234249145081896,increases predicted class probability,Rolling Revenue Mean 3M,4.343455243188637,increases predicted class probability,Rolling Units Mean 3M,4.222748956943221,increases predicted class probability,Rolling Units Std 3M,3.792024621446758,increases predicted class probability,Customers Lag 1M,3.740766809015502,increases predicted class probability,Supply pressure,Supply pressure,"Review stock, replenishment, and supplier lead times immediately",1,1,1
1037,2021-05-01,8,Eastern EU,2021-06-01,2,train,11902,train_period_model_in_sample,2,High Risk,2,High Risk,0.016549331772759916,0.03308403667071806,0.9503666315565211,95.0366631556521,95.0,9.669086498918803,0.39,1,1,0,0,IT,Laptop Standard,Laptop Standard Model 18,Growth,57.0,38627.58,1.0,0.068,,,0,0.0,False,261,1,7103.730000000003,0.1839030557958847,0.4634146341463415,,0,0,0,0,10.0,,10.0,,-0.0560969442041152,0,2.0,,772.5516,,,,,,,,,,,,,,,,,,,,Supply pressure,Supply pressure,"Review stock, replenishment, and supplier lead times immediately",1,1,229
1065,2022-04-01,9,Western EU,2022-05-01,2,train,21154,train_period_model_in_sample,2,High Risk,2,High Risk,0.017857950599017555,0.03179970326261168,0.9503423461383703,95.03423461383703,95.0,9.662421977696761,0.39,1,1,0,0,Medical,Medical Sensor,Medical Sensor Model 06,Decline,67.0,8245.01,1.0,0.185,,,0,0.0,False,199,6,2454.87,0.2977400876408882,0.4011976047904191,,0,0,0,0,10.0,,10.0,,-0.1522599123591118,0,2.0,,164.9002,,,,,,,,,,,,,,,,,,,,Supply pressure; Margin below target,Supply pressure; Margin below target,"Review stock, replenishment, and supplier lead times immediately",2,1,230
1038,2021-08-01,10,Northern EU,2021-09-01,2,train,12028,train_period_model_in_sample,2,High Risk,2,High Risk,0.019140059068974133,0.030576931277744728,0.9502830096532806,95.02830096532806,95.0,9.65571475292153,0.39,1,1,0,0,IT,Laptop Standard,Laptop Standard Model 19,Mature,24.0,10412.7,1.0,0.115,,,0,0.0,False,199,0,1485.42,0.1426546428880117,0.4210526315789473,,0,0,0,0,10.0,,10.0,,-0.0973453571119882,0,2.0,,208.254,,,,,,,,,,,,,,,,,,,,Supply pressure,Supply pressure,"Review stock, replenishment, and supplier lead times immediately",1,1,231
1197,2021-03-01,10,Northern EU,2021-04-01,2,train,62333,train_period_model_in_sample,2,High Risk,2,High Risk,0.016365150143081878,0.03339220629986842,0.9502426435570493,95.02426435570493,95.0,9.669387467069836,0.39,1,1,0,0,Services,Service Contract,Service Contract Model 18,Growth,90.0,17606.65,1.0,0.149,102.49,51.39,0,0.0,False,256,4,8832.550000000001,0.5016598841914844,0.6716417910447762,,0,0,0,0,8.122,,7.592499999999998,0.0,-0.1183401158085155,0,1.6244,0.0,286.00242260000005,,,,,,,,,,,,,,,,,,,,Supply pressure; Margin below target,Supply pressure; Margin below target,"Review stock, replenishment, and supplier lead times immediately",2,1,232
1184,2021-06-01,9,Western EU,2021-07-01,2,train,58054,train_period_model_in_sample,2,High Risk,2,High Risk,0.02194723145250912,0.027823115773530246,0.95022965277396,95.022965277396,95.0,9.64141210660725,0.39,1,1,0,0,Services,Service Contract,Service Contract Model 05,Mature,6.0,1059.22,1.0,0.077,106.88,50.27,0,0.0,False,208,3,516.1,0.4872453314703272,1.0,,0,0,0,0,8.418000000000001,,9.875499999999995,0.0,-0.1327546685296727,0,1.6836000000000002,0.0,17.833027920000003,,,,,,,,,,,,,,,,,,,,Supply pressure; Margin below target,Supply pressure; Margin below target,"Review stock, replenishment, and supplier lead times immediately",2,1,233
1023,2021-12-01,8,Eastern EU,2022-01-01,2,train,7609,train_period_model_in_sample,2,High Risk,2,High Risk,0.014830393878551645,0.034941966086835044,0.9502276400346127,95.02276400346126,95.0,9.676986230780301,0.39,1,1,0,0,IT,Laptop Standard,Laptop Standard Model 04,Mature,132.0,71116.51000000001,2.0,0.0945,,,0,0.0,False,313,1,12686.710000000014,0.178393315420006,0.5365853658536586,,0,0,0,0,10.0,,10.0,,-0.0616066845799939,0,2.0,,1422.3302,,,,,,,,,,,,,,,,,,,,Supply pressure,Supply pressure,"Review stock, replenishment, and supplier lead times immediately",1,1,234
1135,2021-05-01,5,Northern EU,2021-06-01,2,train,41999,train_period_model_in_sample,2,High Risk,2,High Risk,0.02529000403883008,0.024544836331443505,0.9501651596297265,95.01651596297265,95.0,9.624375777954482,0.39,1,1,0,0,Accessories,Connectivity Module,Connectivity Module Model 16,Decline,14.0,983.74,1.0,0.15,,,0,0.0,False,192,1,225.08000000000004,0.2288002927602822,0.1021897810218978,,0,0,0,0,10.0,,10.0,,-0.0811997072397177,0,2.0,,19.6748,,,,,,,,,,,,,,,,,,,,Supply pressure,Supply pressure,"Review stock, replenishment, and supplier lead times immediately",1,1,235
1043,2021-06-01,7,Eastern EU,2021-07-01,2,train,14202,train_period_model_in_sample,2,High Risk,2,High Risk,0.016734884715536243,0.033124952886470126,0.9501401623979928,95.01401623979928,95.0,9.66702638841228,0.39,1,1,0,0,IT,Tablet Enterprise,Tablet Enterprise Model 04,Decline,74.0,28314.35,1.0,0.104,,,0,0.0,False,175,1,3786.310000000001,0.1337240657122625,0.2114285714285714,,0,0,0,0,10.0,,10.0,,-0.1362759342877374,0,2.0,,566.2869999999999,,,,,,,,,,,,,,,,,,,,Supply pressure; Margin below target,Supply pressure; Margin below target,"Review stock, replenishment, and supplier lead times immediately",2,1,236
1091,2021-03-01,3,Southern EU,2021-04-01,2,train,28435,train_period_model_in_sample,2,High Risk,2,High Risk,0.018543335911558528,0.031319106264845006,0.950137557823596,95.0137557823596,95.0,9.657971109560185,0.39,1,1,0,0,Medical,Monitoring Device,Monitoring Device Model 12,Decline,46.0,29720.18,1.0,0.09,,,0,0.0,True,2580,69,8070.280000000002,0.2715420969859537,0.2822085889570552,,0,0,0,0,10.0,,10.0,,-0.1184579030140463,0,2.0,,594.4036,,,,,,,,,,,,,,,,,,,,Supply pressure; Margin below target,Supply pressure; Margin below target,"Review stock, replenishment, and supplier lead times immediately",2,1,237
1137,2021-03-01,5,Northern EU,2021-04-01,2,train,42817,train_period_model_in_sample,2,High Risk,2,High Risk,0.019619433070365674,0.030272230275749733,0.9501083366538846,95.01083366538846,95.0,9.652444517917596,0.39,1,1,0,0,Accessories,Connectivity Module,Connectivity Module Model 18,Mature,34.0,2268.29,1.0,0.153,,,0,0.0,False,203,3,591.0699999999999,0.2605795555242054,0.3578947368421052,,0,0,0,0,10.0,,10.0,,-0.0494204444757945,0,2.0,,45.3658,,,,,,,,,,,,,,,,,,,,Supply pressure,Supply pressure,"Review stock, replenishment, and supplier lead times immediately",1,1,238
1039,2021-05-01,9,Western EU,2021-06-01,2,train,12763,train_period_model_in_sample,2,High Risk,2,High Risk,0.017118701429919364,0.032793169094777246,0.9500881294753024,95.00881294753025,95.0,9.66484714022691,0.39,1,1,0,0,IT,Laptop Standard,Laptop Standard Model 20,Mature,41.0,29427.76,1.0,0.105,,,0,0.0,False,254,2,4012.27,0.136343031205909,0.7735849056603774,,0,0,0,0,10.0,,10.0,,-0.103656968794091,0,2.0,,588.5552,,,,,,,,,,,,,,,,,,,,Supply pressure; Margin below target,Supply pressure; Margin below target,"Review stock, replenishment, and supplier lead times immediately",2,1,239
1035,2021-11-01,3,Southern EU,2021-12-01,2,train,10883,train_period_model_in_sample,2,High Risk,2,High Risk,0.016152179073722156,0.033761735992672806,0.9500860849336046,95.00860849336046,95.0,9.66966952929941,0.39,1,1,0,0,IT,Laptop Standard,Laptop Standard Model 16,Mature,173.0,99035.15,2.0,0.1465,,,0,0.0,False,319,4,6258.709999999992,0.0631968548540593,0.3003472222222222,,0,0,0,0,10.0,,10.0,,-0.1768031451459406,0,2.0,,1980.703,,,,,,,,,,,,,,,,,,,,Supply pressure; Margin below target,Supply pressure; Margin below target,"Review stock, replenishment, and supplier lead times immediately",2,1,240
1096,2022-07-01,10,Northern EU,2022-08-01,2,train,29939,train_period_model_in_sample,2,High Risk,2,High Risk,0.015012629189980522,0.034945704854635516,0.9500416659553835,95.00416659553835,95.0,9.675145183827013,0.39,1,1,0,0,Medical,Monitoring Device,Monitoring Device Model 17,Decline,59.0,37418.14,2.0,0.0915,,,0,0.0,True,1436,34,6602.440000000002,0.1764502457898763,0.2041522491349481,,0,0,0,0,10.0,,10.0,,-0.2135497542101237,0,2.0,,748.3628,,,,,,,,,,,,,,,,,,,,Supply pressure; Margin below target,Supply pressure; Margin below target,"Review stock, replenishment, and supplier lead times immediately",2,1,241
1159,2021-04-01,2,Western EU,2021-05-01,2,train,50275,train_period_model_in_sample,2,High Risk,2,High Risk,0.024146441903127647,0.025827967341450795,0.9500255907554211,95.00255907554211,95.0,9.629395744261465,0.39,1,1,0,0,Services,Legacy Workstation,Legacy Workstation Model 20,Decline,19.0,11719.96,1.0,0.122,,,0,0.0,False,232,0,417.0499999999993,0.0355845924388819,0.8636363636363636,,0,0,0,0,10.0,,10.0,,-0.144415407561118,0,2.0,,234.3992,,,,,,,,,,,,,,,,,,,,Supply pressure; Margin below target,Supply pressure; Margin below target,"Review stock, replenishment, and supplier lead times immediately",2,1,242
1141,2023-04-01,9,Western EU,2023-05-01,2,train,44286,train_period_model_in_sample,2,High Risk,2,High Risk,0.020136734705565148,0.029941430782035677,0.9499218345123984,94.99218345123984,95.0,9.648925499034162,0.39,1,1,0,0,Services,Legacy Workstation,Legacy Workstation Model 02,Decline,113.0,78154.5,2.0,0.108,,,0,0.0,False,211,4,11773.78,0.1506474995041872,0.215648854961832,,0,0,0,0,10.0,,10.0,,-0.0293525004958127,0,2.0,,1563.09,,,,,,,,,,,,,,,,,,,,Supply pressure,Supply pressure,"Review stock, replenishment, and supplier lead times immediately",1,1,243
1031,2021-03-01,4,Southern EU,2021-04-01,2,train,9756,train_period_model_in_sample,2,High Risk,2,High Risk,0.017910947439742315,0.03218051096899179,0.9499085415912653,94.99085415912653,95.0,9.659987970757612,0.39,1,1,0,0,IT,Laptop Standard,Laptop Standard Model 12,Mature,80.0,49516.16,1.0,0.17,,,0,0.0,False,275,2,7442.560000000005,0.1503056779847226,0.5369127516778524,,0,0,0,0,10.0,,10.0,,-0.0896943220152773,0,2.0,,990.3232,,,,,,,,,,,,,,,,,,,,Supply pressure,Supply pressure,"Review stock, replenishment, and supplier lead times immediately",1,1,244
1076,2021-11-01,9,Western EU,2021-12-01,2,train,24459,train_period_model_in_sample,2,High Risk,2,High Risk,0.018536507826492018,0.031584995588547986,0.9498784965849599,94.98784965849599,95.0,9.65670994379234,0.39,1,1,0,0,Medical,Medical Sensor,Medical Sensor Model 17,Mature,47.0,7673.46,1.0,0.15,,,0,0.0,False,260,13,2629.8900000000003,0.3427254458875136,0.2670454545454545,,0,0,0,0,10.0,,10.0,,-0.1072745541124863,0,2.0,,153.4692,,,,,,,,,,,,,,,,,,,,Supply pressure; Margin below target,Supply pressure; Margin below target,"Review stock, replenishment, and supplier lead times immediately",2,1,245
1043,2023-03-01,7,Eastern EU,2023-04-01,2,train,14223,train_period_model_in_sample,2,High Risk,2,High Risk,0.020042834923499696,0.030155767338681187,0.9498013977378184,94.98013977378183,95.0,9.648792814071589,0.39,1,1,0,0,IT,Tablet Enterprise,Tablet Enterprise Model 04,Decline,102.0,36352.57,2.0,0.1515,,,0,0.0,False,287,6,2543.650000000001,0.0699716691282074,0.1240875912408759,,0,0,0,0,10.0,,10.0,,-0.2000283308717925,0,2.0,,727.0514,,,,,,,,,,,,,,,,,,,,Supply pressure; Margin below target,Supply pressure; Margin below target,"Review stock, replenishment, and supplier lead times immediately",2,1,246
1123,2021-10-01,9,Western EU,2021-11-01,2,train,39168,train_period_model_in_sample,2,High Risk,2,High Risk,0.023142913749627708,0.02706328745207743,0.9497937987982944,94.97937987982944,95.0,9.633254425243331,0.39,1,1,0,0,Accessories,Connectivity Module,Connectivity Module Model 04,Decline,29.0,2057.92,1.0,0.117,,,0,0.0,False,254,0,404.6300000000001,0.1966208598973721,0.3766233766233766,,0,0,0,0,10.0,,10.0,,-0.1133791401026278,0,2.0,,41.1584,,,,,,,,,,,,,,,,,,,,Supply pressure; Margin below target,Supply pressure; Margin below target,"Review stock, replenishment, and supplier lead times immediately",2,1,247
1167,2021-06-01,2,Western EU,2021-07-01,2,train,52837,train_period_model_in_sample,2,High Risk,2,High Risk,0.01804698251417483,0.032171221331290176,0.9497817961545347,94.97817961545347,95.0,9.6586740682018,0.39,1,1,0,0,Accessories,Accessory Kit,Accessory Kit Model 08,Decline,50.0,3120.57,1.0,0.138,96.55,69.28,0,0.0,False,183,2,205.57000000000016,0.065875785513544,0.2590673575129533,,0,0,0,0,8.144,,0.1519999999999974,0.0,-0.1541242144864559,0,1.6288,0.0,50.827844160000005,,,,,,,,,,,,,,,,,,,,Supply pressure; Margin below target,Supply pressure; Margin below target,"Review stock, replenishment, and supplier lead times immediately",2,1,248
1183,2021-03-01,8,Eastern EU,2021-04-01,0,train,57600,train_period_model_in_sample,0,Low Risk,2,High Risk,0.019572939081229607,0.030651609161163808,0.9497754517576065,94.97754517576065,95.0,9.651012563381883,0.39,1,1,1,0,Services,Service Contract,Service Contract Model 04,Growth,43.0,10085.76,1.0,0.139,104.84,62.31,0,0.0,False,187,5,5100.77,0.5057397756837362,0.2810457516339869,,0,0,0,0,8.372,,24.645000000000003,0.0,-0.1142602243162638,0,1.6744,0.0,168.87596544,,,,,,,,,,,,,,,,,,,,Supply pressure; Margin below target,Supply pressure; Margin below target,"Review stock, replenishment, and supplier lead times immediately",2,1,249
