cost_id,year_month,product_id,standard_unit_cost_eur,actual_unit_cost_eur,cost_variance_eur,cost_variance_pct
1,2021-01-01,1000,690.85,718.51,27.66,0.04003763479771296
2,2021-01-01,1001,711.19,675.77,-35.42,-0.04980384988540334
3,2021-01-01,1002,734.48,748.53,14.05,0.019129179827905456
4,2021-01-01,1003,738.29,743.27,4.98,0.006745316880900459
5,2021-01-01,1004,750.02,717.72,-32.3,-0.04306551825284659
6,2021-01-01,1005,814.33,878.74,64.41,0.07909569830412731
7,2021-01-01,1006,709.78,694.4,-15.38,-0.02166868607174054
8,2021-01-01,1007,998.39,964.51,-33.88,-0.033934634761966766
9,2021-01-01,1008,685.62,732.8,47.18,0.068813628540591
10,2021-01-01,1009,554.85,535.62,-19.23,-0.03465801567991349
11,2021-01-01,1010,550.42,587.55,37.13,0.0674575778496421
12,2021-01-01,1011,698.53,748.0,49.47,0.07082015088829399
13,2021-01-01,1012,772.67,797.03,24.36,0.031527042592568624
14,2021-01-01,1013,553.31,554.16,0.85,0.0015362093582259493
15,2021-01-01,1014,579.73,619.86,40.13,0.06922187915063908
16,2021-01-01,1015,538.02,555.39,17.37,0.03228504516560723
17,2021-01-01,1016,703.31,755.31,52.0,0.07393610214556881
18,2021-01-01,1017,784.32,786.59,2.27,0.0028942268461852306
19,2021-01-01,1018,552.75,583.1,30.35,0.05490728177295341
20,2021-01-01,1019,667.7,639.89,-27.81,-0.04165044181518646
21,2021-01-01,1020,539.15,515.16,-23.99,-0.04449596587220625
22,2021-01-01,1021,409.71,436.64,26.93,0.06572941836909033
23,2021-01-01,1022,465.06,491.45,26.39,0.05674536618930891
24,2021-01-01,1023,437.74,428.07,-9.67,-0.022090738794718325
25,2021-01-01,1024,392.96,418.22,25.26,0.06428135179153094
26,2021-01-01,1025,405.01,409.25,4.24,0.010468877311671317
27,2021-01-01,1026,421.36,445.88,24.52,0.058192519460793624
28,2021-01-01,1027,615.03,615.05,0.02,3.25187389233045e-05
29,2021-01-01,1028,460.66,443.88,-16.78,-0.036425997481873834
30,2021-01-01,1029,497.54,514.01,16.47,0.033102866101217994
31,2021-01-01,1030,387.77,390.5,2.73,0.007040255821750006
32,2021-01-01,1031,532.54,516.14,-16.4,-0.030795808765538737
33,2021-01-01,1032,450.5,434.46,-16.04,-0.03560488346281909
34,2021-01-01,1033,528.99,502.62,-26.37,-0.04984971360517212
35,2021-01-01,1034,471.95,491.28,19.33,0.04095772857294205
36,2021-01-01,1035,533.42,535.82,2.4,0.004499268868808818
37,2021-01-01,1036,432.16,426.01,-6.15,-0.014230840429470567
38,2021-01-01,1037,542.26,572.69,30.43,0.05611699184892856
39,2021-01-01,1038,367.56,393.78,26.22,0.0713352921971923
40,2021-01-01,1039,609.9,592.41,-17.49,-0.02867683226758485
41,2021-01-01,1040,262.34,274.89,12.55,0.047838682625600364
42,2021-01-01,1041,245.99,244.79,-1.2,-0.0048782470832147646
43,2021-01-01,1042,330.1,336.11,6.01,0.018206604059375946
44,2021-01-01,1043,330.3,347.45,17.15,0.051922494701786254
45,2021-01-01,1044,278.49,282.0,3.51,0.012603684153829581
46,2021-01-01,1045,268.11,257.53,-10.58,-0.039461415090820934
47,2021-01-01,1046,351.57,369.09,17.52,0.04983360354979094
48,2021-01-01,1047,267.97,274.2,6.23,0.023248871142292047
49,2021-01-01,1048,300.46,304.39,3.93,0.013079944085735207
50,2021-01-01,1049,381.39,366.68,-14.71,-0.03856944335194945
51,2021-01-01,1050,308.66,316.1,7.44,0.024104192315168794
52,2021-01-01,1051,296.34,295.58,-0.76,-0.002564621718296551
53,2021-01-01,1052,275.9,286.19,10.29,0.0372961217832548
54,2021-01-01,1053,371.84,382.77,10.93,0.029394363166953527
55,2021-01-01,1054,343.88,328.78,-15.1,-0.043910666511573805
56,2021-01-01,1055,296.86,299.06,2.2,0.007410900761301624
57,2021-01-01,1056,278.48,287.69,9.21,0.033072392990519964
58,2021-01-01,1057,306.14,299.96,-6.18,-0.020186842621023063
59,2021-01-01,1058,263.98,261.58,-2.4,-0.009091597848321843
60,2021-01-01,1059,280.72,291.85,11.13,0.039648047876888005
61,2021-01-01,1060,69.53,70.39,0.86,0.012368761685603337
62,2021-01-01,1061,152.91,147.18,-5.73,-0.037473023347066904
63,2021-01-01,1062,115.51,116.44,0.93,0.00805125097394165
64,2021-01-01,1063,87.14,83.96,-3.18,-0.03649299977048428
65,2021-01-01,1064,87.36,92.99,5.63,0.06444597069597069
66,2021-01-01,1065,83.61,81.17,-2.44,-0.029183112067934457
67,2021-01-01,1066,95.01,96.99,1.98,0.02083991158825387
68,2021-01-01,1067,89.58,95.1,5.52,0.061620897521768254
69,2021-01-01,1068,111.61,117.18,5.57,0.049905922408386344
70,2021-01-01,1069,98.82,102.18,3.36,0.03400121432908318
71,2021-01-01,1070,126.81,130.31,3.5,0.027600346975790554
72,2021-01-01,1071,97.28,99.6,2.32,0.023848684210526317
73,2021-01-01,1072,123.44,126.52,3.08,0.024951393389500972
74,2021-01-01,1073,85.95,85.43,-0.52,-0.006050029086678301
75,2021-01-01,1074,101.62,101.93,0.31,0.0030505805943711866
76,2021-01-01,1075,157.01,154.9,-2.11,-0.013438634481880134
77,2021-01-01,1076,108.27,104.68,-3.59,-0.03315784612542717
78,2021-01-01,1077,146.13,142.87,-3.26,-0.022308903031547252
79,2021-01-01,1078,110.96,107.1,-3.86,-0.03478731074260995
80,2021-01-01,1079,89.93,86.98,-2.95,-0.0328032914489047
81,2021-01-01,1080,590.25,583.38,-6.87,-0.011639135959339263
82,2021-01-01,1081,474.81,488.05,13.24,0.02788483814578463
83,2021-01-01,1082,537.66,552.84,15.18,0.028233456087490234
84,2021-01-01,1083,587.61,579.87,-7.74,-0.013172001837953745
85,2021-01-01,1084,408.66,440.51,31.85,0.07793764988009592
86,2021-01-01,1085,441.11,433.51,-7.6,-0.01722926254222303
87,2021-01-01,1086,408.81,427.25,18.44,0.045106528705266505
88,2021-01-01,1087,312.54,314.02,1.48,0.004735393869584693
89,2021-01-01,1088,699.84,732.78,32.94,0.0470679012345679
90,2021-01-01,1089,311.42,334.11,22.69,0.07285980348082975
91,2021-01-01,1090,395.27,398.7,3.43,0.008677612771017279
92,2021-01-01,1091,467.4,471.25,3.85,0.008237056054771074
93,2021-01-01,1092,447.44,460.29,12.85,0.028718934382263545
94,2021-01-01,1093,412.67,440.99,28.32,0.06862626311580682
95,2021-01-01,1094,426.2,417.8,-8.4,-0.019709056780854058
96,2021-01-01,1095,494.6,489.99,-4.61,-0.009320663162151233
97,2021-01-01,1096,499.27,475.7,-23.57,-0.04720892503054459
98,2021-01-01,1097,421.65,405.21,-16.44,-0.038989683386695125
99,2021-01-01,1098,381.37,379.48,-1.89,-0.004955817185410494
100,2021-01-01,1099,525.05,554.24,29.19,0.055594705266165126
101,2021-01-01,1100,876.75,924.09,47.34,0.05399486740804106
102,2021-01-01,1101,891.87,894.09,2.22,0.0024891520064583405
103,2021-01-01,1102,1068.25,1122.57,54.32,0.05084952024338872
104,2021-01-01,1103,1161.13,1120.55,-40.58,-0.03494871375298201
105,2021-01-01,1104,885.39,945.52,60.13,0.0679135748088413
106,2021-01-01,1105,904.97,916.39,11.42,0.012619202846503199
107,2021-01-01,1106,890.6,919.6,29.0,0.03256231753873793
108,2021-01-01,1107,843.59,908.66,65.07,0.07713462701075167
109,2021-01-01,1108,950.41,906.21,-44.2,-0.0465062446733515
110,2021-01-01,1109,921.03,909.31,-11.72,-0.012724884097152101
111,2021-01-01,1110,773.04,817.07,44.03,0.05695694918762289
112,2021-01-01,1111,1160.31,1241.4,81.09,0.06988649585024692
113,2021-01-01,1112,826.37,836.69,10.32,0.012488352674951898
114,2021-01-01,1113,905.46,952.14,46.68,0.051553906301769266
115,2021-01-01,1114,1153.86,1223.13,69.27,0.06003327960064479
116,2021-01-01,1115,919.01,970.78,51.77,0.05633235764572747
117,2021-01-01,1116,963.81,1030.96,67.15,0.06967140826511449
118,2021-01-01,1117,1000.72,1061.03,60.31,0.06026660804220961
119,2021-01-01,1118,844.02,863.69,19.67,0.023305134949408782
120,2021-01-01,1119,759.04,813.22,54.18,0.07137963743676222
121,2021-01-01,1120,64.1,62.41,-1.69,-0.026365054602184086
122,2021-01-01,1121,65.54,62.28,-3.26,-0.04974061641745499
123,2021-01-01,1122,48.72,49.05,0.33,0.0067733990147783255
124,2021-01-01,1123,59.7,63.52,3.82,0.06398659966499162
125,2021-01-01,1124,49.81,49.4,-0.41,-0.008231278859666733
126,2021-01-01,1125,62.98,60.82,-2.16,-0.03429660209590346
127,2021-01-01,1126,56.8,54.35,-2.45,-0.043133802816901406
128,2021-01-01,1127,44.85,44.56,-0.29,-0.006465997770345597
129,2021-01-01,1128,67.38,64.81,-2.57,-0.038141881864054615
130,2021-01-01,1129,38.54,37.33,-1.21,-0.031395952257394916
131,2021-01-01,1130,50.83,48.61,-2.22,-0.0436749950816447
132,2021-01-01,1131,62.97,62.15,-0.82,-0.013022074003493728
133,2021-01-01,1132,68.93,66.6,-2.33,-0.03380240824024373
134,2021-01-01,1133,54.13,55.16,1.03,0.019028265287271383
135,2021-01-01,1134,77.7,82.03,4.33,0.055727155727155725
136,2021-01-01,1135,55.35,55.33,-0.02,-0.0003613369467028003
137,2021-01-01,1136,52.42,56.01,3.59,0.06848531095001907
138,2021-01-01,1137,47.22,45.16,-2.06,-0.04362558238034731
139,2021-01-01,1138,48.59,46.43,-2.16,-0.044453591273924675
140,2021-01-01,1139,56.5,60.19,3.69,0.06530973451327433
141,2021-01-01,1140,690.09,712.1,22.01,0.031894390586735065
142,2021-01-01,1141,579.95,601.05,21.1,0.036382446762651954
143,2021-01-01,1142,594.93,582.83,-12.1,-0.020338527221689946
144,2021-01-01,1143,626.95,652.27,25.32,0.040385995693436476
145,2021-01-01,1144,704.81,692.92,-11.89,-0.01686979469644301
146,2021-01-01,1145,655.22,706.4,51.18,0.07811116876774213
147,2021-01-01,1146,509.9,534.66,24.76,0.04855854089037066
148,2021-01-01,1147,696.44,742.76,46.32,0.06650967778990294
149,2021-01-01,1148,602.87,647.65,44.78,0.07427803672433526
150,2021-01-01,1149,661.76,673.46,11.7,0.017680125725338492
151,2021-01-01,1150,556.81,535.65,-21.16,-0.038002191052603225
152,2021-01-01,1151,535.6,527.3,-8.3,-0.01549663928304705
153,2021-01-01,1152,675.46,667.51,-7.95,-0.011769756906404524
154,2021-01-01,1153,556.53,529.41,-27.12,-0.048730526656244944
155,2021-01-01,1154,746.23,742.4,-3.83,-0.0051324658617316376
156,2021-01-01,1155,576.73,570.13,-6.6,-0.011443829868395957
157,2021-01-01,1156,461.93,498.22,36.29,0.07856168683566774
158,2021-01-01,1157,508.85,517.99,9.14,0.017962071337329272
159,2021-01-01,1158,697.12,682.61,-14.51,-0.020814207023181087
160,2021-01-01,1159,591.32,617.22,25.9,0.04380031116823378
161,2021-01-01,1160,49.25,52.79,3.54,0.07187817258883249
162,2021-01-01,1161,41.39,44.62,3.23,0.0780381734718531
163,2021-01-01,1162,44.53,46.46,1.93,0.043341567482596
164,2021-01-01,1163,44.82,44.0,-0.82,-0.018295403837572513
165,2021-01-01,1164,33.03,33.83,0.8,0.024220405691795337
166,2021-01-01,1165,41.26,42.25,0.99,0.023994183228308288
167,2021-01-01,1166,39.25,41.49,2.24,0.057070063694267516
168,2021-01-01,1167,59.15,60.05,0.9,0.015215553677092139
169,2021-01-01,1168,45.95,47.65,1.7,0.036996735582154515
170,2021-01-01,1169,52.76,53.88,1.12,0.02122820318423048
171,2021-01-01,1170,37.89,38.95,1.06,0.027975719187120614
172,2021-01-01,1171,32.66,31.94,-0.72,-0.02204531537048377
173,2021-01-01,1172,46.9,45.13,-1.77,-0.037739872068230276
174,2021-01-01,1173,49.26,47.24,-2.02,-0.04100690215184734
175,2021-01-01,1174,44.24,47.36,3.12,0.0705244122965642
176,2021-01-01,1175,43.63,45.35,1.72,0.03942241576896631
177,2021-01-01,1176,42.12,44.98,2.86,0.06790123456790123
178,2021-01-01,1177,56.73,58.41,1.68,0.029613960867265997
179,2021-01-01,1178,38.34,38.15,-0.19,-0.00495565988523735
180,2021-01-01,1179,46.18,44.47,-1.71,-0.037029016890428756
181,2021-01-01,1180,75.2,81.04,5.84,0.07765957446808511
182,2021-01-01,1181,78.96,75.11,-3.85,-0.04875886524822695
183,2021-01-01,1182,104.98,104.27,-0.71,-0.006763192989140789
184,2021-01-01,1183,113.45,122.26,8.81,0.07765535478184223
185,2021-01-01,1184,95.28,95.8,0.52,0.0054575986565911
186,2021-01-01,1185,78.23,74.85,-3.38,-0.043205931228428994
187,2021-01-01,1186,84.43,83.58,-0.85,-0.010067511548027952
188,2021-01-01,1187,118.73,119.78,1.05,0.008843594710688116
189,2021-01-01,1188,85.32,86.46,1.14,0.013361462728551337
190,2021-01-01,1189,88.55,90.03,1.48,0.01671372106154715
191,2021-01-01,1190,56.79,55.98,-0.81,-0.014263074484944533
192,2021-01-01,1191,69.2,70.15,0.95,0.013728323699421965
193,2021-01-01,1192,105.3,107.03,1.73,0.016429249762583097
194,2021-01-01,1193,98.22,93.79,-4.43,-0.04510283038077784
195,2021-01-01,1194,121.97,120.53,-1.44,-0.011806181847995409
196,2021-01-01,1195,81.62,78.14,-3.48,-0.042636608674344524
197,2021-01-01,1196,97.86,103.43,5.57,0.05691804618843246
198,2021-01-01,1197,98.59,95.61,-2.98,-0.03022618926868851
199,2021-01-01,1198,105.54,106.5,0.96,0.009096077316657191
200,2021-01-01,1199,111.06,107.7,-3.36,-0.030253916801728797
201,2021-02-01,1000,686.81,673.0,-13.81,-0.020107453298583305
202,2021-02-01,1001,702.57,735.14,32.57,0.04635836998448553
203,2021-02-01,1002,750.01,728.93,-21.08,-0.028106291916107785
204,2021-02-01,1003,755.27,795.77,40.5,0.05362320759463503
205,2021-02-01,1004,811.69,800.6,-11.09,-0.01366285158126871
206,2021-02-01,1005,812.19,774.0,-38.19,-0.047021017249658334
207,2021-02-01,1006,726.82,764.22,37.4,0.05145703200242151
208,2021-02-01,1007,1022.25,1056.73,34.48,0.0337295182196136
209,2021-02-01,1008,673.83,658.02,-15.81,-0.02346289123369396
210,2021-02-01,1009,569.41,541.72,-27.69,-0.04862928294199259
211,2021-02-01,1010,549.6,582.69,33.09,0.060207423580786026
212,2021-02-01,1011,674.19,723.17,48.98,0.07265014313472463
213,2021-02-01,1012,767.7,756.12,-11.58,-0.01508401719421649
214,2021-02-01,1013,532.03,507.83,-24.2,-0.04548615679566942
215,2021-02-01,1014,575.82,602.32,26.5,0.04602132610885346
216,2021-02-01,1015,518.64,556.76,38.12,0.07349992287521209
217,2021-02-01,1016,700.66,736.92,36.26,0.05175120600576599
218,2021-02-01,1017,776.42,759.11,-17.31,-0.0222946343473893
219,2021-02-01,1018,550.3,581.05,30.75,0.0558786116663638
220,2021-02-01,1019,617.71,634.96,17.25,0.027925725664146608
221,2021-02-01,1020,537.85,559.3,21.45,0.03988100771590592
222,2021-02-01,1021,391.75,393.45,1.7,0.004339502233567326
223,2021-02-01,1022,499.25,487.5,-11.75,-0.023535302954431646
224,2021-02-01,1023,418.75,419.62,0.87,0.0020776119402985075
225,2021-02-01,1024,405.23,429.26,24.03,0.05929965698492214
226,2021-02-01,1025,398.29,407.83,9.54,0.023952396495016195
227,2021-02-01,1026,404.14,417.94,13.8,0.03414658286732321
228,2021-02-01,1027,581.74,581.84,0.1,0.0001718980988070271
229,2021-02-01,1028,476.61,466.6,-10.01,-0.021002496800318918
230,2021-02-01,1029,481.57,500.83,19.26,0.03999418568432419
231,2021-02-01,1030,396.0,383.25,-12.75,-0.032196969696969696
232,2021-02-01,1031,503.42,494.62,-8.8,-0.01748043383258512
233,2021-02-01,1032,465.85,468.74,2.89,0.00620371364173017
234,2021-02-01,1033,498.17,518.68,20.51,0.04117068470602405
235,2021-02-01,1034,463.71,476.12,12.41,0.02676241616527571
236,2021-02-01,1035,560.87,563.94,3.07,0.005473639167721575
237,2021-02-01,1036,449.06,464.19,15.13,0.033692602324856366
238,2021-02-01,1037,555.06,581.82,26.76,0.04821100421576046
239,2021-02-01,1038,362.85,370.51,7.66,0.021110651784483948
240,2021-02-01,1039,599.15,593.27,-5.88,-0.009813903029291497
241,2021-02-01,1040,269.58,256.3,-13.28,-0.04926181467467913
242,2021-02-01,1041,246.03,265.33,19.3,0.0784457180018697
243,2021-02-01,1042,329.55,348.5,18.95,0.05750265513579123
244,2021-02-01,1043,330.85,332.36,1.51,0.0045640018135106545
245,2021-02-01,1044,286.23,283.84,-2.39,-0.008349928379275407
246,2021-02-01,1045,290.85,299.14,8.29,0.028502664603747636
247,2021-02-01,1046,344.49,371.22,26.73,0.07759296351127754
248,2021-02-01,1047,266.94,272.23,5.29,0.019817187382932495
249,2021-02-01,1048,291.32,309.09,17.77,0.060998215021282436
250,2021-02-01,1049,400.28,418.41,18.13,0.0452932946937144
251,2021-02-01,1050,299.31,286.71,-12.6,-0.04209682269219204
252,2021-02-01,1051,287.4,284.02,-3.38,-0.011760612386917188
253,2021-02-01,1052,293.34,279.22,-14.12,-0.048135269652962435
254,2021-02-01,1053,378.5,402.42,23.92,0.06319682959048877
255,2021-02-01,1054,328.22,334.59,6.37,0.01940771433794406
256,2021-02-01,1055,292.42,287.41,-5.01,-0.017132891047124
257,2021-02-01,1056,280.54,298.2,17.66,0.06295002495187851
258,2021-02-01,1057,304.69,302.09,-2.6,-0.00853326331681381
259,2021-02-01,1058,260.85,279.41,18.56,0.07115200306689669
260,2021-02-01,1059,289.5,301.9,12.4,0.04283246977547496
261,2021-02-01,1060,70.24,67.54,-2.7,-0.03843963553530752
262,2021-02-01,1061,154.8,165.18,10.38,0.06705426356589148
263,2021-02-01,1062,118.56,123.64,5.08,0.042847503373819165
264,2021-02-01,1063,88.66,94.6,5.94,0.06699751861042183
265,2021-02-01,1064,88.13,88.14,0.01,0.0001134687393623056
266,2021-02-01,1065,87.43,92.28,4.85,0.05547294978840215
267,2021-02-01,1066,94.68,90.42,-4.26,-0.044993662864385296
268,2021-02-01,1067,90.05,96.54,6.49,0.07207107162687396
269,2021-02-01,1068,114.02,108.82,-5.2,-0.0456060340291177
270,2021-02-01,1069,102.77,105.5,2.73,0.0265641724238591
271,2021-02-01,1070,125.03,122.98,-2.05,-0.01639606494441334
272,2021-02-01,1071,97.16,92.46,-4.7,-0.048373816385343764
273,2021-02-01,1072,118.27,126.66,8.39,0.07093937600405852
274,2021-02-01,1073,84.17,84.4,0.23,0.0027325650469288347
275,2021-02-01,1074,92.04,91.25,-0.79,-0.0085832246849196
276,2021-02-01,1075,159.14,160.36,1.22,0.007666205856478573
277,2021-02-01,1076,110.16,110.11,-0.05,-0.0004538852578068264
278,2021-02-01,1077,156.69,152.88,-3.81,-0.02431552747463144
279,2021-02-01,1078,110.34,106.93,-3.41,-0.03090447707087185
280,2021-02-01,1079,92.6,96.46,3.86,0.04168466522678186
281,2021-02-01,1080,594.55,569.04,-25.51,-0.04290639979816668
282,2021-02-01,1081,500.18,523.45,23.27,0.04652325162941341
283,2021-02-01,1082,531.14,535.26,4.12,0.007756900252287533
284,2021-02-01,1083,602.32,615.48,13.16,0.021848851109045025
285,2021-02-01,1084,387.87,399.9,12.03,0.031015546445974165
286,2021-02-01,1085,443.06,467.58,24.52,0.055342391549677246
287,2021-02-01,1086,405.42,431.94,26.52,0.06541364510877608
288,2021-02-01,1087,310.43,309.97,-0.46,-0.0014818155461778823
289,2021-02-01,1088,705.03,684.18,-20.85,-0.029573209650653163
290,2021-02-01,1089,301.05,311.08,10.03,0.033316724796545426
291,2021-02-01,1090,371.96,355.58,-16.38,-0.04403699322507797
292,2021-02-01,1091,463.7,459.76,-3.94,-0.008496872978218675
293,2021-02-01,1092,429.88,439.58,9.7,0.0225644365869545
294,2021-02-01,1093,391.7,382.31,-9.39,-0.023972427878478426
295,2021-02-01,1094,439.63,454.35,14.72,0.03348270136250938
296,2021-02-01,1095,482.52,504.06,21.54,0.044640636657547875
297,2021-02-01,1096,499.67,533.71,34.04,0.06812496247523366
298,2021-02-01,1097,418.85,424.93,6.08,0.014515936492777845
299,2021-02-01,1098,391.12,388.79,-2.33,-0.005957250971568828
300,2021-02-01,1099,524.26,535.0,10.74,0.020486018387822835
301,2021-02-01,1100,853.72,825.45,-28.27,-0.03311390151337675
302,2021-02-01,1101,803.21,843.3,40.09,0.049912227188406516
303,2021-02-01,1102,1145.26,1174.44,29.18,0.025478930548521732
304,2021-02-01,1103,1116.28,1062.96,-53.32,-0.04776579352850539
305,2021-02-01,1104,889.5,872.63,-16.87,-0.018965711073636874
306,2021-02-01,1105,865.59,920.84,55.25,0.06382929562494946
307,2021-02-01,1106,921.85,901.86,-19.99,-0.021684655855074036
308,2021-02-01,1107,882.91,913.2,30.29,0.034307007509259156
309,2021-02-01,1108,935.55,937.79,2.24,0.0023943135054246166
310,2021-02-01,1109,915.48,963.23,47.75,0.05215843055009394
311,2021-02-01,1110,797.22,769.54,-27.68,-0.034720654273600764
312,2021-02-01,1111,1148.81,1217.16,68.35,0.059496348395296
313,2021-02-01,1112,818.24,870.55,52.31,0.06392989831834181
314,2021-02-01,1113,947.12,998.94,51.82,0.05471323591519554
315,2021-02-01,1114,1184.54,1212.82,28.28,0.023874246542961823
316,2021-02-01,1115,912.89,956.68,43.79,0.04796853947354007
317,2021-02-01,1116,955.88,909.92,-45.96,-0.04808134912332092
318,2021-02-01,1117,1027.05,1056.28,29.23,0.028460152865001705
319,2021-02-01,1118,851.23,865.07,13.84,0.01625882546432809
320,2021-02-01,1119,780.85,747.07,-33.78,-0.04326054940129346
321,2021-02-01,1120,64.04,63.7,-0.34,-0.005309181761399126
322,2021-02-01,1121,68.17,73.34,5.17,0.07583981223412058
323,2021-02-01,1122,45.47,45.65,0.18,0.003958654057620409
324,2021-02-01,1123,56.11,59.09,2.98,0.05310996257351631
325,2021-02-01,1124,48.97,49.36,0.39,0.007964059628343885
326,2021-02-01,1125,61.12,60.38,-0.74,-0.012107329842931938
327,2021-02-01,1126,52.28,55.3,3.02,0.05776587605202754
328,2021-02-01,1127,44.99,43.81,-1.18,-0.026228050677928428
329,2021-02-01,1128,72.17,77.83,5.66,0.07842593875571567
330,2021-02-01,1129,38.4,36.81,-1.59,-0.04140625
331,2021-02-01,1130,51.98,50.17,-1.81,-0.03482108503270489
332,2021-02-01,1131,60.99,59.16,-1.83,-0.03000491883915396
333,2021-02-01,1132,69.14,65.92,-3.22,-0.04657217240381834
334,2021-02-01,1133,56.22,53.57,-2.65,-0.04713625044468161
335,2021-02-01,1134,76.76,75.48,-1.28,-0.016675351745700884
336,2021-02-01,1135,53.07,56.27,3.2,0.060297719992462785
337,2021-02-01,1136,52.36,56.34,3.98,0.0760122230710466
338,2021-02-01,1137,47.79,49.98,2.19,0.045825486503452605
339,2021-02-01,1138,49.37,52.89,3.52,0.07129835932752684
340,2021-02-01,1139,58.95,60.82,1.87,0.031721798134011873
341,2021-02-01,1140,682.14,665.59,-16.55,-0.024261881725159057
342,2021-02-01,1141,575.35,556.65,-18.7,-0.032501955331537324
343,2021-02-01,1142,603.43,650.78,47.35,0.07846809074789123
344,2021-02-01,1143,613.22,630.6,17.38,0.02834219366622093
345,2021-02-01,1144,683.26,687.15,3.89,0.00569329391446887
346,2021-02-01,1145,650.35,630.49,-19.86,-0.03053740293688014
347,2021-02-01,1146,505.06,517.12,12.06,0.023878351086999563
348,2021-02-01,1147,694.44,743.51,49.07,0.07066125223201429
349,2021-02-01,1148,572.03,567.23,-4.8,-0.008391168295369124
350,2021-02-01,1149,643.44,640.15,-3.29,-0.005113141862489121
351,2021-02-01,1150,552.16,538.27,-13.89,-0.025155751955954795
352,2021-02-01,1151,499.83,512.1,12.27,0.02454834643778885
353,2021-02-01,1152,701.22,714.9,13.68,0.019508855993839308
354,2021-02-01,1153,561.1,580.44,19.34,0.03446800926751025
355,2021-02-01,1154,743.01,752.14,9.13,0.012287856152676276
356,2021-02-01,1155,566.08,557.07,-9.01,-0.01591647823629169
357,2021-02-01,1156,471.35,488.58,17.23,0.036554577278031186
358,2021-02-01,1157,490.78,476.12,-14.66,-0.029870817881739273
359,2021-02-01,1158,656.3,662.79,6.49,0.009888770379399664
360,2021-02-01,1159,588.15,620.03,31.88,0.05420385955963615
361,2021-02-01,1160,47.61,47.48,-0.13,-0.0027305187985717286
362,2021-02-01,1161,43.26,42.64,-0.62,-0.014331946370781322
363,2021-02-01,1162,46.23,47.87,1.64,0.035474799913476095
364,2021-02-01,1163,43.11,46.49,3.38,0.07840408257944792
365,2021-02-01,1164,34.02,34.89,0.87,0.025573192239858905
366,2021-02-01,1165,41.44,44.32,2.88,0.0694980694980695
367,2021-02-01,1166,39.47,40.25,0.78,0.019761844438814288
368,2021-02-01,1167,59.14,57.15,-1.99,-0.03364896854920527
369,2021-02-01,1168,45.99,47.51,1.52,0.03305066318764949
370,2021-02-01,1169,52.22,55.74,3.52,0.0674071237073918
371,2021-02-01,1170,37.4,38.0,0.6,0.016042780748663103
372,2021-02-01,1171,31.55,32.31,0.76,0.024088748019017434
373,2021-02-01,1172,45.72,48.09,2.37,0.05183727034120735
374,2021-02-01,1173,48.53,48.67,0.14,0.00288481351741191
375,2021-02-01,1174,45.23,43.22,-2.01,-0.044439531284545655
376,2021-02-01,1175,44.05,42.89,-1.16,-0.02633371169125993
377,2021-02-01,1176,41.68,44.83,3.15,0.07557581573896353
378,2021-02-01,1177,54.16,54.2,0.04,0.0007385524372230428
379,2021-02-01,1178,40.04,40.23,0.19,0.004745254745254745
380,2021-02-01,1179,42.35,42.42,0.07,0.001652892561983471
381,2021-02-01,1180,73.57,76.37,2.8,0.038058991436726926
382,2021-02-01,1181,77.22,75.79,-1.43,-0.018518518518518517
383,2021-02-01,1182,98.65,105.92,7.27,0.07369488089204257
384,2021-02-01,1183,119.35,116.58,-2.77,-0.023209049015500628
385,2021-02-01,1184,89.98,96.76,6.78,0.07535007779506557
386,2021-02-01,1185,75.96,80.29,4.33,0.05700368615060558
387,2021-02-01,1186,80.97,78.13,-2.84,-0.03507471903174015
388,2021-02-01,1187,118.62,120.36,1.74,0.014668689934243804
389,2021-02-01,1188,86.41,91.5,5.09,0.05890521930332138
390,2021-02-01,1189,85.67,90.83,5.16,0.060231119411696045
391,2021-02-01,1190,56.15,59.51,3.36,0.05983971504897596
392,2021-02-01,1191,64.47,64.81,0.34,0.00527377074608345
393,2021-02-01,1192,102.48,101.36,-1.12,-0.01092896174863388
394,2021-02-01,1193,98.78,94.85,-3.93,-0.03978538165620571
395,2021-02-01,1194,126.53,130.33,3.8,0.030032403382597012
396,2021-02-01,1195,79.85,80.57,0.72,0.009016906700062617
397,2021-02-01,1196,98.62,102.64,4.02,0.04076252281484486
398,2021-02-01,1197,93.61,99.68,6.07,0.06484349962610832
399,2021-02-01,1198,106.03,106.08,0.05,0.0004715646515137225
400,2021-02-01,1199,108.57,110.37,1.8,0.01657916551533573
401,2021-03-01,1000,698.89,745.17,46.28,0.06621929058936313
402,2021-03-01,1001,714.45,716.14,1.69,0.0023654559451326196
403,2021-03-01,1002,715.32,741.26,25.94,0.036263490465805515
404,2021-03-01,1003,744.17,760.53,16.36,0.02198422403483075
405,2021-03-01,1004,782.79,809.66,26.87,0.03432593671355025
406,2021-03-01,1005,830.47,809.22,-21.25,-0.025587920093441064
407,2021-03-01,1006,704.65,679.44,-25.21,-0.035776626694103454
408,2021-03-01,1007,959.52,920.51,-39.01,-0.04065574453893613
409,2021-03-01,1008,667.35,716.19,48.84,0.07318498538997527
410,2021-03-01,1009,552.94,536.3,-16.64,-0.030093681050385214
411,2021-03-01,1010,524.88,508.37,-16.51,-0.0314548087181832
412,2021-03-01,1011,684.11,733.62,49.51,0.07237140225987049
413,2021-03-01,1012,793.43,818.45,25.02,0.03153397275121939
414,2021-03-01,1013,549.83,572.21,22.38,0.040703490169688814
415,2021-03-01,1014,568.94,586.89,17.95,0.031549899813688616
416,2021-03-01,1015,546.26,563.0,16.74,0.030644747922234834
417,2021-03-01,1016,709.54,698.76,-10.78,-0.01519294190602362
418,2021-03-01,1017,779.86,822.56,42.7,0.05475341728002462
419,2021-03-01,1018,586.45,624.23,37.78,0.06442151931110922
420,2021-03-01,1019,640.42,689.63,49.21,0.07684019861965585
421,2021-03-01,1020,533.15,575.23,42.08,0.07892713120135046
422,2021-03-01,1021,378.56,376.38,-2.18,-0.005758664412510567
423,2021-03-01,1022,508.97,491.4,-17.57,-0.03452069866593316
424,2021-03-01,1023,438.32,457.75,19.43,0.04432834458842855
425,2021-03-01,1024,394.3,379.41,-14.89,-0.03776312452447375
426,2021-03-01,1025,412.46,405.35,-7.11,-0.017238035203413663
427,2021-03-01,1026,410.37,405.49,-4.88,-0.011891707483490508
428,2021-03-01,1027,602.0,604.69,2.69,0.00446843853820598
429,2021-03-01,1028,464.17,487.71,23.54,0.050714177995131095
430,2021-03-01,1029,481.59,519.82,38.23,0.07938287755144417
431,2021-03-01,1030,393.53,381.2,-12.33,-0.031331791731253014
432,2021-03-01,1031,519.86,545.7,25.84,0.04970568999345978
433,2021-03-01,1032,452.59,477.04,24.45,0.0540224043836585
434,2021-03-01,1033,525.22,558.23,33.01,0.06284985339476791
435,2021-03-01,1034,470.21,464.17,-6.04,-0.012845324429510219
436,2021-03-01,1035,544.52,546.5,1.98,0.0036362300741937855
437,2021-03-01,1036,421.12,444.84,23.72,0.056325987841945285
438,2021-03-01,1037,572.51,601.57,29.06,0.050758938708494176
439,2021-03-01,1038,367.62,393.27,25.65,0.06977313530275828
440,2021-03-01,1039,648.57,627.11,-21.46,-0.03308817860832292
441,2021-03-01,1040,271.63,265.75,-5.88,-0.021647093472738653
442,2021-03-01,1041,240.56,237.86,-2.7,-0.01122381110741603
443,2021-03-01,1042,329.05,329.83,0.78,0.0023704604163500985
444,2021-03-01,1043,330.76,326.48,-4.28,-0.012939895997097594
445,2021-03-01,1044,264.26,266.43,2.17,0.008211609778248695
446,2021-03-01,1045,283.84,272.02,-11.82,-0.04164317925591883
447,2021-03-01,1046,336.96,359.16,22.2,0.06588319088319089
448,2021-03-01,1047,266.61,262.88,-3.73,-0.013990472975507295
449,2021-03-01,1048,302.18,303.43,1.25,0.004136607320140314
450,2021-03-01,1049,393.98,382.67,-11.31,-0.028707040966546526
451,2021-03-01,1050,288.39,276.51,-11.88,-0.041194216165609074
452,2021-03-01,1051,296.14,304.99,8.85,0.029884514081177822
453,2021-03-01,1052,280.38,285.44,5.06,0.018046936300734718
454,2021-03-01,1053,373.3,367.68,-5.62,-0.015054915617465844
455,2021-03-01,1054,337.04,326.4,-10.64,-0.03156895323997152
456,2021-03-01,1055,293.42,298.19,4.77,0.01625656056165224
457,2021-03-01,1056,277.41,273.42,-3.99,-0.014383043149129447
458,2021-03-01,1057,287.49,289.36,1.87,0.00650457407214164
459,2021-03-01,1058,267.55,287.94,20.39,0.07621005419547748
460,2021-03-01,1059,289.09,309.9,20.81,0.07198450309592168
461,2021-03-01,1060,71.77,75.38,3.61,0.05029956806465097
462,2021-03-01,1061,146.81,155.67,8.86,0.060350112390164155
463,2021-03-01,1062,106.38,105.56,-0.82,-0.007708215830043241
464,2021-03-01,1063,89.0,84.99,-4.01,-0.0450561797752809
465,2021-03-01,1064,84.57,89.46,4.89,0.05782192266761263
466,2021-03-01,1065,81.23,82.29,1.06,0.01304936599778407
467,2021-03-01,1066,93.51,92.47,-1.04,-0.011121805154528928
468,2021-03-01,1067,94.13,92.93,-1.2,-0.012748326782109848
469,2021-03-01,1068,119.91,114.14,-5.77,-0.04811942290050872
470,2021-03-01,1069,102.75,97.87,-4.88,-0.04749391727493917
471,2021-03-01,1070,123.46,128.05,4.59,0.03717803337113235
472,2021-03-01,1071,99.33,94.73,-4.6,-0.0463102788684184
473,2021-03-01,1072,121.85,125.1,3.25,0.026672137874435783
474,2021-03-01,1073,85.69,88.97,3.28,0.03827751196172249
475,2021-03-01,1074,92.1,95.19,3.09,0.03355048859934853
476,2021-03-01,1075,157.36,156.83,-0.53,-0.0033680732079308592
477,2021-03-01,1076,110.8,110.61,-0.19,-0.0017148014440433212
478,2021-03-01,1077,148.49,151.11,2.62,0.01764428581049229
479,2021-03-01,1078,106.92,113.07,6.15,0.05751964085297419
480,2021-03-01,1079,90.06,93.29,3.23,0.035864978902953586
481,2021-03-01,1080,601.32,589.84,-11.48,-0.019091332402048827
482,2021-03-01,1081,492.62,528.4,35.78,0.07263204904388779
483,2021-03-01,1082,543.09,566.6,23.51,0.04328932589441897
484,2021-03-01,1083,592.03,579.88,-12.15,-0.0205226086515886
485,2021-03-01,1084,383.63,390.59,6.96,0.018142481036415296
486,2021-03-01,1085,463.5,477.59,14.09,0.030399137001078748
487,2021-03-01,1086,418.63,418.49,-0.14,-0.0003344241932016339
488,2021-03-01,1087,320.33,313.75,-6.58,-0.020541316767083945
489,2021-03-01,1088,690.57,663.51,-27.06,-0.03918502106955124
490,2021-03-01,1089,309.11,313.09,3.98,0.01287567532593575
491,2021-03-01,1090,415.95,447.1,31.15,0.0748888087510518
492,2021-03-01,1091,487.03,495.41,8.38,0.017206332258793092
493,2021-03-01,1092,423.52,412.61,-10.91,-0.02576029467321496
494,2021-03-01,1093,408.73,408.34,-0.39,-0.0009541751278350011
495,2021-03-01,1094,431.06,413.63,-17.43,-0.04043520623579084
496,2021-03-01,1095,470.18,500.13,29.95,0.06369900889021225
497,2021-03-01,1096,514.25,495.63,-18.62,-0.036208070004861447
498,2021-03-01,1097,425.68,435.65,9.97,0.023421349370419096
499,2021-03-01,1098,372.28,384.61,12.33,0.0331202320833781
500,2021-03-01,1099,576.05,568.79,-7.26,-0.012603072649943581
501,2021-03-01,1100,830.03,858.09,28.06,0.03380600701179475
502,2021-03-01,1101,814.86,784.39,-30.47,-0.0373929263922637
503,2021-03-01,1102,1120.05,1183.5,63.45,0.056649256729610284
504,2021-03-01,1103,1126.33,1109.49,-16.84,-0.014951213232356413
505,2021-03-01,1104,898.13,944.69,46.56,0.051841047509825974
506,2021-03-01,1105,916.97,885.2,-31.77,-0.03464671690458793
507,2021-03-01,1106,939.57,963.28,23.71,0.025234947901699712
508,2021-03-01,1107,877.56,905.66,28.1,0.032020602579880576
509,2021-03-01,1108,948.36,1004.28,55.92,0.05896495001898013
510,2021-03-01,1109,911.51,886.71,-24.8,-0.02720760057487027
511,2021-03-01,1110,771.82,801.83,30.01,0.03888212277474022
512,2021-03-01,1111,1133.33,1157.45,24.12,0.021282415536516285
513,2021-03-01,1112,848.14,826.45,-21.69,-0.025573608130733134
514,2021-03-01,1113,937.38,965.01,27.63,0.029475772898931062
515,2021-03-01,1114,1219.49,1278.54,59.05,0.048421881278239265
516,2021-03-01,1115,929.45,978.58,49.13,0.05285921781698854
517,2021-03-01,1116,944.51,953.51,9.0,0.009528750357328138
518,2021-03-01,1117,986.46,983.26,-3.2,-0.00324392271354135
519,2021-03-01,1118,867.87,934.25,66.38,0.07648610967080323
520,2021-03-01,1119,773.06,754.98,-18.08,-0.023387576643468813
521,2021-03-01,1120,61.9,60.25,-1.65,-0.02665589660743134
522,2021-03-01,1121,65.66,65.04,-0.62,-0.009442583003350593
523,2021-03-01,1122,47.06,46.36,-0.7,-0.014874628134296642
524,2021-03-01,1123,58.16,55.4,-2.76,-0.04745529573590096
525,2021-03-01,1124,49.45,51.18,1.73,0.03498483316481294
526,2021-03-01,1125,62.0,61.93,-0.07,-0.001129032258064516
527,2021-03-01,1126,53.65,53.83,0.18,0.0033550792171481826
528,2021-03-01,1127,43.69,45.02,1.33,0.03044174868390936
529,2021-03-01,1128,68.28,72.88,4.6,0.06736965436438196
530,2021-03-01,1129,38.18,36.62,-1.56,-0.040859088528025146
531,2021-03-01,1130,52.36,51.99,-0.37,-0.0070664629488158895
532,2021-03-01,1131,57.96,57.91,-0.05,-0.000862663906142167
533,2021-03-01,1132,68.43,71.4,2.97,0.04340201665935993
534,2021-03-01,1133,55.27,57.35,2.08,0.037633435860322056
535,2021-03-01,1134,78.3,76.96,-1.34,-0.01711366538952746
536,2021-03-01,1135,53.14,54.07,0.93,0.017500940910801656
537,2021-03-01,1136,52.46,53.89,1.43,0.027258863896301944
538,2021-03-01,1137,49.1,47.84,-1.26,-0.025661914460285134
539,2021-03-01,1138,48.62,51.74,3.12,0.06417112299465241
540,2021-03-01,1139,57.97,59.25,1.28,0.022080386406762118
541,2021-03-01,1140,669.71,671.94,2.23,0.003329799465440265
542,2021-03-01,1141,582.95,562.46,-20.49,-0.03514881207650742
543,2021-03-01,1142,625.69,644.48,18.79,0.03003084594607553
544,2021-03-01,1143,634.17,615.13,-19.04,-0.03002349527729158
545,2021-03-01,1144,661.24,696.82,35.58,0.053807997096364406
546,2021-03-01,1145,657.87,655.16,-2.71,-0.004119354887743779
547,2021-03-01,1146,504.76,487.75,-17.01,-0.03369918377050479
548,2021-03-01,1147,709.06,704.18,-4.88,-0.006882351281978958
549,2021-03-01,1148,604.69,595.23,-9.46,-0.015644379764838182
550,2021-03-01,1149,639.67,631.79,-7.88,-0.01231885190801507
551,2021-03-01,1150,542.08,534.75,-7.33,-0.013521989374262102
552,2021-03-01,1151,513.77,520.41,6.64,0.012924071082390954
553,2021-03-01,1152,684.58,656.48,-28.1,-0.04104706535393964
554,2021-03-01,1153,545.9,554.51,8.61,0.0157721194357941
555,2021-03-01,1154,739.02,714.42,-24.6,-0.03328732645936511
556,2021-03-01,1155,573.35,577.56,4.21,0.007342809802040638
557,2021-03-01,1156,472.29,501.8,29.51,0.06248279658684283
558,2021-03-01,1157,479.61,513.05,33.44,0.06972331686161673
559,2021-03-01,1158,733.55,788.25,54.7,0.07456887737713858
560,2021-03-01,1159,627.43,636.59,9.16,0.014599238162026042
561,2021-03-01,1160,49.32,51.37,2.05,0.04156528791565288
562,2021-03-01,1161,43.65,43.36,-0.29,-0.0066437571592210766
563,2021-03-01,1162,45.84,49.26,3.42,0.07460732984293193
564,2021-03-01,1163,43.71,47.16,3.45,0.0789293067947838
565,2021-03-01,1164,33.22,34.0,0.78,0.023479831426851294
566,2021-03-01,1165,39.62,40.18,0.56,0.014134275618374558
567,2021-03-01,1166,40.09,41.55,1.46,0.036418059366425545
568,2021-03-01,1167,58.43,60.52,2.09,0.0357692965942153
569,2021-03-01,1168,44.44,44.59,0.15,0.0033753375337533752
570,2021-03-01,1169,52.55,51.68,-0.87,-0.016555661274976215
571,2021-03-01,1170,37.67,38.94,1.27,0.033713830634457126
572,2021-03-01,1171,32.19,33.64,1.45,0.04504504504504504
573,2021-03-01,1172,47.6,51.18,3.58,0.07521008403361344
574,2021-03-01,1173,48.78,48.57,-0.21,-0.004305043050430504
575,2021-03-01,1174,47.43,51.15,3.72,0.0784313725490196
576,2021-03-01,1175,43.06,43.37,0.31,0.007199256850905713
577,2021-03-01,1176,39.25,39.62,0.37,0.009426751592356689
578,2021-03-01,1177,55.95,59.64,3.69,0.06595174262734585
579,2021-03-01,1178,37.04,35.84,-1.2,-0.032397408207343416
580,2021-03-01,1179,45.32,43.32,-2.0,-0.0441306266548985
581,2021-03-01,1180,73.82,73.81,-0.01,-0.0001354646437279869
582,2021-03-01,1181,74.49,79.14,4.65,0.06242448650825614
583,2021-03-01,1182,103.5,109.89,6.39,0.06173913043478261
584,2021-03-01,1183,113.47,119.71,6.24,0.05499250903322464
585,2021-03-01,1184,86.11,82.12,-3.99,-0.04633608175589363
586,2021-03-01,1185,77.23,75.85,-1.38,-0.017868703871552507
587,2021-03-01,1186,79.73,79.4,-0.33,-0.004138969020443998
588,2021-03-01,1187,114.68,109.2,-5.48,-0.04778514126264388
589,2021-03-01,1188,87.49,93.81,6.32,0.07223682706595039
590,2021-03-01,1189,84.86,90.87,6.01,0.07082253122790479
591,2021-03-01,1190,54.85,52.79,-2.06,-0.03755697356426618
592,2021-03-01,1191,68.18,66.53,-1.65,-0.02420064535054268
593,2021-03-01,1192,102.21,102.44,0.23,0.0022502690539086194
594,2021-03-01,1193,100.6,97.4,-3.2,-0.03180914512922465
595,2021-03-01,1194,124.24,131.44,7.2,0.05795235028976175
596,2021-03-01,1195,78.29,83.45,5.16,0.06590880061310513
597,2021-03-01,1196,100.06,104.26,4.2,0.04197481511093344
598,2021-03-01,1197,95.1,101.83,6.73,0.07076761303890641
599,2021-03-01,1198,109.4,106.7,-2.7,-0.024680073126142597
600,2021-03-01,1199,107.27,112.42,5.15,0.0480096951617414
601,2021-04-01,1000,720.66,698.81,-21.85,-0.030319429411927955
602,2021-04-01,1001,712.84,678.02,-34.82,-0.04884686605689916
603,2021-04-01,1002,760.27,725.47,-34.8,-0.04577321214831573
604,2021-04-01,1003,775.72,780.04,4.32,0.005569019749394112
605,2021-04-01,1004,782.73,771.85,-10.88,-0.013900067711726905
606,2021-04-01,1005,861.72,892.02,30.3,0.035162233672190506
607,2021-04-01,1006,677.3,707.13,29.83,0.04404252177764654
608,2021-04-01,1007,967.57,1006.32,38.75,0.040048782000268714
609,2021-04-01,1008,668.09,675.47,7.38,0.011046415902049125
610,2021-04-01,1009,542.9,550.35,7.45,0.013722600847301529
611,2021-04-01,1010,518.81,538.73,19.92,0.03839555906786685
612,2021-04-01,1011,658.51,655.21,-3.3,-0.005011313419689906
613,2021-04-01,1012,729.02,718.09,-10.93,-0.01499272996625607
614,2021-04-01,1013,522.42,542.81,20.39,0.03902989931472761
615,2021-04-01,1014,575.73,590.4,14.67,0.02548069407534782
616,2021-04-01,1015,515.55,514.15,-1.4,-0.0027155465037338763
617,2021-04-01,1016,704.07,752.73,48.66,0.06911244620563296
618,2021-04-01,1017,794.35,823.03,28.68,0.03610499150248631
619,2021-04-01,1018,588.73,592.48,3.75,0.006369643130127563
620,2021-04-01,1019,612.87,595.46,-17.41,-0.028407329449964918
621,2021-04-01,1020,520.5,538.19,17.69,0.03398655139289145
622,2021-04-01,1021,375.63,378.11,2.48,0.006602241567499933
623,2021-04-01,1022,483.66,497.13,13.47,0.02785014266220072
624,2021-04-01,1023,443.57,469.94,26.37,0.05944946682598012
625,2021-04-01,1024,405.31,433.8,28.49,0.0702918753546668
626,2021-04-01,1025,409.33,429.69,20.36,0.04973981872816554
627,2021-04-01,1026,426.7,412.59,-14.11,-0.033067729083665336
628,2021-04-01,1027,606.27,614.66,8.39,0.013838718722681314
629,2021-04-01,1028,466.01,455.11,-10.9,-0.023390056007381817
630,2021-04-01,1029,515.57,549.34,33.77,0.06550032003413697
631,2021-04-01,1030,402.98,419.41,16.43,0.04077125415653382
632,2021-04-01,1031,549.37,537.39,-11.98,-0.021806796876422084
633,2021-04-01,1032,440.65,438.34,-2.31,-0.005242255758538522
634,2021-04-01,1033,534.21,524.34,-9.87,-0.018475880271803222
635,2021-04-01,1034,464.26,475.19,10.93,0.02354284237280834
636,2021-04-01,1035,536.67,525.67,-11.0,-0.02049676710082546
637,2021-04-01,1036,420.18,406.62,-13.56,-0.03227188347850921
638,2021-04-01,1037,571.27,556.07,-15.2,-0.02660738354893483
639,2021-04-01,1038,366.98,391.71,24.73,0.06738786854869475
640,2021-04-01,1039,623.86,597.8,-26.06,-0.04177219247908184
641,2021-04-01,1040,258.8,248.58,-10.22,-0.03948995363214838
642,2021-04-01,1041,243.63,237.89,-5.74,-0.0235603168739482
643,2021-04-01,1042,314.95,321.19,6.24,0.01981266867756787
644,2021-04-01,1043,329.74,320.39,-9.35,-0.028355674167525928
645,2021-04-01,1044,274.1,290.1,16.0,0.058372856621670924
646,2021-04-01,1045,290.06,300.56,10.5,0.0361994070192374
647,2021-04-01,1046,345.05,359.97,14.92,0.043240110128966815
648,2021-04-01,1047,267.23,273.73,6.5,0.024323616360438574
649,2021-04-01,1048,300.74,305.46,4.72,0.015694619937487532
650,2021-04-01,1049,397.84,379.23,-18.61,-0.046777599034787856
651,2021-04-01,1050,297.42,299.92,2.5,0.008405621679779436
652,2021-04-01,1051,289.22,298.02,8.8,0.030426664822626376
653,2021-04-01,1052,276.52,267.66,-8.86,-0.03204108201938377
654,2021-04-01,1053,359.05,347.49,-11.56,-0.03219607297033839
655,2021-04-01,1054,339.44,358.57,19.13,0.05635753004949328
656,2021-04-01,1055,299.38,296.87,-2.51,-0.008383993586745941
657,2021-04-01,1056,275.72,295.83,20.11,0.0729363122007834
658,2021-04-01,1057,300.95,292.19,-8.76,-0.029107825220136236
659,2021-04-01,1058,272.84,273.57,0.73,0.002675560768215804
660,2021-04-01,1059,296.28,298.58,2.3,0.007762926960982854
661,2021-04-01,1060,70.88,75.96,5.08,0.0716704288939052
662,2021-04-01,1061,148.68,157.71,9.03,0.06073446327683616
663,2021-04-01,1062,114.05,112.09,-1.96,-0.01718544498027181
664,2021-04-01,1063,85.38,81.74,-3.64,-0.04263293511360974
665,2021-04-01,1064,84.76,90.3,5.54,0.06536101934874941
666,2021-04-01,1065,84.63,84.4,-0.23,-0.00271771239513175
667,2021-04-01,1066,93.52,98.08,4.56,0.04875962360992301
668,2021-04-01,1067,96.12,95.52,-0.6,-0.006242197253433208
669,2021-04-01,1068,118.53,121.4,2.87,0.024213279338564077
670,2021-04-01,1069,111.66,107.47,-4.19,-0.03752462833602006
671,2021-04-01,1070,121.34,130.03,8.69,0.07161694412394923
672,2021-04-01,1071,99.74,97.33,-2.41,-0.02416282334068578
673,2021-04-01,1072,125.25,133.73,8.48,0.06770459081836327
674,2021-04-01,1073,85.53,86.25,0.72,0.008418098912662224
675,2021-04-01,1074,98.41,98.88,0.47,0.004775937404735291
676,2021-04-01,1075,163.11,162.44,-0.67,-0.004107657409110416
677,2021-04-01,1076,106.21,109.12,2.91,0.02739855004236889
678,2021-04-01,1077,153.36,153.2,-0.16,-0.0010432968179447052
679,2021-04-01,1078,107.59,110.16,2.57,0.023886978343712242
680,2021-04-01,1079,97.19,104.58,7.39,0.07603662928284803
681,2021-04-01,1080,590.49,562.42,-28.07,-0.04753679147826381
682,2021-04-01,1081,504.06,494.37,-9.69,-0.01922390191643852
683,2021-04-01,1082,526.98,521.39,-5.59,-0.010607613192151505
684,2021-04-01,1083,606.38,600.57,-5.81,-0.009581450575546687
685,2021-04-01,1084,396.96,407.65,10.69,0.026929665457476822
686,2021-04-01,1085,468.14,494.49,26.35,0.05628658093732644
687,2021-04-01,1086,405.42,396.1,-9.32,-0.022988505747126436
688,2021-04-01,1087,309.9,313.72,3.82,0.012326556953856083
689,2021-04-01,1088,703.33,677.26,-26.07,-0.03706652638164162
690,2021-04-01,1089,308.04,320.22,12.18,0.03954031943903389
691,2021-04-01,1090,412.76,424.45,11.69,0.0283215427851536
692,2021-04-01,1091,450.3,479.88,29.58,0.06568954030646236
693,2021-04-01,1092,426.4,437.03,10.63,0.024929643527204504
694,2021-04-01,1093,394.7,405.26,10.56,0.02675449708639473
695,2021-04-01,1094,446.92,429.14,-17.78,-0.03978340642620603
696,2021-04-01,1095,512.85,540.01,27.16,0.052958954860095546
697,2021-04-01,1096,533.04,574.5,41.46,0.07778027915353444
698,2021-04-01,1097,435.65,461.05,25.4,0.05830368415012051
699,2021-04-01,1098,395.49,387.74,-7.75,-0.019595944271663
700,2021-04-01,1099,522.72,547.55,24.83,0.04750153045607591
701,2021-04-01,1100,859.78,890.47,30.69,0.03569517783619065
702,2021-04-01,1101,838.4,870.03,31.63,0.03772662213740458
703,2021-04-01,1102,1106.33,1064.32,-42.01,-0.037972395216617105
704,2021-04-01,1103,1060.86,1072.21,11.35,0.010698866956997153
705,2021-04-01,1104,894.07,889.65,-4.42,-0.00494368449897659
706,2021-04-01,1105,895.2,945.55,50.35,0.05624441465594281
707,2021-04-01,1106,903.77,888.74,-15.03,-0.016630337364594974
708,2021-04-01,1107,884.93,856.63,-28.3,-0.03197993061598092
709,2021-04-01,1108,955.31,1019.78,64.47,0.06748594697009348
710,2021-04-01,1109,925.65,982.41,56.76,0.061319073083778965
711,2021-04-01,1110,776.68,822.91,46.23,0.05952258330329093
712,2021-04-01,1111,1158.39,1177.25,18.86,0.01628121789725395
713,2021-04-01,1112,847.55,843.57,-3.98,-0.004695888148191847
714,2021-04-01,1113,885.31,938.83,53.52,0.060453400503778336
715,2021-04-01,1114,1140.72,1120.52,-20.2,-0.017708114173504454
716,2021-04-01,1115,951.55,986.3,34.75,0.03651936314434344
717,2021-04-01,1116,907.15,967.36,60.21,0.06637270572672656
718,2021-04-01,1117,1022.07,999.1,-22.97,-0.02247399884548025
719,2021-04-01,1118,822.26,844.18,21.92,0.026658234621652517
720,2021-04-01,1119,797.64,855.76,58.12,0.07286495160724137
721,2021-04-01,1120,63.37,63.97,0.6,0.009468202619536058
722,2021-04-01,1121,66.29,63.88,-2.41,-0.036355408055513655
723,2021-04-01,1122,48.5,46.22,-2.28,-0.047010309278350516
724,2021-04-01,1123,56.97,60.7,3.73,0.06547305599438301
725,2021-04-01,1124,51.5,52.66,1.16,0.022524271844660194
726,2021-04-01,1125,59.53,59.24,-0.29,-0.004871493364690073
727,2021-04-01,1126,53.75,56.31,2.56,0.04762790697674418
728,2021-04-01,1127,46.04,48.36,2.32,0.05039096437880104
729,2021-04-01,1128,66.69,64.12,-2.57,-0.03853651222072275
730,2021-04-01,1129,38.17,37.07,-1.1,-0.02881844380403458
731,2021-04-01,1130,52.79,51.19,-1.6,-0.03030877060049252
732,2021-04-01,1131,62.47,65.29,2.82,0.04514166800064031
733,2021-04-01,1132,67.72,68.6,0.88,0.01299468399291199
734,2021-04-01,1133,53.72,52.06,-1.66,-0.03090096798212956
735,2021-04-01,1134,77.22,74.63,-2.59,-0.03354053354053354
736,2021-04-01,1135,54.64,56.43,1.79,0.03275988286969253
737,2021-04-01,1136,54.63,53.83,-0.8,-0.014643968515467691
738,2021-04-01,1137,50.79,52.48,1.69,0.03327426658791101
739,2021-04-01,1138,48.71,51.22,2.51,0.051529460069800866
740,2021-04-01,1139,57.11,57.87,0.76,0.013307651899842409
741,2021-04-01,1140,685.94,737.96,52.02,0.07583753681079977
742,2021-04-01,1141,604.07,644.28,40.21,0.06656513317992947
743,2021-04-01,1142,610.48,580.36,-30.12,-0.04933822565849823
744,2021-04-01,1143,609.07,587.8,-21.27,-0.03492209434055199
745,2021-04-01,1144,654.66,628.02,-26.64,-0.040692878746219414
746,2021-04-01,1145,624.24,672.13,47.89,0.07671728822247853
747,2021-04-01,1146,518.99,543.4,24.41,0.047033661534904334
748,2021-04-01,1147,729.42,717.69,-11.73,-0.016081270050176854
749,2021-04-01,1148,578.09,572.42,-5.67,-0.009808161358957948
750,2021-04-01,1149,675.3,651.67,-23.63,-0.034991855471642234
751,2021-04-01,1150,551.75,546.04,-5.71,-0.010348889895786135
752,2021-04-01,1151,539.16,557.77,18.61,0.03451665553824468
753,2021-04-01,1152,660.71,666.92,6.21,0.009398979885274932
754,2021-04-01,1153,571.54,572.11,0.57,0.0009973055254225427
755,2021-04-01,1154,721.44,709.14,-12.3,-0.01704923486360612
756,2021-04-01,1155,549.07,592.63,43.56,0.07933414683009453
757,2021-04-01,1156,478.33,485.86,7.53,0.015742269980975478
758,2021-04-01,1157,485.51,479.14,-6.37,-0.013120224094251405
759,2021-04-01,1158,724.59,714.83,-9.76,-0.013469686305358892
760,2021-04-01,1159,574.95,614.85,39.9,0.0693973388990347
761,2021-04-01,1160,47.88,51.64,3.76,0.0785296574770259
762,2021-04-01,1161,41.61,43.61,2.0,0.04806536890170632
763,2021-04-01,1162,45.96,48.12,2.16,0.04699738903394256
764,2021-04-01,1163,44.47,46.43,1.96,0.04407465707218349
765,2021-04-01,1164,31.91,33.94,2.03,0.06361642118458163
766,2021-04-01,1165,41.28,42.41,1.13,0.027374031007751938
767,2021-04-01,1166,39.35,42.11,2.76,0.07013977128335451
768,2021-04-01,1167,58.3,56.16,-2.14,-0.036706689536878216
769,2021-04-01,1168,45.24,46.47,1.23,0.027188328912466843
770,2021-04-01,1169,52.9,51.08,-1.82,-0.03440453686200378
771,2021-04-01,1170,37.5,40.43,2.93,0.07813333333333333
772,2021-04-01,1171,33.38,33.02,-0.36,-0.01078490113840623
773,2021-04-01,1172,46.32,44.34,-1.98,-0.042746113989637305
774,2021-04-01,1173,47.75,50.05,2.3,0.048167539267015703
775,2021-04-01,1174,46.2,47.59,1.39,0.030086580086580085
776,2021-04-01,1175,44.43,47.67,3.24,0.07292370020256583
777,2021-04-01,1176,39.64,41.99,2.35,0.05928355196770938
778,2021-04-01,1177,55.99,54.22,-1.77,-0.03161278799785676
779,2021-04-01,1178,37.59,37.92,0.33,0.008778930566640064
780,2021-04-01,1179,41.62,43.25,1.63,0.03916386352715041
781,2021-04-01,1180,75.92,79.9,3.98,0.052423603793466805
782,2021-04-01,1181,80.26,85.22,4.96,0.06179915275355096
783,2021-04-01,1182,103.71,105.95,2.24,0.021598688651046187
784,2021-04-01,1183,119.1,124.77,5.67,0.04760705289672544
785,2021-04-01,1184,89.31,92.49,3.18,0.03560631508229761
786,2021-04-01,1185,77.37,80.6,3.23,0.04174744733100685
787,2021-04-01,1186,78.92,76.38,-2.54,-0.03218449062341612
788,2021-04-01,1187,118.66,127.03,8.37,0.07053767065565482
789,2021-04-01,1188,85.63,87.74,2.11,0.024640896881933903
790,2021-04-01,1189,81.21,81.85,0.64,0.007880802856791035
791,2021-04-01,1190,52.23,50.18,-2.05,-0.03924947348267279
792,2021-04-01,1191,66.79,71.98,5.19,0.07770624344961821
793,2021-04-01,1192,108.21,114.76,6.55,0.06053045005082709
794,2021-04-01,1193,95.08,93.19,-1.89,-0.019877997475809844
795,2021-04-01,1194,120.19,115.67,-4.52,-0.03760712205674349
796,2021-04-01,1195,79.14,75.2,-3.94,-0.049785190801111955
797,2021-04-01,1196,92.88,89.94,-2.94,-0.03165374677002584
798,2021-04-01,1197,95.82,97.74,1.92,0.020037570444583593
799,2021-04-01,1198,105.37,112.54,7.17,0.06804593337762171
800,2021-04-01,1199,107.32,108.49,1.17,0.01090197540067089
801,2021-05-01,1000,732.57,713.77,-18.8,-0.025663076566061947
802,2021-05-01,1001,697.58,727.55,29.97,0.04296281430086872
803,2021-05-01,1002,745.3,763.44,18.14,0.024339192271568496
804,2021-05-01,1003,750.61,807.63,57.02,0.07596488189605788
805,2021-05-01,1004,758.91,782.55,23.64,0.0311499387279124
806,2021-05-01,1005,847.26,898.02,50.76,0.05991077119184194
807,2021-05-01,1006,712.34,742.86,30.52,0.042844708987281356
808,2021-05-01,1007,1003.58,967.87,-35.71,-0.035582614241017156
809,2021-05-01,1008,697.32,684.95,-12.37,-0.017739344920552975
810,2021-05-01,1009,560.41,589.55,29.14,0.05199764458164558
811,2021-05-01,1010,550.62,549.67,-0.95,-0.001725327812284334
812,2021-05-01,1011,715.15,684.36,-30.79,-0.04305390477522198
813,2021-05-01,1012,744.09,759.91,15.82,0.021260868980902847
814,2021-05-01,1013,545.94,526.05,-19.89,-0.036432575008242665
815,2021-05-01,1014,569.78,580.1,10.32,0.01811225385236407
816,2021-05-01,1015,544.35,526.68,-17.67,-0.032460732984293195
817,2021-05-01,1016,740.15,755.65,15.5,0.020941701006552727
818,2021-05-01,1017,743.05,723.65,-19.4,-0.02610860641948725
819,2021-05-01,1018,549.88,582.04,32.16,0.05848548774278024
820,2021-05-01,1019,605.17,611.05,5.88,0.009716278070624784
821,2021-05-01,1020,522.23,505.52,-16.71,-0.03199739578346705
822,2021-05-01,1021,373.53,377.31,3.78,0.010119669102883302
823,2021-05-01,1022,486.62,509.68,23.06,0.047388105708766594
824,2021-05-01,1023,435.4,437.21,1.81,0.004157096922370234
825,2021-05-01,1024,397.53,387.3,-10.23,-0.025733906874952833
826,2021-05-01,1025,411.42,393.4,-18.02,-0.043799523601186136
827,2021-05-01,1026,427.97,439.2,11.23,0.026240157020351894
828,2021-05-01,1027,579.56,600.79,21.23,0.03663123749051004
829,2021-05-01,1028,474.73,495.4,20.67,0.04354053883259958
830,2021-05-01,1029,475.65,473.44,-2.21,-0.004646273520445706
831,2021-05-01,1030,397.51,393.74,-3.77,-0.009484038137405348
832,2021-05-01,1031,536.91,521.98,-14.93,-0.027807267512246
833,2021-05-01,1032,459.27,477.81,18.54,0.040368410738781106
834,2021-05-01,1033,556.21,585.63,29.42,0.052893691231729024
835,2021-05-01,1034,475.75,452.22,-23.53,-0.04945874934314241
836,2021-05-01,1035,546.55,577.61,31.06,0.056829201353947485
837,2021-05-01,1036,412.3,418.73,6.43,0.015595440213436817
838,2021-05-01,1037,568.1,573.43,5.33,0.009382151029748284
839,2021-05-01,1038,357.18,362.03,4.85,0.013578587826866006
840,2021-05-01,1039,624.35,632.54,8.19,0.013117642348041964
841,2021-05-01,1040,269.29,287.38,18.09,0.0671766497084927
842,2021-05-01,1041,253.21,246.36,-6.85,-0.027052644050392954
843,2021-05-01,1042,324.18,345.18,21.0,0.06477882657782713
844,2021-05-01,1043,329.91,325.0,-4.91,-0.014882846837016156
845,2021-05-01,1044,277.17,274.83,-2.34,-0.008442472129018292
846,2021-05-01,1045,291.3,308.68,17.38,0.059663577068314454
847,2021-05-01,1046,343.07,329.76,-13.31,-0.03879674701955869
848,2021-05-01,1047,257.42,274.58,17.16,0.06666148706394219
849,2021-05-01,1048,281.83,302.17,20.34,0.07217116701557677
850,2021-05-01,1049,395.2,403.62,8.42,0.02130566801619433
851,2021-05-01,1050,293.63,279.09,-14.54,-0.04951810101147703
852,2021-05-01,1051,270.83,271.42,0.59,0.002178488350625854
853,2021-05-01,1052,278.47,281.54,3.07,0.011024526879017489
854,2021-05-01,1053,374.84,395.01,20.17,0.05380962544018782
855,2021-05-01,1054,342.46,352.72,10.26,0.029959703323015827
856,2021-05-01,1055,300.47,289.61,-10.86,-0.03614337537857357
857,2021-05-01,1056,295.98,287.92,-8.06,-0.02723156970065545
858,2021-05-01,1057,304.67,298.31,-6.36,-0.020875045130797257
859,2021-05-01,1058,259.4,254.62,-4.78,-0.018427139552814185
860,2021-05-01,1059,275.28,282.08,6.8,0.024702121476315026
861,2021-05-01,1060,72.83,77.51,4.68,0.064259233832212
862,2021-05-01,1061,149.69,142.61,-7.08,-0.047297748680606586
863,2021-05-01,1062,117.6,119.04,1.44,0.012244897959183673
864,2021-05-01,1063,87.46,84.81,-2.65,-0.030299565515664303
865,2021-05-01,1064,86.07,87.61,1.54,0.01789241315208551
866,2021-05-01,1065,91.87,92.23,0.36,0.003918580603026015
867,2021-05-01,1066,88.92,87.23,-1.69,-0.019005847953216373
868,2021-05-01,1067,93.14,92.49,-0.65,-0.006978741679192613
869,2021-05-01,1068,118.31,126.91,8.6,0.07269038965429803
870,2021-05-01,1069,110.16,116.09,5.93,0.05383079157588962
871,2021-05-01,1070,124.71,128.64,3.93,0.0315131104161655
872,2021-05-01,1071,95.86,95.45,-0.41,-0.004277070728145212
873,2021-05-01,1072,122.4,127.21,4.81,0.03929738562091503
874,2021-05-01,1073,85.95,83.9,-2.05,-0.02385107620709715
875,2021-05-01,1074,93.81,97.45,3.64,0.038801833493231
876,2021-05-01,1075,149.9,144.66,-5.24,-0.034956637758505674
877,2021-05-01,1076,101.33,102.16,0.83,0.008191058916411724
878,2021-05-01,1077,149.67,146.39,-3.28,-0.021914879401349636
879,2021-05-01,1078,112.17,118.79,6.62,0.0590175626281537
880,2021-05-01,1079,93.1,99.3,6.2,0.06659505907626208
881,2021-05-01,1080,570.6,592.81,22.21,0.03892393971258325
882,2021-05-01,1081,496.48,514.67,18.19,0.036637931034482756
883,2021-05-01,1082,525.41,518.46,-6.95,-0.013227764983536667
884,2021-05-01,1083,586.68,598.6,11.92,0.020317720051817003
885,2021-05-01,1084,401.44,395.4,-6.04,-0.015045834994021522
886,2021-05-01,1085,463.21,492.86,29.65,0.06400984434705641
887,2021-05-01,1086,408.61,409.45,0.84,0.0020557499816450894
888,2021-05-01,1087,320.76,318.61,-2.15,-0.006702830776904851
889,2021-05-01,1088,686.17,680.26,-5.91,-0.008613025926519666
890,2021-05-01,1089,318.25,321.03,2.78,0.00873527101335428
891,2021-05-01,1090,396.09,405.88,9.79,0.02471660481203767
892,2021-05-01,1091,469.3,484.8,15.5,0.033027913914340505
893,2021-05-01,1092,434.16,424.41,-9.75,-0.0224571586511885
894,2021-05-01,1093,383.51,369.95,-13.56,-0.03535761779353863
895,2021-05-01,1094,436.96,452.0,15.04,0.03441962651043574
896,2021-05-01,1095,486.84,523.93,37.09,0.07618519431435379
897,2021-05-01,1096,516.06,496.18,-19.88,-0.03852265240475913
898,2021-05-01,1097,414.9,396.59,-18.31,-0.04413111593154977
899,2021-05-01,1098,375.37,386.32,10.95,0.02917121773183792
900,2021-05-01,1099,550.1,567.55,17.45,0.03172150518087621
901,2021-05-01,1100,860.47,888.09,27.62,0.0320987367368996
902,2021-05-01,1101,832.36,792.39,-39.97,-0.048020087462155796
903,2021-05-01,1102,1084.59,1168.37,83.78,0.07724577951115168
904,2021-05-01,1103,1179.66,1123.46,-56.2,-0.04764084566739569
905,2021-05-01,1104,894.97,940.99,46.02,0.05142071801289429
906,2021-05-01,1105,864.54,855.6,-8.94,-0.010340759247692415
907,2021-05-01,1106,896.7,967.13,70.43,0.07854354856696777
908,2021-05-01,1107,847.88,851.61,3.73,0.004399207435014389
909,2021-05-01,1108,951.29,1015.99,64.7,0.06801290878701553
910,2021-05-01,1109,926.21,974.66,48.45,0.05230995130693903
911,2021-05-01,1110,788.66,806.32,17.66,0.022392412446428117
912,2021-05-01,1111,1123.44,1152.47,29.03,0.02584027629423912
913,2021-05-01,1112,834.98,827.28,-7.7,-0.009221777767132146
914,2021-05-01,1113,928.3,909.71,-18.59,-0.020025853711084778
915,2021-05-01,1114,1192.37,1208.21,15.84,0.013284467069785385
916,2021-05-01,1115,874.58,923.55,48.97,0.05599259072926433
917,2021-05-01,1116,965.41,997.39,31.98,0.03312582218953605
918,2021-05-01,1117,1001.59,1014.53,12.94,0.012919458061681925
919,2021-05-01,1118,840.35,891.18,50.83,0.0604867019694175
920,2021-05-01,1119,801.75,863.48,61.73,0.0769940754599314
921,2021-05-01,1120,62.13,63.36,1.23,0.01979719942056977
922,2021-05-01,1121,64.41,62.27,-2.14,-0.03322465455674585
923,2021-05-01,1122,45.54,48.73,3.19,0.07004830917874397
924,2021-05-01,1123,61.57,63.21,1.64,0.02663634887120351
925,2021-05-01,1124,51.57,55.15,3.58,0.06942020554586
926,2021-05-01,1125,62.85,63.74,0.89,0.014160700079554495
927,2021-05-01,1126,54.71,53.55,-1.16,-0.021202705172728934
928,2021-05-01,1127,45.67,45.51,-0.16,-0.0035033939128530766
929,2021-05-01,1128,68.64,68.82,0.18,0.0026223776223776225
930,2021-05-01,1129,37.03,39.61,2.58,0.06967323791520388
931,2021-05-01,1130,50.9,50.84,-0.06,-0.0011787819253438114
932,2021-05-01,1131,59.1,56.98,-2.12,-0.03587140439932318
933,2021-05-01,1132,69.8,72.14,2.34,0.0335243553008596
934,2021-05-01,1133,54.18,56.15,1.97,0.036360280546327055
935,2021-05-01,1134,76.65,76.61,-0.04,-0.0005218525766470971
936,2021-05-01,1135,52.34,53.77,1.43,0.027321360336262895
937,2021-05-01,1136,53.89,55.76,1.87,0.03470031545741325
938,2021-05-01,1137,48.82,48.33,-0.49,-0.010036870135190496
939,2021-05-01,1138,49.23,47.79,-1.44,-0.029250457038391225
940,2021-05-01,1139,58.03,56.51,-1.52,-0.02619334826813717
941,2021-05-01,1140,697.22,676.17,-21.05,-0.030191331287111673
942,2021-05-01,1141,563.54,578.62,15.08,0.026759413706214288
943,2021-05-01,1142,597.22,606.52,9.3,0.01557215096614313
944,2021-05-01,1143,576.99,612.85,35.86,0.06215012391895874
945,2021-05-01,1144,693.04,713.43,20.39,0.029421101235137942
946,2021-05-01,1145,625.19,634.03,8.84,0.014139701530734657
947,2021-05-01,1146,527.52,540.83,13.31,0.02523127085228996
948,2021-05-01,1147,697.98,750.21,52.23,0.07483022436172956
949,2021-05-01,1148,586.53,577.7,-8.83,-0.015054643411249211
950,2021-05-01,1149,663.93,653.1,-10.83,-0.01631196059825584
951,2021-05-01,1150,564.12,603.35,39.23,0.06954194143090123
952,2021-05-01,1151,512.7,509.4,-3.3,-0.006436512580456407
953,2021-05-01,1152,649.34,684.91,35.57,0.05477869837065328
954,2021-05-01,1153,584.21,587.41,3.2,0.005477482412146318
955,2021-05-01,1154,701.34,673.89,-27.45,-0.03913936179313885
956,2021-05-01,1155,546.68,536.78,-9.9,-0.018109314406965685
957,2021-05-01,1156,502.39,536.98,34.59,0.06885089273273752
958,2021-05-01,1157,493.28,517.43,24.15,0.048957995458968534
959,2021-05-01,1158,704.08,683.41,-20.67,-0.029357459379615952
960,2021-05-01,1159,608.84,585.98,-22.86,-0.03754681032783654
961,2021-05-01,1160,47.73,46.06,-1.67,-0.03498847684894196
962,2021-05-01,1161,43.53,42.28,-1.25,-0.028715828164484265
963,2021-05-01,1162,45.49,45.21,-0.28,-0.006155198944823038
964,2021-05-01,1163,44.51,44.86,0.35,0.007863401482812851
965,2021-05-01,1164,31.71,32.42,0.71,0.02239041311888994
966,2021-05-01,1165,42.18,43.84,1.66,0.039355144618302515
967,2021-05-01,1166,36.62,34.92,-1.7,-0.04642271982523211
968,2021-05-01,1167,58.6,58.57,-0.03,-0.0005119453924914675
969,2021-05-01,1168,47.6,47.13,-0.47,-0.009873949579831932
970,2021-05-01,1169,53.08,54.61,1.53,0.028824415975885455
971,2021-05-01,1170,37.33,37.51,0.18,0.004821859094562014
972,2021-05-01,1171,31.72,31.03,-0.69,-0.021752837326607818
973,2021-05-01,1172,47.24,46.95,-0.29,-0.006138865368331922
974,2021-05-01,1173,50.83,54.06,3.23,0.06354515050167224
975,2021-05-01,1174,43.72,45.8,2.08,0.04757548032936871
976,2021-05-01,1175,44.5,45.58,1.08,0.024269662921348314
977,2021-05-01,1176,40.78,39.5,-1.28,-0.03138793526238352
978,2021-05-01,1177,53.4,55.58,2.18,0.04082397003745318
979,2021-05-01,1178,38.22,38.21,-0.01,-0.0002616431187859759
980,2021-05-01,1179,42.95,43.21,0.26,0.006053550640279395
981,2021-05-01,1180,78.39,77.03,-1.36,-0.017349151677509885
982,2021-05-01,1181,81.43,78.13,-3.3,-0.040525604813950636
983,2021-05-01,1182,100.93,105.72,4.79,0.04745863469731497
984,2021-05-01,1183,113.65,118.37,4.72,0.04153101627804663
985,2021-05-01,1184,91.16,97.57,6.41,0.07031592803861343
986,2021-05-01,1185,78.73,77.08,-1.65,-0.020957703543757145
987,2021-05-01,1186,80.45,82.13,1.68,0.020882535736482286
988,2021-05-01,1187,114.17,118.72,4.55,0.039852851011649294
989,2021-05-01,1188,84.61,82.36,-2.25,-0.02659260134735847
990,2021-05-01,1189,85.14,90.96,5.82,0.06835799859055673
991,2021-05-01,1190,57.71,57.96,0.25,0.004332004851845434
992,2021-05-01,1191,68.88,70.18,1.3,0.018873403019744484
993,2021-05-01,1192,106.35,103.2,-3.15,-0.029619181946403384
994,2021-05-01,1193,97.61,92.84,-4.77,-0.04886794385821125
995,2021-05-01,1194,122.72,131.9,9.18,0.07480443285528031
996,2021-05-01,1195,82.21,85.88,3.67,0.04464177107407858
997,2021-05-01,1196,98.07,100.58,2.51,0.025593963495462425
998,2021-05-01,1197,97.49,102.95,5.46,0.05600574417889014
999,2021-05-01,1198,106.3,102.21,-4.09,-0.03847601128880527
1000,2021-05-01,1199,115.21,113.54,-1.67,-0.014495269507855221
1001,2021-06-01,1000,708.1,737.28,29.18,0.04120886880384127
1002,2021-06-01,1001,708.27,754.04,45.77,0.06462224857751987
1003,2021-06-01,1002,721.98,738.08,16.1,0.022299786697692458
1004,2021-06-01,1003,748.46,800.16,51.7,0.0690751676776314
1005,2021-06-01,1004,752.9,757.07,4.17,0.005538584141320228
1006,2021-06-01,1005,804.48,825.19,20.71,0.025743337311058073
1007,2021-06-01,1006,704.65,691.93,-12.72,-0.018051514936493294
1008,2021-06-01,1007,971.76,1001.99,30.23,0.031108504157405122
1009,2021-06-01,1008,682.81,686.8,3.99,0.00584349965583398
1010,2021-06-01,1009,558.27,553.19,-5.08,-0.009099539649273649
1011,2021-06-01,1010,552.33,545.66,-6.67,-0.01207611391740445
1012,2021-06-01,1011,673.5,690.67,17.17,0.025493689680772084
1013,2021-06-01,1012,752.04,780.6,28.56,0.03797670336684219
1014,2021-06-01,1013,537.24,579.06,41.82,0.07784230511503239
1015,2021-06-01,1014,554.4,581.1,26.7,0.04816017316017316
1016,2021-06-01,1015,528.69,509.7,-18.99,-0.03591896952845713
1017,2021-06-01,1016,723.31,774.87,51.56,0.07128340545547553
1018,2021-06-01,1017,825.77,875.53,49.76,0.0602589098659433
1019,2021-06-01,1018,558.15,599.57,41.42,0.0742094419062976
1020,2021-06-01,1019,627.09,615.15,-11.94,-0.019040329139357985
1021,2021-06-01,1020,528.25,554.17,25.92,0.04906767628963559
1022,2021-06-01,1021,373.58,366.85,-6.73,-0.018014883023716472
1023,2021-06-01,1022,503.94,511.47,7.53,0.014942255030360757
1024,2021-06-01,1023,444.17,449.25,5.08,0.011437062386023369
1025,2021-06-01,1024,418.18,422.15,3.97,0.009493519537041466
1026,2021-06-01,1025,427.5,441.72,14.22,0.03326315789473684
1027,2021-06-01,1026,400.46,394.52,-5.94,-0.01483294211656595
1028,2021-06-01,1027,576.33,619.95,43.62,0.07568580500754776
1029,2021-06-01,1028,460.12,487.27,27.15,0.0590063461705642
1030,2021-06-01,1029,484.0,507.05,23.05,0.04762396694214876
1031,2021-06-01,1030,402.62,417.13,14.51,0.036038944910834037
1032,2021-06-01,1031,513.31,499.07,-14.24,-0.027741520718474216
1033,2021-06-01,1032,474.6,486.85,12.25,0.025811209439528023
1034,2021-06-01,1033,519.08,553.59,34.51,0.06648300839947599
1035,2021-06-01,1034,472.89,503.95,31.06,0.06568123665122967
1036,2021-06-01,1035,550.79,589.68,38.89,0.07060767261569745
1037,2021-06-01,1036,425.56,414.94,-10.62,-0.024955352946705516
1038,2021-06-01,1037,538.59,562.17,23.58,0.043780983679607866
1039,2021-06-01,1038,359.73,345.65,-14.08,-0.03914046646095683
1040,2021-06-01,1039,637.76,636.64,-1.12,-0.0017561465127947818
1041,2021-06-01,1040,252.16,256.23,4.07,0.016140545685279187
1042,2021-06-01,1041,230.42,247.45,17.03,0.0739085148858606
1043,2021-06-01,1042,310.4,334.06,23.66,0.07622422680412372
1044,2021-06-01,1043,328.36,345.73,17.37,0.05289925691314411
1045,2021-06-01,1044,275.08,269.61,-5.47,-0.019885124327468372
1046,2021-06-01,1045,291.32,309.74,18.42,0.06322943841823424
1047,2021-06-01,1046,342.52,330.51,-12.01,-0.03506364591848651
1048,2021-06-01,1047,277.08,290.38,13.3,0.0480005774505558
1049,2021-06-01,1048,296.12,310.17,14.05,0.04744698095366743
1050,2021-06-01,1049,393.18,399.1,5.92,0.015056717025281042
1051,2021-06-01,1050,306.77,291.9,-14.87,-0.04847279720963588
1052,2021-06-01,1051,300.81,295.37,-5.44,-0.018084505169376017
1053,2021-06-01,1052,278.66,275.64,-3.02,-0.010837579846407808
1054,2021-06-01,1053,380.89,385.49,4.6,0.012076977605082832
1055,2021-06-01,1054,338.23,337.08,-1.15,-0.003400053218224285
1056,2021-06-01,1055,296.98,299.66,2.68,0.009024176712236515
1057,2021-06-01,1056,288.77,311.36,22.59,0.07822834782006441
1058,2021-06-01,1057,297.18,308.64,11.46,0.03856248738138502
1059,2021-06-01,1058,256.89,260.35,3.46,0.013468799875433065
1060,2021-06-01,1059,290.4,302.09,11.69,0.04025482093663912
1061,2021-06-01,1060,71.45,74.71,3.26,0.04562631210636809
1062,2021-06-01,1061,150.32,158.67,8.35,0.05554816391697712
1063,2021-06-01,1062,111.36,115.62,4.26,0.03825431034482758
1064,2021-06-01,1063,90.12,97.29,7.17,0.07956058588548602
1065,2021-06-01,1064,83.93,84.32,0.39,0.0046467294173716195
1066,2021-06-01,1065,84.47,85.88,1.41,0.016692316798863502
1067,2021-06-01,1066,98.73,95.21,-3.52,-0.03565279043856984
1068,2021-06-01,1067,94.32,92.39,-1.93,-0.02046225614927905
1069,2021-06-01,1068,120.18,115.6,-4.58,-0.03810950241304709
1070,2021-06-01,1069,101.38,105.82,4.44,0.043795620437956206
1071,2021-06-01,1070,130.73,127.33,-3.4,-0.02600780234070221
1072,2021-06-01,1071,102.36,102.85,0.49,0.004787026182102383
1073,2021-06-01,1072,126.09,135.87,9.78,0.07756364501546514
1074,2021-06-01,1073,89.1,88.04,-1.06,-0.011896745230078564
1075,2021-06-01,1074,92.6,93.68,1.08,0.011663066954643628
1076,2021-06-01,1075,158.29,155.93,-2.36,-0.014909343609830058
1077,2021-06-01,1076,99.04,101.57,2.53,0.02554523424878837
1078,2021-06-01,1077,145.07,152.18,7.11,0.04901082236161853
1079,2021-06-01,1078,106.53,108.14,1.61,0.015113113676898526
1080,2021-06-01,1079,92.61,99.41,6.8,0.07342619587517547
1081,2021-06-01,1080,599.46,598.67,-0.79,-0.0013178527341273813
1082,2021-06-01,1081,503.19,487.14,-16.05,-0.031896500327907945
1083,2021-06-01,1082,549.75,562.36,12.61,0.02293769895407003
1084,2021-06-01,1083,611.32,625.2,13.88,0.022704966302427534
1085,2021-06-01,1084,383.56,399.02,15.46,0.04030660131400563
1086,2021-06-01,1085,453.06,469.68,16.62,0.036683882929413325
1087,2021-06-01,1086,413.61,411.63,-1.98,-0.004787118299847682
1088,2021-06-01,1087,324.41,328.86,4.45,0.01371720970376992
1089,2021-06-01,1088,712.96,697.81,-15.15,-0.021249438958707362
1090,2021-06-01,1089,324.78,336.58,11.8,0.0363322864708418
1091,2021-06-01,1090,390.96,414.56,23.6,0.06036423163494987
1092,2021-06-01,1091,453.25,478.72,25.47,0.05619415333701048
1093,2021-06-01,1092,434.78,454.57,19.79,0.04551727310363862
1094,2021-06-01,1093,391.15,386.81,-4.34,-0.011095487664578806
1095,2021-06-01,1094,435.41,424.81,-10.6,-0.024344870352081945
1096,2021-06-01,1095,487.44,465.72,-21.72,-0.04455933037912359
1097,2021-06-01,1096,505.16,489.48,-15.68,-0.031039670599414048
1098,2021-06-01,1097,406.09,400.88,-5.21,-0.012829668300130513
1099,2021-06-01,1098,364.78,371.56,6.78,0.018586545314984375
1100,2021-06-01,1099,536.37,517.82,-18.55,-0.034584335440088
1101,2021-06-01,1100,850.04,881.59,31.55,0.037115900428215144
1102,2021-06-01,1101,849.85,867.8,17.95,0.02112137436018121
1103,2021-06-01,1102,1072.97,1028.84,-44.13,-0.04112882932421223
1104,2021-06-01,1103,1134.31,1189.59,55.28,0.04873447293949626
1105,2021-06-01,1104,847.37,834.88,-12.49,-0.014739724087470644
1106,2021-06-01,1105,884.93,895.56,10.63,0.012012249556462093
1107,2021-06-01,1106,891.6,952.04,60.44,0.06778824585015703
1108,2021-06-01,1107,860.61,881.56,20.95,0.024343198429021277
1109,2021-06-01,1108,976.48,1001.75,25.27,0.025878666229723086
1110,2021-06-01,1109,983.22,1042.88,59.66,0.06067817985801753
1111,2021-06-01,1110,777.14,792.37,15.23,0.019597498520215147
1112,2021-06-01,1111,1179.5,1175.84,-3.66,-0.0031030097498940226
1113,2021-06-01,1112,855.2,816.16,-39.04,-0.045650140318054255
1114,2021-06-01,1113,914.5,920.01,5.51,0.006025150355385456
1115,2021-06-01,1114,1192.43,1166.84,-25.59,-0.02146037922561492
1116,2021-06-01,1115,928.45,942.33,13.88,0.014949647261564974
1117,2021-06-01,1116,962.65,952.6,-10.05,-0.01043993143925622
1118,2021-06-01,1117,980.35,1015.23,34.88,0.03557912990258581
1119,2021-06-01,1118,873.21,938.95,65.74,0.07528544107373943
1120,2021-06-01,1119,761.57,761.24,-0.33,-0.0004333153879485799
1121,2021-06-01,1120,63.42,67.86,4.44,0.07000946073793755
1122,2021-06-01,1121,67.28,64.24,-3.04,-0.04518430439952437
1123,2021-06-01,1122,47.24,48.25,1.01,0.021380186282811176
1124,2021-06-01,1123,55.49,56.93,1.44,0.025950621733645703
1125,2021-06-01,1124,51.13,50.2,-0.93,-0.018188930177977704
1126,2021-06-01,1125,62.23,62.4,0.17,0.0027318013819701108
1127,2021-06-01,1126,54.9,58.47,3.57,0.06502732240437159
1128,2021-06-01,1127,45.14,47.34,2.2,0.04873726185201595
1129,2021-06-01,1128,67.45,71.92,4.47,0.06627131208302446
1130,2021-06-01,1129,38.61,40.01,1.4,0.03626003626003626
1131,2021-06-01,1130,51.02,50.53,-0.49,-0.00960407683261466
1132,2021-06-01,1131,60.51,60.16,-0.35,-0.005784167906131218
1133,2021-06-01,1132,68.56,73.03,4.47,0.06519836639439906
1134,2021-06-01,1133,54.69,58.08,3.39,0.06198573779484366
1135,2021-06-01,1134,76.75,77.46,0.71,0.009250814332247557
1136,2021-06-01,1135,52.43,54.48,2.05,0.03909975205035285
1137,2021-06-01,1136,52.12,54.99,2.87,0.05506523407521105
1138,2021-06-01,1137,49.61,48.06,-1.55,-0.031243700866760735
1139,2021-06-01,1138,48.53,47.9,-0.63,-0.012981660828353597
1140,2021-06-01,1139,55.83,58.48,2.65,0.047465520329571916
1141,2021-06-01,1140,677.9,669.98,-7.92,-0.011683139106062841
1142,2021-06-01,1141,601.26,609.08,7.82,0.013006020689884575
1143,2021-06-01,1142,605.02,592.68,-12.34,-0.020396019966282108
1144,2021-06-01,1143,636.86,619.7,-17.16,-0.02694469742172534
1145,2021-06-01,1144,691.02,729.34,38.32,0.05545425602732193
1146,2021-06-01,1145,651.86,685.6,33.74,0.051759580277973796
1147,2021-06-01,1146,500.58,519.27,18.69,0.03733668944024931
1148,2021-06-01,1147,716.67,692.07,-24.6,-0.03432542174222446
1149,2021-06-01,1148,594.39,629.2,34.81,0.058564242332475314
1150,2021-06-01,1149,649.96,695.94,45.98,0.070742814942458
1151,2021-06-01,1150,547.27,540.37,-6.9,-0.012608036252672355
1152,2021-06-01,1151,523.66,518.07,-5.59,-0.010674865370660352
1153,2021-06-01,1152,668.78,650.61,-18.17,-0.027168874667304645
1154,2021-06-01,1153,555.36,538.2,-17.16,-0.03089887640449438
1155,2021-06-01,1154,754.39,813.56,59.17,0.07843423163085407
1156,2021-06-01,1155,549.11,584.05,34.94,0.06363023802152575
1157,2021-06-01,1156,489.86,526.87,37.01,0.07555219858735149
1158,2021-06-01,1157,489.55,477.8,-11.75,-0.02400163415381473
1159,2021-06-01,1158,698.33,705.78,7.45,0.010668308679277705
1160,2021-06-01,1159,613.41,613.33,-0.08,-0.0001304184802986583
1161,2021-06-01,1160,47.57,45.67,-1.9,-0.039941139373554764
1162,2021-06-01,1161,41.63,44.38,2.75,0.06605813115541677
1163,2021-06-01,1162,44.82,44.38,-0.44,-0.009817045961624275
1164,2021-06-01,1163,45.22,48.12,2.9,0.06413091552410438
1165,2021-06-01,1164,32.52,34.32,1.8,0.055350553505535055
1166,2021-06-01,1165,41.24,42.66,1.42,0.03443258971871969
1167,2021-06-01,1166,38.83,37.17,-1.66,-0.04275045068246201
1168,2021-06-01,1167,61.52,64.34,2.82,0.045838751625487645
1169,2021-06-01,1168,46.09,49.53,3.44,0.07463658060316772
1170,2021-06-01,1169,52.29,51.1,-1.19,-0.022757697456492636
1171,2021-06-01,1170,37.87,37.75,-0.12,-0.0031687351465540005
1172,2021-06-01,1171,32.46,31.05,-1.41,-0.04343807763401109
1173,2021-06-01,1172,47.01,50.03,3.02,0.06424165071261434
1174,2021-06-01,1173,46.75,49.56,2.81,0.06010695187165775
1175,2021-06-01,1174,44.06,47.32,3.26,0.07399001361779392
1176,2021-06-01,1175,44.26,44.61,0.35,0.007907817442385901
1177,2021-06-01,1176,39.97,41.26,1.29,0.03227420565424068
1178,2021-06-01,1177,58.58,61.1,2.52,0.04301809491293957
1179,2021-06-01,1178,39.89,37.9,-1.99,-0.04988718977187265
1180,2021-06-01,1179,43.03,43.02,-0.01,-0.000232396002788752
1181,2021-06-01,1180,76.98,74.16,-2.82,-0.036632891660171474
1182,2021-06-01,1181,79.25,81.54,2.29,0.02889589905362776
1183,2021-06-01,1182,101.13,108.1,6.97,0.06892119054682093
1184,2021-06-01,1183,113.72,121.04,7.32,0.06436862469222653
1185,2021-06-01,1184,88.56,84.41,-4.15,-0.046860885275519425
1186,2021-06-01,1185,78.1,78.29,0.19,0.0024327784891165173
1187,2021-06-01,1186,81.89,83.2,1.31,0.01599706923922335
1188,2021-06-01,1187,119.15,114.96,-4.19,-0.03516575744859421
1189,2021-06-01,1188,86.24,88.81,2.57,0.02980055658627087
1190,2021-06-01,1189,85.74,92.48,6.74,0.07860975040821087
1191,2021-06-01,1190,55.07,54.8,-0.27,-0.004902850917014708
1192,2021-06-01,1191,69.34,68.82,-0.52,-0.0074992789154888955
1193,2021-06-01,1192,102.33,100.97,-1.36,-0.013290335190071337
1194,2021-06-01,1193,94.46,97.89,3.43,0.03631166631378361
1195,2021-06-01,1194,122.84,120.74,-2.1,-0.017095408661673722
1196,2021-06-01,1195,80.13,85.24,5.11,0.06377137152127792
1197,2021-06-01,1196,95.04,92.98,-2.06,-0.021675084175084174
1198,2021-06-01,1197,97.6,95.22,-2.38,-0.024385245901639343
1199,2021-06-01,1198,113.74,111.92,-1.82,-0.016001406717074028
1200,2021-06-01,1199,105.58,108.25,2.67,0.025288880469785946
1201,2021-07-01,1000,706.5,736.55,30.05,0.04253361641896674
1202,2021-07-01,1001,685.57,727.86,42.29,0.06168589640736905
1203,2021-07-01,1002,724.99,751.38,26.39,0.036400502075890705
1204,2021-07-01,1003,746.31,736.94,-9.37,-0.012555104447213625
1205,2021-07-01,1004,783.5,803.61,20.11,0.02566687938736439
1206,2021-07-01,1005,849.78,814.25,-35.53,-0.04181082162442044
1207,2021-07-01,1006,701.18,677.62,-23.56,-0.03360050201089592
1208,2021-07-01,1007,964.22,927.2,-37.02,-0.03839372757254569
1209,2021-07-01,1008,661.84,642.42,-19.42,-0.029342439260244168
1210,2021-07-01,1009,557.27,597.17,39.9,0.07159904534606205
1211,2021-07-01,1010,542.85,544.07,1.22,0.002247397992078843
1212,2021-07-01,1011,682.93,701.47,18.54,0.027147731099819893
1213,2021-07-01,1012,723.59,731.49,7.9,0.010917784933456793
1214,2021-07-01,1013,570.24,615.04,44.8,0.07856341189674523
1215,2021-07-01,1014,587.58,629.22,41.64,0.07086694577759624
1216,2021-07-01,1015,529.56,524.7,-4.86,-0.009177430319510536
1217,2021-07-01,1016,726.75,731.48,4.73,0.006508427932576539
1218,2021-07-01,1017,734.23,703.98,-30.25,-0.04119962409599172
1219,2021-07-01,1018,559.71,597.98,38.27,0.06837469403798395
1220,2021-07-01,1019,601.93,644.82,42.89,0.07125413254032861
1221,2021-07-01,1020,542.93,536.43,-6.5,-0.011972077431713113
1222,2021-07-01,1021,376.42,372.15,-4.27,-0.01134371181127464
1223,2021-07-01,1022,502.39,533.2,30.81,0.06132685762057366
1224,2021-07-01,1023,443.82,454.59,10.77,0.024266594565364338
1225,2021-07-01,1024,402.45,422.38,19.93,0.04952167971176544
1226,2021-07-01,1025,399.5,411.73,12.23,0.030613266583229035
1227,2021-07-01,1026,391.07,401.08,10.01,0.025596440534942592
1228,2021-07-01,1027,592.95,621.43,28.48,0.04803103128425668
1229,2021-07-01,1028,455.71,450.53,-5.18,-0.011366878058414343
1230,2021-07-01,1029,473.1,462.25,-10.85,-0.022933840625660538
1231,2021-07-01,1030,403.54,387.26,-16.28,-0.04034296476185756
1232,2021-07-01,1031,519.7,532.0,12.3,0.02366750048104676
1233,2021-07-01,1032,452.14,433.9,-18.24,-0.04034148714999779
1234,2021-07-01,1033,542.52,541.88,-0.64,-0.0011796800117968
1235,2021-07-01,1034,477.94,500.17,22.23,0.046512114491358746
1236,2021-07-01,1035,525.97,522.78,-3.19,-0.006064984694944578
1237,2021-07-01,1036,424.28,452.73,28.45,0.06705477514848684
1238,2021-07-01,1037,564.18,597.21,33.03,0.05854514516643625
1239,2021-07-01,1038,377.59,370.43,-7.16,-0.018962366588098203
1240,2021-07-01,1039,623.79,669.74,45.95,0.07366261081453694
1241,2021-07-01,1040,260.09,266.44,6.35,0.024414625706486216
1242,2021-07-01,1041,254.52,242.59,-11.93,-0.04687254439729687
1243,2021-07-01,1042,318.24,307.14,-11.1,-0.034879336349924586
1244,2021-07-01,1043,344.09,351.45,7.36,0.021389752680984628
1245,2021-07-01,1044,280.35,282.63,2.28,0.008132691278758694
1246,2021-07-01,1045,281.31,287.64,6.33,0.02250186626852938
1247,2021-07-01,1046,345.55,340.19,-5.36,-0.015511503400376212
1248,2021-07-01,1047,276.47,265.34,-11.13,-0.040257532462835026
1249,2021-07-01,1048,305.18,299.25,-5.93,-0.019431155383707977
1250,2021-07-01,1049,389.68,374.76,-14.92,-0.03828782590843769
1251,2021-07-01,1050,315.46,313.9,-1.56,-0.004945159449692513
1252,2021-07-01,1051,297.43,282.76,-14.67,-0.049322529670846924
1253,2021-07-01,1052,283.12,280.1,-3.02,-0.010666855043797684
1254,2021-07-01,1053,389.42,373.02,-16.4,-0.04211391299881875
1255,2021-07-01,1054,339.82,330.67,-9.15,-0.026926019657465716
1256,2021-07-01,1055,294.62,287.17,-7.45,-0.025286810128300863
1257,2021-07-01,1056,283.04,300.52,17.48,0.06175805539853024
1258,2021-07-01,1057,290.86,299.87,9.01,0.030977102386027643
1259,2021-07-01,1058,280.31,272.23,-8.08,-0.028825229210516928
1260,2021-07-01,1059,281.8,278.74,-3.06,-0.010858765081618168
1261,2021-07-01,1060,73.37,73.38,0.01,0.0001362954886193267
1262,2021-07-01,1061,144.36,147.86,3.5,0.024244943197561653
1263,2021-07-01,1062,107.41,106.31,-1.1,-0.010241132110604227
1264,2021-07-01,1063,87.97,93.12,5.15,0.058542685006252135
1265,2021-07-01,1064,87.06,92.0,4.94,0.056742476453020906
1266,2021-07-01,1065,91.67,92.94,1.27,0.013854041671211955
1267,2021-07-01,1066,95.01,98.27,3.26,0.0343121776655089
1268,2021-07-01,1067,92.46,90.26,-2.2,-0.02379407311269738
1269,2021-07-01,1068,116.11,117.61,1.5,0.012918783911807768
1270,2021-07-01,1069,101.87,104.98,3.11,0.03052910572298027
1271,2021-07-01,1070,122.43,123.26,0.83,0.006779384137874704
1272,2021-07-01,1071,95.9,99.96,4.06,0.042335766423357665
1273,2021-07-01,1072,124.69,132.38,7.69,0.061672948913305
1274,2021-07-01,1073,89.14,89.27,0.13,0.0014583800762844963
1275,2021-07-01,1074,89.84,88.52,-1.32,-0.014692787177203919
1276,2021-07-01,1075,155.81,154.28,-1.53,-0.009819652140427444
1277,2021-07-01,1076,109.62,117.82,8.2,0.07480386790731618
1278,2021-07-01,1077,151.79,154.12,2.33,0.015350154819158046
1279,2021-07-01,1078,106.41,108.55,2.14,0.0201108918334743
1280,2021-07-01,1079,92.34,95.88,3.54,0.03833658219623132
1281,2021-07-01,1080,590.21,621.53,31.32,0.05306585791497941
1282,2021-07-01,1081,489.5,523.43,33.93,0.06931562819203269
1283,2021-07-01,1082,536.77,556.07,19.3,0.03595580975091753
1284,2021-07-01,1083,596.35,627.4,31.05,0.052066739330929826
1285,2021-07-01,1084,389.61,408.1,18.49,0.04745771412438079
1286,2021-07-01,1085,426.93,415.07,-11.86,-0.027779729698076967
1287,2021-07-01,1086,414.22,405.46,-8.76,-0.021148182125440586
1288,2021-07-01,1087,319.83,342.41,22.58,0.07060000625332208
1289,2021-07-01,1088,710.41,765.45,55.04,0.07747638687518475
1290,2021-07-01,1089,316.63,334.08,17.45,0.05511164450620598
1291,2021-07-01,1090,398.57,422.1,23.53,0.05903605389266628
1292,2021-07-01,1091,470.17,481.2,11.03,0.023459599719250483
1293,2021-07-01,1092,448.97,480.84,31.87,0.07098469830946388
1294,2021-07-01,1093,397.03,428.5,31.47,0.0792635317230436
1295,2021-07-01,1094,440.82,471.84,31.02,0.07036885803729413
1296,2021-07-01,1095,481.68,482.43,0.75,0.0015570503238664672
1297,2021-07-01,1096,520.01,503.19,-16.82,-0.03234553181669583
1298,2021-07-01,1097,416.47,422.38,5.91,0.014190698009460465
1299,2021-07-01,1098,381.76,379.93,-1.83,-0.004793587594300084
1300,2021-07-01,1099,560.53,555.9,-4.63,-0.008260039605373486
1301,2021-07-01,1100,848.14,814.77,-33.37,-0.03934491947084208
1302,2021-07-01,1101,847.56,877.56,30.0,0.03539572419651706
1303,2021-07-01,1102,1081.88,1052.08,-29.8,-0.027544644507708802
1304,2021-07-01,1103,1144.69,1227.42,82.73,0.07227284242895457
1305,2021-07-01,1104,907.01,938.15,31.14,0.0343325872923121
1306,2021-07-01,1105,867.95,875.42,7.47,0.008606486548764329
1307,2021-07-01,1106,923.0,918.93,-4.07,-0.004409534127843987
1308,2021-07-01,1107,844.68,817.71,-26.97,-0.031929251314107114
1309,2021-07-01,1108,992.97,1032.82,39.85,0.04013212886592747
1310,2021-07-01,1109,982.7,986.01,3.31,0.0033682710898544823
1311,2021-07-01,1110,763.16,734.97,-28.19,-0.036938518790292994
1312,2021-07-01,1111,1148.22,1156.47,8.25,0.007185034226890317
1313,2021-07-01,1112,863.2,913.15,49.95,0.0578660797034291
1314,2021-07-01,1113,916.22,924.04,7.82,0.008535067996769334
1315,2021-07-01,1114,1106.78,1162.85,56.07,0.05066047452971684
1316,2021-07-01,1115,914.78,946.95,32.17,0.03516692538096591
1317,2021-07-01,1116,957.5,931.68,-25.82,-0.026966057441253265
1318,2021-07-01,1117,995.62,992.71,-2.91,-0.002922801872200237
1319,2021-07-01,1118,831.98,806.74,-25.24,-0.030337267722781797
1320,2021-07-01,1119,752.06,735.74,-16.32,-0.021700396244980453
1321,2021-07-01,1120,65.31,66.64,1.33,0.020364415862808145
1322,2021-07-01,1121,64.19,65.87,1.68,0.026172300981461286
1323,2021-07-01,1122,48.04,46.02,-2.02,-0.04204829308909242
1324,2021-07-01,1123,55.56,59.86,4.3,0.07739380849532038
1325,2021-07-01,1124,51.68,53.34,1.66,0.03212074303405573
1326,2021-07-01,1125,60.75,61.42,0.67,0.01102880658436214
1327,2021-07-01,1126,54.43,56.27,1.84,0.03380488701083961
1328,2021-07-01,1127,44.61,45.33,0.72,0.01613987895090787
1329,2021-07-01,1128,68.28,68.71,0.43,0.006297598125366139
1330,2021-07-01,1129,37.99,39.35,1.36,0.035798894445906816
1331,2021-07-01,1130,53.55,57.37,3.82,0.07133520074696545
1332,2021-07-01,1131,62.08,63.95,1.87,0.03012242268041237
1333,2021-07-01,1132,69.26,74.49,5.23,0.07551256136298007
1334,2021-07-01,1133,53.3,56.32,3.02,0.05666041275797373
1335,2021-07-01,1134,75.47,72.09,-3.38,-0.044786007685172914
1336,2021-07-01,1135,52.38,55.82,3.44,0.06567392134402443
1337,2021-07-01,1136,53.69,53.41,-0.28,-0.005215123859191656
1338,2021-07-01,1137,49.73,51.05,1.32,0.026543334003619544
1339,2021-07-01,1138,46.13,44.08,-2.05,-0.04443962714068936
1340,2021-07-01,1139,57.71,58.38,0.67,0.011609773002945764
1341,2021-07-01,1140,685.8,669.55,-16.25,-0.023694954797317
1342,2021-07-01,1141,601.01,595.21,-5.8,-0.009650421789986855
1343,2021-07-01,1142,616.18,640.49,24.31,0.039452757311175306
1344,2021-07-01,1143,610.99,658.65,47.66,0.0780045499926349
1345,2021-07-01,1144,659.22,641.51,-17.71,-0.02686508297685143
1346,2021-07-01,1145,631.8,627.17,-4.63,-0.007328268439379551
1347,2021-07-01,1146,501.27,533.47,32.2,0.06423683843038681
1348,2021-07-01,1147,716.47,722.94,6.47,0.009030385082417965
1349,2021-07-01,1148,601.65,591.82,-9.83,-0.01633840272583728
1350,2021-07-01,1149,652.83,669.68,16.85,0.0258107011013587
1351,2021-07-01,1150,536.66,553.63,16.97,0.031621510826221444
1352,2021-07-01,1151,504.58,532.6,28.02,0.05553133298981331
1353,2021-07-01,1152,656.27,624.47,-31.8,-0.048455666113032744
1354,2021-07-01,1153,584.87,572.47,-12.4,-0.021201292594935625
1355,2021-07-01,1154,717.04,721.59,4.55,0.006345531630034587
1356,2021-07-01,1155,561.76,569.9,8.14,0.014490173739675306
1357,2021-07-01,1156,496.61,474.85,-21.76,-0.04381707980105113
1358,2021-07-01,1157,502.85,512.13,9.28,0.018454807596698816
1359,2021-07-01,1158,731.17,717.93,-13.24,-0.018107963948192623
1360,2021-07-01,1159,587.94,600.61,12.67,0.021549818008640337
1361,2021-07-01,1160,47.88,49.42,1.54,0.03216374269005848
1362,2021-07-01,1161,42.47,43.31,0.84,0.019778667294560865
1363,2021-07-01,1162,46.04,49.46,3.42,0.07428323197219809
1364,2021-07-01,1163,44.68,43.42,-1.26,-0.02820053715308863
1365,2021-07-01,1164,32.93,33.29,0.36,0.010932280595201944
1366,2021-07-01,1165,39.0,38.45,-0.55,-0.014102564102564103
1367,2021-07-01,1166,38.05,40.43,2.38,0.06254927726675427
1368,2021-07-01,1167,56.26,53.92,-2.34,-0.041592605758976185
1369,2021-07-01,1168,46.03,48.9,2.87,0.06235064088637845
1370,2021-07-01,1169,53.0,52.71,-0.29,-0.005471698113207547
1371,2021-07-01,1170,37.6,40.14,2.54,0.0675531914893617
1372,2021-07-01,1171,32.65,34.77,2.12,0.06493108728943338
1373,2021-07-01,1172,46.63,49.02,2.39,0.05125455715204804
1374,2021-07-01,1173,49.5,47.68,-1.82,-0.03676767676767677
1375,2021-07-01,1174,44.46,44.5,0.04,0.000899685110211426
1376,2021-07-01,1175,44.8,48.35,3.55,0.07924107142857142
1377,2021-07-01,1176,41.01,42.8,1.79,0.04364789075835162
1378,2021-07-01,1177,56.75,55.26,-1.49,-0.026255506607929517
1379,2021-07-01,1178,38.64,40.22,1.58,0.04089026915113872
1380,2021-07-01,1179,42.73,42.91,0.18,0.004212497074654809
1381,2021-07-01,1180,75.05,77.69,2.64,0.035176548967355094
1382,2021-07-01,1181,77.97,81.82,3.85,0.04937796588431448
1383,2021-07-01,1182,101.51,108.36,6.85,0.06748103635109841
1384,2021-07-01,1183,114.85,110.32,-4.53,-0.03944275141488898
1385,2021-07-01,1184,89.8,89.98,0.18,0.0020044543429844097
1386,2021-07-01,1185,79.89,85.62,5.73,0.07172361997746902
1387,2021-07-01,1186,78.36,74.66,-3.7,-0.04721796835119959
1388,2021-07-01,1187,120.32,125.03,4.71,0.03914561170212766
1389,2021-07-01,1188,82.88,80.87,-2.01,-0.024251930501930502
1390,2021-07-01,1189,83.8,81.89,-1.91,-0.02279236276849642
1391,2021-07-01,1190,55.68,57.94,2.26,0.04058908045977012
1392,2021-07-01,1191,67.66,71.74,4.08,0.06030150753768844
1393,2021-07-01,1192,104.02,107.54,3.52,0.03383964622188041
1394,2021-07-01,1193,99.02,96.4,-2.62,-0.026459301151282567
1395,2021-07-01,1194,121.2,117.19,-4.01,-0.033085808580858085
1396,2021-07-01,1195,81.71,80.31,-1.4,-0.017133765756945293
1397,2021-07-01,1196,93.19,94.74,1.55,0.01663268591050542
1398,2021-07-01,1197,96.23,102.8,6.57,0.06827392704977658
1399,2021-07-01,1198,110.16,117.26,7.1,0.06445170660856936
1400,2021-07-01,1199,106.49,107.3,0.81,0.007606348013898019
1401,2021-08-01,1000,707.21,700.31,-6.9,-0.009756649368645806
1402,2021-08-01,1001,703.25,724.83,21.58,0.03068610024884465
1403,2021-08-01,1002,714.75,679.47,-35.28,-0.04935991605456453
1404,2021-08-01,1003,750.64,805.4,54.76,0.07295108174357881
1405,2021-08-01,1004,740.58,753.39,12.81,0.01729725350401037
1406,2021-08-01,1005,827.33,848.03,20.7,0.025020245851111407
1407,2021-08-01,1006,708.11,712.96,4.85,0.0068492183417830565
1408,2021-08-01,1007,971.04,944.31,-26.73,-0.027527187345526446
1409,2021-08-01,1008,725.11,778.06,52.95,0.07302340334569928
1410,2021-08-01,1009,567.45,574.31,6.86,0.01208917085205745
1411,2021-08-01,1010,521.24,538.16,16.92,0.032461054408717674
1412,2021-08-01,1011,684.26,732.95,48.69,0.07115716248209746
1413,2021-08-01,1012,733.99,759.43,25.44,0.03465987275030995
1414,2021-08-01,1013,537.92,519.33,-18.59,-0.03455904223676383
1415,2021-08-01,1014,577.19,555.69,-21.5,-0.03724943259585232
1416,2021-08-01,1015,523.66,513.42,-10.24,-0.019554672879349196
1417,2021-08-01,1016,705.78,681.82,-23.96,-0.03394825583042874
1418,2021-08-01,1017,802.01,821.64,19.63,0.024476004039849876
1419,2021-08-01,1018,564.2,594.63,30.43,0.05393477490251684
1420,2021-08-01,1019,649.16,648.09,-1.07,-0.0016482839361636576
1421,2021-08-01,1020,522.59,507.96,-14.63,-0.027995177864099965
1422,2021-08-01,1021,379.67,377.17,-2.5,-0.006584665630679274
1423,2021-08-01,1022,467.38,496.17,28.79,0.06159869913132783
1424,2021-08-01,1023,435.86,446.96,11.1,0.025466893039049237
1425,2021-08-01,1024,405.22,391.38,-13.84,-0.03415428656038695
1426,2021-08-01,1025,411.3,438.81,27.51,0.06688548504741065
1427,2021-08-01,1026,427.32,407.33,-19.99,-0.04677993073106805
1428,2021-08-01,1027,627.78,605.09,-22.69,-0.036143234891203926
1429,2021-08-01,1028,469.01,487.39,18.38,0.03918892987356346
1430,2021-08-01,1029,508.71,539.2,30.49,0.05993591633740245
1431,2021-08-01,1030,406.16,407.41,1.25,0.003077604884774473
1432,2021-08-01,1031,523.5,511.73,-11.77,-0.02248328557784145
1433,2021-08-01,1032,453.2,483.44,30.24,0.06672550750220653
1434,2021-08-01,1033,507.16,538.63,31.47,0.062051423613849674
1435,2021-08-01,1034,463.85,467.04,3.19,0.006877223240271639
1436,2021-08-01,1035,533.83,549.96,16.13,0.03021561171159358
1437,2021-08-01,1036,410.13,421.09,10.96,0.026723234096505986
1438,2021-08-01,1037,533.99,566.44,32.45,0.060768928257083465
1439,2021-08-01,1038,389.04,388.34,-0.7,-0.0017993008431009664
1440,2021-08-01,1039,592.77,614.86,22.09,0.03726571857550146
1441,2021-08-01,1040,259.07,250.82,-8.25,-0.03184467518431312
1442,2021-08-01,1041,256.86,275.02,18.16,0.07069999221365725
1443,2021-08-01,1042,335.81,339.92,4.11,0.012239063756290759
1444,2021-08-01,1043,334.15,348.62,14.47,0.04330390543169235
1445,2021-08-01,1044,274.3,279.78,5.48,0.01997812613926358
1446,2021-08-01,1045,287.9,297.09,9.19,0.0319208058353595
1447,2021-08-01,1046,337.39,326.51,-10.88,-0.032247547348765525
1448,2021-08-01,1047,264.81,266.06,1.25,0.004720365545107813
1449,2021-08-01,1048,288.45,305.29,16.84,0.05838100190674294
1450,2021-08-01,1049,397.06,392.6,-4.46,-0.011232559310935374
1451,2021-08-01,1050,300.8,301.46,0.66,0.002194148936170213
1452,2021-08-01,1051,275.3,266.89,-8.41,-0.030548492553577916
1453,2021-08-01,1052,284.2,302.85,18.65,0.06562280084447572
1454,2021-08-01,1053,383.78,397.04,13.26,0.03455104486945646
1455,2021-08-01,1054,332.79,347.48,14.69,0.044141951380750624
1456,2021-08-01,1055,309.27,327.41,18.14,0.058654250331425614
1457,2021-08-01,1056,280.17,300.16,19.99,0.07134953778063319
1458,2021-08-01,1057,305.34,306.62,1.28,0.004192048208554398
1459,2021-08-01,1058,258.64,256.88,-1.76,-0.006804825239715435
1460,2021-08-01,1059,286.23,304.3,18.07,0.06313104845753414
1461,2021-08-01,1060,68.9,66.42,-2.48,-0.035994194484760524
1462,2021-08-01,1061,146.29,153.7,7.41,0.0506528129058719
1463,2021-08-01,1062,115.62,110.58,-5.04,-0.043591074208614425
1464,2021-08-01,1063,85.21,85.38,0.17,0.001995071001056214
1465,2021-08-01,1064,84.5,83.65,-0.85,-0.010059171597633136
1466,2021-08-01,1065,85.44,83.33,-2.11,-0.024695692883895132
1467,2021-08-01,1066,95.72,94.61,-1.11,-0.011596322607605515
1468,2021-08-01,1067,87.85,87.63,-0.22,-0.002504268639726807
1469,2021-08-01,1068,111.2,110.95,-0.25,-0.0022482014388489208
1470,2021-08-01,1069,106.79,112.64,5.85,0.05478041015076318
1471,2021-08-01,1070,127.89,131.98,4.09,0.03198060833528814
1472,2021-08-01,1071,97.92,96.59,-1.33,-0.013582516339869281
1473,2021-08-01,1072,122.87,127.45,4.58,0.03727516887767559
1474,2021-08-01,1073,85.08,89.41,4.33,0.05089327691584391
1475,2021-08-01,1074,97.78,101.36,3.58,0.03661280425444876
1476,2021-08-01,1075,151.8,152.66,0.86,0.005665349143610013
1477,2021-08-01,1076,109.11,110.85,1.74,0.015947209238383282
1478,2021-08-01,1077,148.76,147.07,-1.69,-0.01136058080129067
1479,2021-08-01,1078,102.76,98.02,-4.74,-0.04612689762553523
1480,2021-08-01,1079,93.08,92.85,-0.23,-0.0024709926944563817
1481,2021-08-01,1080,622.13,643.0,20.87,0.03354604343143716
1482,2021-08-01,1081,502.89,511.13,8.24,0.016385293006422875
1483,2021-08-01,1082,549.97,536.09,-13.88,-0.025237740240376748
1484,2021-08-01,1083,588.27,606.71,18.44,0.03134615057711595
1485,2021-08-01,1084,395.82,404.67,8.85,0.02235864787024405
1486,2021-08-01,1085,434.96,466.99,32.03,0.07363895530623506
1487,2021-08-01,1086,426.68,444.89,18.21,0.042678353801443705
1488,2021-08-01,1087,302.54,310.29,7.75,0.025616447411912473
1489,2021-08-01,1088,695.26,697.89,2.63,0.003782757529557288
1490,2021-08-01,1089,317.2,310.64,-6.56,-0.020680958385876417
1491,2021-08-01,1090,404.82,434.19,29.37,0.07255076330220839
1492,2021-08-01,1091,491.26,523.17,31.91,0.0649554207547938
1493,2021-08-01,1092,449.98,459.82,9.84,0.021867638561713854
1494,2021-08-01,1093,406.02,409.58,3.56,0.008768040983202798
1495,2021-08-01,1094,442.74,467.08,24.34,0.054975832316935445
1496,2021-08-01,1095,510.65,512.33,1.68,0.0032899246058944484
1497,2021-08-01,1096,531.02,551.33,20.31,0.03824714700011299
1498,2021-08-01,1097,403.33,412.13,8.8,0.021818362135224256
1499,2021-08-01,1098,383.69,400.59,16.9,0.0440459746149235
1500,2021-08-01,1099,535.22,510.86,-24.36,-0.04551399424535705
1501,2021-08-01,1100,860.67,822.41,-38.26,-0.04445373952850686
1502,2021-08-01,1101,873.58,878.44,4.86,0.005563314178438151
1503,2021-08-01,1102,1070.4,1081.73,11.33,0.010584828101644244
1504,2021-08-01,1103,1134.82,1142.09,7.27,0.006406302321072945
1505,2021-08-01,1104,900.02,885.6,-14.42,-0.016021866180751538
1506,2021-08-01,1105,882.09,928.73,46.64,0.05287442324479361
1507,2021-08-01,1106,915.02,883.76,-31.26,-0.03416318768988656
1508,2021-08-01,1107,874.29,922.69,48.4,0.055359205755527344
1509,2021-08-01,1108,937.36,981.74,44.38,0.04734573696338653
1510,2021-08-01,1109,956.17,1001.34,45.17,0.04724055345806708
1511,2021-08-01,1110,770.68,830.18,59.5,0.07720454663414128
1512,2021-08-01,1111,1132.11,1099.84,-32.27,-0.028504297285599455
1513,2021-08-01,1112,854.2,854.71,0.51,0.0005970498712245375
1514,2021-08-01,1113,897.51,857.02,-40.49,-0.045113703468485034
1515,2021-08-01,1114,1181.01,1166.79,-14.22,-0.012040541570350801
1516,2021-08-01,1115,875.92,889.35,13.43,0.015332450452096082
1517,2021-08-01,1116,972.46,1027.14,54.68,0.05622853382144253
1518,2021-08-01,1117,981.5,966.59,-14.91,-0.015191034131431483
1519,2021-08-01,1118,858.64,893.05,34.41,0.040075002329264885
1520,2021-08-01,1119,790.9,771.4,-19.5,-0.024655455809836895
1521,2021-08-01,1120,64.22,64.94,0.72,0.011211460604173155
1522,2021-08-01,1121,66.18,70.39,4.21,0.06361438501057722
1523,2021-08-01,1122,48.0,47.48,-0.52,-0.010833333333333334
1524,2021-08-01,1123,58.19,61.66,3.47,0.0596322392163602
1525,2021-08-01,1124,51.16,50.07,-1.09,-0.021305707584050038
1526,2021-08-01,1125,59.75,60.14,0.39,0.0065271966527196655
1527,2021-08-01,1126,54.93,52.19,-2.74,-0.049881667576916075
1528,2021-08-01,1127,43.45,43.6,0.15,0.0034522439585730723
1529,2021-08-01,1128,70.81,75.88,5.07,0.07160005648919644
1530,2021-08-01,1129,38.64,38.74,0.1,0.002587991718426501
1531,2021-08-01,1130,51.34,48.97,-2.37,-0.04616283599532528
1532,2021-08-01,1131,61.05,62.32,1.27,0.020802620802620804
1533,2021-08-01,1132,67.5,71.4,3.9,0.057777777777777775
1534,2021-08-01,1133,54.26,54.36,0.1,0.0018429782528566162
1535,2021-08-01,1134,77.62,75.33,-2.29,-0.02950270548827622
1536,2021-08-01,1135,52.55,56.12,3.57,0.06793529971455757
1537,2021-08-01,1136,54.37,52.69,-1.68,-0.030899393047636566
1538,2021-08-01,1137,48.89,49.54,0.65,0.013295152382900388
1539,2021-08-01,1138,46.37,46.38,0.01,0.000215656674574078
1540,2021-08-01,1139,56.7,59.93,3.23,0.05696649029982363
1541,2021-08-01,1140,673.9,700.48,26.58,0.03944205371716872
1542,2021-08-01,1141,591.2,636.25,45.05,0.07620094722598106
1543,2021-08-01,1142,606.68,591.42,-15.26,-0.025153293334212436
1544,2021-08-01,1143,609.3,593.29,-16.01,-0.02627605448875759
1545,2021-08-01,1144,650.79,623.91,-26.88,-0.041303646337528234
1546,2021-08-01,1145,653.38,691.18,37.8,0.057853010499250054
1547,2021-08-01,1146,517.04,529.45,12.41,0.024002011449791118
1548,2021-08-01,1147,723.38,694.67,-28.71,-0.03968868367939395
1549,2021-08-01,1148,589.42,566.34,-23.08,-0.0391571375250246
1550,2021-08-01,1149,641.84,686.47,44.63,0.06953446341767419
1551,2021-08-01,1150,557.06,556.32,-0.74,-0.0013284026855275913
1552,2021-08-01,1151,523.65,529.96,6.31,0.012050033419268595
1553,2021-08-01,1152,660.41,690.7,30.29,0.04586544722218016
1554,2021-08-01,1153,548.72,555.71,6.99,0.012738737425280653
1555,2021-08-01,1154,683.12,694.18,11.06,0.01619042042393723
1556,2021-08-01,1155,552.73,557.21,4.48,0.008105223165017278
1557,2021-08-01,1156,481.94,489.03,7.09,0.01471137485994107
1558,2021-08-01,1157,515.46,532.05,16.59,0.032184844604819
1559,2021-08-01,1158,724.27,747.6,23.33,0.03221174423902688
1560,2021-08-01,1159,581.89,622.99,41.1,0.07063190637405695
1561,2021-08-01,1160,49.4,51.1,1.7,0.03441295546558704
1562,2021-08-01,1161,44.39,46.58,2.19,0.04933543590898851
1563,2021-08-01,1162,44.88,48.32,3.44,0.0766488413547237
1564,2021-08-01,1163,45.89,48.04,2.15,0.046851165831335806
1565,2021-08-01,1164,31.34,30.03,-1.31,-0.041799617102744095
1566,2021-08-01,1165,42.46,42.37,-0.09,-0.002119642016015073
1567,2021-08-01,1166,40.36,39.96,-0.4,-0.009910802775024777
1568,2021-08-01,1167,58.72,57.66,-1.06,-0.018051771117166212
1569,2021-08-01,1168,44.68,42.98,-1.7,-0.03804834377797672
1570,2021-08-01,1169,52.29,49.84,-2.45,-0.04685408299866131
1571,2021-08-01,1170,37.38,37.88,0.5,0.01337613697164259
1572,2021-08-01,1171,32.31,34.85,2.54,0.07861343237387805
1573,2021-08-01,1172,46.82,49.94,3.12,0.06663818880820162
1574,2021-08-01,1173,46.68,47.93,1.25,0.026778063410454155
1575,2021-08-01,1174,42.6,43.53,0.93,0.021830985915492956
1576,2021-08-01,1175,44.04,44.42,0.38,0.00862851952770209
1577,2021-08-01,1176,40.01,39.72,-0.29,-0.007248187953011747
1578,2021-08-01,1177,56.4,53.84,-2.56,-0.04539007092198582
1579,2021-08-01,1178,39.59,38.51,-1.08,-0.027279616064662792
1580,2021-08-01,1179,43.07,45.76,2.69,0.062456466217785
1581,2021-08-01,1180,73.79,78.92,5.13,0.06952161539503998
1582,2021-08-01,1181,80.02,77.17,-2.85,-0.035616095976006
1583,2021-08-01,1182,100.13,101.22,1.09,0.010885848397083791
1584,2021-08-01,1183,116.58,119.76,3.18,0.02727740607308286
1585,2021-08-01,1184,87.78,88.18,0.4,0.00455684666210982
1586,2021-08-01,1185,80.3,79.22,-1.08,-0.013449564134495641
1587,2021-08-01,1186,82.44,83.34,0.9,0.010917030567685589
1588,2021-08-01,1187,118.92,115.43,-3.49,-0.029347460477632023
1589,2021-08-01,1188,87.82,84.41,-3.41,-0.03882942382145297
1590,2021-08-01,1189,81.62,87.99,6.37,0.07804459691252144
1591,2021-08-01,1190,56.89,59.99,3.1,0.054491123220249606
1592,2021-08-01,1191,68.74,68.4,-0.34,-0.004946173988943846
1593,2021-08-01,1192,105.44,111.65,6.21,0.05889605462822458
1594,2021-08-01,1193,100.68,103.58,2.9,0.028804131903059197
1595,2021-08-01,1194,119.02,117.38,-1.64,-0.013779196773651487
1596,2021-08-01,1195,81.3,77.25,-4.05,-0.04981549815498155
1597,2021-08-01,1196,97.88,103.81,5.93,0.06058438904781365
1598,2021-08-01,1197,93.72,99.4,5.68,0.06060606060606061
1599,2021-08-01,1198,113.05,114.14,1.09,0.009641751437417072
1600,2021-08-01,1199,109.22,116.34,7.12,0.06518952572788866
1601,2021-09-01,1000,707.26,727.49,20.23,0.028603342476599836
1602,2021-09-01,1001,702.54,730.9,28.36,0.0403678082386768
1603,2021-09-01,1002,735.26,786.13,50.87,0.06918641024943557
1604,2021-09-01,1003,794.03,789.53,-4.5,-0.005667292167802224
1605,2021-09-01,1004,802.12,855.48,53.36,0.06652371216276866
1606,2021-09-01,1005,836.49,880.02,43.53,0.052038876734928095
1607,2021-09-01,1006,713.52,762.94,49.42,0.0692622491310685
1608,2021-09-01,1007,996.06,1055.7,59.64,0.05987591108969339
1609,2021-09-01,1008,671.13,677.46,6.33,0.00943185373921595
1610,2021-09-01,1009,573.16,606.91,33.75,0.0588840812338614
1611,2021-09-01,1010,543.87,554.05,10.18,0.01871770827587475
1612,2021-09-01,1011,681.71,691.37,9.66,0.01417024834607091
1613,2021-09-01,1012,767.69,804.24,36.55,0.04761036355820709
1614,2021-09-01,1013,556.84,570.67,13.83,0.024836577832052294
1615,2021-09-01,1014,585.45,603.12,17.67,0.030181911350243402
1616,2021-09-01,1015,515.8,493.46,-22.34,-0.0433113609926328
1617,2021-09-01,1016,708.66,683.74,-24.92,-0.03516495921880733
1618,2021-09-01,1017,799.19,858.83,59.64,0.07462555837785759
1619,2021-09-01,1018,551.53,527.79,-23.74,-0.04304389607092996
1620,2021-09-01,1019,617.69,630.72,13.03,0.021094723890624747
1621,2021-09-01,1020,541.56,526.8,-14.76,-0.027254597828495458
1622,2021-09-01,1021,376.68,390.03,13.35,0.035441223319528516
1623,2021-09-01,1022,490.37,474.78,-15.59,-0.0317923200848339
1624,2021-09-01,1023,455.92,471.59,15.67,0.03437006492367082
1625,2021-09-01,1024,411.94,395.19,-16.75,-0.04066126134874011
1626,2021-09-01,1025,417.36,447.74,30.38,0.07279087598236535
1627,2021-09-01,1026,396.51,413.97,17.46,0.04403419838087312
1628,2021-09-01,1027,628.13,624.84,-3.29,-0.005237769251588047
1629,2021-09-01,1028,475.74,452.99,-22.75,-0.04782023794509606
1630,2021-09-01,1029,483.42,507.35,23.93,0.04950146870216375
1631,2021-09-01,1030,385.26,370.01,-15.25,-0.03958365778954472
1632,2021-09-01,1031,525.21,552.95,27.74,0.05281696845071495
1633,2021-09-01,1032,448.26,448.17,-0.09,-0.0002007763351626288
1634,2021-09-01,1033,525.49,546.07,20.58,0.03916344744904755
1635,2021-09-01,1034,479.06,472.77,-6.29,-0.01312987934705465
1636,2021-09-01,1035,545.7,537.64,-8.06,-0.014770020157595749
1637,2021-09-01,1036,443.18,434.66,-8.52,-0.019224694255155918
1638,2021-09-01,1037,565.38,566.12,0.74,0.0013088542219392267
1639,2021-09-01,1038,380.43,389.51,9.08,0.023867728622874115
1640,2021-09-01,1039,591.85,605.62,13.77,0.0232660302441497
1641,2021-09-01,1040,268.17,287.01,18.84,0.07025394339411567
1642,2021-09-01,1041,247.23,243.21,-4.02,-0.016260162601626015
1643,2021-09-01,1042,324.98,316.25,-8.73,-0.02686319158102037
1644,2021-09-01,1043,341.52,342.49,0.97,0.0028402436167720775
1645,2021-09-01,1044,286.15,295.81,9.66,0.03375851825965403
1646,2021-09-01,1045,289.8,307.71,17.91,0.061801242236024845
1647,2021-09-01,1046,332.76,342.19,9.43,0.02833874263733622
1648,2021-09-01,1047,275.14,266.12,-9.02,-0.032783310314748855
1649,2021-09-01,1048,291.58,310.12,18.54,0.06358460799780506
1650,2021-09-01,1049,393.22,382.55,-10.67,-0.027134937185290676
1651,2021-09-01,1050,306.33,302.63,-3.7,-0.012078477458949499
1652,2021-09-01,1051,285.76,272.79,-12.97,-0.04538773796192609
1653,2021-09-01,1052,270.07,278.44,8.37,0.03099196504609916
1654,2021-09-01,1053,376.19,369.14,-7.05,-0.018740530051303862
1655,2021-09-01,1054,322.8,337.09,14.29,0.04426889714993804
1656,2021-09-01,1055,294.57,317.97,23.4,0.07943782462572563
1657,2021-09-01,1056,280.49,287.86,7.37,0.0262754465399836
1658,2021-09-01,1057,288.74,303.94,15.2,0.05264251575812149
1659,2021-09-01,1058,271.98,293.06,21.08,0.07750569894845209
1660,2021-09-01,1059,289.6,308.2,18.6,0.06422651933701658
1661,2021-09-01,1060,67.79,70.31,2.52,0.03717362442838177
1662,2021-09-01,1061,149.91,144.38,-5.53,-0.036888799946634646
1663,2021-09-01,1062,111.63,111.13,-0.5,-0.004479082683866344
1664,2021-09-01,1063,86.81,92.03,5.22,0.06013132127635065
1665,2021-09-01,1064,84.34,91.01,6.67,0.07908465733934077
1666,2021-09-01,1065,87.3,93.16,5.86,0.06712485681557846
1667,2021-09-01,1066,96.54,102.41,5.87,0.06080381189144396
1668,2021-09-01,1067,92.21,93.71,1.5,0.01626721613707841
1669,2021-09-01,1068,116.79,112.69,-4.1,-0.035105745354910525
1670,2021-09-01,1069,103.89,100.49,-3.4,-0.032726922706709016
1671,2021-09-01,1070,124.66,124.62,-0.04,-0.0003208727739451307
1672,2021-09-01,1071,94.49,100.64,6.15,0.0650862525134935
1673,2021-09-01,1072,131.6,140.21,8.61,0.06542553191489361
1674,2021-09-01,1073,86.11,89.66,3.55,0.04122633840436651
1675,2021-09-01,1074,94.43,90.16,-4.27,-0.0452186805040771
1676,2021-09-01,1075,155.19,162.57,7.38,0.04755461047747922
1677,2021-09-01,1076,102.83,102.24,-0.59,-0.005737625206651755
1678,2021-09-01,1077,146.38,150.78,4.4,0.030058751195518513
1679,2021-09-01,1078,111.71,112.88,1.17,0.010473547578551607
1680,2021-09-01,1079,87.89,93.14,5.25,0.059733758106724315
1681,2021-09-01,1080,596.1,636.92,40.82,0.0684784432142258
1682,2021-09-01,1081,506.13,488.81,-17.32,-0.03422045719479185
1683,2021-09-01,1082,527.18,513.76,-13.42,-0.025456200918092493
1684,2021-09-01,1083,607.37,648.72,41.35,0.06808041226929219
1685,2021-09-01,1084,395.77,381.87,-13.9,-0.035121408899108066
1686,2021-09-01,1085,465.83,465.18,-0.65,-0.0013953588218878132
1687,2021-09-01,1086,414.81,432.64,17.83,0.042983534630312674
1688,2021-09-01,1087,307.7,329.44,21.74,0.07065323366915827
1689,2021-09-01,1088,702.13,719.28,17.15,0.024425676156837054
1690,2021-09-01,1089,316.85,307.89,-8.96,-0.02827836515701436
1691,2021-09-01,1090,410.54,420.44,9.9,0.024114580796024746
1692,2021-09-01,1091,483.65,518.77,35.12,0.0726144939522382
1693,2021-09-01,1092,419.35,415.29,-4.06,-0.00968165017288661
1694,2021-09-01,1093,406.17,407.07,0.9,0.0022158209616662972
1695,2021-09-01,1094,469.75,478.7,8.95,0.01905268759978712
1696,2021-09-01,1095,485.7,462.98,-22.72,-0.04677784640724727
1697,2021-09-01,1096,523.71,563.42,39.71,0.07582440663726107
1698,2021-09-01,1097,423.95,428.74,4.79,0.011298502181861068
1699,2021-09-01,1098,376.73,388.75,12.02,0.03190613967562976
1700,2021-09-01,1099,561.77,605.61,43.84,0.0780390551293234
1701,2021-09-01,1100,879.03,944.3,65.27,0.07425230083159846
1702,2021-09-01,1101,838.28,824.2,-14.08,-0.016796297179939877
1703,2021-09-01,1102,1112.18,1183.03,70.85,0.0637037170242227
1704,2021-09-01,1103,1048.66,1055.07,6.41,0.006112562699063567
1705,2021-09-01,1104,904.92,911.4,6.48,0.007160853998143482
1706,2021-09-01,1105,853.51,811.69,-41.82,-0.04899766845145341
1707,2021-09-01,1106,906.96,931.92,24.96,0.027520508070918232
1708,2021-09-01,1107,841.58,828.02,-13.56,-0.01611255020318924
1709,2021-09-01,1108,951.03,977.52,26.49,0.027854010914482193
1710,2021-09-01,1109,941.73,948.67,6.94,0.007369415862295987
1711,2021-09-01,1110,786.38,782.46,-3.92,-0.004984867366921844
1712,2021-09-01,1111,1177.13,1198.38,21.25,0.01805238164009073
1713,2021-09-01,1112,856.59,881.74,25.15,0.029360604256412053
1714,2021-09-01,1113,927.96,994.74,66.78,0.07196430880641407
1715,2021-09-01,1114,1165.47,1232.26,66.79,0.057307352398603136
1716,2021-09-01,1115,920.67,905.1,-15.57,-0.016911596989149208
1717,2021-09-01,1116,947.47,936.26,-11.21,-0.01183150917707157
1718,2021-09-01,1117,1043.85,1069.4,25.55,0.0244766968434162
1719,2021-09-01,1118,879.07,909.82,30.75,0.03498014947615093
1720,2021-09-01,1119,777.92,804.59,26.67,0.034283730974907445
1721,2021-09-01,1120,66.07,64.68,-1.39,-0.021038292719842592
1722,2021-09-01,1121,64.7,69.85,5.15,0.07959814528593509
1723,2021-09-01,1122,47.93,48.59,0.66,0.013770081368662633
1724,2021-09-01,1123,56.97,57.2,0.23,0.004037212568018255
1725,2021-09-01,1124,48.4,48.88,0.48,0.009917355371900827
1726,2021-09-01,1125,60.99,62.37,1.38,0.02262666010821446
1727,2021-09-01,1126,54.4,56.17,1.77,0.032536764705882355
1728,2021-09-01,1127,46.44,50.06,3.62,0.07795004306632214
1729,2021-09-01,1128,69.53,73.24,3.71,0.0533582626204516
1730,2021-09-01,1129,36.07,35.76,-0.31,-0.008594399778209038
1731,2021-09-01,1130,50.05,52.24,2.19,0.043756243756243755
1732,2021-09-01,1131,60.51,60.5,-0.01,-0.0001652619401751776
1733,2021-09-01,1132,68.62,70.21,1.59,0.02317108714660449
1734,2021-09-01,1133,51.23,52.53,1.3,0.02537575639273863
1735,2021-09-01,1134,77.09,78.26,1.17,0.01517706576728499
1736,2021-09-01,1135,55.53,56.61,1.08,0.019448946515397084
1737,2021-09-01,1136,51.81,54.1,2.29,0.044199961397413626
1738,2021-09-01,1137,49.0,48.97,-0.03,-0.0006122448979591836
1739,2021-09-01,1138,47.65,50.26,2.61,0.05477439664218258
1740,2021-09-01,1139,57.52,61.35,3.83,0.0665855354659249
1741,2021-09-01,1140,723.39,738.35,14.96,0.02068040752567771
1742,2021-09-01,1141,602.92,588.76,-14.16,-0.023485702912492537
1743,2021-09-01,1142,608.31,629.95,21.64,0.035573967220660516
1744,2021-09-01,1143,619.95,659.71,39.76,0.06413420437132027
1745,2021-09-01,1144,669.36,671.66,2.3,0.0034361180829449024
1746,2021-09-01,1145,656.2,657.64,1.44,0.002194452910697958
1747,2021-09-01,1146,484.74,498.93,14.19,0.029273424928827826
1748,2021-09-01,1147,711.43,744.44,33.01,0.046399505221877066
1749,2021-09-01,1148,599.74,617.03,17.29,0.02882915930236436
1750,2021-09-01,1149,641.35,689.91,48.56,0.0757152880642395
1751,2021-09-01,1150,574.35,613.81,39.46,0.06870375206755462
1752,2021-09-01,1151,515.59,522.14,6.55,0.012703892627863225
1753,2021-09-01,1152,649.2,698.27,49.07,0.07558533579790512
1754,2021-09-01,1153,566.76,564.74,-2.02,-0.0035641188510127744
1755,2021-09-01,1154,732.7,770.54,37.84,0.05164460215640781
1756,2021-09-01,1155,549.5,545.4,-4.1,-0.00746132848043676
1757,2021-09-01,1156,485.18,484.45,-0.73,-0.001504596232326147
1758,2021-09-01,1157,466.43,460.96,-5.47,-0.011727376026413395
1759,2021-09-01,1158,724.23,734.01,9.78,0.013503997348908496
1760,2021-09-01,1159,596.2,636.32,40.12,0.06729285474672929
1761,2021-09-01,1160,48.45,51.21,2.76,0.05696594427244582
1762,2021-09-01,1161,40.63,39.55,-1.08,-0.026581343834604972
1763,2021-09-01,1162,46.57,44.66,-1.91,-0.04101352802233197
1764,2021-09-01,1163,43.86,42.94,-0.92,-0.020975832193342453
1765,2021-09-01,1164,32.02,31.14,-0.88,-0.027482823235477825
1766,2021-09-01,1165,40.06,41.65,1.59,0.039690464303544684
1767,2021-09-01,1166,39.02,41.64,2.62,0.06714505381855458
1768,2021-09-01,1167,59.2,57.87,-1.33,-0.022466216216216216
1769,2021-09-01,1168,46.28,49.41,3.13,0.06763180639585134
1770,2021-09-01,1169,50.29,48.31,-1.98,-0.03937164446211971
1771,2021-09-01,1170,37.05,39.01,1.96,0.052901484480431846
1772,2021-09-01,1171,32.85,32.53,-0.32,-0.00974124809741248
1773,2021-09-01,1172,48.09,45.69,-2.4,-0.049906425452276984
1774,2021-09-01,1173,47.28,46.32,-0.96,-0.02030456852791878
1775,2021-09-01,1174,44.81,45.0,0.19,0.004240124972104441
1776,2021-09-01,1175,43.41,45.67,2.26,0.05206173692697535
1777,2021-09-01,1176,39.89,40.69,0.8,0.02005515166708448
1778,2021-09-01,1177,54.76,52.91,-1.85,-0.033783783783783786
1779,2021-09-01,1178,39.88,42.93,3.05,0.07647943831494483
1780,2021-09-01,1179,43.84,42.57,-1.27,-0.02896897810218978
1781,2021-09-01,1180,75.7,73.13,-2.57,-0.03394980184940555
1782,2021-09-01,1181,78.3,76.9,-1.4,-0.017879948914431672
1783,2021-09-01,1182,103.52,102.04,-1.48,-0.0142967542503864
1784,2021-09-01,1183,111.03,110.55,-0.48,-0.004323155903809781
1785,2021-09-01,1184,89.85,85.62,-4.23,-0.04707846410684474
1786,2021-09-01,1185,79.18,83.48,4.3,0.054306643091689824
1787,2021-09-01,1186,78.14,76.07,-2.07,-0.026490913744561043
1788,2021-09-01,1187,119.33,119.38,0.05,0.0004190061174893153
1789,2021-09-01,1188,84.74,89.46,4.72,0.05569978758555582
1790,2021-09-01,1189,85.23,83.72,-1.51,-0.017716766396808636
1791,2021-09-01,1190,57.52,58.44,0.92,0.015994436717663423
1792,2021-09-01,1191,66.59,68.84,2.25,0.033788857185763625
1793,2021-09-01,1192,105.73,101.83,-3.9,-0.03688640877707368
1794,2021-09-01,1193,98.43,94.61,-3.82,-0.038809306105862036
1795,2021-09-01,1194,122.08,119.31,-2.77,-0.022690039318479686
1796,2021-09-01,1195,80.38,86.41,6.03,0.0750186613585469
1797,2021-09-01,1196,94.52,90.75,-3.77,-0.03988573846804909
1798,2021-09-01,1197,98.71,100.45,1.74,0.017627393374531456
1799,2021-09-01,1198,106.87,105.44,-1.43,-0.013380742958734912
1800,2021-09-01,1199,112.24,110.44,-1.8,-0.016037063435495366
1801,2021-10-01,1000,716.16,709.03,-7.13,-0.009955875781948169
1802,2021-10-01,1001,713.28,739.5,26.22,0.036759757738896365
1803,2021-10-01,1002,738.88,797.4,58.52,0.07920095279341706
1804,2021-10-01,1003,739.67,757.84,18.17,0.024565008720104912
1805,2021-10-01,1004,763.59,814.53,50.94,0.0667111931795859
1806,2021-10-01,1005,834.49,834.12,-0.37,-0.0004433845821999065
1807,2021-10-01,1006,696.97,749.37,52.4,0.07518257600757565
1808,2021-10-01,1007,1005.94,1057.1,51.16,0.05085790404994334
1809,2021-10-01,1008,686.99,668.08,-18.91,-0.027525873739064614
1810,2021-10-01,1009,590.12,597.04,6.92,0.01172642852301227
1811,2021-10-01,1010,539.8,513.7,-26.1,-0.04835124120044461
1812,2021-10-01,1011,671.15,668.54,-2.61,-0.0038888475005587424
1813,2021-10-01,1012,738.55,786.96,48.41,0.06554735630627581
1814,2021-10-01,1013,567.25,577.66,10.41,0.018351696782723668
1815,2021-10-01,1014,594.19,614.25,20.06,0.03376024503946549
1816,2021-10-01,1015,517.51,493.76,-23.75,-0.04589283298873452
1817,2021-10-01,1016,706.71,755.41,48.7,0.0689108686731474
1818,2021-10-01,1017,777.53,741.01,-36.52,-0.04696924877496688
1819,2021-10-01,1018,558.2,592.4,34.2,0.061268362594052314
1820,2021-10-01,1019,607.47,637.26,29.79,0.04903945873870315
1821,2021-10-01,1020,533.23,508.23,-25.0,-0.04688408379123455
1822,2021-10-01,1021,363.4,350.09,-13.31,-0.03662630709961475
1823,2021-10-01,1022,470.07,463.22,-6.85,-0.014572297742889357
1824,2021-10-01,1023,437.38,468.47,31.09,0.07108235401710183
1825,2021-10-01,1024,398.55,384.0,-14.55,-0.03650733910425292
1826,2021-10-01,1025,391.8,404.92,13.12,0.03348647269014803
1827,2021-10-01,1026,406.6,388.2,-18.4,-0.04525332021642892
1828,2021-10-01,1027,578.12,578.92,0.8,0.0013837957517470422
1829,2021-10-01,1028,486.0,499.17,13.17,0.027098765432098767
1830,2021-10-01,1029,513.23,553.59,40.36,0.07863920659353506
1831,2021-10-01,1030,391.54,403.74,12.2,0.031159013127649793
1832,2021-10-01,1031,520.99,562.4,41.41,0.07948329142593907
1833,2021-10-01,1032,471.19,501.33,30.14,0.06396570385619389
1834,2021-10-01,1033,532.47,565.41,32.94,0.06186264014874077
1835,2021-10-01,1034,469.29,492.07,22.78,0.04854141362483752
1836,2021-10-01,1035,524.87,527.96,3.09,0.005887172061653362
1837,2021-10-01,1036,424.99,424.58,-0.41,-0.0009647285818489846
1838,2021-10-01,1037,554.96,530.72,-24.24,-0.04367882369900533
1839,2021-10-01,1038,371.88,358.81,-13.07,-0.035145745939550395
1840,2021-10-01,1039,605.76,631.09,25.33,0.04181524035921817
1841,2021-10-01,1040,260.78,257.66,-3.12,-0.011964107676969093
1842,2021-10-01,1041,251.57,263.64,12.07,0.04797869380291768
1843,2021-10-01,1042,311.4,321.56,10.16,0.03262684649967887
1844,2021-10-01,1043,321.32,320.03,-1.29,-0.0040146894061994275
1845,2021-10-01,1044,270.19,286.72,16.53,0.06117917021355342
1846,2021-10-01,1045,278.6,272.93,-5.67,-0.02035175879396985
1847,2021-10-01,1046,350.17,370.5,20.33,0.05805751492132393
1848,2021-10-01,1047,274.54,271.08,-3.46,-0.012602899395352226
1849,2021-10-01,1048,298.06,305.24,7.18,0.024089109575253304
1850,2021-10-01,1049,416.73,437.99,21.26,0.051016245530679336
1851,2021-10-01,1050,301.91,305.8,3.89,0.012884634493723296
1852,2021-10-01,1051,289.55,289.93,0.38,0.0013123812812985667
1853,2021-10-01,1052,276.85,290.58,13.73,0.04959364276684125
1854,2021-10-01,1053,369.62,378.93,9.31,0.025188030950706132
1855,2021-10-01,1054,346.67,349.36,2.69,0.007759540773646407
1856,2021-10-01,1055,303.26,303.7,0.44,0.0014509002176350326
1857,2021-10-01,1056,260.83,251.27,-9.56,-0.036652225587547445
1858,2021-10-01,1057,312.78,335.59,22.81,0.07292665771468763
1859,2021-10-01,1058,267.74,276.75,9.01,0.03365205049675058
1860,2021-10-01,1059,289.47,300.9,11.43,0.03948595709399938
1861,2021-10-01,1060,68.77,72.74,3.97,0.05772866075323542
1862,2021-10-01,1061,145.96,140.42,-5.54,-0.03795560427514388
1863,2021-10-01,1062,118.01,112.6,-5.41,-0.04584357257859503
1864,2021-10-01,1063,88.65,90.5,1.85,0.02086858432036097
1865,2021-10-01,1064,83.48,83.53,0.05,0.0005989458552946812
1866,2021-10-01,1065,89.03,89.07,0.04,0.0004492867572728293
1867,2021-10-01,1066,93.04,98.78,5.74,0.0616938950988822
1868,2021-10-01,1067,97.46,102.54,5.08,0.052123948286476506
1869,2021-10-01,1068,116.45,116.33,-0.12,-0.0010304851867754402
1870,2021-10-01,1069,104.31,102.04,-2.27,-0.02176205541175343
1871,2021-10-01,1070,119.92,121.29,1.37,0.011424282855236825
1872,2021-10-01,1071,95.65,98.2,2.55,0.026659696811291166
1873,2021-10-01,1072,126.4,129.69,3.29,0.026028481012658228
1874,2021-10-01,1073,87.12,90.15,3.03,0.03477961432506887
1875,2021-10-01,1074,98.32,105.76,7.44,0.07567127746135069
1876,2021-10-01,1075,152.44,161.06,8.62,0.05654683810023616
1877,2021-10-01,1076,106.54,104.41,-2.13,-0.019992491083161253
1878,2021-10-01,1077,151.13,156.8,5.67,0.03751736915238536
1879,2021-10-01,1078,108.12,107.3,-0.82,-0.007584165741768406
1880,2021-10-01,1079,93.45,95.34,1.89,0.020224719101123594
1881,2021-10-01,1080,572.86,551.28,-21.58,-0.03767063505917676
1882,2021-10-01,1081,497.47,534.69,37.22,0.07481858202504674
1883,2021-10-01,1082,518.99,499.33,-19.66,-0.03788126938862021
1884,2021-10-01,1083,588.39,571.18,-17.21,-0.029249307432145346
1885,2021-10-01,1084,385.09,410.57,25.48,0.06616635072320756
1886,2021-10-01,1085,465.05,477.77,12.72,0.027351897645414472
1887,2021-10-01,1086,397.69,412.68,14.99,0.03769267519927582
1888,2021-10-01,1087,308.4,294.83,-13.57,-0.04400129701686122
1889,2021-10-01,1088,711.97,762.63,50.66,0.07115468348385466
1890,2021-10-01,1089,306.87,319.68,12.81,0.0417440610030306
1891,2021-10-01,1090,398.08,416.37,18.29,0.045945538585209
1892,2021-10-01,1091,465.12,450.73,-14.39,-0.030938252493980047
1893,2021-10-01,1092,436.54,432.96,-3.58,-0.008200852155587118
1894,2021-10-01,1093,400.78,395.63,-5.15,-0.012849942611906782
1895,2021-10-01,1094,459.34,439.61,-19.73,-0.042952932468324115
1896,2021-10-01,1095,493.54,506.82,13.28,0.02690764679661223
1897,2021-10-01,1096,510.67,502.07,-8.6,-0.016840621144770595
1898,2021-10-01,1097,432.05,455.06,23.01,0.053257724800370325
1899,2021-10-01,1098,371.27,353.28,-17.99,-0.048455302071268885
1900,2021-10-01,1099,552.85,595.79,42.94,0.07767025413765036
1901,2021-10-01,1100,849.65,904.57,54.92,0.0646383805096216
1902,2021-10-01,1101,854.76,817.58,-37.18,-0.043497589966774296
1903,2021-10-01,1102,1078.05,1056.22,-21.83,-0.020249524604610176
1904,2021-10-01,1103,1145.21,1157.58,12.37,0.010801512386374551
1905,2021-10-01,1104,863.47,877.53,14.06,0.0162831366463224
1906,2021-10-01,1105,892.26,892.96,0.7,0.0007845246901127474
1907,2021-10-01,1106,909.5,950.26,40.76,0.04481583287520616
1908,2021-10-01,1107,868.24,912.78,44.54,0.051299179950244175
1909,2021-10-01,1108,967.87,1004.38,36.51,0.037722008120925334
1910,2021-10-01,1109,983.72,969.27,-14.45,-0.014689139185947222
1911,2021-10-01,1110,765.67,809.8,44.13,0.05763579610014758
1912,2021-10-01,1111,1191.41,1173.42,-17.99,-0.015099755751588454
1913,2021-10-01,1112,826.69,797.16,-29.53,-0.03572076594612249
1914,2021-10-01,1113,884.59,913.33,28.74,0.032489627963237205
1915,2021-10-01,1114,1174.3,1148.89,-25.41,-0.02163842289023248
1916,2021-10-01,1115,931.28,977.86,46.58,0.05001718065458294
1917,2021-10-01,1116,935.26,901.02,-34.24,-0.036610140495691036
1918,2021-10-01,1117,1005.37,1071.05,65.68,0.06532918229109681
1919,2021-10-01,1118,838.54,870.34,31.8,0.037923056741479236
1920,2021-10-01,1119,809.79,837.33,27.54,0.03400881710072982
1921,2021-10-01,1120,63.44,61.6,-1.84,-0.029003783102143757
1922,2021-10-01,1121,64.43,67.02,2.59,0.040198665218066115
1923,2021-10-01,1122,47.81,50.79,2.98,0.0623300564735411
1924,2021-10-01,1123,55.22,59.29,4.07,0.07370517928286853
1925,2021-10-01,1124,51.06,52.25,1.19,0.023305914610262435
1926,2021-10-01,1125,60.85,59.46,-1.39,-0.0228430566967954
1927,2021-10-01,1126,54.91,58.68,3.77,0.06865780367874703
1928,2021-10-01,1127,45.56,44.28,-1.28,-0.028094820017559263
1929,2021-10-01,1128,69.15,70.31,1.16,0.016775126536514823
1930,2021-10-01,1129,37.72,38.88,1.16,0.030752916224814422
1931,2021-10-01,1130,49.63,53.28,3.65,0.07354422728188596
1932,2021-10-01,1131,62.49,64.04,1.55,0.024803968634981598
1933,2021-10-01,1132,67.8,67.22,-0.58,-0.00855457227138643
1934,2021-10-01,1133,52.53,53.39,0.86,0.016371597182562345
1935,2021-10-01,1134,73.86,71.14,-2.72,-0.036826428378012456
1936,2021-10-01,1135,53.99,52.7,-1.29,-0.023893313576588256
1937,2021-10-01,1136,51.55,49.04,-2.51,-0.0486905916585839
1938,2021-10-01,1137,48.72,52.21,3.49,0.07163382594417077
1939,2021-10-01,1138,47.29,50.2,2.91,0.061535208289278914
1940,2021-10-01,1139,56.19,55.58,-0.61,-0.010856024203594945
1941,2021-10-01,1140,661.93,699.69,37.76,0.05704530690556403
1942,2021-10-01,1141,596.51,611.87,15.36,0.025749777874637475
1943,2021-10-01,1142,580.45,573.28,-7.17,-0.012352485140839004
1944,2021-10-01,1143,618.57,654.38,35.81,0.057891588664177054
1945,2021-10-01,1144,683.14,675.26,-7.88,-0.011534970869807067
1946,2021-10-01,1145,637.64,653.86,16.22,0.025437550969198922
1947,2021-10-01,1146,509.05,499.45,-9.6,-0.018858658285040762
1948,2021-10-01,1147,703.95,755.99,52.04,0.0739257049506357
1949,2021-10-01,1148,587.74,590.56,2.82,0.004798039949637595
1950,2021-10-01,1149,650.06,630.47,-19.59,-0.030135679783404607
1951,2021-10-01,1150,529.41,507.26,-22.15,-0.04183902835231673
1952,2021-10-01,1151,511.79,529.54,17.75,0.03468219386857891
1953,2021-10-01,1152,672.14,679.7,7.56,0.011247656738179545
1954,2021-10-01,1153,548.89,569.17,20.28,0.036947293628960265
1955,2021-10-01,1154,731.97,783.53,51.56,0.07044004535705015
1956,2021-10-01,1155,582.05,598.52,16.47,0.028296538098101537
1957,2021-10-01,1156,472.1,454.59,-17.51,-0.037089599661088754
1958,2021-10-01,1157,483.86,504.65,20.79,0.042966973918075475
1959,2021-10-01,1158,702.48,693.27,-9.21,-0.013110693542876665
1960,2021-10-01,1159,591.56,589.31,-2.25,-0.0038035026032862264
1961,2021-10-01,1160,49.65,49.39,-0.26,-0.0052366565961732125
1962,2021-10-01,1161,41.27,40.51,-0.76,-0.018415313787254663
1963,2021-10-01,1162,45.27,44.99,-0.28,-0.006185111552904793
1964,2021-10-01,1163,45.74,48.37,2.63,0.057498906864888503
1965,2021-10-01,1164,31.67,32.05,0.38,0.011998736975055256
1966,2021-10-01,1165,41.65,40.32,-1.33,-0.031932773109243695
1967,2021-10-01,1166,37.04,35.44,-1.6,-0.04319654427645788
1968,2021-10-01,1167,57.03,60.69,3.66,0.06417674907943188
1969,2021-10-01,1168,45.66,44.22,-1.44,-0.03153745072273324
1970,2021-10-01,1169,51.95,54.52,2.57,0.0494706448508181
1971,2021-10-01,1170,36.99,36.47,-0.52,-0.014057853473911868
1972,2021-10-01,1171,32.94,35.17,2.23,0.06769884638737098
1973,2021-10-01,1172,48.01,46.57,-1.44,-0.029993751301812123
1974,2021-10-01,1173,48.16,48.47,0.31,0.00643687707641196
1975,2021-10-01,1174,46.23,44.51,-1.72,-0.03720527795803591
1976,2021-10-01,1175,43.48,43.94,0.46,0.010579576816927323
1977,2021-10-01,1176,40.67,41.98,1.31,0.03221047455126629
1978,2021-10-01,1177,56.72,60.39,3.67,0.06470380818053596
1979,2021-10-01,1178,39.92,41.84,1.92,0.04809619238476954
1980,2021-10-01,1179,41.81,42.53,0.72,0.017220760583592443
1981,2021-10-01,1180,75.3,76.8,1.5,0.0199203187250996
1982,2021-10-01,1181,77.6,76.35,-1.25,-0.01610824742268041
1983,2021-10-01,1182,103.89,111.43,7.54,0.07257676388487824
1984,2021-10-01,1183,115.05,117.28,2.23,0.019382877009995653
1985,2021-10-01,1184,93.51,100.48,6.97,0.07453748262217945
1986,2021-10-01,1185,79.45,85.53,6.08,0.07652611705475142
1987,2021-10-01,1186,80.32,82.01,1.69,0.021040836653386453
1988,2021-10-01,1187,118.35,115.91,-2.44,-0.020616814533164343
1989,2021-10-01,1188,84.8,90.42,5.62,0.06627358490566038
1990,2021-10-01,1189,86.92,83.97,-2.95,-0.03393925448688449
1991,2021-10-01,1190,56.09,59.01,2.92,0.05205919058655732
1992,2021-10-01,1191,66.35,70.14,3.79,0.05712132629992464
1993,2021-10-01,1192,105.73,113.06,7.33,0.06932753239383335
1994,2021-10-01,1193,99.28,100.0,0.72,0.007252215954875101
1995,2021-10-01,1194,118.97,113.16,-5.81,-0.04883584096831134
1996,2021-10-01,1195,81.64,80.04,-1.6,-0.019598236158745713
1997,2021-10-01,1196,98.99,106.12,7.13,0.07202747752298212
1998,2021-10-01,1197,99.65,100.65,1.0,0.010035122930255895
1999,2021-10-01,1198,109.3,106.2,-3.1,-0.028362305580969808
2000,2021-10-01,1199,106.61,107.59,0.98,0.009192383453709783
2001,2021-11-01,1000,732.3,717.67,-14.63,-0.019978151030998224
2002,2021-11-01,1001,678.84,698.11,19.27,0.028386659595781037
2003,2021-11-01,1002,754.2,726.91,-27.29,-0.03618403606470432
2004,2021-11-01,1003,775.13,745.1,-30.03,-0.03874188845742005
2005,2021-11-01,1004,767.36,820.24,52.88,0.0689115929941618
2006,2021-11-01,1005,872.46,845.79,-26.67,-0.030568736675606903
2007,2021-11-01,1006,687.23,652.93,-34.3,-0.049910510309503366
2008,2021-11-01,1007,995.18,991.77,-3.41,-0.003426515806185816
2009,2021-11-01,1008,665.75,688.96,23.21,0.03486293653773939
2010,2021-11-01,1009,561.53,560.16,-1.37,-0.0024397627909461647
2011,2021-11-01,1010,537.42,567.22,29.8,0.0554501135052659
2012,2021-11-01,1011,675.2,643.13,-32.07,-0.047497037914691946
2013,2021-11-01,1012,779.07,821.78,42.71,0.054821774680067256
2014,2021-11-01,1013,551.17,552.5,1.33,0.0024130486056933432
2015,2021-11-01,1014,576.66,586.11,9.45,0.01638747268754552
2016,2021-11-01,1015,542.48,536.19,-6.29,-0.011594897507742221
2017,2021-11-01,1016,716.34,740.87,24.53,0.03424351564899349
2018,2021-11-01,1017,771.31,829.81,58.5,0.07584499098935576
2019,2021-11-01,1018,574.07,618.16,44.09,0.07680248053373281
2020,2021-11-01,1019,610.9,641.73,30.83,0.050466524799476185
2021,2021-11-01,1020,522.87,560.99,38.12,0.07290531107158567
2022,2021-11-01,1021,384.98,413.56,28.58,0.0742376227336485
2023,2021-11-01,1022,513.93,492.61,-21.32,-0.04148424882766136
2024,2021-11-01,1023,427.15,422.25,-4.9,-0.011471380077256232
2025,2021-11-01,1024,408.17,431.34,23.17,0.05676556336820442
2026,2021-11-01,1025,413.74,394.9,-18.84,-0.045535843766616714
2027,2021-11-01,1026,413.23,426.77,13.54,0.03276625608014907
2028,2021-11-01,1027,613.63,623.93,10.3,0.016785359255577465
2029,2021-11-01,1028,455.01,451.42,-3.59,-0.00788993648491242
2030,2021-11-01,1029,492.33,495.79,3.46,0.007027806552515589
2031,2021-11-01,1030,383.06,390.56,7.5,0.01957917819662716
2032,2021-11-01,1031,528.96,508.77,-20.19,-0.03816923774954628
2033,2021-11-01,1032,456.34,468.38,12.04,0.026383836613051673
2034,2021-11-01,1033,515.5,536.19,20.69,0.040135790494665376
2035,2021-11-01,1034,472.12,507.87,35.75,0.07572227399813607
2036,2021-11-01,1035,535.58,513.54,-22.04,-0.04115164867993577
2037,2021-11-01,1036,421.05,433.26,12.21,0.028998931243320272
2038,2021-11-01,1037,565.0,563.02,-1.98,-0.003504424778761062
2039,2021-11-01,1038,382.72,391.37,8.65,0.022601379598662208
2040,2021-11-01,1039,637.57,661.1,23.53,0.03690575152532271
2041,2021-11-01,1040,259.59,248.92,-10.67,-0.04110327824646558
2042,2021-11-01,1041,248.3,254.43,6.13,0.02468787756745872
2043,2021-11-01,1042,306.77,312.26,5.49,0.01789614369071291
2044,2021-11-01,1043,332.11,349.76,17.65,0.05314504230526031
2045,2021-11-01,1044,272.66,292.71,20.05,0.07353480525196215
2046,2021-11-01,1045,276.62,293.58,16.96,0.06131154652592003
2047,2021-11-01,1046,351.32,340.91,-10.41,-0.029631105544802458
2048,2021-11-01,1047,265.03,263.02,-2.01,-0.007584047089008792
2049,2021-11-01,1048,306.32,319.52,13.2,0.043092191172629926
2050,2021-11-01,1049,417.11,404.52,-12.59,-0.030183884347054733
2051,2021-11-01,1050,290.16,275.92,-14.24,-0.049076371657016817
2052,2021-11-01,1051,292.88,291.37,-1.51,-0.0051556951652553945
2053,2021-11-01,1052,266.39,287.68,21.29,0.07992041743308682
2054,2021-11-01,1053,385.3,374.01,-11.29,-0.029301842719958473
2055,2021-11-01,1054,336.51,348.7,12.19,0.036224777866928175
2056,2021-11-01,1055,284.39,284.37,-0.02,-7.03259608284398e-05
2057,2021-11-01,1056,280.48,276.76,-3.72,-0.013262977752424415
2058,2021-11-01,1057,289.0,309.25,20.25,0.07006920415224914
2059,2021-11-01,1058,265.95,257.37,-8.58,-0.032261703327693174
2060,2021-11-01,1059,290.93,283.6,-7.33,-0.02519506410476747
2061,2021-11-01,1060,73.21,70.32,-2.89,-0.03947548149159951
2062,2021-11-01,1061,147.07,140.14,-6.93,-0.04712041884816754
2063,2021-11-01,1062,109.19,105.42,-3.77,-0.03452697133437128
2064,2021-11-01,1063,89.54,94.21,4.67,0.052155461246370334
2065,2021-11-01,1064,88.06,90.63,2.57,0.029184646831705654
2066,2021-11-01,1065,81.51,78.13,-3.38,-0.04146730462519936
2067,2021-11-01,1066,92.79,95.66,2.87,0.030930057118223945
2068,2021-11-01,1067,91.75,93.49,1.74,0.01896457765667575
2069,2021-11-01,1068,113.01,111.79,-1.22,-0.010795504822582073
2070,2021-11-01,1069,108.09,111.2,3.11,0.028772319363493386
2071,2021-11-01,1070,126.13,132.32,6.19,0.049076349797827636
2072,2021-11-01,1071,99.13,104.22,5.09,0.05134671643296681
2073,2021-11-01,1072,122.56,131.8,9.24,0.07539164490861619
2074,2021-11-01,1073,81.67,85.98,4.31,0.052773356189543284
2075,2021-11-01,1074,98.36,103.85,5.49,0.055815372102480686
2076,2021-11-01,1075,152.71,152.62,-0.09,-0.0005893523672320083
2077,2021-11-01,1076,112.46,106.95,-5.51,-0.048995198292726305
2078,2021-11-01,1077,147.38,153.99,6.61,0.04485004749626815
2079,2021-11-01,1078,107.92,115.17,7.25,0.06717939214232765
2080,2021-11-01,1079,87.24,84.74,-2.5,-0.02865657955066483
2081,2021-11-01,1080,608.73,637.45,28.72,0.04718019483186306
2082,2021-11-01,1081,485.07,498.66,13.59,0.028016574927330076
2083,2021-11-01,1082,536.46,574.12,37.66,0.07020094694851434
2084,2021-11-01,1083,581.35,586.77,5.42,0.009323127203921906
2085,2021-11-01,1084,413.42,413.54,0.12,0.0002902617193169174
2086,2021-11-01,1085,448.78,458.76,9.98,0.022238067650073533
2087,2021-11-01,1086,414.47,426.63,12.16,0.029338673486621468
2088,2021-11-01,1087,304.37,309.48,5.11,0.016788776817688998
2089,2021-11-01,1088,721.23,696.61,-24.62,-0.03413612855815759
2090,2021-11-01,1089,309.77,311.02,1.25,0.004035251961132453
2091,2021-11-01,1090,376.93,379.63,2.7,0.007163133738359907
2092,2021-11-01,1091,482.67,480.43,-2.24,-0.004640851927818178
2093,2021-11-01,1092,432.1,465.76,33.66,0.07789863457532978
2094,2021-11-01,1093,391.94,386.98,-4.96,-0.012654998214012348
2095,2021-11-01,1094,454.87,449.36,-5.51,-0.012113351067337921
2096,2021-11-01,1095,487.06,524.69,37.63,0.07725947521865889
2097,2021-11-01,1096,513.02,544.06,31.04,0.06050446376359596
2098,2021-11-01,1097,423.14,407.77,-15.37,-0.036323675379307085
2099,2021-11-01,1098,381.87,389.54,7.67,0.02008536936653835
2100,2021-11-01,1099,534.56,528.82,-5.74,-0.01073780305297815
2101,2021-11-01,1100,850.51,864.53,14.02,0.016484227110792348
2102,2021-11-01,1101,876.43,927.75,51.32,0.058555731775498325
2103,2021-11-01,1102,1111.17,1110.1,-1.07,-0.0009629489637049236
2104,2021-11-01,1103,1125.17,1207.79,82.62,0.0734289040767173
2105,2021-11-01,1104,864.93,874.76,9.83,0.011365081567294462
2106,2021-11-01,1105,958.62,994.5,35.88,0.03742880390561432
2107,2021-11-01,1106,887.57,943.74,56.17,0.06328514934033372
2108,2021-11-01,1107,878.42,900.73,22.31,0.02539787345461169
2109,2021-11-01,1108,983.12,1024.85,41.73,0.042446496867116934
2110,2021-11-01,1109,952.9,981.58,28.68,0.030097596809738694
2111,2021-11-01,1110,775.17,830.36,55.19,0.07119728575667272
2112,2021-11-01,1111,1173.69,1125.46,-48.23,-0.0410926224130733
2113,2021-11-01,1112,829.25,824.87,-4.38,-0.005281881217968043
2114,2021-11-01,1113,913.57,958.93,45.36,0.04965136771128649
2115,2021-11-01,1114,1182.1,1128.71,-53.39,-0.045165383639286016
2116,2021-11-01,1115,926.52,940.6,14.08,0.015196649829469413
2117,2021-11-01,1116,926.55,987.37,60.82,0.06564135772489342
2118,2021-11-01,1117,962.6,1009.81,47.21,0.04904425514232288
2119,2021-11-01,1118,844.22,839.26,-4.96,-0.005875245789012343
2120,2021-11-01,1119,807.39,773.11,-34.28,-0.04245779610844821
2121,2021-11-01,1120,64.04,62.91,-1.13,-0.01764522173641474
2122,2021-11-01,1121,66.88,64.68,-2.2,-0.03289473684210526
2123,2021-11-01,1122,46.99,48.95,1.96,0.0417110023409236
2124,2021-11-01,1123,57.49,61.32,3.83,0.06662028178813707
2125,2021-11-01,1124,50.5,48.17,-2.33,-0.04613861386138614
2126,2021-11-01,1125,60.97,64.68,3.71,0.060849598163030996
2127,2021-11-01,1126,53.22,51.13,-2.09,-0.03927095077038707
2128,2021-11-01,1127,45.71,48.82,3.11,0.06803762852767448
2129,2021-11-01,1128,65.33,65.3,-0.03,-0.0004592071024031838
2130,2021-11-01,1129,37.27,36.3,-0.97,-0.02602629460692246
2131,2021-11-01,1130,51.99,55.03,3.04,0.058472783227543755
2132,2021-11-01,1131,61.02,58.84,-2.18,-0.03572599147820387
2133,2021-11-01,1132,68.32,67.91,-0.41,-0.006001170960187353
2134,2021-11-01,1133,50.05,47.67,-2.38,-0.04755244755244755
2135,2021-11-01,1134,74.82,76.69,1.87,0.02499331729484095
2136,2021-11-01,1135,54.62,57.04,2.42,0.04430611497619919
2137,2021-11-01,1136,53.78,55.35,1.57,0.029193008553365565
2138,2021-11-01,1137,49.61,50.96,1.35,0.027212255593630316
2139,2021-11-01,1138,44.1,45.3,1.2,0.027210884353741496
2140,2021-11-01,1139,55.93,58.1,2.17,0.03879849812265332
2141,2021-11-01,1140,683.85,703.46,19.61,0.028675879213277765
2142,2021-11-01,1141,585.71,570.7,-15.01,-0.02562701678304963
2143,2021-11-01,1142,615.11,638.58,23.47,0.038155777015493164
2144,2021-11-01,1143,597.57,585.35,-12.22,-0.02044948708937865
2145,2021-11-01,1144,657.54,628.58,-28.96,-0.04404294795753871
2146,2021-11-01,1145,673.63,710.45,36.82,0.05465908584831436
2147,2021-11-01,1146,528.41,523.12,-5.29,-0.010011165572188263
2148,2021-11-01,1147,739.64,751.98,12.34,0.016683792115083012
2149,2021-11-01,1148,591.54,591.03,-0.51,-0.0008621564053149406
2150,2021-11-01,1149,658.51,649.96,-8.55,-0.012983857496469301
2151,2021-11-01,1150,542.23,569.98,27.75,0.051177544584401456
2152,2021-11-01,1151,531.18,506.76,-24.42,-0.04597311645769796
2153,2021-11-01,1152,660.37,645.3,-15.07,-0.022820540000302862
2154,2021-11-01,1153,585.87,575.12,-10.75,-0.018348780446174065
2155,2021-11-01,1154,717.91,749.67,31.76,0.04423952863172264
2156,2021-11-01,1155,562.08,592.85,30.77,0.05474309706803302
2157,2021-11-01,1156,484.46,514.98,30.52,0.06299797712917475
2158,2021-11-01,1157,491.25,477.22,-14.03,-0.028559796437659032
2159,2021-11-01,1158,733.31,748.59,15.28,0.020837026632665585
2160,2021-11-01,1159,584.34,580.98,-3.36,-0.005750077009959955
2161,2021-11-01,1160,48.82,48.5,-0.32,-0.006554690700532569
2162,2021-11-01,1161,41.12,40.92,-0.2,-0.0048638132295719845
2163,2021-11-01,1162,43.89,43.61,-0.28,-0.006379585326953748
2164,2021-11-01,1163,43.79,46.1,2.31,0.05275176981045901
2165,2021-11-01,1164,31.43,33.77,2.34,0.0744511613108495
2166,2021-11-01,1165,41.51,41.76,0.25,0.006022645145748013
2167,2021-11-01,1166,38.55,37.44,-1.11,-0.028793774319066146
2168,2021-11-01,1167,57.12,56.93,-0.19,-0.003326330532212885
2169,2021-11-01,1168,45.69,46.81,1.12,0.024513022543226088
2170,2021-11-01,1169,54.28,58.37,4.09,0.07535003684598379
2171,2021-11-01,1170,38.27,36.94,-1.33,-0.03475307029004442
2172,2021-11-01,1171,32.93,31.53,-1.4,-0.042514424536896446
2173,2021-11-01,1172,48.07,48.92,0.85,0.01768254628666528
2174,2021-11-01,1173,47.45,48.45,1.0,0.02107481559536354
2175,2021-11-01,1174,44.83,43.87,-0.96,-0.02141423154137854
2176,2021-11-01,1175,44.09,42.91,-1.18,-0.02676343842141075
2177,2021-11-01,1176,39.04,40.1,1.06,0.027151639344262294
2178,2021-11-01,1177,54.66,57.59,2.93,0.05360409806073912
2179,2021-11-01,1178,38.01,37.19,-0.82,-0.02157327019205472
2180,2021-11-01,1179,42.81,46.04,3.23,0.07544966129409017
2181,2021-11-01,1180,73.27,73.11,-0.16,-0.002183704108093353
2182,2021-11-01,1181,76.36,76.96,0.6,0.00785751702462022
2183,2021-11-01,1182,100.27,98.27,-2.0,-0.01994614540740002
2184,2021-11-01,1183,114.96,115.02,0.06,0.0005219206680584551
2185,2021-11-01,1184,89.04,92.02,2.98,0.033468104222821204
2186,2021-11-01,1185,76.91,73.49,-3.42,-0.04446755948511247
2187,2021-11-01,1186,82.71,80.04,-2.67,-0.03228146536089953
2188,2021-11-01,1187,119.54,126.08,6.54,0.05470972059561653
2189,2021-11-01,1188,87.49,86.18,-1.31,-0.014973139787404275
2190,2021-11-01,1189,85.73,86.76,1.03,0.012014464014930596
2191,2021-11-01,1190,54.74,58.1,3.36,0.061381074168797956
2192,2021-11-01,1191,68.76,72.13,3.37,0.049011052937754505
2193,2021-11-01,1192,102.44,105.81,3.37,0.032897305739945336
2194,2021-11-01,1193,97.41,97.58,0.17,0.0017452006980802793
2195,2021-11-01,1194,125.1,122.57,-2.53,-0.020223820943245402
2196,2021-11-01,1195,81.47,82.28,0.81,0.009942310052780165
2197,2021-11-01,1196,96.91,92.18,-4.73,-0.04880817253121453
2198,2021-11-01,1197,105.5,107.97,2.47,0.023412322274881516
2199,2021-11-01,1198,108.54,112.11,3.57,0.03289110005527916
2200,2021-11-01,1199,107.77,113.15,5.38,0.04992112832884847
2201,2021-12-01,1000,731.03,737.45,6.42,0.008782129324377932
2202,2021-12-01,1001,710.23,737.91,27.68,0.03897329034256508
2203,2021-12-01,1002,771.81,734.79,-37.02,-0.047965172775683136
2204,2021-12-01,1003,764.5,807.77,43.27,0.05659908436886854
2205,2021-12-01,1004,738.85,704.73,-34.12,-0.04617987412871354
2206,2021-12-01,1005,815.32,878.88,63.56,0.07795712113035373
2207,2021-12-01,1006,746.85,753.98,7.13,0.009546763071567248
2208,2021-12-01,1007,964.33,998.07,33.74,0.03498802277228749
2209,2021-12-01,1008,688.89,657.88,-31.01,-0.04501444352509109
2210,2021-12-01,1009,550.67,556.17,5.5,0.009987833003432183
2211,2021-12-01,1010,532.03,564.38,32.35,0.06080484183222751
2212,2021-12-01,1011,672.24,659.97,-12.27,-0.018252409853623707
2213,2021-12-01,1012,778.89,837.11,58.22,0.07474739693666628
2214,2021-12-01,1013,563.97,596.84,32.87,0.058283242016419316
2215,2021-12-01,1014,573.34,588.66,15.32,0.02672061952767991
2216,2021-12-01,1015,543.18,529.11,-14.07,-0.025903015574947532
2217,2021-12-01,1016,705.19,700.4,-4.79,-0.00679249563947305
2218,2021-12-01,1017,792.61,834.25,41.64,0.05253529478558181
2219,2021-12-01,1018,568.02,606.82,38.8,0.06830745396288863
2220,2021-12-01,1019,633.62,638.49,4.87,0.007685994760266406
2221,2021-12-01,1020,545.47,556.83,11.36,0.02082607659449649
2222,2021-12-01,1021,377.96,400.01,22.05,0.058339506826119165
2223,2021-12-01,1022,493.1,471.32,-21.78,-0.0441695396471304
2224,2021-12-01,1023,424.17,451.15,26.98,0.06360657283636278
2225,2021-12-01,1024,385.68,414.94,29.26,0.07586600290396184
2226,2021-12-01,1025,401.47,413.4,11.93,0.02971579445537649
2227,2021-12-01,1026,396.36,379.35,-17.01,-0.042915531335149866
2228,2021-12-01,1027,577.18,606.58,29.4,0.05093731591531238
2229,2021-12-01,1028,463.89,475.1,11.21,0.024165211580331546
2230,2021-12-01,1029,499.18,486.74,-12.44,-0.024920870227172563
2231,2021-12-01,1030,387.43,390.09,2.66,0.0068657563947035595
2232,2021-12-01,1031,537.36,527.55,-9.81,-0.01825591782045556
2233,2021-12-01,1032,469.03,464.65,-4.38,-0.009338421849348655
2234,2021-12-01,1033,520.96,524.6,3.64,0.006987100737100737
2235,2021-12-01,1034,446.41,478.19,31.78,0.07119016151071884
2236,2021-12-01,1035,519.41,537.6,18.19,0.035020504033422536
2237,2021-12-01,1036,431.69,461.23,29.54,0.06842873358196855
2238,2021-12-01,1037,561.93,559.31,-2.62,-0.004662502446923994
2239,2021-12-01,1038,383.34,398.27,14.93,0.03894714874523921
2240,2021-12-01,1039,641.17,691.01,49.84,0.07773289455214685
2241,2021-12-01,1040,258.88,267.32,8.44,0.03260197775030902
2242,2021-12-01,1041,250.33,250.59,0.26,0.0010386290097071866
2243,2021-12-01,1042,324.07,315.99,-8.08,-0.024932884870552657
2244,2021-12-01,1043,338.59,333.72,-4.87,-0.014383177294072477
2245,2021-12-01,1044,272.99,273.13,0.14,0.0005128392981427891
2246,2021-12-01,1045,272.52,263.14,-9.38,-0.03441949214736533
2247,2021-12-01,1046,351.04,350.5,-0.54,-0.0015382862351868733
2248,2021-12-01,1047,273.48,287.04,13.56,0.049583150504607286
2249,2021-12-01,1048,291.77,303.34,11.57,0.03965452239777907
2250,2021-12-01,1049,376.48,390.54,14.06,0.03734594135146621
2251,2021-12-01,1050,289.79,278.45,-11.34,-0.03913178508575175
2252,2021-12-01,1051,294.44,295.37,0.93,0.003158538242086673
2253,2021-12-01,1052,287.95,309.53,21.58,0.07494356659142212
2254,2021-12-01,1053,370.68,356.67,-14.01,-0.03779540304305601
2255,2021-12-01,1054,342.18,330.96,-11.22,-0.032789759775556725
2256,2021-12-01,1055,301.22,290.52,-10.7,-0.0355222096806321
2257,2021-12-01,1056,278.17,294.16,15.99,0.05748283423805586
2258,2021-12-01,1057,296.85,283.36,-13.49,-0.04544382684857672
2259,2021-12-01,1058,277.51,290.47,12.96,0.04670101978307088
2260,2021-12-01,1059,286.56,306.68,20.12,0.07021217197096594
2261,2021-12-01,1060,70.63,75.83,5.2,0.07362310632875549
2262,2021-12-01,1061,144.42,151.42,7.0,0.04846974103309791
2263,2021-12-01,1062,111.76,109.95,-1.81,-0.016195418754473872
2264,2021-12-01,1063,86.11,83.91,-2.2,-0.025548716757635582
2265,2021-12-01,1064,84.9,85.57,0.67,0.007891637220259129
2266,2021-12-01,1065,87.07,87.05,-0.02,-0.0002297002411852532
2267,2021-12-01,1066,94.54,99.4,4.86,0.05140681193145758
2268,2021-12-01,1067,92.73,90.34,-2.39,-0.02577375175239944
2269,2021-12-01,1068,118.14,119.26,1.12,0.009480277636702217
2270,2021-12-01,1069,103.03,103.37,0.34,0.0033000097059108996
2271,2021-12-01,1070,121.59,121.95,0.36,0.0029607698001480384
2272,2021-12-01,1071,93.34,92.82,-0.52,-0.005571030640668524
2273,2021-12-01,1072,119.72,118.38,-1.34,-0.01119278316070832
2274,2021-12-01,1073,89.9,91.19,1.29,0.014349276974416018
2275,2021-12-01,1074,96.01,100.79,4.78,0.04978648057494011
2276,2021-12-01,1075,161.52,166.57,5.05,0.031265477959385835
2277,2021-12-01,1076,112.57,118.04,5.47,0.04859198720795949
2278,2021-12-01,1077,151.98,154.6,2.62,0.017239110409264378
2279,2021-12-01,1078,107.46,115.55,8.09,0.07528382654010794
2280,2021-12-01,1079,89.36,86.12,-3.24,-0.03625783348254252
2281,2021-12-01,1080,602.02,602.03,0.01,1.66107438291086e-05
2282,2021-12-01,1081,507.8,506.2,-1.6,-0.0031508467900748325
2283,2021-12-01,1082,547.77,572.18,24.41,0.04456249885901017
2284,2021-12-01,1083,537.29,534.93,-2.36,-0.004392413780267639
2285,2021-12-01,1084,414.34,422.43,8.09,0.01952502775498383
2286,2021-12-01,1085,447.73,474.29,26.56,0.05932146606213566
2287,2021-12-01,1086,408.35,394.49,-13.86,-0.03394147177666218
2288,2021-12-01,1087,313.92,317.06,3.14,0.010002548419979612
2289,2021-12-01,1088,713.41,695.07,-18.34,-0.025707517416352448
2290,2021-12-01,1089,319.12,314.41,-4.71,-0.014759338179994986
2291,2021-12-01,1090,412.22,433.35,21.13,0.05125903643685411
2292,2021-12-01,1091,466.97,456.56,-10.41,-0.02229265263293145
2293,2021-12-01,1092,431.62,446.25,14.63,0.033895556276354204
2294,2021-12-01,1093,394.12,412.98,18.86,0.04785344565107074
2295,2021-12-01,1094,438.99,448.78,9.79,0.02230119137110185
2296,2021-12-01,1095,481.51,470.86,-10.65,-0.022117920707773464
2297,2021-12-01,1096,517.18,549.91,32.73,0.06328550988050582
2298,2021-12-01,1097,425.06,430.98,5.92,0.013927445537100645
2299,2021-12-01,1098,373.79,400.75,26.96,0.07212606008721474
2300,2021-12-01,1099,555.75,534.42,-21.33,-0.038380566801619435
2301,2021-12-01,1100,870.97,900.65,29.68,0.03407694868939229
2302,2021-12-01,1101,838.72,833.72,-5.0,-0.005961465089660435
2303,2021-12-01,1102,1083.44,1085.91,2.47,0.0022797755297939894
2304,2021-12-01,1103,1142.03,1108.64,-33.39,-0.029237410575904312
2305,2021-12-01,1104,825.74,805.86,-19.88,-0.02407537481531717
2306,2021-12-01,1105,885.64,857.49,-28.15,-0.03178492389684296
2307,2021-12-01,1106,917.62,929.9,12.28,0.013382445892635295
2308,2021-12-01,1107,812.32,867.15,54.83,0.06749803033287374
2309,2021-12-01,1108,1009.33,989.66,-19.67,-0.01948817532422498
2310,2021-12-01,1109,946.31,902.53,-43.78,-0.046263909289767625
2311,2021-12-01,1110,802.93,836.53,33.6,0.04184673632819798
2312,2021-12-01,1111,1147.86,1130.76,-17.1,-0.014897287125607653
2313,2021-12-01,1112,818.55,820.01,1.46,0.00178364180563191
2314,2021-12-01,1113,911.0,921.21,10.21,0.011207464324917673
2315,2021-12-01,1114,1131.94,1080.78,-51.16,-0.04519674187677792
2316,2021-12-01,1115,939.11,932.9,-6.21,-0.006612643886232709
2317,2021-12-01,1116,987.51,1029.56,42.05,0.04258184727243269
2318,2021-12-01,1117,1005.32,1025.45,20.13,0.02002347511240202
2319,2021-12-01,1118,807.25,768.53,-38.72,-0.047965314338804584
2320,2021-12-01,1119,756.48,744.36,-12.12,-0.016021573604060913
2321,2021-12-01,1120,63.05,63.69,0.64,0.010150674068199842
2322,2021-12-01,1121,67.2,71.99,4.79,0.0712797619047619
2323,2021-12-01,1122,46.73,47.45,0.72,0.015407661031457309
2324,2021-12-01,1123,56.66,54.25,-2.41,-0.04253441581362513
2325,2021-12-01,1124,50.99,53.84,2.85,0.05589331241419886
2326,2021-12-01,1125,63.92,66.44,2.52,0.039424280350438046
2327,2021-12-01,1126,53.39,52.67,-0.72,-0.013485671474058812
2328,2021-12-01,1127,44.9,43.58,-1.32,-0.029398663697104678
2329,2021-12-01,1128,68.36,65.81,-2.55,-0.03730251609128145
2330,2021-12-01,1129,38.6,38.73,0.13,0.0033678756476683935
2331,2021-12-01,1130,52.09,52.53,0.44,0.008446918794394317
2332,2021-12-01,1131,62.89,62.84,-0.05,-0.0007950389569088885
2333,2021-12-01,1132,69.02,67.48,-1.54,-0.02231237322515213
2334,2021-12-01,1133,53.55,54.05,0.5,0.009337068160597572
2335,2021-12-01,1134,70.84,69.7,-1.14,-0.016092603049124788
2336,2021-12-01,1135,53.63,53.96,0.33,0.006153272422151781
2337,2021-12-01,1136,51.57,51.91,0.34,0.006592980414969944
2338,2021-12-01,1137,52.06,50.64,-1.42,-0.02727621974644641
2339,2021-12-01,1138,47.28,47.46,0.18,0.0038071065989847717
2340,2021-12-01,1139,58.38,56.93,-1.45,-0.024837273038711888
2341,2021-12-01,1140,727.66,700.06,-27.6,-0.037929802380232525
2342,2021-12-01,1141,602.53,597.68,-4.85,-0.00804939173153204
2343,2021-12-01,1142,576.51,612.22,35.71,0.06194168357877574
2344,2021-12-01,1143,621.27,631.03,9.76,0.015709755822750172
2345,2021-12-01,1144,683.86,696.19,12.33,0.01803000614160793
2346,2021-12-01,1145,650.5,621.88,-28.62,-0.04399692544196772
2347,2021-12-01,1146,519.92,553.14,33.22,0.0638944452992768
2348,2021-12-01,1147,735.02,758.07,23.05,0.03135969089276482
2349,2021-12-01,1148,603.88,609.47,5.59,0.009256805987944625
2350,2021-12-01,1149,681.89,693.65,11.76,0.01724618340201499
2351,2021-12-01,1150,552.75,589.24,36.49,0.06601537765716871
2352,2021-12-01,1151,511.66,539.34,27.68,0.054098424735175704
2353,2021-12-01,1152,652.34,677.09,24.75,0.037940337860624826
2354,2021-12-01,1153,551.76,533.26,-18.5,-0.03352907061041032
2355,2021-12-01,1154,719.87,768.95,49.08,0.06817897675969273
2356,2021-12-01,1155,551.92,555.44,3.52,0.006377735903754167
2357,2021-12-01,1156,471.48,498.93,27.45,0.0582209213540341
2358,2021-12-01,1157,511.84,511.77,-0.07,-0.000136761487964989
2359,2021-12-01,1158,681.34,684.75,3.41,0.005004843396835648
2360,2021-12-01,1159,604.6,652.29,47.69,0.07887859741978168
2361,2021-12-01,1160,46.89,49.7,2.81,0.0599274898699083
2362,2021-12-01,1161,41.75,40.28,-1.47,-0.03520958083832335
2363,2021-12-01,1162,44.39,42.37,-2.02,-0.0455057445370579
2364,2021-12-01,1163,43.7,46.7,3.0,0.06864988558352403
2365,2021-12-01,1164,32.39,30.78,-1.61,-0.04970669959864155
2366,2021-12-01,1165,40.44,39.19,-1.25,-0.030909990108803166
2367,2021-12-01,1166,39.57,39.23,-0.34,-0.00859236795552186
2368,2021-12-01,1167,57.71,61.45,3.74,0.06480679258360769
2369,2021-12-01,1168,43.78,43.95,0.17,0.003883051621745089
2370,2021-12-01,1169,52.09,52.98,0.89,0.01708581301593396
2371,2021-12-01,1170,38.72,41.14,2.42,0.0625
2372,2021-12-01,1171,32.5,33.9,1.4,0.043076923076923075
2373,2021-12-01,1172,46.87,48.42,1.55,0.033070194154043095
2374,2021-12-01,1173,47.67,47.38,-0.29,-0.006083490664988462
2375,2021-12-01,1174,45.61,48.58,2.97,0.06511729883797412
2376,2021-12-01,1175,42.56,43.82,1.26,0.029605263157894735
2377,2021-12-01,1176,41.65,40.21,-1.44,-0.034573829531812726
2378,2021-12-01,1177,55.91,56.28,0.37,0.006617778572706135
2379,2021-12-01,1178,38.24,40.04,1.8,0.04707112970711297
2380,2021-12-01,1179,44.01,46.75,2.74,0.06225857759600091
2381,2021-12-01,1180,73.94,76.8,2.86,0.038680010819583444
2382,2021-12-01,1181,78.53,82.82,4.29,0.05462880427861964
2383,2021-12-01,1182,100.19,105.05,4.86,0.048507835113284756
2384,2021-12-01,1183,117.83,117.39,-0.44,-0.0037341933293728253
2385,2021-12-01,1184,92.78,91.51,-1.27,-0.013688294891140332
2386,2021-12-01,1185,76.8,79.88,3.08,0.04010416666666667
2387,2021-12-01,1186,80.17,80.11,-0.06,-0.0007484096295372333
2388,2021-12-01,1187,116.91,123.08,6.17,0.05277563938072021
2389,2021-12-01,1188,82.94,86.45,3.51,0.04231974921630094
2390,2021-12-01,1189,83.77,85.14,1.37,0.016354303449922405
2391,2021-12-01,1190,57.84,58.84,1.0,0.017289073305670817
2392,2021-12-01,1191,65.96,64.46,-1.5,-0.02274105518496058
2393,2021-12-01,1192,106.86,107.85,0.99,0.009264458169567658
2394,2021-12-01,1193,99.26,104.39,5.13,0.05168245013096917
2395,2021-12-01,1194,117.44,117.44,0.0,0.0
2396,2021-12-01,1195,79.99,80.86,0.87,0.010876359544943117
2397,2021-12-01,1196,94.39,98.37,3.98,0.04216548363174065
2398,2021-12-01,1197,97.82,104.5,6.68,0.06828869351870782
2399,2021-12-01,1198,108.83,112.21,3.38,0.03105761279059083
2400,2021-12-01,1199,109.89,109.57,-0.32,-0.002912002912002912
2401,2022-01-01,1000,775.17,826.86,51.69,0.06668214714191725
2402,2022-01-01,1001,686.86,702.85,15.99,0.023279853245202806
2403,2022-01-01,1002,727.36,734.09,6.73,0.009252639683238011
2404,2022-01-01,1003,805.88,806.65,0.77,0.0009554772422693204
2405,2022-01-01,1004,794.09,798.13,4.04,0.005087584530720699
2406,2022-01-01,1005,861.24,837.54,-23.7,-0.027518461752821514
2407,2022-01-01,1006,745.72,793.07,47.35,0.06349568202542509
2408,2022-01-01,1007,1004.03,1016.72,12.69,0.01263906456978377
2409,2022-01-01,1008,684.75,724.3,39.55,0.05775830595107703
2410,2022-01-01,1009,603.7,576.87,-26.83,-0.044442603942355476
2411,2022-01-01,1010,544.14,578.65,34.51,0.06342117837321277
2412,2022-01-01,1011,681.89,720.31,38.42,0.056343398495358486
2413,2022-01-01,1012,751.18,807.63,56.45,0.07514843313187253
2414,2022-01-01,1013,543.33,565.39,22.06,0.04060147608267536
2415,2022-01-01,1014,598.08,630.37,32.29,0.053989432851792404
2416,2022-01-01,1015,544.54,524.93,-19.61,-0.036012046865244056
2417,2022-01-01,1016,703.5,756.51,53.01,0.07535181236673774
2418,2022-01-01,1017,769.49,789.31,19.82,0.025757319783233052
2419,2022-01-01,1018,563.71,550.71,-13.0,-0.023061503255219884
2420,2022-01-01,1019,643.92,678.48,34.56,0.05367126351099515
2421,2022-01-01,1020,543.39,544.02,0.63,0.0011593882846574284
2422,2022-01-01,1021,389.76,371.03,-18.73,-0.048055213464696225
2423,2022-01-01,1022,501.73,493.67,-8.06,-0.016064417116775954
2424,2022-01-01,1023,452.84,432.9,-19.94,-0.044033212613726704
2425,2022-01-01,1024,423.92,406.92,-17.0,-0.040101906020003776
2426,2022-01-01,1025,435.22,435.53,0.31,0.0007122834428564863
2427,2022-01-01,1026,418.64,451.61,32.97,0.07875501624307281
2428,2022-01-01,1027,611.56,639.28,27.72,0.045326705474524165
2429,2022-01-01,1028,473.8,501.96,28.16,0.059434360489658083
2430,2022-01-01,1029,485.39,520.34,34.95,0.07200395558210923
2431,2022-01-01,1030,428.31,409.34,-18.97,-0.04429035044710607
2432,2022-01-01,1031,542.97,579.13,36.16,0.06659668121627346
2433,2022-01-01,1032,463.45,459.37,-4.08,-0.008803538677311469
2434,2022-01-01,1033,525.24,541.26,16.02,0.03050034270047978
2435,2022-01-01,1034,473.37,468.23,-5.14,-0.010858313792593532
2436,2022-01-01,1035,539.41,543.65,4.24,0.007860440110491092
2437,2022-01-01,1036,447.43,480.08,32.65,0.07297230851753347
2438,2022-01-01,1037,566.18,578.05,11.87,0.020965064113886045
2439,2022-01-01,1038,371.72,367.91,-3.81,-0.010249650274400087
2440,2022-01-01,1039,630.83,612.34,-18.49,-0.02931059080893426
2441,2022-01-01,1040,262.69,280.71,18.02,0.0685979671856561
2442,2022-01-01,1041,257.61,263.6,5.99,0.023252202942432357
2443,2022-01-01,1042,329.3,323.61,-5.69,-0.017279076829638626
2444,2022-01-01,1043,343.53,367.1,23.57,0.0686111838849591
2445,2022-01-01,1044,281.07,269.67,-11.4,-0.04055929127975237
2446,2022-01-01,1045,284.18,282.46,-1.72,-0.006052501935393061
2447,2022-01-01,1046,362.27,364.09,1.82,0.005023877218649074
2448,2022-01-01,1047,268.28,282.3,14.02,0.05225883405397346
2449,2022-01-01,1048,314.24,339.22,24.98,0.07949338085539714
2450,2022-01-01,1049,416.62,412.3,-4.32,-0.01036916134607076
2451,2022-01-01,1050,305.43,297.6,-7.83,-0.025635988606227286
2452,2022-01-01,1051,301.15,306.81,5.66,0.018794620620953013
2453,2022-01-01,1052,289.24,303.31,14.07,0.048644724104549855
2454,2022-01-01,1053,394.48,384.08,-10.4,-0.026363820726019064
2455,2022-01-01,1054,352.43,379.78,27.35,0.07760406321822773
2456,2022-01-01,1055,291.45,296.18,4.73,0.016229198833419112
2457,2022-01-01,1056,292.43,294.37,1.94,0.006634066272270287
2458,2022-01-01,1057,310.37,312.9,2.53,0.008151561040048974
2459,2022-01-01,1058,271.41,274.0,2.59,0.009542758188718175
2460,2022-01-01,1059,296.52,293.77,-2.75,-0.009274247942803184
2461,2022-01-01,1060,74.75,75.09,0.34,0.004548494983277592
2462,2022-01-01,1061,143.99,148.98,4.99,0.03465518438780471
2463,2022-01-01,1062,115.91,111.86,-4.05,-0.03494090242429471
2464,2022-01-01,1063,88.92,84.68,-4.24,-0.04768331084120558
2465,2022-01-01,1064,84.32,88.3,3.98,0.0472011385199241
2466,2022-01-01,1065,93.59,97.52,3.93,0.041991665776258146
2467,2022-01-01,1066,97.09,98.06,0.97,0.009990730250283242
2468,2022-01-01,1067,96.4,101.92,5.52,0.05726141078838174
2469,2022-01-01,1068,121.86,120.31,-1.55,-0.012719514196619071
2470,2022-01-01,1069,109.49,110.03,0.54,0.004931957256370445
2471,2022-01-01,1070,127.68,125.27,-2.41,-0.01887531328320802
2472,2022-01-01,1071,102.88,100.87,-2.01,-0.019537325038880247
2473,2022-01-01,1072,126.97,135.09,8.12,0.06395211467275734
2474,2022-01-01,1073,89.56,88.08,-1.48,-0.01652523447967843
2475,2022-01-01,1074,95.02,102.3,7.28,0.07661544937907809
2476,2022-01-01,1075,156.39,149.76,-6.63,-0.04239401496259352
2477,2022-01-01,1076,108.35,109.29,0.94,0.008675588371019843
2478,2022-01-01,1077,150.84,153.03,2.19,0.014518695306284805
2479,2022-01-01,1078,102.97,106.23,3.26,0.03165970671069243
2480,2022-01-01,1079,93.16,89.73,-3.43,-0.03681837698583083
2481,2022-01-01,1080,604.7,598.07,-6.63,-0.010964114436910866
2482,2022-01-01,1081,482.19,499.49,17.3,0.03587797341296999
2483,2022-01-01,1082,544.65,570.96,26.31,0.0483062517212889
2484,2022-01-01,1083,619.87,602.38,-17.49,-0.028215593592204817
2485,2022-01-01,1084,410.11,399.44,-10.67,-0.02601740996318061
2486,2022-01-01,1085,463.5,446.17,-17.33,-0.03738942826321467
2487,2022-01-01,1086,410.03,419.12,9.09,0.022169109577348
2488,2022-01-01,1087,314.98,310.14,-4.84,-0.015366054987618262
2489,2022-01-01,1088,702.89,710.22,7.33,0.010428374283316024
2490,2022-01-01,1089,326.54,348.03,21.49,0.06581123292705335
2491,2022-01-01,1090,398.72,396.58,-2.14,-0.005367174959871589
2492,2022-01-01,1091,489.06,471.03,-18.03,-0.03686664212980002
2493,2022-01-01,1092,458.82,472.03,13.21,0.028791247112157272
2494,2022-01-01,1093,400.87,419.33,18.46,0.04604984159453189
2495,2022-01-01,1094,458.79,460.14,1.35,0.0029425227228143595
2496,2022-01-01,1095,505.65,496.18,-9.47,-0.018728369425491942
2497,2022-01-01,1096,536.09,566.36,30.27,0.05646439963438975
2498,2022-01-01,1097,424.73,434.8,10.07,0.02370917994961505
2499,2022-01-01,1098,397.15,383.91,-13.24,-0.033337529900541354
2500,2022-01-01,1099,579.87,608.06,28.19,0.048614344594478075
2501,2022-01-01,1100,835.6,804.64,-30.96,-0.03705122067975108
2502,2022-01-01,1101,877.47,898.65,21.18,0.0241375773530719
2503,2022-01-01,1102,1138.21,1121.76,-16.45,-0.014452517549485596
2504,2022-01-01,1103,1215.81,1161.46,-54.35,-0.044702708482410904
2505,2022-01-01,1104,911.54,945.93,34.39,0.03772736248546416
2506,2022-01-01,1105,924.64,965.67,41.03,0.04437402664820903
2507,2022-01-01,1106,939.06,946.56,7.5,0.007986710114369688
2508,2022-01-01,1107,841.15,799.83,-41.32,-0.049123224157403556
2509,2022-01-01,1108,983.15,1023.36,40.21,0.04089915068911153
2510,2022-01-01,1109,965.3,979.07,13.77,0.014264995338236818
2511,2022-01-01,1110,827.72,838.39,10.67,0.01289083264872179
2512,2022-01-01,1111,1187.72,1234.14,46.42,0.03908328562287408
2513,2022-01-01,1112,829.3,871.29,41.99,0.05063306402990474
2514,2022-01-01,1113,919.72,918.52,-1.2,-0.001304744922367677
2515,2022-01-01,1114,1142.21,1162.37,20.16,0.01764999430927763
2516,2022-01-01,1115,946.21,1019.33,73.12,0.07727671447141755
2517,2022-01-01,1116,990.75,993.64,2.89,0.002916982084279586
2518,2022-01-01,1117,1036.45,1010.29,-26.16,-0.025240001929663757
2519,2022-01-01,1118,882.1,894.21,12.11,0.013728602199297132
2520,2022-01-01,1119,756.87,789.23,32.36,0.04275503058649438
2521,2022-01-01,1120,63.97,69.09,5.12,0.08003751758636861
2522,2022-01-01,1121,67.8,68.37,0.57,0.008407079646017699
2523,2022-01-01,1122,50.02,50.54,0.52,0.010395841663334666
2524,2022-01-01,1123,58.99,61.47,2.48,0.04204102390235633
2525,2022-01-01,1124,52.11,51.93,-0.18,-0.0034542314335060447
2526,2022-01-01,1125,63.33,68.36,5.03,0.0794252329069951
2527,2022-01-01,1126,54.59,58.57,3.98,0.07290712584722477
2528,2022-01-01,1127,46.63,47.77,1.14,0.024447780398884837
2529,2022-01-01,1128,72.8,71.58,-1.22,-0.016758241758241758
2530,2022-01-01,1129,39.54,37.71,-1.83,-0.04628224582701062
2531,2022-01-01,1130,51.52,54.97,3.45,0.06696428571428571
2532,2022-01-01,1131,60.81,57.77,-3.04,-0.049991777668146685
2533,2022-01-01,1132,70.48,73.73,3.25,0.046112372304199775
2534,2022-01-01,1133,53.75,54.27,0.52,0.009674418604651163
2535,2022-01-01,1134,78.32,75.45,-2.87,-0.03664453524004086
2536,2022-01-01,1135,54.08,57.45,3.37,0.06231508875739645
2537,2022-01-01,1136,54.88,54.85,-0.03,-0.0005466472303206997
2538,2022-01-01,1137,51.57,49.82,-1.75,-0.03393445801822765
2539,2022-01-01,1138,48.87,50.7,1.83,0.0374462860650706
2540,2022-01-01,1139,60.83,61.93,1.1,0.018083182640144666
2541,2022-01-01,1140,692.87,675.7,-17.17,-0.02478098344566802
2542,2022-01-01,1141,631.68,666.89,35.21,0.055740248226950354
2543,2022-01-01,1142,642.01,692.61,50.6,0.07881497172941232
2544,2022-01-01,1143,658.64,699.07,40.43,0.0613840641321511
2545,2022-01-01,1144,696.2,702.83,6.63,0.009523125538638322
2546,2022-01-01,1145,648.41,692.44,44.03,0.06790456655511173
2547,2022-01-01,1146,510.99,499.84,-11.15,-0.021820387874518093
2548,2022-01-01,1147,739.9,767.51,27.61,0.03731585349371537
2549,2022-01-01,1148,631.33,623.89,-7.44,-0.011784645114282547
2550,2022-01-01,1149,644.73,612.61,-32.12,-0.04981930420486095
2551,2022-01-01,1150,582.3,620.26,37.96,0.06518976472608622
2552,2022-01-01,1151,509.2,547.02,37.82,0.07427336999214454
2553,2022-01-01,1152,674.97,661.45,-13.52,-0.020030519874957405
2554,2022-01-01,1153,592.9,573.16,-19.74,-0.0332939787485242
2555,2022-01-01,1154,787.99,838.06,50.07,0.06354141550019671
2556,2022-01-01,1155,596.75,568.64,-28.11,-0.047105152911604525
2557,2022-01-01,1156,479.31,460.63,-18.68,-0.038972689908410005
2558,2022-01-01,1157,500.98,531.16,30.18,0.06024192582538225
2559,2022-01-01,1158,762.22,820.19,57.97,0.07605415759229618
2560,2022-01-01,1159,631.78,638.8,7.02,0.011111462850992434
2561,2022-01-01,1160,51.59,52.55,0.96,0.018608257414227565
2562,2022-01-01,1161,43.5,43.29,-0.21,-0.004827586206896552
2563,2022-01-01,1162,47.01,48.09,1.08,0.02297383535417996
2564,2022-01-01,1163,45.48,48.31,2.83,0.06222515391380827
2565,2022-01-01,1164,34.05,32.53,-1.52,-0.044640234948604994
2566,2022-01-01,1165,42.05,43.96,1.91,0.045422116527942924
2567,2022-01-01,1166,40.9,40.45,-0.45,-0.011002444987775062
2568,2022-01-01,1167,59.66,59.71,0.05,0.0008380824673147837
2569,2022-01-01,1168,46.36,48.59,2.23,0.04810181190681622
2570,2022-01-01,1169,53.31,53.55,0.24,0.004501969611705121
2571,2022-01-01,1170,39.0,39.54,0.54,0.013846153846153847
2572,2022-01-01,1171,33.59,35.16,1.57,0.04674010122060137
2573,2022-01-01,1172,50.29,51.02,0.73,0.014515808311791608
2574,2022-01-01,1173,47.21,47.65,0.44,0.009320059309468333
2575,2022-01-01,1174,43.66,45.11,1.45,0.03321117727897389
2576,2022-01-01,1175,45.35,46.78,1.43,0.03153252480705623
2577,2022-01-01,1176,41.57,43.39,1.82,0.04378157324993986
2578,2022-01-01,1177,58.72,61.2,2.48,0.04223433242506812
2579,2022-01-01,1178,39.69,38.24,-1.45,-0.03653313177122701
2580,2022-01-01,1179,45.05,47.41,2.36,0.052386237513873474
2581,2022-01-01,1180,80.76,78.65,-2.11,-0.026126795443288758
2582,2022-01-01,1181,81.65,85.45,3.8,0.04654011022657685
2583,2022-01-01,1182,99.8,102.52,2.72,0.027254509018036072
2584,2022-01-01,1183,116.12,113.54,-2.58,-0.022218394764037204
2585,2022-01-01,1184,96.09,99.65,3.56,0.037048600270579664
2586,2022-01-01,1185,80.71,86.77,6.06,0.07508363275926155
2587,2022-01-01,1186,80.52,78.02,-2.5,-0.031048186785891704
2588,2022-01-01,1187,125.33,125.05,-0.28,-0.0022341019707970955
2589,2022-01-01,1188,89.08,89.07,-0.01,-0.0001122586439155814
2590,2022-01-01,1189,81.13,77.45,-3.68,-0.04535929988906693
2591,2022-01-01,1190,57.62,56.65,-0.97,-0.016834432488719193
2592,2022-01-01,1191,68.61,65.59,-3.02,-0.0440169071563912
2593,2022-01-01,1192,104.73,110.24,5.51,0.05261147713167192
2594,2022-01-01,1193,103.78,106.02,2.24,0.021584120254384276
2595,2022-01-01,1194,121.5,116.04,-5.46,-0.044938271604938275
2596,2022-01-01,1195,86.18,90.85,4.67,0.054188906938964956
2597,2022-01-01,1196,98.0,97.16,-0.84,-0.008571428571428572
2598,2022-01-01,1197,98.32,96.15,-2.17,-0.02207078925956062
2599,2022-01-01,1198,114.97,113.31,-1.66,-0.014438549186744368
2600,2022-01-01,1199,109.22,103.92,-5.3,-0.04852591100531038
2601,2022-02-01,1000,719.82,699.01,-20.81,-0.028910005279097553
2602,2022-02-01,1001,721.52,724.44,2.92,0.0040470118638429985
2603,2022-02-01,1002,785.21,800.04,14.83,0.018886667260987505
2604,2022-02-01,1003,782.55,793.86,11.31,0.01445275062296339
2605,2022-02-01,1004,788.42,797.65,9.23,0.011706958220237944
2606,2022-02-01,1005,827.44,869.18,41.74,0.050444745238325435
2607,2022-02-01,1006,720.52,742.03,21.51,0.029853439182812413
2608,2022-02-01,1007,983.74,973.72,-10.02,-0.010185618151137495
2609,2022-02-01,1008,688.64,694.81,6.17,0.008959688661710038
2610,2022-02-01,1009,562.04,571.22,9.18,0.016333357056437264
2611,2022-02-01,1010,547.35,588.19,40.84,0.07461404951128163
2612,2022-02-01,1011,687.07,654.7,-32.37,-0.04711310346835111
2613,2022-02-01,1012,772.02,772.83,0.81,0.001049195616693868
2614,2022-02-01,1013,591.87,603.05,11.18,0.018889283119603965
2615,2022-02-01,1014,584.45,609.03,24.58,0.04205663444263838
2616,2022-02-01,1015,544.46,518.8,-25.66,-0.04712926569444954
2617,2022-02-01,1016,728.17,712.88,-15.29,-0.020997843910075944
2618,2022-02-01,1017,804.65,803.52,-1.13,-0.0014043372895047536
2619,2022-02-01,1018,575.78,585.15,9.37,0.016273576713328006
2620,2022-02-01,1019,651.19,655.89,4.7,0.007217555552142999
2621,2022-02-01,1020,550.54,557.91,7.37,0.0133868565408508
2622,2022-02-01,1021,383.5,396.98,13.48,0.03514993481095176
2623,2022-02-01,1022,491.42,502.24,10.82,0.022017825892312076
2624,2022-02-01,1023,451.8,482.08,30.28,0.067020805666224
2625,2022-02-01,1024,414.93,397.84,-17.09,-0.04118767020943292
2626,2022-02-01,1025,407.39,408.62,1.23,0.003019219912123518
2627,2022-02-01,1026,410.17,429.37,19.2,0.04680985932662067
2628,2022-02-01,1027,603.96,613.37,9.41,0.015580502020001325
2629,2022-02-01,1028,465.9,455.01,-10.89,-0.023374114616870573
2630,2022-02-01,1029,504.62,507.31,2.69,0.005330743926122627
2631,2022-02-01,1030,398.61,423.42,24.81,0.06224128847745917
2632,2022-02-01,1031,562.75,597.27,34.52,0.061341625944024876
2633,2022-02-01,1032,453.97,486.45,32.48,0.07154657796770712
2634,2022-02-01,1033,544.1,579.57,35.47,0.06519022238559088
2635,2022-02-01,1034,489.76,520.23,30.47,0.062214145704018294
2636,2022-02-01,1035,569.31,598.63,29.32,0.05150093973406404
2637,2022-02-01,1036,431.77,422.91,-8.86,-0.02052018435741251
2638,2022-02-01,1037,555.75,537.43,-18.32,-0.03296446243814665
2639,2022-02-01,1038,394.24,404.49,10.25,0.025999391233766232
2640,2022-02-01,1039,638.8,687.8,49.0,0.07670632435817157
2641,2022-02-01,1040,256.99,263.47,6.48,0.025214988910074322
2642,2022-02-01,1041,259.59,255.05,-4.54,-0.0174891174544474
2643,2022-02-01,1042,314.95,335.07,20.12,0.06388315605651691
2644,2022-02-01,1043,372.84,383.01,10.17,0.02727711618925008
2645,2022-02-01,1044,288.5,280.56,-7.94,-0.02752166377816291
2646,2022-02-01,1045,307.74,297.32,-10.42,-0.033859751738480534
2647,2022-02-01,1046,345.39,329.85,-15.54,-0.04499261704160514
2648,2022-02-01,1047,277.22,271.62,-5.6,-0.020200562729961763
2649,2022-02-01,1048,307.78,295.59,-12.19,-0.03960621222951459
2650,2022-02-01,1049,412.6,411.11,-1.49,-0.0036112457586039747
2651,2022-02-01,1050,319.65,343.84,24.19,0.07567652119505709
2652,2022-02-01,1051,299.53,317.28,17.75,0.059259506560277765
2653,2022-02-01,1052,285.2,282.52,-2.68,-0.009396914446002805
2654,2022-02-01,1053,381.56,380.83,-0.73,-0.0019131984484746828
2655,2022-02-01,1054,351.2,357.97,6.77,0.019276765375854214
2656,2022-02-01,1055,312.62,315.56,2.94,0.009404388714733543
2657,2022-02-01,1056,280.44,277.44,-3.0,-0.01069747539580659
2658,2022-02-01,1057,303.42,302.24,-1.18,-0.0038889987476105727
2659,2022-02-01,1058,283.88,291.08,7.2,0.02536282936452022
2660,2022-02-01,1059,304.16,321.97,17.81,0.05855470804839558
2661,2022-02-01,1060,73.0,78.1,5.1,0.06986301369863014
2662,2022-02-01,1061,149.38,148.86,-0.52,-0.00348105502744678
2663,2022-02-01,1062,116.14,114.84,-1.3,-0.011193387291200275
2664,2022-02-01,1063,91.5,94.5,3.0,0.03278688524590164
2665,2022-02-01,1064,89.61,90.79,1.18,0.01316817319495592
2666,2022-02-01,1065,86.37,86.58,0.21,0.0024313997915943034
2667,2022-02-01,1066,97.23,101.92,4.69,0.0482361411087113
2668,2022-02-01,1067,97.12,101.73,4.61,0.0474670510708402
2669,2022-02-01,1068,115.25,120.42,5.17,0.044859002169197394
2670,2022-02-01,1069,110.55,110.75,0.2,0.0018091361374943465
2671,2022-02-01,1070,131.06,138.71,7.65,0.05837021211658782
2672,2022-02-01,1071,101.62,102.38,0.76,0.007478842747490651
2673,2022-02-01,1072,128.56,128.28,-0.28,-0.002177971375233354
2674,2022-02-01,1073,85.69,92.32,6.63,0.0773719220445793
2675,2022-02-01,1074,98.81,96.75,-2.06,-0.02084809229835037
2676,2022-02-01,1075,164.65,171.71,7.06,0.04287883389006984
2677,2022-02-01,1076,109.46,111.43,1.97,0.0179974419879408
2678,2022-02-01,1077,153.64,157.37,3.73,0.024277531892736265
2679,2022-02-01,1078,108.6,114.94,6.34,0.05837937384898711
2680,2022-02-01,1079,97.32,100.65,3.33,0.034217016029593095
2681,2022-02-01,1080,628.3,612.02,-16.28,-0.025911188922489257
2682,2022-02-01,1081,512.47,514.26,1.79,0.00349288738853006
2683,2022-02-01,1082,542.14,534.74,-7.4,-0.013649610801637953
2684,2022-02-01,1083,606.74,634.37,27.63,0.0455384513959851
2685,2022-02-01,1084,425.21,418.72,-6.49,-0.01526304649467322
2686,2022-02-01,1085,463.33,475.17,11.84,0.025554140677271058
2687,2022-02-01,1086,409.63,390.82,-18.81,-0.04591948831872666
2688,2022-02-01,1087,316.25,302.89,-13.36,-0.04224505928853755
2689,2022-02-01,1088,747.96,789.28,41.32,0.05524359591422001
2690,2022-02-01,1089,325.32,349.53,24.21,0.07441903356694947
2691,2022-02-01,1090,393.68,417.08,23.4,0.05943913838650681
2692,2022-02-01,1091,493.86,475.29,-18.57,-0.03760174948365934
2693,2022-02-01,1092,462.67,483.45,20.78,0.04491322108630341
2694,2022-02-01,1093,415.44,419.56,4.12,0.009917196225688426
2695,2022-02-01,1094,470.18,480.13,9.95,0.021162108128801736
2696,2022-02-01,1095,503.64,514.3,10.66,0.021165912159478995
2697,2022-02-01,1096,539.42,550.07,10.65,0.019743428126506247
2698,2022-02-01,1097,439.86,441.98,2.12,0.004819715363979448
2699,2022-02-01,1098,398.02,393.51,-4.51,-0.011331088890005527
2700,2022-02-01,1099,539.32,555.48,16.16,0.02996365793962768
2701,2022-02-01,1100,879.11,942.84,63.73,0.07249377211042987
2702,2022-02-01,1101,875.74,844.59,-31.15,-0.0355699180121954
2703,2022-02-01,1102,1087.42,1140.84,53.42,0.04912545290688051
2704,2022-02-01,1103,1211.59,1300.15,88.56,0.07309403346016392
2705,2022-02-01,1104,897.81,923.14,25.33,0.028213096312137313
2706,2022-02-01,1105,926.51,950.84,24.33,0.02625983529589535
2707,2022-02-01,1106,913.15,877.29,-35.86,-0.039270656518644254
2708,2022-02-01,1107,854.26,879.98,25.72,0.03010792967012385
2709,2022-02-01,1108,957.7,1021.73,64.03,0.06685809752532108
2710,2022-02-01,1109,924.79,908.69,-16.1,-0.01740935780014922
2711,2022-02-01,1110,820.07,848.75,28.68,0.03497262428817052
2712,2022-02-01,1111,1137.81,1134.23,-3.58,-0.003146395268102759
2713,2022-02-01,1112,835.36,885.43,50.07,0.059938230224095
2714,2022-02-01,1113,941.98,995.96,53.98,0.0573048260047984
2715,2022-02-01,1114,1167.51,1139.02,-28.49,-0.02440236057935264
2716,2022-02-01,1115,948.44,953.41,4.97,0.005240183880899161
2717,2022-02-01,1116,1015.12,964.89,-50.23,-0.04948183465994168
2718,2022-02-01,1117,1040.31,1003.6,-36.71,-0.035287558516211515
2719,2022-02-01,1118,862.92,854.68,-8.24,-0.009548973253604043
2720,2022-02-01,1119,794.47,770.21,-24.26,-0.030536080657545282
2721,2022-02-01,1120,64.6,69.58,4.98,0.07708978328173374
2722,2022-02-01,1121,68.24,68.99,0.75,0.010990621336459554
2723,2022-02-01,1122,47.74,50.52,2.78,0.05823209049015501
2724,2022-02-01,1123,61.01,59.49,-1.52,-0.024913948533027374
2725,2022-02-01,1124,50.4,52.09,1.69,0.03353174603174603
2726,2022-02-01,1125,63.37,64.97,1.6,0.02524854031876282
2727,2022-02-01,1126,57.18,58.19,1.01,0.017663518712836657
2728,2022-02-01,1127,47.43,50.07,2.64,0.055660974067046176
2729,2022-02-01,1128,72.27,72.99,0.72,0.009962640099626401
2730,2022-02-01,1129,39.35,40.49,1.14,0.028970775095298603
2731,2022-02-01,1130,54.15,53.39,-0.76,-0.014035087719298246
2732,2022-02-01,1131,61.79,63.53,1.74,0.02815989642336948
2733,2022-02-01,1132,68.69,69.05,0.36,0.00524093754549425
2734,2022-02-01,1133,54.36,58.56,4.2,0.0772626931567329
2735,2022-02-01,1134,79.21,79.02,-0.19,-0.002398687034465345
2736,2022-02-01,1135,54.73,53.29,-1.44,-0.02631098118033985
2737,2022-02-01,1136,51.95,50.49,-1.46,-0.028103946102021174
2738,2022-02-01,1137,48.66,50.83,2.17,0.04459515002055076
2739,2022-02-01,1138,50.49,49.65,-0.84,-0.016636957813428402
2740,2022-02-01,1139,59.93,64.06,4.13,0.06891373268813616
2741,2022-02-01,1140,717.33,765.95,48.62,0.06777912536768294
2742,2022-02-01,1141,581.31,626.63,45.32,0.07796184479881646
2743,2022-02-01,1142,623.7,620.82,-2.88,-0.004617604617604618
2744,2022-02-01,1143,646.79,645.04,-1.75,-0.002705669537253204
2745,2022-02-01,1144,705.73,696.86,-8.87,-0.012568546044521275
2746,2022-02-01,1145,653.55,621.94,-31.61,-0.04836661311299824
2747,2022-02-01,1146,521.62,526.14,4.52,0.008665311912886775
2748,2022-02-01,1147,702.06,715.92,13.86,0.019741902401504145
2749,2022-02-01,1148,640.86,661.27,20.41,0.03184782947913741
2750,2022-02-01,1149,663.88,687.41,23.53,0.03544315237693559
2751,2022-02-01,1150,558.83,531.85,-26.98,-0.04827944097489398
2752,2022-02-01,1151,522.59,498.9,-23.69,-0.04533190455232591
2753,2022-02-01,1152,683.15,697.69,14.54,0.021283759057308057
2754,2022-02-01,1153,592.11,626.02,33.91,0.05726976406410971
2755,2022-02-01,1154,729.45,778.5,49.05,0.06724244293645898
2756,2022-02-01,1155,565.24,584.17,18.93,0.03349019885358432
2757,2022-02-01,1156,498.66,527.31,28.65,0.057453976657441945
2758,2022-02-01,1157,505.97,534.1,28.13,0.055596181591793976
2759,2022-02-01,1158,716.48,754.47,37.99,0.0530231129968736
2760,2022-02-01,1159,636.05,609.69,-26.36,-0.04144328276078925
2761,2022-02-01,1160,50.11,49.34,-0.77,-0.015366194372380763
2762,2022-02-01,1161,42.66,45.03,2.37,0.05555555555555555
2763,2022-02-01,1162,47.56,49.69,2.13,0.044785534062237176
2764,2022-02-01,1163,46.31,48.88,2.57,0.05549557331030015
2765,2022-02-01,1164,34.25,35.31,1.06,0.030948905109489052
2766,2022-02-01,1165,40.07,42.15,2.08,0.05190915897179935
2767,2022-02-01,1166,39.23,38.45,-0.78,-0.01988274279887841
2768,2022-02-01,1167,61.21,62.86,1.65,0.026956379676523444
2769,2022-02-01,1168,47.96,51.55,3.59,0.07485404503753128
2770,2022-02-01,1169,55.39,54.28,-1.11,-0.02003971836071493
2771,2022-02-01,1170,37.16,36.56,-0.6,-0.016146393972012917
2772,2022-02-01,1171,32.04,30.53,-1.51,-0.04712858926342072
2773,2022-02-01,1172,47.36,51.11,3.75,0.07918074324324324
2774,2022-02-01,1173,49.04,47.44,-1.6,-0.03262642740619902
2775,2022-02-01,1174,46.5,48.26,1.76,0.0378494623655914
2776,2022-02-01,1175,44.62,42.95,-1.67,-0.037427162707306144
2777,2022-02-01,1176,42.18,42.95,0.77,0.018255097202465622
2778,2022-02-01,1177,56.64,59.6,2.96,0.052259887005649715
2779,2022-02-01,1178,39.15,42.07,2.92,0.07458492975734356
2780,2022-02-01,1179,47.33,47.08,-0.25,-0.005282062117050497
2781,2022-02-01,1180,76.83,75.18,-1.65,-0.021475985942991018
2782,2022-02-01,1181,80.23,84.13,3.9,0.04861024554406083
2783,2022-02-01,1182,104.01,109.6,5.59,0.05374483222767042
2784,2022-02-01,1183,116.26,111.88,-4.38,-0.037674178565284704
2785,2022-02-01,1184,93.32,91.38,-1.94,-0.020788684097728247
2786,2022-02-01,1185,79.89,77.62,-2.27,-0.028414069345349856
2787,2022-02-01,1186,82.42,88.96,6.54,0.07934967240960931
2788,2022-02-01,1187,122.46,120.41,-2.05,-0.016740160052261963
2789,2022-02-01,1188,83.68,82.34,-1.34,-0.01601338432122371
2790,2022-02-01,1189,87.27,84.55,-2.72,-0.03116764065543715
2791,2022-02-01,1190,54.78,52.38,-2.4,-0.04381161007667032
2792,2022-02-01,1191,67.58,72.53,4.95,0.07324652263983428
2793,2022-02-01,1192,101.5,106.89,5.39,0.05310344827586207
2794,2022-02-01,1193,98.74,94.22,-4.52,-0.04577678752278712
2795,2022-02-01,1194,122.29,130.45,8.16,0.0667266334123804
2796,2022-02-01,1195,79.58,84.85,5.27,0.06622266901231465
2797,2022-02-01,1196,95.68,92.77,-2.91,-0.030413879598662208
2798,2022-02-01,1197,103.25,104.81,1.56,0.015108958837772397
2799,2022-02-01,1198,116.04,113.35,-2.69,-0.02318166149603585
2800,2022-02-01,1199,111.53,119.56,8.03,0.07199856540841029
2801,2022-03-01,1000,705.95,732.5,26.55,0.037608895814151146
2802,2022-03-01,1001,731.83,788.59,56.76,0.07755899594168045
2803,2022-03-01,1002,733.72,742.27,8.55,0.011652946628141526
2804,2022-03-01,1003,810.66,793.14,-17.52,-0.021612019835689437
2805,2022-03-01,1004,798.48,852.79,54.31,0.06801673179040177
2806,2022-03-01,1005,843.84,814.23,-29.61,-0.03508959044368601
2807,2022-03-01,1006,712.21,750.01,37.8,0.05307423372319962
2808,2022-03-01,1007,1055.86,1074.76,18.9,0.017900100392097437
2809,2022-03-01,1008,706.1,761.25,55.15,0.07810508426568474
2810,2022-03-01,1009,568.54,595.96,27.42,0.04822879656664439
2811,2022-03-01,1010,550.33,585.3,34.97,0.0635436919666382
2812,2022-03-01,1011,695.15,697.86,2.71,0.0038984391857872403
2813,2022-03-01,1012,757.39,725.83,-31.56,-0.041669417341132046
2814,2022-03-01,1013,566.07,557.67,-8.4,-0.014839154168212411
2815,2022-03-01,1014,585.59,606.33,20.74,0.03541727146979969
2816,2022-03-01,1015,563.97,542.34,-21.63,-0.03835310388850471
2817,2022-03-01,1016,732.54,733.29,0.75,0.001023834875911213
2818,2022-03-01,1017,776.77,792.59,15.82,0.020366389021203187
2819,2022-03-01,1018,565.63,603.9,38.27,0.06765907041705709
2820,2022-03-01,1019,644.67,628.09,-16.58,-0.025718584702250764
2821,2022-03-01,1020,526.81,538.49,11.68,0.022171181260796112
2822,2022-03-01,1021,373.6,358.81,-14.79,-0.03958779443254818
2823,2022-03-01,1022,504.43,513.58,9.15,0.018139285926689532
2824,2022-03-01,1023,448.91,450.04,1.13,0.002517208349112294
2825,2022-03-01,1024,429.18,412.86,-16.32,-0.0380260030756326
2826,2022-03-01,1025,419.14,413.08,-6.06,-0.014458176265686882
2827,2022-03-01,1026,412.61,414.49,1.88,0.004556360728048278
2828,2022-03-01,1027,594.45,572.46,-21.99,-0.0369921776431996
2829,2022-03-01,1028,476.43,496.49,20.06,0.04210482127489872
2830,2022-03-01,1029,502.01,494.52,-7.49,-0.014920021513515668
2831,2022-03-01,1030,405.87,387.73,-18.14,-0.0446941138788282
2832,2022-03-01,1031,538.19,558.14,19.95,0.03706869321243427
2833,2022-03-01,1032,472.99,478.15,5.16,0.010909321550138481
2834,2022-03-01,1033,535.6,561.32,25.72,0.04802091112770725
2835,2022-03-01,1034,480.19,483.97,3.78,0.007871884045898498
2836,2022-03-01,1035,566.18,552.31,-13.87,-0.02449750962591402
2837,2022-03-01,1036,442.38,457.31,14.93,0.03374926533749265
2838,2022-03-01,1037,558.84,583.74,24.9,0.044556581490229764
2839,2022-03-01,1038,380.6,367.65,-12.95,-0.034025223331581714
2840,2022-03-01,1039,627.71,658.3,30.59,0.04873269503433114
2841,2022-03-01,1040,265.42,262.67,-2.75,-0.010360937382262075
2842,2022-03-01,1041,255.09,265.79,10.7,0.041945979850248935
2843,2022-03-01,1042,325.93,316.18,-9.75,-0.029914398797287762
2844,2022-03-01,1043,326.69,330.19,3.5,0.010713520462824084
2845,2022-03-01,1044,274.06,283.37,9.31,0.03397066335838867
2846,2022-03-01,1045,290.42,309.13,18.71,0.06442393774533434
2847,2022-03-01,1046,366.17,363.38,-2.79,-0.007619411748641341
2848,2022-03-01,1047,283.96,300.68,16.72,0.05888153261022679
2849,2022-03-01,1048,306.54,315.66,9.12,0.029751419064396163
2850,2022-03-01,1049,393.68,382.76,-10.92,-0.027738264580369845
2851,2022-03-01,1050,313.3,316.45,3.15,0.01005426109160549
2852,2022-03-01,1051,301.06,323.71,22.65,0.07523417259018136
2853,2022-03-01,1052,288.3,306.38,18.08,0.06271245230662505
2854,2022-03-01,1053,387.45,410.27,22.82,0.05889792231255646
2855,2022-03-01,1054,333.72,334.06,0.34,0.0010188181709217307
2856,2022-03-01,1055,291.06,307.35,16.29,0.055967841682127394
2857,2022-03-01,1056,290.74,284.26,-6.48,-0.022287954873770378
2858,2022-03-01,1057,300.25,290.68,-9.57,-0.03187343880099917
2859,2022-03-01,1058,278.43,266.6,-11.83,-0.042488237618072765
2860,2022-03-01,1059,297.84,309.97,12.13,0.040726564598442115
2861,2022-03-01,1060,73.83,79.18,5.35,0.07246376811594203
2862,2022-03-01,1061,152.79,160.09,7.3,0.04777799594214281
2863,2022-03-01,1062,114.28,119.18,4.9,0.04287714385719286
2864,2022-03-01,1063,94.26,101.23,6.97,0.07394440908126458
2865,2022-03-01,1064,87.21,93.14,5.93,0.06799678935901846
2866,2022-03-01,1065,88.33,90.82,2.49,0.028189743009170157
2867,2022-03-01,1066,95.73,93.27,-2.46,-0.02569727358194923
2868,2022-03-01,1067,96.54,99.71,3.17,0.032836130101512324
2869,2022-03-01,1068,111.47,107.63,-3.84,-0.03444873060016148
2870,2022-03-01,1069,110.63,105.38,-5.25,-0.047455482238090936
2871,2022-03-01,1070,135.43,133.59,-1.84,-0.013586354574318836
2872,2022-03-01,1071,101.61,98.25,-3.36,-0.033067611455565395
2873,2022-03-01,1072,121.15,127.26,6.11,0.05043334709038382
2874,2022-03-01,1073,89.62,91.27,1.65,0.018411068957821915
2875,2022-03-01,1074,102.52,101.24,-1.28,-0.012485368708544674
2876,2022-03-01,1075,155.61,165.85,10.24,0.06580553948975001
2877,2022-03-01,1076,105.92,106.07,0.15,0.0014161631419939576
2878,2022-03-01,1077,158.0,164.8,6.8,0.043037974683544304
2879,2022-03-01,1078,108.71,104.53,-4.18,-0.038450924477968905
2880,2022-03-01,1079,93.87,99.65,5.78,0.06157451795035688
2881,2022-03-01,1080,603.22,629.38,26.16,0.04336726235867511
2882,2022-03-01,1081,511.6,535.45,23.85,0.04661845191555903
2883,2022-03-01,1082,558.95,589.64,30.69,0.054906521155738436
2884,2022-03-01,1083,595.41,606.34,10.93,0.018357098469961874
2885,2022-03-01,1084,403.83,390.43,-13.4,-0.03318227967213927
2886,2022-03-01,1085,462.85,449.23,-13.62,-0.029426380036728962
2887,2022-03-01,1086,423.98,449.12,25.14,0.059295249775932826
2888,2022-03-01,1087,336.8,330.7,-6.1,-0.01811163895486936
2889,2022-03-01,1088,707.72,725.78,18.06,0.025518566664782683
2890,2022-03-01,1089,322.51,321.46,-1.05,-0.003255713001147251
2891,2022-03-01,1090,415.62,419.81,4.19,0.010081324286607959
2892,2022-03-01,1091,488.62,475.72,-12.9,-0.026400884122631082
2893,2022-03-01,1092,451.08,486.85,35.77,0.07929857231533209
2894,2022-03-01,1093,428.54,420.64,-7.9,-0.01843468521024875
2895,2022-03-01,1094,466.78,495.16,28.38,0.060799520116543125
2896,2022-03-01,1095,500.58,532.35,31.77,0.06346637900035958
2897,2022-03-01,1096,509.47,529.17,19.7,0.038667634993228256
2898,2022-03-01,1097,437.48,468.07,30.59,0.06992319648898235
2899,2022-03-01,1098,389.89,398.19,8.3,0.02128805560542717
2900,2022-03-01,1099,542.02,551.75,9.73,0.01795136710822479
2901,2022-03-01,1100,827.98,790.7,-37.28,-0.045025242155607624
2902,2022-03-01,1101,863.51,856.84,-6.67,-0.007724288080045396
2903,2022-03-01,1102,1127.99,1154.22,26.23,0.02325375224957668
2904,2022-03-01,1103,1124.19,1074.44,-49.75,-0.04425408516353997
2905,2022-03-01,1104,916.31,945.17,28.86,0.0314958911285482
2906,2022-03-01,1105,906.8,968.3,61.5,0.06782090868989854
2907,2022-03-01,1106,934.13,951.28,17.15,0.018359329001316732
2908,2022-03-01,1107,890.86,939.34,48.48,0.05441932514648767
2909,2022-03-01,1108,1003.05,957.34,-45.71,-0.045571008424305864
2910,2022-03-01,1109,971.99,950.09,-21.9,-0.02253109599893003
2911,2022-03-01,1110,819.6,842.63,23.03,0.028099072718399218
2912,2022-03-01,1111,1144.32,1235.45,91.13,0.07963681487695749
2913,2022-03-01,1112,840.29,829.15,-11.14,-0.01325732782729772
2914,2022-03-01,1113,939.51,938.19,-1.32,-0.0014049877063575693
2915,2022-03-01,1114,1205.41,1214.15,8.74,0.007250645008752209
2916,2022-03-01,1115,968.91,1006.16,37.25,0.038445263233943296
2917,2022-03-01,1116,988.44,950.88,-37.56,-0.03799927157945854
2918,2022-03-01,1117,1052.95,1077.19,24.24,0.02302103613656869
2919,2022-03-01,1118,863.33,918.57,55.24,0.06398480303012753
2920,2022-03-01,1119,827.87,881.98,54.11,0.06536050346068827
2921,2022-03-01,1120,65.16,64.66,-0.5,-0.00767341927562922
2922,2022-03-01,1121,67.5,71.15,3.65,0.05407407407407407
2923,2022-03-01,1122,48.26,49.57,1.31,0.027144633236634894
2924,2022-03-01,1123,58.98,61.98,3.0,0.0508646998982706
2925,2022-03-01,1124,50.83,52.6,1.77,0.03482195553806807
2926,2022-03-01,1125,62.81,61.91,-0.9,-0.014328928514567744
2927,2022-03-01,1126,55.84,53.39,-2.45,-0.043875358166189114
2928,2022-03-01,1127,47.44,46.91,-0.53,-0.011172006745362563
2929,2022-03-01,1128,68.69,68.89,0.2,0.0029116319697190273
2930,2022-03-01,1129,38.92,38.32,-0.6,-0.015416238437821172
2931,2022-03-01,1130,52.36,54.21,1.85,0.03533231474407945
2932,2022-03-01,1131,62.86,67.16,4.3,0.06840598154629335
2933,2022-03-01,1132,69.33,66.71,-2.62,-0.03779027837876821
2934,2022-03-01,1133,55.08,54.07,-1.01,-0.018336964415395788
2935,2022-03-01,1134,77.13,76.17,-0.96,-0.012446518864255154
2936,2022-03-01,1135,56.78,57.33,0.55,0.009686509334272632
2937,2022-03-01,1136,54.85,56.07,1.22,0.022242479489516864
2938,2022-03-01,1137,50.99,53.48,2.49,0.048833104530300056
2939,2022-03-01,1138,48.92,49.67,0.75,0.015331152902698283
2940,2022-03-01,1139,56.26,60.38,4.12,0.07323142552435123
2941,2022-03-01,1140,708.79,742.34,33.55,0.0473341892521057
2942,2022-03-01,1141,603.73,608.04,4.31,0.007138952843158366
2943,2022-03-01,1142,606.07,625.61,19.54,0.03224050027224578
2944,2022-03-01,1143,639.21,681.16,41.95,0.06562788441983072
2945,2022-03-01,1144,684.7,674.73,-9.97,-0.014561121659120782
2946,2022-03-01,1145,643.5,679.8,36.3,0.05641025641025641
2947,2022-03-01,1146,515.75,501.6,-14.15,-0.02743577314590402
2948,2022-03-01,1147,734.15,790.17,56.02,0.07630593203023905
2949,2022-03-01,1148,603.62,593.84,-9.78,-0.016202246446439812
2950,2022-03-01,1149,628.32,628.39,0.07,0.0001114081996434937
2951,2022-03-01,1150,564.88,555.86,-9.02,-0.01596799320209602
2952,2022-03-01,1151,517.64,554.96,37.32,0.07209643767869561
2953,2022-03-01,1152,665.55,648.96,-16.59,-0.02492675231011945
2954,2022-03-01,1153,578.32,574.0,-4.32,-0.007469912851016738
2955,2022-03-01,1154,721.7,690.07,-31.63,-0.04382707496189552
2956,2022-03-01,1155,588.88,568.13,-20.75,-0.03523638092650455
2957,2022-03-01,1156,504.6,523.5,18.9,0.03745541022592152
2958,2022-03-01,1157,501.12,539.92,38.8,0.07742656449553001
2959,2022-03-01,1158,722.51,690.08,-32.43,-0.04488519190045812
2960,2022-03-01,1159,613.39,626.02,12.63,0.020590488922219142
2961,2022-03-01,1160,48.61,50.43,1.82,0.037440855790989505
2962,2022-03-01,1161,42.03,42.87,0.84,0.01998572448251249
2963,2022-03-01,1162,46.01,49.46,3.45,0.074983699195827
2964,2022-03-01,1163,46.46,45.89,-0.57,-0.012268618166164442
2965,2022-03-01,1164,32.74,33.35,0.61,0.01863164324984728
2966,2022-03-01,1165,42.67,45.59,2.92,0.06843215373798922
2967,2022-03-01,1166,40.58,39.99,-0.59,-0.014539181862986693
2968,2022-03-01,1167,62.03,64.49,2.46,0.0396582298887635
2969,2022-03-01,1168,48.53,51.33,2.8,0.0576962703482382
2970,2022-03-01,1169,51.8,50.11,-1.69,-0.03262548262548263
2971,2022-03-01,1170,38.04,37.54,-0.5,-0.013144058885383806
2972,2022-03-01,1171,32.22,34.07,1.85,0.05741775294847921
2973,2022-03-01,1172,48.48,49.43,0.95,0.019595709570957097
2974,2022-03-01,1173,49.81,49.6,-0.21,-0.004216020879341497
2975,2022-03-01,1174,44.77,43.56,-1.21,-0.02702702702702703
2976,2022-03-01,1175,45.17,46.38,1.21,0.026787690945317688
2977,2022-03-01,1176,41.52,44.04,2.52,0.06069364161849711
2978,2022-03-01,1177,57.36,61.83,4.47,0.07792887029288703
2979,2022-03-01,1178,39.84,39.83,-0.01,-0.000251004016064257
2980,2022-03-01,1179,45.61,46.26,0.65,0.014251260688445516
2981,2022-03-01,1180,79.32,77.26,-2.06,-0.025970751386787696
2982,2022-03-01,1181,79.08,80.29,1.21,0.01530096105209914
2983,2022-03-01,1182,107.28,107.38,0.1,0.0009321401938851603
2984,2022-03-01,1183,120.46,116.81,-3.65,-0.030300514693674247
2985,2022-03-01,1184,92.28,97.69,5.41,0.05862592110966623
2986,2022-03-01,1185,80.73,83.15,2.42,0.029976464759073455
2987,2022-03-01,1186,84.55,89.5,4.95,0.058545239503252515
2988,2022-03-01,1187,124.52,131.22,6.7,0.053806617410857696
2989,2022-03-01,1188,87.4,93.42,6.02,0.0688787185354691
2990,2022-03-01,1189,85.07,89.88,4.81,0.056541671564593866
2991,2022-03-01,1190,57.26,56.57,-0.69,-0.012050296891372686
2992,2022-03-01,1191,69.46,74.43,4.97,0.07155197235819176
2993,2022-03-01,1192,105.06,110.16,5.1,0.04854368932038835
2994,2022-03-01,1193,101.07,102.4,1.33,0.013159196596418324
2995,2022-03-01,1194,120.96,117.58,-3.38,-0.027943121693121693
2996,2022-03-01,1195,84.35,90.12,5.77,0.06840545346769414
2997,2022-03-01,1196,100.75,96.4,-4.35,-0.04317617866004963
2998,2022-03-01,1197,100.96,101.51,0.55,0.00544770206022187
2999,2022-03-01,1198,113.44,117.74,4.3,0.037905500705218614
3000,2022-03-01,1199,105.3,111.88,6.58,0.06248812915479582
3001,2022-04-01,1000,720.45,761.54,41.09,0.057033798320494135
3002,2022-04-01,1001,716.52,720.46,3.94,0.0054987997543683356
3003,2022-04-01,1002,774.96,783.12,8.16,0.010529575720037163
3004,2022-04-01,1003,815.42,846.69,31.27,0.03834833582693581
3005,2022-04-01,1004,793.96,833.9,39.94,0.05030480124943322
3006,2022-04-01,1005,870.34,937.42,67.08,0.07707332766505044
3007,2022-04-01,1006,695.65,672.4,-23.25,-0.03342197944368576
3008,2022-04-01,1007,1039.56,1021.16,-18.4,-0.017699796067567046
3009,2022-04-01,1008,713.69,717.63,3.94,0.005520604183889364
3010,2022-04-01,1009,584.5,617.51,33.01,0.05647562018819504
3011,2022-04-01,1010,570.83,595.02,24.19,0.04237688979205718
3012,2022-04-01,1011,705.12,693.87,-11.25,-0.015954731109598365
3013,2022-04-01,1012,760.56,803.95,43.39,0.05705006837067424
3014,2022-04-01,1013,579.96,625.44,45.48,0.07841920132422926
3015,2022-04-01,1014,603.33,611.76,8.43,0.013972452886480035
3016,2022-04-01,1015,522.97,496.89,-26.08,-0.04986901734325105
3017,2022-04-01,1016,723.42,768.81,45.39,0.06274363440325122
3018,2022-04-01,1017,766.37,780.84,14.47,0.01888121925440714
3019,2022-04-01,1018,561.05,540.48,-20.57,-0.03666339898404777
3020,2022-04-01,1019,634.93,620.12,-14.81,-0.023325405950262234
3021,2022-04-01,1020,535.98,564.25,28.27,0.05274450539199224
3022,2022-04-01,1021,405.96,407.37,1.41,0.00347324859592078
3023,2022-04-01,1022,492.33,501.82,9.49,0.019275689070339
3024,2022-04-01,1023,453.54,443.92,-9.62,-0.021210918551836662
3025,2022-04-01,1024,428.67,441.26,12.59,0.029369911587001658
3026,2022-04-01,1025,413.34,426.24,12.9,0.03120917404557991
3027,2022-04-01,1026,418.6,445.05,26.45,0.06318681318681318
3028,2022-04-01,1027,604.71,608.5,3.79,0.0062674670503216415
3029,2022-04-01,1028,496.28,483.48,-12.8,-0.02579189167405497
3030,2022-04-01,1029,495.35,510.19,14.84,0.02995861512062178
3031,2022-04-01,1030,399.12,408.43,9.31,0.023326317899378633
3032,2022-04-01,1031,533.72,568.61,34.89,0.06537135576706887
3033,2022-04-01,1032,457.29,483.77,26.48,0.057906361389927614
3034,2022-04-01,1033,552.17,543.64,-8.53,-0.015448140971077749
3035,2022-04-01,1034,466.63,477.08,10.45,0.022394616719885133
3036,2022-04-01,1035,551.58,595.01,43.43,0.07873744515754741
3037,2022-04-01,1036,442.77,469.75,26.98,0.06093457099622829
3038,2022-04-01,1037,579.56,591.3,11.74,0.020256746497342812
3039,2022-04-01,1038,360.35,353.18,-7.17,-0.01989732204800888
3040,2022-04-01,1039,636.95,642.53,5.58,0.008760499254258576
3041,2022-04-01,1040,268.83,266.41,-2.42,-0.009001971506156307
3042,2022-04-01,1041,254.04,271.44,17.4,0.0684931506849315
3043,2022-04-01,1042,310.72,311.6,0.88,0.0028321318228630276
3044,2022-04-01,1043,346.34,351.25,4.91,0.014176820465438587
3045,2022-04-01,1044,279.18,280.49,1.31,0.004692313202951501
3046,2022-04-01,1045,281.37,274.77,-6.6,-0.023456658492376586
3047,2022-04-01,1046,348.5,343.84,-4.66,-0.013371592539454807
3048,2022-04-01,1047,278.41,271.54,-6.87,-0.024675837793182717
3049,2022-04-01,1048,308.64,306.05,-2.59,-0.008391653706583723
3050,2022-04-01,1049,412.87,444.05,31.18,0.0755201395112263
3051,2022-04-01,1050,312.63,336.49,23.86,0.07632025077567732
3052,2022-04-01,1051,303.6,321.87,18.27,0.06017786561264822
3053,2022-04-01,1052,294.41,299.74,5.33,0.01810400461940831
3054,2022-04-01,1053,384.88,399.0,14.12,0.036686759509457496
3055,2022-04-01,1054,343.85,359.08,15.23,0.044292569434346375
3056,2022-04-01,1055,302.85,295.18,-7.67,-0.025326069011061582
3057,2022-04-01,1056,300.04,310.11,10.07,0.0335621917077723
3058,2022-04-01,1057,304.16,310.87,6.71,0.022060757496054708
3059,2022-04-01,1058,273.06,277.94,4.88,0.017871530066652017
3060,2022-04-01,1059,288.77,279.0,-9.77,-0.03383315441354711
3061,2022-04-01,1060,72.73,71.72,-1.01,-0.013886979238278564
3062,2022-04-01,1061,158.86,160.26,1.4,0.008812791136850056
3063,2022-04-01,1062,118.44,119.57,1.13,0.009540695710908476
3064,2022-04-01,1063,90.57,91.26,0.69,0.0076184166942696255
3065,2022-04-01,1064,86.58,93.36,6.78,0.07830907830907831
3066,2022-04-01,1065,87.77,94.41,6.64,0.07565227298621396
3067,2022-04-01,1066,92.56,90.49,-2.07,-0.022363872082973208
3068,2022-04-01,1067,96.61,97.13,0.52,0.005382465583272953
3069,2022-04-01,1068,115.88,121.96,6.08,0.05246807041767346
3070,2022-04-01,1069,108.99,104.04,-4.95,-0.04541701073492981
3071,2022-04-01,1070,128.33,124.55,-3.78,-0.02945531052754617
3072,2022-04-01,1071,100.24,95.94,-4.3,-0.04289704708699122
3073,2022-04-01,1072,126.65,130.05,3.4,0.026845637583892617
3074,2022-04-01,1073,91.69,87.51,-4.18,-0.045588395681099354
3075,2022-04-01,1074,95.74,97.78,2.04,0.02130770837685398
3076,2022-04-01,1075,158.05,165.42,7.37,0.04663081303385005
3077,2022-04-01,1076,112.72,112.76,0.04,0.0003548616039744499
3078,2022-04-01,1077,151.71,163.45,11.74,0.07738448355414937
3079,2022-04-01,1078,112.6,121.26,8.66,0.07690941385435168
3080,2022-04-01,1079,89.99,88.23,-1.76,-0.019557728636515167
3081,2022-04-01,1080,619.76,648.73,28.97,0.04674390086485091
3082,2022-04-01,1081,509.64,532.17,22.53,0.04420767600659289
3083,2022-04-01,1082,546.72,542.76,-3.96,-0.007243195785776997
3084,2022-04-01,1083,621.95,620.08,-1.87,-0.003006672562103063
3085,2022-04-01,1084,415.79,412.44,-3.35,-0.008056951826643257
3086,2022-04-01,1085,448.97,457.94,8.97,0.01997906318907722
3087,2022-04-01,1086,411.91,421.01,9.1,0.022092204607802677
3088,2022-04-01,1087,320.9,324.06,3.16,0.00984730445621689
3089,2022-04-01,1088,724.29,712.18,-12.11,-0.016719822170677492
3090,2022-04-01,1089,309.14,318.32,9.18,0.029695283690237433
3091,2022-04-01,1090,417.64,441.32,23.68,0.056699549851546786
3092,2022-04-01,1091,481.45,460.26,-21.19,-0.04401287776508464
3093,2022-04-01,1092,451.85,452.78,0.93,0.0020582051565785106
3094,2022-04-01,1093,401.76,410.3,8.54,0.021256471525288728
3095,2022-04-01,1094,461.38,485.47,24.09,0.052212926438077074
3096,2022-04-01,1095,511.23,494.18,-17.05,-0.03335093793400231
3097,2022-04-01,1096,552.71,590.29,37.58,0.06799225633695789
3098,2022-04-01,1097,434.31,442.05,7.74,0.01782137183118049
3099,2022-04-01,1098,380.5,364.4,-16.1,-0.04231274638633377
3100,2022-04-01,1099,559.2,573.54,14.34,0.025643776824034334
3101,2022-04-01,1100,869.38,929.59,60.21,0.06925625158158688
3102,2022-04-01,1101,885.24,901.9,16.66,0.018819755094663593
3103,2022-04-01,1102,1130.2,1171.92,41.72,0.03691382056273226
3104,2022-04-01,1103,1135.18,1116.32,-18.86,-0.016614105252030515
3105,2022-04-01,1104,933.93,966.29,32.36,0.034649277783131496
3106,2022-04-01,1105,943.68,959.83,16.15,0.017113852153272296
3107,2022-04-01,1106,945.75,979.98,34.23,0.03619349722442506
3108,2022-04-01,1107,880.96,909.01,28.05,0.031840265165274245
3109,2022-04-01,1108,958.27,1000.45,42.18,0.044016821981278764
3110,2022-04-01,1109,916.06,967.51,51.45,0.05616444337707137
3111,2022-04-01,1110,797.59,781.73,-15.86,-0.0198849032711042
3112,2022-04-01,1111,1212.5,1193.66,-18.84,-0.015538144329896907
3113,2022-04-01,1112,852.27,900.89,48.62,0.05704764921914417
3114,2022-04-01,1113,961.64,999.06,37.42,0.038912690819849424
3115,2022-04-01,1114,1227.53,1192.42,-35.11,-0.02860215228955708
3116,2022-04-01,1115,898.36,960.27,61.91,0.06891446636092435
3117,2022-04-01,1116,1020.78,1018.42,-2.36,-0.0023119575226787357
3118,2022-04-01,1117,1013.83,1054.87,41.04,0.04048015939555941
3119,2022-04-01,1118,840.32,884.53,44.21,0.052610910129474484
3120,2022-04-01,1119,788.44,753.32,-35.12,-0.044543655826695755
3121,2022-04-01,1120,67.38,70.27,2.89,0.042891065598100325
3122,2022-04-01,1121,67.69,72.64,4.95,0.07312749298271531
3123,2022-04-01,1122,48.6,50.41,1.81,0.037242798353909465
3124,2022-04-01,1123,59.38,64.01,4.63,0.07797238127315595
3125,2022-04-01,1124,50.8,49.65,-1.15,-0.022637795275590553
3126,2022-04-01,1125,63.43,62.35,-1.08,-0.017026643544064322
3127,2022-04-01,1126,53.93,55.16,1.23,0.022807342851844985
3128,2022-04-01,1127,46.79,50.5,3.71,0.07929044667664031
3129,2022-04-01,1128,70.13,71.21,1.08,0.015399971481534293
3130,2022-04-01,1129,39.4,42.4,3.0,0.07614213197969544
3131,2022-04-01,1130,53.31,52.8,-0.51,-0.009566685424873381
3132,2022-04-01,1131,62.74,60.94,-1.8,-0.028689831048772714
3133,2022-04-01,1132,70.75,75.46,4.71,0.06657243816254417
3134,2022-04-01,1133,53.29,53.71,0.42,0.007881403640457873
3135,2022-04-01,1134,76.24,79.74,3.5,0.04590766002098636
3136,2022-04-01,1135,57.69,55.23,-2.46,-0.042641705668226726
3137,2022-04-01,1136,50.64,49.73,-0.91,-0.01796998420221169
3138,2022-04-01,1137,50.81,48.66,-2.15,-0.04231450501869711
3139,2022-04-01,1138,49.59,51.14,1.55,0.03125630167372454
3140,2022-04-01,1139,58.24,58.16,-0.08,-0.0013736263736263735
3141,2022-04-01,1140,743.46,740.93,-2.53,-0.003403007559249993
3142,2022-04-01,1141,608.51,627.05,18.54,0.030467864127130203
3143,2022-04-01,1142,614.96,612.11,-2.85,-0.004634447768960583
3144,2022-04-01,1143,616.3,618.81,2.51,0.004072691870842122
3145,2022-04-01,1144,695.82,688.29,-7.53,-0.010821764249374838
3146,2022-04-01,1145,650.9,672.07,21.17,0.03252419726532493
3147,2022-04-01,1146,541.74,550.76,9.02,0.016650053531214237
3148,2022-04-01,1147,763.43,811.08,47.65,0.0624156766173716
3149,2022-04-01,1148,627.82,618.42,-9.4,-0.014972444331177726
3150,2022-04-01,1149,615.71,586.23,-29.48,-0.04787968361728736
3151,2022-04-01,1150,554.9,568.2,13.3,0.023968282573436656
3152,2022-04-01,1151,541.11,534.74,-6.37,-0.011772098094657278
3153,2022-04-01,1152,672.53,666.54,-5.99,-0.008906665873641325
3154,2022-04-01,1153,562.14,581.29,19.15,0.0340662468424236
3155,2022-04-01,1154,738.76,791.24,52.48,0.07103795549298825
3156,2022-04-01,1155,560.63,541.91,-18.72,-0.03339100654620695
3157,2022-04-01,1156,503.29,508.52,5.23,0.010391623119871247
3158,2022-04-01,1157,523.09,501.97,-21.12,-0.04037546120170525
3159,2022-04-01,1158,695.95,697.15,1.2,0.0017242618004166966
3160,2022-04-01,1159,605.53,643.39,37.86,0.06252373953396198
3161,2022-04-01,1160,49.69,52.33,2.64,0.05312940229422419
3162,2022-04-01,1161,42.3,41.07,-1.23,-0.029078014184397163
3163,2022-04-01,1162,45.34,45.61,0.27,0.005955006616674019
3164,2022-04-01,1163,46.1,43.8,-2.3,-0.049891540130151846
3165,2022-04-01,1164,33.24,31.83,-1.41,-0.042418772563176894
3166,2022-04-01,1165,40.9,43.29,2.39,0.05843520782396088
3167,2022-04-01,1166,40.22,39.05,-1.17,-0.02909000497265042
3168,2022-04-01,1167,60.17,59.88,-0.29,-0.004819677580189463
3169,2022-04-01,1168,48.02,50.51,2.49,0.05185339441899209
3170,2022-04-01,1169,53.95,52.72,-1.23,-0.022798887859128824
3171,2022-04-01,1170,38.73,41.31,2.58,0.06661502711076685
3172,2022-04-01,1171,33.82,35.46,1.64,0.04849201655824956
3173,2022-04-01,1172,48.5,50.27,1.77,0.03649484536082474
3174,2022-04-01,1173,50.32,51.11,0.79,0.015699523052464227
3175,2022-04-01,1174,45.77,43.76,-2.01,-0.043915228315490495
3176,2022-04-01,1175,44.19,44.98,0.79,0.01787734781624802
3177,2022-04-01,1176,40.37,42.96,2.59,0.06415655189497152
3178,2022-04-01,1177,57.69,58.14,0.45,0.0078003120124804995
3179,2022-04-01,1178,38.23,40.81,2.58,0.06748626732932252
3180,2022-04-01,1179,44.97,47.42,2.45,0.054480764954414056
3181,2022-04-01,1180,76.64,82.57,5.93,0.07737473903966598
3182,2022-04-01,1181,82.78,83.29,0.51,0.006160908431988403
3183,2022-04-01,1182,99.24,103.91,4.67,0.04705763804917372
3184,2022-04-01,1183,117.37,122.91,5.54,0.04720115872880634
3185,2022-04-01,1184,93.69,97.5,3.81,0.040666026256804357
3186,2022-04-01,1185,80.55,76.61,-3.94,-0.0489137181874612
3187,2022-04-01,1186,84.23,88.94,4.71,0.05591831888875697
3188,2022-04-01,1187,115.04,110.07,-4.97,-0.043202364394993045
3189,2022-04-01,1188,90.07,87.16,-2.91,-0.03230820472965471
3190,2022-04-01,1189,87.96,88.47,0.51,0.005798090040927694
3191,2022-04-01,1190,56.72,60.19,3.47,0.06117771509167842
3192,2022-04-01,1191,66.26,64.13,-2.13,-0.032146091156051916
3193,2022-04-01,1192,109.23,117.9,8.67,0.07937379840703103
3194,2022-04-01,1193,103.26,100.49,-2.77,-0.026825489056749953
3195,2022-04-01,1194,128.72,135.47,6.75,0.052439403356121815
3196,2022-04-01,1195,83.44,84.14,0.7,0.008389261744966443
3197,2022-04-01,1196,95.72,101.51,5.79,0.06048892603426661
3198,2022-04-01,1197,101.24,103.07,1.83,0.018075859344132753
3199,2022-04-01,1198,113.37,111.27,-2.1,-0.018523418893887273
3200,2022-04-01,1199,108.12,106.38,-1.74,-0.01609322974472808
3201,2022-05-01,1000,735.92,716.45,-19.47,-0.026456680073921077
3202,2022-05-01,1001,731.46,726.27,-5.19,-0.007095398244606677
3203,2022-05-01,1002,773.86,819.63,45.77,0.059145064998836996
3204,2022-05-01,1003,790.24,800.09,9.85,0.012464567726260376
3205,2022-05-01,1004,787.37,789.54,2.17,0.0027560105160216925
3206,2022-05-01,1005,846.68,837.09,-9.59,-0.01132659328199556
3207,2022-05-01,1006,729.49,762.14,32.65,0.044757296193230885
3208,2022-05-01,1007,1021.38,1085.27,63.89,0.06255262488006423
3209,2022-05-01,1008,698.18,663.58,-34.6,-0.0495574207224498
3210,2022-05-01,1009,556.81,534.21,-22.6,-0.04058835150230779
3211,2022-05-01,1010,558.75,577.81,19.06,0.03411185682326622
3212,2022-05-01,1011,715.68,772.77,57.09,0.07977028839704896
3213,2022-05-01,1012,789.27,780.57,-8.7,-0.011022843893724581
3214,2022-05-01,1013,562.89,603.6,40.71,0.07232318925544956
3215,2022-05-01,1014,593.75,621.0,27.25,0.045894736842105266
3216,2022-05-01,1015,528.6,519.11,-9.49,-0.017953083617101778
3217,2022-05-01,1016,752.72,759.9,7.18,0.009538739504729514
3218,2022-05-01,1017,787.56,805.46,17.9,0.022728427040479456
3219,2022-05-01,1018,549.61,570.29,20.68,0.03762668073725005
3220,2022-05-01,1019,660.26,634.95,-25.31,-0.03833338381849574
3221,2022-05-01,1020,536.33,546.54,10.21,0.019036787052747375
3222,2022-05-01,1021,387.56,391.97,4.41,0.011378883269687274
3223,2022-05-01,1022,495.59,515.96,20.37,0.04110252426400855
3224,2022-05-01,1023,467.96,497.78,29.82,0.06372339516197965
3225,2022-05-01,1024,409.09,432.87,23.78,0.05812901806448459
3226,2022-05-01,1025,411.56,411.21,-0.35,-0.0008504227816114296
3227,2022-05-01,1026,415.7,420.42,4.72,0.011354342073610777
3228,2022-05-01,1027,646.52,671.36,24.84,0.038421085194580214
3229,2022-05-01,1028,481.63,488.56,6.93,0.014388638581483712
3230,2022-05-01,1029,508.51,488.07,-20.44,-0.04019586635464396
3231,2022-05-01,1030,407.81,422.73,14.92,0.03658566489296486
3232,2022-05-01,1031,540.09,516.61,-23.48,-0.04347423577551889
3233,2022-05-01,1032,483.12,518.0,34.88,0.0721973836727935
3234,2022-05-01,1033,540.45,571.2,30.75,0.0568970302525673
3235,2022-05-01,1034,483.95,500.4,16.45,0.033991114784585184
3236,2022-05-01,1035,539.45,582.23,42.78,0.07930299378997127
3237,2022-05-01,1036,446.07,443.19,-2.88,-0.006456385769049701
3238,2022-05-01,1037,566.97,538.63,-28.34,-0.04998500802511597
3239,2022-05-01,1038,385.17,414.88,29.71,0.07713477165926734
3240,2022-05-01,1039,634.15,633.2,-0.95,-0.0014980682803753054
3241,2022-05-01,1040,273.43,262.15,-11.28,-0.041253702958709726
3242,2022-05-01,1041,257.24,277.44,20.2,0.07852589021925051
3243,2022-05-01,1042,326.85,347.63,20.78,0.06357656417316812
3244,2022-05-01,1043,353.83,373.34,19.51,0.055139473758584634
3245,2022-05-01,1044,274.35,275.98,1.63,0.005941315837433935
3246,2022-05-01,1045,289.97,277.56,-12.41,-0.042797530779046106
3247,2022-05-01,1046,359.41,378.0,18.59,0.05172365821763446
3248,2022-05-01,1047,274.2,280.66,6.46,0.023559445660102114
3249,2022-05-01,1048,312.46,335.41,22.95,0.07344940152339499
3250,2022-05-01,1049,418.2,439.72,21.52,0.05145863223338116
3251,2022-05-01,1050,312.06,322.83,10.77,0.03451259373197462
3252,2022-05-01,1051,295.29,289.66,-5.63,-0.01906600291239121
3253,2022-05-01,1052,293.5,295.82,2.32,0.007904599659284497
3254,2022-05-01,1053,377.97,370.17,-7.8,-0.0206365584570204
3255,2022-05-01,1054,354.01,346.53,-7.48,-0.02112934662862631
3256,2022-05-01,1055,304.54,317.49,12.95,0.042523149668352266
3257,2022-05-01,1056,313.36,336.23,22.87,0.07298315037018126
3258,2022-05-01,1057,301.98,325.63,23.65,0.07831644479766872
3259,2022-05-01,1058,275.88,280.53,4.65,0.016855154414963026
3260,2022-05-01,1059,289.59,284.2,-5.39,-0.018612521150592216
3261,2022-05-01,1060,72.58,75.86,3.28,0.04519151281344723
3262,2022-05-01,1061,152.89,160.26,7.37,0.048204591536398715
3263,2022-05-01,1062,112.91,111.56,-1.35,-0.01195642547161456
3264,2022-05-01,1063,89.05,93.31,4.26,0.047838293093767546
3265,2022-05-01,1064,89.8,89.6,-0.2,-0.0022271714922048997
3266,2022-05-01,1065,92.38,98.28,5.9,0.06386663780038969
3267,2022-05-01,1066,97.27,102.34,5.07,0.05212295671841267
3268,2022-05-01,1067,95.95,92.16,-3.79,-0.039499739447628975
3269,2022-05-01,1068,117.72,124.0,6.28,0.05334692490655794
3270,2022-05-01,1069,110.55,110.37,-0.18,-0.0016282225237449117
3271,2022-05-01,1070,130.94,137.02,6.08,0.046433480983656635
3272,2022-05-01,1071,103.3,99.43,-3.87,-0.03746369796708616
3273,2022-05-01,1072,131.79,128.1,-3.69,-0.02799908946050535
3274,2022-05-01,1073,88.39,91.01,2.62,0.02964136214503903
3275,2022-05-01,1074,95.21,97.16,1.95,0.020481041907362673
3276,2022-05-01,1075,165.75,173.04,7.29,0.04398190045248869
3277,2022-05-01,1076,114.49,119.41,4.92,0.04297318543104201
3278,2022-05-01,1077,148.22,144.93,-3.29,-0.022196734583726892
3279,2022-05-01,1078,110.94,117.56,6.62,0.05967189471786551
3280,2022-05-01,1079,93.12,97.21,4.09,0.04392182130584192
3281,2022-05-01,1080,600.26,635.14,34.88,0.058108153133642086
3282,2022-05-01,1081,523.05,525.27,2.22,0.0042443361055348435
3283,2022-05-01,1082,528.29,537.06,8.77,0.016600730659296976
3284,2022-05-01,1083,620.61,666.91,46.3,0.07460401862683488
3285,2022-05-01,1084,405.44,411.05,5.61,0.013836819258089977
3286,2022-05-01,1085,464.3,466.58,2.28,0.004910618134826621
3287,2022-05-01,1086,418.81,410.62,-8.19,-0.019555406986461642
3288,2022-05-01,1087,316.46,307.04,-9.42,-0.029766795171585668
3289,2022-05-01,1088,758.13,774.74,16.61,0.02190917125031327
3290,2022-05-01,1089,314.78,332.84,18.06,0.05737340364699155
3291,2022-05-01,1090,397.19,391.53,-5.66,-0.01425010700168685
3292,2022-05-01,1091,510.91,516.11,5.2,0.010177917832886418
3293,2022-05-01,1092,447.31,473.05,25.74,0.05754398515570857
3294,2022-05-01,1093,412.26,407.39,-4.87,-0.01181293358560132
3295,2022-05-01,1094,451.98,476.05,24.07,0.05325456878622948
3296,2022-05-01,1095,513.71,503.91,-9.8,-0.019076911097701037
3297,2022-05-01,1096,547.14,580.53,33.39,0.0610264283364404
3298,2022-05-01,1097,434.19,444.96,10.77,0.024804808954605125
3299,2022-05-01,1098,375.52,405.09,29.57,0.07874414145717938
3300,2022-05-01,1099,571.15,557.54,-13.61,-0.023829116694388513
3301,2022-05-01,1100,882.11,896.3,14.19,0.016086429130153835
3302,2022-05-01,1101,891.64,860.52,-31.12,-0.03490197837692342
3303,2022-05-01,1102,1189.5,1273.84,84.34,0.0709037410676755
3304,2022-05-01,1103,1163.12,1131.0,-32.12,-0.02761537932457528
3305,2022-05-01,1104,880.54,867.24,-13.3,-0.015104367774320303
3306,2022-05-01,1105,933.92,1003.59,69.67,0.07459953743361315
3307,2022-05-01,1106,926.35,903.24,-23.11,-0.024947374102660982
3308,2022-05-01,1107,856.38,916.09,59.71,0.06972372077815923
3309,2022-05-01,1108,978.41,1018.43,40.02,0.04090309788330046
3310,2022-05-01,1109,1013.28,1088.16,74.88,0.0738986262434865
3311,2022-05-01,1110,829.35,798.71,-30.64,-0.03694459516488816
3312,2022-05-01,1111,1222.97,1307.5,84.53,0.06911862106184126
3313,2022-05-01,1112,882.76,845.45,-37.31,-0.04226516833567447
3314,2022-05-01,1113,915.74,979.58,63.84,0.06971411099220302
3315,2022-05-01,1114,1198.64,1263.36,64.72,0.053994527130748184
3316,2022-05-01,1115,899.09,960.98,61.89,0.06883626778186833
3317,2022-05-01,1116,975.39,989.36,13.97,0.014322476137750027
3318,2022-05-01,1117,1027.74,1069.47,41.73,0.0406036546208185
3319,2022-05-01,1118,860.33,880.39,20.06,0.023316634314739692
3320,2022-05-01,1119,799.57,766.33,-33.24,-0.041572345135510336
3321,2022-05-01,1120,66.47,69.29,2.82,0.04242515420490447
3322,2022-05-01,1121,67.02,65.4,-1.62,-0.024171888988361683
3323,2022-05-01,1122,49.55,51.83,2.28,0.046014127144298686
3324,2022-05-01,1123,60.81,60.33,-0.48,-0.007893438579181056
3325,2022-05-01,1124,51.67,49.86,-1.81,-0.035029998064640994
3326,2022-05-01,1125,62.83,65.71,2.88,0.045837975489415886
3327,2022-05-01,1126,56.63,59.16,2.53,0.044675966802048384
3328,2022-05-01,1127,45.66,48.81,3.15,0.06898817345597898
3329,2022-05-01,1128,70.23,71.64,1.41,0.020076890217855616
3330,2022-05-01,1129,38.12,37.84,-0.28,-0.007345225603357817
3331,2022-05-01,1130,53.35,55.94,2.59,0.04854732895970009
3332,2022-05-01,1131,62.74,63.23,0.49,0.007810009563277016
3333,2022-05-01,1132,68.74,72.34,3.6,0.0523712540005819
3334,2022-05-01,1133,53.35,57.17,3.82,0.07160262417994377
3335,2022-05-01,1134,80.92,84.96,4.04,0.04992585269401879
3336,2022-05-01,1135,57.61,56.12,-1.49,-0.025863565353237285
3337,2022-05-01,1136,55.31,53.24,-2.07,-0.037425420357982284
3338,2022-05-01,1137,50.29,51.38,1.09,0.0216742891230861
3339,2022-05-01,1138,48.14,45.78,-2.36,-0.049023680930619026
3340,2022-05-01,1139,58.73,56.34,-2.39,-0.04069470458028265
3341,2022-05-01,1140,712.92,694.65,-18.27,-0.025626998821747182
3342,2022-05-01,1141,630.8,613.77,-17.03,-0.02699746353836398
3343,2022-05-01,1142,624.31,669.29,44.98,0.0720475404846951
3344,2022-05-01,1143,622.35,660.79,38.44,0.061765887362416644
3345,2022-05-01,1144,692.36,738.23,45.87,0.06625166098561441
3346,2022-05-01,1145,673.87,649.04,-24.83,-0.03684686957425023
3347,2022-05-01,1146,519.76,514.15,-5.61,-0.010793443127597353
3348,2022-05-01,1147,727.42,730.18,2.76,0.003794231668087212
3349,2022-05-01,1148,620.07,668.13,48.06,0.07750737819923557
3350,2022-05-01,1149,689.63,685.02,-4.61,-0.00668474399315575
3351,2022-05-01,1150,607.93,596.95,-10.98,-0.01806128995114569
3352,2022-05-01,1151,506.13,525.27,19.14,0.03781637128800901
3353,2022-05-01,1152,704.98,720.18,15.2,0.021560895344548782
3354,2022-05-01,1153,560.04,557.53,-2.51,-0.004481822726948075
3355,2022-05-01,1154,713.09,678.63,-34.46,-0.04832489587569592
3356,2022-05-01,1155,552.89,565.85,12.96,0.023440467362404818
3357,2022-05-01,1156,487.61,493.77,6.16,0.012633046902237443
3358,2022-05-01,1157,508.39,522.29,13.9,0.02734121442199886
3359,2022-05-01,1158,718.45,760.58,42.13,0.0586401280534484
3360,2022-05-01,1159,585.91,616.86,30.95,0.05282381253093479
3361,2022-05-01,1160,48.53,50.36,1.83,0.0377086338347414
3362,2022-05-01,1161,43.71,44.0,0.29,0.0066346373827499425
3363,2022-05-01,1162,47.48,46.64,-0.84,-0.017691659646166806
3364,2022-05-01,1163,44.82,43.98,-0.84,-0.018741633199464525
3365,2022-05-01,1164,32.65,32.39,-0.26,-0.007963246554364471
3366,2022-05-01,1165,42.31,41.29,-1.02,-0.02410777593949421
3367,2022-05-01,1166,40.47,40.97,0.5,0.012354830738818878
3368,2022-05-01,1167,59.56,64.06,4.5,0.0755540631296172
3369,2022-05-01,1168,47.8,51.22,3.42,0.07154811715481171
3370,2022-05-01,1169,54.56,53.33,-1.23,-0.022543988269794722
3371,2022-05-01,1170,38.83,41.72,2.89,0.07442698944115375
3372,2022-05-01,1171,32.19,32.62,0.43,0.013358185771978875
3373,2022-05-01,1172,49.4,51.46,2.06,0.041700404858299595
3374,2022-05-01,1173,47.92,45.73,-2.19,-0.04570116861435726
3375,2022-05-01,1174,47.77,45.5,-2.27,-0.047519363617333055
3376,2022-05-01,1175,46.86,49.75,2.89,0.061673068715322236
3377,2022-05-01,1176,40.49,38.5,-1.99,-0.04914793776241047
3378,2022-05-01,1177,58.67,57.83,-0.84,-0.01431736833134481
3379,2022-05-01,1178,38.61,40.85,2.24,0.05801605801605802
3380,2022-05-01,1179,45.59,48.06,2.47,0.05417854792717701
3381,2022-05-01,1180,76.19,75.95,-0.24,-0.0031500196876230475
3382,2022-05-01,1181,81.86,85.34,3.48,0.042511605179574884
3383,2022-05-01,1182,103.06,100.37,-2.69,-0.026101300213467883
3384,2022-05-01,1183,115.14,115.4,0.26,0.002258120548896995
3385,2022-05-01,1184,88.42,94.44,6.02,0.06808414385885546
3386,2022-05-01,1185,78.02,80.0,1.98,0.02537810817739041
3387,2022-05-01,1186,85.2,85.36,0.16,0.0018779342723004694
3388,2022-05-01,1187,120.39,119.88,-0.51,-0.00423623224520309
3389,2022-05-01,1188,87.96,91.24,3.28,0.03728967712596635
3390,2022-05-01,1189,84.52,83.66,-0.86,-0.010175106483672503
3391,2022-05-01,1190,56.85,58.27,1.42,0.02497801231310466
3392,2022-05-01,1191,70.5,73.76,3.26,0.04624113475177305
3393,2022-05-01,1192,104.29,103.45,-0.84,-0.008054463515198005
3394,2022-05-01,1193,102.59,104.2,1.61,0.015693537381811094
3395,2022-05-01,1194,126.88,123.87,-3.01,-0.023723203026481714
3396,2022-05-01,1195,83.76,90.04,6.28,0.07497612225405921
3397,2022-05-01,1196,98.8,99.14,0.34,0.0034412955465587046
3398,2022-05-01,1197,97.37,92.53,-4.84,-0.049707302043750644
3399,2022-05-01,1198,110.04,106.3,-3.74,-0.033987640857869865
3400,2022-05-01,1199,110.41,108.46,-1.95,-0.017661443709808895
3401,2022-06-01,1000,727.07,716.52,-10.55,-0.014510294744660073
3402,2022-06-01,1001,703.38,688.86,-14.52,-0.02064318007336006
3403,2022-06-01,1002,771.76,795.79,24.03,0.03113662278428527
3404,2022-06-01,1003,787.71,846.39,58.68,0.07449442053547625
3405,2022-06-01,1004,785.54,790.55,5.01,0.006377778343559844
3406,2022-06-01,1005,807.71,795.71,-12.0,-0.014856817422094564
3407,2022-06-01,1006,732.9,710.56,-22.34,-0.030481648246691227
3408,2022-06-01,1007,1011.94,1041.29,29.35,0.02900369587129672
3409,2022-06-01,1008,681.72,692.94,11.22,0.016458370005280762
3410,2022-06-01,1009,572.72,563.28,-9.44,-0.01648274898728873
3411,2022-06-01,1010,556.08,531.62,-24.46,-0.04398647676593296
3412,2022-06-01,1011,689.3,713.68,24.38,0.03536921514580009
3413,2022-06-01,1012,796.63,772.06,-24.57,-0.030842423709877862
3414,2022-06-01,1013,548.39,578.19,29.8,0.05434088878352997
3415,2022-06-01,1014,596.4,629.23,32.83,0.05504694835680751
3416,2022-06-01,1015,546.35,525.65,-20.7,-0.037887800860254416
3417,2022-06-01,1016,765.4,735.45,-29.95,-0.03912986673634701
3418,2022-06-01,1017,791.1,833.57,42.47,0.053684742763241054
3419,2022-06-01,1018,548.14,591.84,43.7,0.07972415806180903
3420,2022-06-01,1019,639.35,634.37,-4.98,-0.007789160866505044
3421,2022-06-01,1020,543.9,550.05,6.15,0.011307225592939878
3422,2022-06-01,1021,405.27,404.36,-0.91,-0.0022454166358230315
3423,2022-06-01,1022,513.79,539.83,26.04,0.05068218532863621
3424,2022-06-01,1023,447.64,438.09,-9.55,-0.02133410776516844
3425,2022-06-01,1024,419.9,409.88,-10.02,-0.02386282448201953
3426,2022-06-01,1025,430.83,409.75,-21.08,-0.04892881182833136
3427,2022-06-01,1026,443.75,443.09,-0.66,-0.0014873239436619717
3428,2022-06-01,1027,612.94,659.2,46.26,0.07547231376643718
3429,2022-06-01,1028,496.19,486.15,-10.04,-0.020234184485781657
3430,2022-06-01,1029,477.77,464.15,-13.62,-0.028507440818804027
3431,2022-06-01,1030,405.93,387.63,-18.3,-0.04508166432636169
3432,2022-06-01,1031,526.19,554.99,28.8,0.05473308120640833
3433,2022-06-01,1032,455.23,466.16,10.93,0.024009841179184147
3434,2022-06-01,1033,521.58,500.6,-20.98,-0.04022393496683155
3435,2022-06-01,1034,489.33,480.29,-9.04,-0.01847424028774038
3436,2022-06-01,1035,561.25,581.06,19.81,0.035296213808463255
3437,2022-06-01,1036,427.31,424.17,-3.14,-0.007348295148721069
3438,2022-06-01,1037,577.12,612.3,35.18,0.060957859717216525
3439,2022-06-01,1038,371.24,367.48,-3.76,-0.010128218941924361
3440,2022-06-01,1039,621.84,648.66,26.82,0.04313006561173292
3441,2022-06-01,1040,273.68,275.05,1.37,0.005005846243788366
3442,2022-06-01,1041,257.72,249.87,-7.85,-0.030459413316777897
3443,2022-06-01,1042,330.95,344.71,13.76,0.04157727753437075
3444,2022-06-01,1043,356.6,373.15,16.55,0.04641054402692092
3445,2022-06-01,1044,278.87,298.07,19.2,0.06884928461290207
3446,2022-06-01,1045,286.76,275.49,-11.27,-0.039301157762588926
3447,2022-06-01,1046,346.94,357.97,11.03,0.031792240733268
3448,2022-06-01,1047,281.37,268.82,-12.55,-0.04460319152717063
3449,2022-06-01,1048,307.0,321.65,14.65,0.04771986970684039
3450,2022-06-01,1049,413.2,441.57,28.37,0.0686592449177154
3451,2022-06-01,1050,307.64,317.74,10.1,0.0328305811988038
3452,2022-06-01,1051,292.17,288.03,-4.14,-0.014169832631687031
3453,2022-06-01,1052,292.98,301.18,8.2,0.0279882585842037
3454,2022-06-01,1053,380.82,372.35,-8.47,-0.02224147891392259
3455,2022-06-01,1054,347.29,363.53,16.24,0.0467620720435371
3456,2022-06-01,1055,297.83,316.25,18.42,0.06184736258939664
3457,2022-06-01,1056,294.63,312.77,18.14,0.061568747242303906
3458,2022-06-01,1057,314.38,322.6,8.22,0.02614670144411222
3459,2022-06-01,1058,273.73,263.32,-10.41,-0.03803017572060059
3460,2022-06-01,1059,308.94,315.42,6.48,0.02097494659157118
3461,2022-06-01,1060,73.9,74.81,0.91,0.012313937753721246
3462,2022-06-01,1061,155.81,168.16,12.35,0.07926320518580322
3463,2022-06-01,1062,113.34,119.68,6.34,0.05593788600670549
3464,2022-06-01,1063,91.71,96.8,5.09,0.0555010358739505
3465,2022-06-01,1064,84.49,85.07,0.58,0.0068647177180731446
3466,2022-06-01,1065,91.93,94.09,2.16,0.023496138366148157
3467,2022-06-01,1066,94.29,90.75,-3.54,-0.03754374801145403
3468,2022-06-01,1067,90.66,88.28,-2.38,-0.026251930288991837
3469,2022-06-01,1068,115.96,124.96,9.0,0.0776129699896516
3470,2022-06-01,1069,105.15,108.22,3.07,0.029196386115073705
3471,2022-06-01,1070,127.78,130.36,2.58,0.020190953200813898
3472,2022-06-01,1071,102.48,105.87,3.39,0.03307962529274005
3473,2022-06-01,1072,128.98,136.41,7.43,0.05760583036129632
3474,2022-06-01,1073,86.12,84.08,-2.04,-0.023687877380399444
3475,2022-06-01,1074,94.62,99.26,4.64,0.04903825829634327
3476,2022-06-01,1075,160.05,158.08,-1.97,-0.012308653545766948
3477,2022-06-01,1076,111.84,116.71,4.87,0.043544349070100144
3478,2022-06-01,1077,146.96,157.3,10.34,0.07035928143712575
3479,2022-06-01,1078,111.33,112.14,0.81,0.007275666936135812
3480,2022-06-01,1079,91.56,89.52,-2.04,-0.022280471821756225
3481,2022-06-01,1080,606.47,653.75,47.28,0.07795933846686563
3482,2022-06-01,1081,502.66,497.04,-5.62,-0.011180519635538932
3483,2022-06-01,1082,546.48,579.98,33.5,0.06130141999707217
3484,2022-06-01,1083,587.73,610.56,22.83,0.0388443673115206
3485,2022-06-01,1084,404.67,390.17,-14.5,-0.03583166530753453
3486,2022-06-01,1085,445.56,449.99,4.43,0.009942544214022802
3487,2022-06-01,1086,417.41,436.24,18.83,0.04511152104645313
3488,2022-06-01,1087,318.48,341.02,22.54,0.0707736749560412
3489,2022-06-01,1088,707.63,752.38,44.75,0.0632392634568913
3490,2022-06-01,1089,316.7,334.59,17.89,0.05648879065361541
3491,2022-06-01,1090,407.22,423.68,16.46,0.04042041157114091
3492,2022-06-01,1091,496.21,497.3,1.09,0.0021966506116362023
3493,2022-06-01,1092,445.0,442.78,-2.22,-0.00498876404494382
3494,2022-06-01,1093,411.32,406.92,-4.4,-0.010697267334435476
3495,2022-06-01,1094,447.74,458.5,10.76,0.024031804172064145
3496,2022-06-01,1095,527.5,529.33,1.83,0.0034691943127962083
3497,2022-06-01,1096,533.53,508.42,-25.11,-0.04706389518864919
3498,2022-06-01,1097,437.26,464.39,27.13,0.06204546494076751
3499,2022-06-01,1098,404.28,411.26,6.98,0.01726526169981201
3500,2022-06-01,1099,558.35,562.2,3.85,0.006895316557714695
3501,2022-06-01,1100,824.84,848.26,23.42,0.028393385383832015
3502,2022-06-01,1101,851.69,863.53,11.84,0.013901771771419179
3503,2022-06-01,1102,1139.04,1148.57,9.53,0.00836669476050007
3504,2022-06-01,1103,1144.47,1184.55,40.08,0.0350205772104118
3505,2022-06-01,1104,879.25,857.06,-22.19,-0.025237418254193913
3506,2022-06-01,1105,912.72,873.22,-39.5,-0.043277237268822856
3507,2022-06-01,1106,938.64,966.51,27.87,0.029691894656098186
3508,2022-06-01,1107,881.27,911.75,30.48,0.034586449101864356
3509,2022-06-01,1108,911.48,960.35,48.87,0.053616096897353756
3510,2022-06-01,1109,980.33,1039.9,59.57,0.06076525251700958
3511,2022-06-01,1110,775.1,774.33,-0.77,-0.0009934202038446652
3512,2022-06-01,1111,1177.72,1210.24,32.52,0.027612675338790204
3513,2022-06-01,1112,849.77,851.33,1.56,0.0018357908610565211
3514,2022-06-01,1113,950.88,970.68,19.8,0.02082281675921252
3515,2022-06-01,1114,1182.11,1245.5,63.39,0.05362445119320537
3516,2022-06-01,1115,946.34,1005.56,59.22,0.06257793182154406
3517,2022-06-01,1116,948.09,907.62,-40.47,-0.04268582096636395
3518,2022-06-01,1117,1021.07,1073.92,52.85,0.05175942883445797
3519,2022-06-01,1118,843.5,805.61,-37.89,-0.04491997628927089
3520,2022-06-01,1119,848.95,907.11,58.16,0.06850815713528477
3521,2022-06-01,1120,67.25,66.98,-0.27,-0.004014869888475836
3522,2022-06-01,1121,65.35,66.63,1.28,0.01958684009181331
3523,2022-06-01,1122,50.4,54.16,3.76,0.0746031746031746
3524,2022-06-01,1123,57.38,61.93,4.55,0.07929592192401534
3525,2022-06-01,1124,49.7,49.62,-0.08,-0.0016096579476861167
3526,2022-06-01,1125,61.54,61.71,0.17,0.0027624309392265192
3527,2022-06-01,1126,54.36,55.18,0.82,0.015084621044885945
3528,2022-06-01,1127,45.7,46.92,1.22,0.026695842450765863
3529,2022-06-01,1128,67.52,68.9,1.38,0.020438388625592416
3530,2022-06-01,1129,38.78,41.13,2.35,0.06059824651882414
3531,2022-06-01,1130,52.07,52.1,0.03,0.0005761474937584021
3532,2022-06-01,1131,61.78,63.77,1.99,0.032211071544189056
3533,2022-06-01,1132,70.22,72.06,1.84,0.026203360865850185
3534,2022-06-01,1133,53.49,54.87,1.38,0.025799214806505887
3535,2022-06-01,1134,79.88,78.28,-1.6,-0.020030045067601403
3536,2022-06-01,1135,52.56,55.2,2.64,0.0502283105022831
3537,2022-06-01,1136,55.97,59.49,3.52,0.06289083437555834
3538,2022-06-01,1137,53.64,53.1,-0.54,-0.010067114093959731
3539,2022-06-01,1138,48.6,48.31,-0.29,-0.005967078189300411
3540,2022-06-01,1139,58.43,57.09,-1.34,-0.022933424610645216
3541,2022-06-01,1140,718.16,736.22,18.06,0.025147599420741896
3542,2022-06-01,1141,566.27,570.19,3.92,0.00692249280378618
3543,2022-06-01,1142,620.62,621.71,1.09,0.0017563082079211111
3544,2022-06-01,1143,680.46,725.89,45.43,0.06676365987714193
3545,2022-06-01,1144,708.43,763.5,55.07,0.07773527377440255
3546,2022-06-01,1145,645.56,652.46,6.9,0.01068839457215441
3547,2022-06-01,1146,551.62,529.69,-21.93,-0.03975562887495015
3548,2022-06-01,1147,733.09,750.55,17.46,0.02381699382067686
3549,2022-06-01,1148,568.56,575.77,7.21,0.012681159420289854
3550,2022-06-01,1149,683.28,689.83,6.55,0.009586114038168832
3551,2022-06-01,1150,566.04,598.42,32.38,0.05720443784891527
3552,2022-06-01,1151,534.88,561.39,26.51,0.04956251869578223
3553,2022-06-01,1152,684.75,726.35,41.6,0.06075209930631617
3554,2022-06-01,1153,587.08,593.22,6.14,0.01045854057368672
3555,2022-06-01,1154,768.4,810.84,42.44,0.05523165018219677
3556,2022-06-01,1155,569.65,574.21,4.56,0.008004915298867725
3557,2022-06-01,1156,474.21,457.32,-16.89,-0.035617131650534574
3558,2022-06-01,1157,513.88,501.42,-12.46,-0.024246905892426247
3559,2022-06-01,1158,715.29,740.43,25.14,0.03514658390303234
3560,2022-06-01,1159,595.77,615.01,19.24,0.0322943417761888
3561,2022-06-01,1160,48.67,50.92,2.25,0.04622971029381549
3562,2022-06-01,1161,39.65,40.76,1.11,0.027994955863808322
3563,2022-06-01,1162,47.78,45.88,-1.9,-0.03976559229803265
3564,2022-06-01,1163,48.19,47.87,-0.32,-0.006640381821954762
3565,2022-06-01,1164,34.38,36.97,2.59,0.07533449680046539
3566,2022-06-01,1165,42.67,42.16,-0.51,-0.01195219123505976
3567,2022-06-01,1166,39.36,39.23,-0.13,-0.0033028455284552843
3568,2022-06-01,1167,60.3,58.79,-1.51,-0.025041459369817578
3569,2022-06-01,1168,49.61,49.72,0.11,0.0022172949002217295
3570,2022-06-01,1169,53.29,54.53,1.24,0.023268905986113718
3571,2022-06-01,1170,38.57,39.53,0.96,0.02488981073373088
3572,2022-06-01,1171,32.4,31.63,-0.77,-0.023765432098765433
3573,2022-06-01,1172,48.15,51.89,3.74,0.07767393561786085
3574,2022-06-01,1173,48.45,52.17,3.72,0.07678018575851393
3575,2022-06-01,1174,45.22,44.25,-0.97,-0.021450685537372845
3576,2022-06-01,1175,44.88,45.22,0.34,0.007575757575757576
3577,2022-06-01,1176,41.29,43.01,1.72,0.04165657544199564
3578,2022-06-01,1177,55.68,59.66,3.98,0.07147988505747127
3579,2022-06-01,1178,41.23,40.7,-0.53,-0.012854717438758186
3580,2022-06-01,1179,45.09,46.71,1.62,0.03592814371257485
3581,2022-06-01,1180,74.6,76.69,2.09,0.02801608579088472
3582,2022-06-01,1181,81.55,79.49,-2.06,-0.025260576333537708
3583,2022-06-01,1182,107.82,111.57,3.75,0.03478018920422927
3584,2022-06-01,1183,113.68,109.25,-4.43,-0.038969035890218155
3585,2022-06-01,1184,91.27,88.43,-2.84,-0.031116467623534566
3586,2022-06-01,1185,80.77,82.14,1.37,0.016961743221493127
3587,2022-06-01,1186,82.73,85.39,2.66,0.03215278617188444
3588,2022-06-01,1187,122.59,131.12,8.53,0.0695815319357207
3589,2022-06-01,1188,85.77,82.97,-2.8,-0.032645447126034746
3590,2022-06-01,1189,83.12,85.86,2.74,0.03296438883541867
3591,2022-06-01,1190,58.36,59.5,1.14,0.019533927347498287
3592,2022-06-01,1191,67.97,73.14,5.17,0.07606296895689274
3593,2022-06-01,1192,104.77,110.54,5.77,0.055073017085043426
3594,2022-06-01,1193,100.74,96.89,-3.85,-0.03821719277347627
3595,2022-06-01,1194,124.47,127.49,3.02,0.0242628745882542
3596,2022-06-01,1195,86.17,83.16,-3.01,-0.034930950446791224
3597,2022-06-01,1196,95.75,94.5,-1.25,-0.013054830287206266
3598,2022-06-01,1197,97.82,98.23,0.41,0.004191371907585361
3599,2022-06-01,1198,116.43,119.82,3.39,0.029116207163102294
3600,2022-06-01,1199,111.64,107.58,-4.06,-0.03636689358652813
3601,2022-07-01,1000,723.74,776.56,52.82,0.07298201011412939
3602,2022-07-01,1001,725.39,732.39,7.0,0.009649981389321606
3603,2022-07-01,1002,756.65,764.11,7.46,0.009859248001057292
3604,2022-07-01,1003,793.6,766.11,-27.49,-0.03463961693548387
3605,2022-07-01,1004,782.77,756.91,-25.86,-0.03303652413863587
3606,2022-07-01,1005,880.53,876.16,-4.37,-0.004962920059509613
3607,2022-07-01,1006,776.4,811.59,35.19,0.04532457496136012
3608,2022-07-01,1007,951.99,1006.47,54.48,0.057227491885418966
3609,2022-07-01,1008,715.44,697.32,-18.12,-0.02532707145253271
3610,2022-07-01,1009,590.87,561.78,-29.09,-0.04923248768764703
3611,2022-07-01,1010,551.29,558.51,7.22,0.0130965553519926
3612,2022-07-01,1011,727.48,693.6,-33.88,-0.04657172705778853
3613,2022-07-01,1012,742.57,714.01,-28.56,-0.038461020509850924
3614,2022-07-01,1013,526.6,513.45,-13.15,-0.024971515381693885
3615,2022-07-01,1014,590.21,609.72,19.51,0.033056030904254415
3616,2022-07-01,1015,547.26,528.52,-18.74,-0.0342433212732522
3617,2022-07-01,1016,736.0,725.03,-10.97,-0.014904891304347826
3618,2022-07-01,1017,828.39,887.85,59.46,0.07177778582551697
3619,2022-07-01,1018,567.36,565.85,-1.51,-0.002661449520586576
3620,2022-07-01,1019,663.99,664.17,0.18,0.0002710884200063253
3621,2022-07-01,1020,560.57,594.35,33.78,0.06026009240594395
3622,2022-07-01,1021,379.59,408.33,28.74,0.07571326958033668
3623,2022-07-01,1022,516.39,509.5,-6.89,-0.013342628633397238
3624,2022-07-01,1023,462.3,489.2,26.9,0.058187324248323596
3625,2022-07-01,1024,414.47,438.89,24.42,0.05891861895915265
3626,2022-07-01,1025,408.59,407.58,-1.01,-0.002471915612227416
3627,2022-07-01,1026,420.76,436.31,15.55,0.03695693506987356
3628,2022-07-01,1027,641.91,646.61,4.7,0.007321898708541696
3629,2022-07-01,1028,490.95,527.79,36.84,0.07503819126183929
3630,2022-07-01,1029,486.83,515.45,28.62,0.05878848879485652
3631,2022-07-01,1030,406.28,392.46,-13.82,-0.03401594959141479
3632,2022-07-01,1031,511.17,521.59,10.42,0.020384607860398692
3633,2022-07-01,1032,483.23,513.3,30.07,0.062227096827597625
3634,2022-07-01,1033,546.3,532.69,-13.61,-0.02491305143693941
3635,2022-07-01,1034,481.88,512.46,30.58,0.06345978251846933
3636,2022-07-01,1035,523.27,501.01,-22.26,-0.04254018002178608
3637,2022-07-01,1036,456.2,487.98,31.78,0.0696624287593161
3638,2022-07-01,1037,561.02,602.2,41.18,0.07340201775337778
3639,2022-07-01,1038,389.54,405.49,15.95,0.04094573086204241
3640,2022-07-01,1039,629.21,622.54,-6.67,-0.01060059439614755
3641,2022-07-01,1040,275.11,291.54,16.43,0.05972156591908691
3642,2022-07-01,1041,256.73,246.65,-10.08,-0.039263038990378994
3643,2022-07-01,1042,320.68,313.73,-6.95,-0.021672695522015718
3644,2022-07-01,1043,341.3,350.22,8.92,0.026135364781716963
3645,2022-07-01,1044,275.09,291.63,16.54,0.06012577701843033
3646,2022-07-01,1045,310.94,327.0,16.06,0.051649835981218244
3647,2022-07-01,1046,349.75,359.1,9.35,0.02673338098641887
3648,2022-07-01,1047,281.98,300.61,18.63,0.06606851549755302
3649,2022-07-01,1048,305.73,327.28,21.55,0.07048703104046054
3650,2022-07-01,1049,412.93,430.57,17.64,0.0427191049330395
3651,2022-07-01,1050,295.51,285.04,-10.47,-0.03543027308720517
3652,2022-07-01,1051,290.65,312.35,21.7,0.07466024428006193
3653,2022-07-01,1052,297.04,286.16,-10.88,-0.036628063560463234
3654,2022-07-01,1053,378.53,376.89,-1.64,-0.004332549599767522
3655,2022-07-01,1054,340.98,362.65,21.67,0.06355211449351868
3656,2022-07-01,1055,308.67,300.97,-7.7,-0.024945734927268603
3657,2022-07-01,1056,283.19,274.43,-8.76,-0.030933295667219887
3658,2022-07-01,1057,309.81,304.01,-5.8,-0.018721151673606405
3659,2022-07-01,1058,279.46,296.86,17.4,0.06226293566163315
3660,2022-07-01,1059,297.38,300.33,2.95,0.009919967718071155
3661,2022-07-01,1060,74.6,76.51,1.91,0.025603217158176945
3662,2022-07-01,1061,151.85,154.09,2.24,0.014751399407309846
3663,2022-07-01,1062,114.41,123.44,9.03,0.07892666724936631
3664,2022-07-01,1063,89.0,87.22,-1.78,-0.02
3665,2022-07-01,1064,86.47,91.26,4.79,0.05539493465941945
3666,2022-07-01,1065,88.91,95.56,6.65,0.07479473625014059
3667,2022-07-01,1066,92.75,91.59,-1.16,-0.012506738544474394
3668,2022-07-01,1067,95.83,103.36,7.53,0.07857664614421371
3669,2022-07-01,1068,113.0,107.81,-5.19,-0.04592920353982301
3670,2022-07-01,1069,109.22,110.55,1.33,0.01217725691265336
3671,2022-07-01,1070,133.72,144.12,10.4,0.07777445408315883
3672,2022-07-01,1071,99.94,99.81,-0.13,-0.0013007804682809686
3673,2022-07-01,1072,126.55,133.66,7.11,0.05618332674832082
3674,2022-07-01,1073,87.95,88.37,0.42,0.004775440591245026
3675,2022-07-01,1074,96.05,95.25,-0.8,-0.008328995314940135
3676,2022-07-01,1075,157.0,169.0,12.0,0.07643312101910828
3677,2022-07-01,1076,107.85,114.03,6.18,0.057301808066759385
3678,2022-07-01,1077,150.5,143.02,-7.48,-0.04970099667774086
3679,2022-07-01,1078,115.15,121.4,6.25,0.054277029960920535
3680,2022-07-01,1079,91.6,96.75,5.15,0.056222707423580785
3681,2022-07-01,1080,579.56,602.17,22.61,0.03901235419973773
3682,2022-07-01,1081,510.62,545.3,34.68,0.06791743370804121
3683,2022-07-01,1082,579.13,571.01,-8.12,-0.014021031547320982
3684,2022-07-01,1083,594.52,593.53,-0.99,-0.0016652089080266433
3685,2022-07-01,1084,395.38,417.76,22.38,0.05660377358490566
3686,2022-07-01,1085,473.46,454.1,-19.36,-0.04089046593165209
3687,2022-07-01,1086,424.77,422.47,-2.3,-0.005414695011417944
3688,2022-07-01,1087,323.73,345.07,21.34,0.06591913013931362
3689,2022-07-01,1088,671.26,675.64,4.38,0.006525042457468045
3690,2022-07-01,1089,321.65,327.25,5.6,0.017410228509249184
3691,2022-07-01,1090,415.26,419.0,3.74,0.00900640562539132
3692,2022-07-01,1091,491.88,479.3,-12.58,-0.025575343579734896
3693,2022-07-01,1092,430.5,417.56,-12.94,-0.03005807200929152
3694,2022-07-01,1093,400.96,381.41,-19.55,-0.048757980845969676
3695,2022-07-01,1094,446.57,443.34,-3.23,-0.00723290861455091
3696,2022-07-01,1095,533.08,513.99,-19.09,-0.03581076011105275
3697,2022-07-01,1096,537.82,575.82,38.0,0.07065560968353725
3698,2022-07-01,1097,435.56,437.71,2.15,0.004936174120672238
3699,2022-07-01,1098,377.15,402.83,25.68,0.06808961951478192
3700,2022-07-01,1099,550.17,594.16,43.99,0.07995710416780268
3701,2022-07-01,1100,859.07,822.57,-36.5,-0.04248780658153585
3702,2022-07-01,1101,921.16,978.12,56.96,0.06183507751096443
3703,2022-07-01,1102,1149.91,1120.12,-29.79,-0.025906375281543773
3704,2022-07-01,1103,1207.85,1196.28,-11.57,-0.009579004015399264
3705,2022-07-01,1104,931.16,909.25,-21.91,-0.023529790798573823
3706,2022-07-01,1105,920.93,954.4,33.47,0.03634369604638789
3707,2022-07-01,1106,965.23,995.94,30.71,0.03181625104897278
3708,2022-07-01,1107,845.2,896.68,51.48,0.06090866067203029
3709,2022-07-01,1108,1013.11,1034.07,20.96,0.02068877022238454
3710,2022-07-01,1109,941.6,982.02,40.42,0.04292693288020391
3711,2022-07-01,1110,781.44,812.47,31.03,0.03970874283374284
3712,2022-07-01,1111,1219.24,1261.21,41.97,0.03442308323217742
3713,2022-07-01,1112,854.39,913.78,59.39,0.06951158136214142
3714,2022-07-01,1113,916.15,968.03,51.88,0.056628281394968075
3715,2022-07-01,1114,1263.24,1261.51,-1.73,-0.00136949431620278
3716,2022-07-01,1115,917.52,930.96,13.44,0.014648182055976981
3717,2022-07-01,1116,995.49,1025.45,29.96,0.030095731750193373
3718,2022-07-01,1117,989.37,970.34,-19.03,-0.019234462334616977
3719,2022-07-01,1118,873.5,922.02,48.52,0.05554665140240412
3720,2022-07-01,1119,782.97,779.67,-3.3,-0.004214720870531438
3721,2022-07-01,1120,61.13,65.16,4.03,0.06592507770325536
3722,2022-07-01,1121,72.18,74.35,2.17,0.03006372956497645
3723,2022-07-01,1122,50.44,51.58,1.14,0.02260111022997621
3724,2022-07-01,1123,59.21,63.37,4.16,0.0702584022969093
3725,2022-07-01,1124,53.13,55.41,2.28,0.04291360813099943
3726,2022-07-01,1125,62.43,67.11,4.68,0.07496395963479097
3727,2022-07-01,1126,57.22,56.79,-0.43,-0.007514854945823139
3728,2022-07-01,1127,44.36,42.96,-1.4,-0.031559963931469794
3729,2022-07-01,1128,70.26,68.71,-1.55,-0.022060916595502418
3730,2022-07-01,1129,39.2,39.73,0.53,0.013520408163265307
3731,2022-07-01,1130,52.92,54.85,1.93,0.03647014361300076
3732,2022-07-01,1131,60.26,63.07,2.81,0.04663126452041155
3733,2022-07-01,1132,72.13,76.67,4.54,0.06294191043948426
3734,2022-07-01,1133,52.59,50.65,-1.94,-0.03688914242251379
3735,2022-07-01,1134,78.73,76.59,-2.14,-0.02718150641432745
3736,2022-07-01,1135,53.92,53.34,-0.58,-0.010756676557863502
3737,2022-07-01,1136,53.88,55.31,1.43,0.02654046028210839
3738,2022-07-01,1137,50.84,54.07,3.23,0.06353265145554682
3739,2022-07-01,1138,48.46,51.24,2.78,0.05736690053652497
3740,2022-07-01,1139,56.04,56.73,0.69,0.012312633832976445
3741,2022-07-01,1140,702.76,701.1,-1.66,-0.002362115089077352
3742,2022-07-01,1141,598.52,607.79,9.27,0.015488204237118225
3743,2022-07-01,1142,597.62,641.76,44.14,0.07385964325156454
3744,2022-07-01,1143,625.27,616.58,-8.69,-0.013897996065699617
3745,2022-07-01,1144,691.4,666.12,-25.28,-0.036563494359271045
3746,2022-07-01,1145,672.89,676.49,3.6,0.00535005721588967
3747,2022-07-01,1146,481.18,510.53,29.35,0.0609958851157571
3748,2022-07-01,1147,724.96,756.58,31.62,0.04361619951445597
3749,2022-07-01,1148,628.08,596.95,-31.13,-0.04956374984078461
3750,2022-07-01,1149,666.72,648.08,-18.64,-0.027957763378929686
3751,2022-07-01,1150,591.28,637.89,46.61,0.07882898119334325
3752,2022-07-01,1151,540.68,538.97,-1.71,-0.0031626840275208994
3753,2022-07-01,1152,685.98,715.74,29.76,0.04338318901425697
3754,2022-07-01,1153,572.08,596.94,24.86,0.04345546077471682
3755,2022-07-01,1154,749.65,784.28,34.63,0.046194890949109585
3756,2022-07-01,1155,566.2,583.48,17.28,0.030519251148004238
3757,2022-07-01,1156,499.89,491.4,-8.49,-0.016983736422012844
3758,2022-07-01,1157,491.7,484.91,-6.79,-0.013809233272320521
3759,2022-07-01,1158,696.24,705.45,9.21,0.013228197173388486
3760,2022-07-01,1159,601.31,596.13,-5.18,-0.008614524953850759
3761,2022-07-01,1160,49.39,52.22,2.83,0.05729904839036242
3762,2022-07-01,1161,43.08,43.35,0.27,0.006267409470752089
3763,2022-07-01,1162,45.77,46.21,0.44,0.009613283810356128
3764,2022-07-01,1163,43.89,45.5,1.61,0.03668261562998405
3765,2022-07-01,1164,33.33,34.82,1.49,0.0447044704470447
3766,2022-07-01,1165,42.52,44.42,1.9,0.044684854186265284
3767,2022-07-01,1166,40.73,38.74,-1.99,-0.048858335379327274
3768,2022-07-01,1167,61.22,59.61,-1.61,-0.02629859523031689
3769,2022-07-01,1168,46.76,45.37,-1.39,-0.029726261762189905
3770,2022-07-01,1169,54.64,56.27,1.63,0.029831625183016106
3771,2022-07-01,1170,39.7,38.53,-1.17,-0.02947103274559194
3772,2022-07-01,1171,34.0,36.38,2.38,0.07
3773,2022-07-01,1172,47.36,49.85,2.49,0.052576013513513514
3774,2022-07-01,1173,48.38,49.3,0.92,0.019016122364613478
3775,2022-07-01,1174,46.02,44.16,-1.86,-0.04041720990873533
3776,2022-07-01,1175,43.5,45.41,1.91,0.04390804597701149
3777,2022-07-01,1176,41.02,44.05,3.03,0.07386640663091175
3778,2022-07-01,1177,57.03,55.99,-1.04,-0.018236016131860423
3779,2022-07-01,1178,40.36,39.02,-1.34,-0.033201189296333006
3780,2022-07-01,1179,44.27,44.59,0.32,0.007228371357578495
3781,2022-07-01,1180,79.31,76.13,-3.18,-0.040095826503593494
3782,2022-07-01,1181,80.7,83.82,3.12,0.038661710037174724
3783,2022-07-01,1182,105.73,106.48,0.75,0.007093540149437246
3784,2022-07-01,1183,117.65,121.69,4.04,0.03433914152146196
3785,2022-07-01,1184,90.14,95.22,5.08,0.056356778344796986
3786,2022-07-01,1185,79.76,83.95,4.19,0.05253259779338014
3787,2022-07-01,1186,81.4,86.87,5.47,0.0671990171990172
3788,2022-07-01,1187,124.18,129.97,5.79,0.046625865678853275
3789,2022-07-01,1188,85.47,91.76,6.29,0.0735930735930736
3790,2022-07-01,1189,91.1,95.84,4.74,0.05203073545554336
3791,2022-07-01,1190,54.94,54.37,-0.57,-0.010374954495813615
3792,2022-07-01,1191,67.45,68.92,1.47,0.0217939214232765
3793,2022-07-01,1192,106.56,112.64,6.08,0.057057057057057055
3794,2022-07-01,1193,99.5,98.44,-1.06,-0.010653266331658291
3795,2022-07-01,1194,128.92,135.06,6.14,0.04762643499844865
3796,2022-07-01,1195,86.6,82.53,-4.07,-0.046997690531177826
3797,2022-07-01,1196,99.04,94.38,-4.66,-0.047051696284329564
3798,2022-07-01,1197,98.16,97.35,-0.81,-0.008251833740831296
3799,2022-07-01,1198,111.25,118.78,7.53,0.06768539325842697
3800,2022-07-01,1199,109.71,106.66,-3.05,-0.027800565126241912
3801,2022-08-01,1000,728.84,780.6,51.76,0.07101695845453049
3802,2022-08-01,1001,717.23,709.49,-7.74,-0.01079151736541974
3803,2022-08-01,1002,773.35,742.89,-30.46,-0.039387082174953125
3804,2022-08-01,1003,803.23,865.55,62.32,0.07758674352302579
3805,2022-08-01,1004,812.14,814.08,1.94,0.0023887507080060087
3806,2022-08-01,1005,836.18,874.63,38.45,0.0459829223372958
3807,2022-08-01,1006,753.28,744.21,-9.07,-0.012040675446049278
3808,2022-08-01,1007,990.75,966.73,-24.02,-0.024244259399444867
3809,2022-08-01,1008,703.77,697.15,-6.62,-0.00940648223141083
3810,2022-08-01,1009,600.06,599.0,-1.06,-0.0017664900176649
3811,2022-08-01,1010,555.47,571.72,16.25,0.029254505193799844
3812,2022-08-01,1011,676.8,653.12,-23.68,-0.034988179669030735
3813,2022-08-01,1012,753.83,744.9,-8.93,-0.01184617221389438
3814,2022-08-01,1013,555.27,584.12,28.85,0.05195670574675383
3815,2022-08-01,1014,592.1,581.78,-10.32,-0.017429488262117886
3816,2022-08-01,1015,538.06,553.36,15.3,0.028435490465747313
3817,2022-08-01,1016,754.62,799.84,45.22,0.05992420025973338
3818,2022-08-01,1017,786.88,838.03,51.15,0.06500355835705571
3819,2022-08-01,1018,546.32,523.32,-23.0,-0.042099868209108215
3820,2022-08-01,1019,629.84,672.36,42.52,0.06750920868792074
3821,2022-08-01,1020,540.43,563.19,22.76,0.04211461243824362
3822,2022-08-01,1021,379.45,381.1,1.65,0.004348398998550534
3823,2022-08-01,1022,483.84,502.05,18.21,0.03763640873015873
3824,2022-08-01,1023,450.88,484.02,33.14,0.07350070972320795
3825,2022-08-01,1024,403.07,416.56,13.49,0.033468132086238125
3826,2022-08-01,1025,426.72,433.31,6.59,0.015443382077240345
3827,2022-08-01,1026,414.11,440.58,26.47,0.06392021443577793
3828,2022-08-01,1027,635.55,675.18,39.63,0.06235544016993155
3829,2022-08-01,1028,481.03,459.62,-21.41,-0.04450865850362763
3830,2022-08-01,1029,511.66,549.16,37.5,0.07329085720986593
3831,2022-08-01,1030,416.47,428.22,11.75,0.028213316685475543
3832,2022-08-01,1031,538.48,577.29,38.81,0.07207324320309018
3833,2022-08-01,1032,471.5,454.21,-17.29,-0.03667020148462354
3834,2022-08-01,1033,560.27,564.08,3.81,0.006800292716011923
3835,2022-08-01,1034,494.13,517.84,23.71,0.04798332422641815
3836,2022-08-01,1035,538.7,514.21,-24.49,-0.04546129571189902
3837,2022-08-01,1036,442.52,456.69,14.17,0.03202115158636898
3838,2022-08-01,1037,556.56,531.05,-25.51,-0.04583513008480667
3839,2022-08-01,1038,384.35,388.19,3.84,0.0099908937166645
3840,2022-08-01,1039,630.42,622.21,-8.21,-0.01302306398908664
3841,2022-08-01,1040,262.43,260.16,-2.27,-0.008649925694470907
3842,2022-08-01,1041,261.21,272.98,11.77,0.04505953064584051
3843,2022-08-01,1042,340.84,351.33,10.49,0.03077690411923483
3844,2022-08-01,1043,345.71,362.5,16.79,0.048566717769228544
3845,2022-08-01,1044,269.51,288.33,18.82,0.06983043300805165
3846,2022-08-01,1045,299.77,297.88,-1.89,-0.006304833705841145
3847,2022-08-01,1046,354.34,365.74,11.4,0.032172489699159
3848,2022-08-01,1047,271.5,288.13,16.63,0.06125230202578269
3849,2022-08-01,1048,299.48,300.94,1.46,0.004875116869240016
3850,2022-08-01,1049,382.19,392.78,10.59,0.02770873125932128
3851,2022-08-01,1050,306.44,300.06,-6.38,-0.02081973632685028
3852,2022-08-01,1051,302.27,296.33,-5.94,-0.019651305124557514
3853,2022-08-01,1052,290.63,299.91,9.28,0.0319306334514675
3854,2022-08-01,1053,405.94,423.24,17.3,0.04261713553727152
3855,2022-08-01,1054,340.62,349.38,8.76,0.02571780870177911
3856,2022-08-01,1055,298.82,299.28,0.46,0.0015393882604912655
3857,2022-08-01,1056,282.04,304.0,21.96,0.07786129627003262
3858,2022-08-01,1057,307.7,300.03,-7.67,-0.024926876828079297
3859,2022-08-01,1058,274.9,295.27,20.37,0.07409967260822117
3860,2022-08-01,1059,302.43,289.22,-13.21,-0.04367952914724069
3861,2022-08-01,1060,72.85,73.52,0.67,0.009196980096087852
3862,2022-08-01,1061,146.16,142.01,-4.15,-0.02839354132457581
3863,2022-08-01,1062,119.41,128.74,9.33,0.07813415961812244
3864,2022-08-01,1063,85.25,88.24,2.99,0.0350733137829912
3865,2022-08-01,1064,86.17,82.74,-3.43,-0.039805036555645816
3866,2022-08-01,1065,89.81,94.06,4.25,0.04732212448502394
3867,2022-08-01,1066,98.16,95.16,-3.0,-0.030562347188264057
3868,2022-08-01,1067,93.59,91.3,-2.29,-0.024468426113901057
3869,2022-08-01,1068,115.73,118.25,2.52,0.021774820703361272
3870,2022-08-01,1069,107.76,112.45,4.69,0.04352264291017075
3871,2022-08-01,1070,134.45,139.76,5.31,0.039494235775381185
3872,2022-08-01,1071,96.88,99.86,2.98,0.030759702725020644
3873,2022-08-01,1072,120.54,122.23,1.69,0.01402024224323876
3874,2022-08-01,1073,88.5,92.57,4.07,0.04598870056497175
3875,2022-08-01,1074,96.1,94.69,-1.41,-0.014672216441207076
3876,2022-08-01,1075,155.89,168.31,12.42,0.07967156328180126
3877,2022-08-01,1076,110.98,114.11,3.13,0.02820327987024689
3878,2022-08-01,1077,145.01,147.18,2.17,0.014964485207916696
3879,2022-08-01,1078,109.71,117.54,7.83,0.07136997538966366
3880,2022-08-01,1079,96.59,92.36,-4.23,-0.04379335334920799
3881,2022-08-01,1080,596.81,629.77,32.96,0.0552269566528711
3882,2022-08-01,1081,510.46,529.17,18.71,0.03665321474748266
3883,2022-08-01,1082,550.23,556.11,5.88,0.01068644021590971
3884,2022-08-01,1083,573.49,570.27,-3.22,-0.005614744808104762
3885,2022-08-01,1084,394.81,387.44,-7.37,-0.0186672070109673
3886,2022-08-01,1085,469.95,476.83,6.88,0.014639855303755719
3887,2022-08-01,1086,410.12,401.61,-8.51,-0.02075002438310738
3888,2022-08-01,1087,318.8,333.61,14.81,0.04645545796737767
3889,2022-08-01,1088,742.45,767.62,25.17,0.03390127281298404
3890,2022-08-01,1089,326.93,329.51,2.58,0.007891597589698101
3891,2022-08-01,1090,387.37,403.57,16.2,0.04182048170999303
3892,2022-08-01,1091,487.98,506.21,18.23,0.0373580884462478
3893,2022-08-01,1092,468.01,496.76,28.75,0.06143031131813423
3894,2022-08-01,1093,419.26,408.31,-10.95,-0.02611744502218194
3895,2022-08-01,1094,472.44,471.17,-1.27,-0.0026881720430107525
3896,2022-08-01,1095,521.59,537.44,15.85,0.030387852527847543
3897,2022-08-01,1096,551.48,555.96,4.48,0.008123594690650613
3898,2022-08-01,1097,454.65,461.18,6.53,0.014362696579786649
3899,2022-08-01,1098,384.59,375.75,-8.84,-0.022985517044124913
3900,2022-08-01,1099,545.11,564.74,19.63,0.036011080332409975
3901,2022-08-01,1100,882.21,898.6,16.39,0.018578343024903368
3902,2022-08-01,1101,850.53,905.89,55.36,0.06508882696671488
3903,2022-08-01,1102,1130.29,1201.38,71.09,0.06289536313689408
3904,2022-08-01,1103,1143.14,1158.07,14.93,0.013060517521913326
3905,2022-08-01,1104,868.3,933.61,65.31,0.07521593919152367
3906,2022-08-01,1105,887.69,894.35,6.66,0.007502619157588798
3907,2022-08-01,1106,910.44,906.68,-3.76,-0.004129871271033786
3908,2022-08-01,1107,871.41,923.07,51.66,0.05928323062622646
3909,2022-08-01,1108,996.91,1014.22,17.31,0.017363653689901795
3910,2022-08-01,1109,978.05,933.37,-44.68,-0.045682736056438834
3911,2022-08-01,1110,788.42,814.66,26.24,0.03328175338017808
3912,2022-08-01,1111,1179.37,1190.2,10.83,0.009182868819793619
3913,2022-08-01,1112,869.13,910.33,41.2,0.0474037255646451
3914,2022-08-01,1113,946.72,904.97,-41.75,-0.04409962818996113
3915,2022-08-01,1114,1141.71,1226.08,84.37,0.07389792504226117
3916,2022-08-01,1115,914.14,926.72,12.58,0.013761568249939835
3917,2022-08-01,1116,993.75,1042.72,48.97,0.049277987421383646
3918,2022-08-01,1117,1046.41,1090.12,43.71,0.04177138979940941
3919,2022-08-01,1118,889.14,895.31,6.17,0.006939289650673685
3920,2022-08-01,1119,810.05,874.18,64.13,0.0791679525955188
3921,2022-08-01,1120,63.99,65.64,1.65,0.025785278949835913
3922,2022-08-01,1121,65.91,66.82,0.91,0.013806706114398421
3923,2022-08-01,1122,50.52,53.51,2.99,0.05918448139350752
3924,2022-08-01,1123,59.72,64.09,4.37,0.0731748158070998
3925,2022-08-01,1124,50.93,50.41,-0.52,-0.01021009228352641
3926,2022-08-01,1125,58.55,61.04,2.49,0.04252775405636208
3927,2022-08-01,1126,55.0,58.69,3.69,0.06709090909090909
3928,2022-08-01,1127,45.14,47.93,2.79,0.06180770934869295
3929,2022-08-01,1128,73.71,79.09,5.38,0.07298873965540632
3930,2022-08-01,1129,38.11,39.99,1.88,0.049330884282340594
3931,2022-08-01,1130,54.22,55.75,1.53,0.028218369605311693
3932,2022-08-01,1131,59.56,62.44,2.88,0.048354600402955
3933,2022-08-01,1132,71.42,68.8,-2.62,-0.03668440212825539
3934,2022-08-01,1133,55.18,58.8,3.62,0.06560347952156578
3935,2022-08-01,1134,74.68,77.68,3.0,0.04017139796464917
3936,2022-08-01,1135,55.07,52.61,-2.46,-0.04467041946613401
3937,2022-08-01,1136,51.92,50.87,-1.05,-0.02022342064714946
3938,2022-08-01,1137,51.82,49.62,-2.2,-0.042454650714010035
3939,2022-08-01,1138,47.15,46.54,-0.61,-0.012937433722163308
3940,2022-08-01,1139,57.81,58.53,0.72,0.012454592631032694
3941,2022-08-01,1140,715.9,688.77,-27.13,-0.037896354239418915
3942,2022-08-01,1141,597.53,642.55,45.02,0.07534349739762021
3943,2022-08-01,1142,641.22,660.74,19.52,0.03044196999469761
3944,2022-08-01,1143,647.42,625.62,-21.8,-0.0336721139291341
3945,2022-08-01,1144,661.12,710.81,49.69,0.07516033397870281
3946,2022-08-01,1145,677.3,693.98,16.68,0.024627196220286432
3947,2022-08-01,1146,519.91,528.43,8.52,0.01638745167432825
3948,2022-08-01,1147,749.6,801.27,51.67,0.06893009605122732
3949,2022-08-01,1148,625.91,623.58,-2.33,-0.003722579923631193
3950,2022-08-01,1149,687.44,670.01,-17.43,-0.0253549400674968
3951,2022-08-01,1150,594.35,604.34,9.99,0.016808277950702447
3952,2022-08-01,1151,542.04,560.65,18.61,0.03433325953804147
3953,2022-08-01,1152,664.54,679.32,14.78,0.022240948626117314
3954,2022-08-01,1153,588.91,615.76,26.85,0.04559270516717325
3955,2022-08-01,1154,760.6,744.55,-16.05,-0.021101761767026033
3956,2022-08-01,1155,588.02,581.83,-6.19,-0.010526852828135097
3957,2022-08-01,1156,485.3,494.6,9.3,0.019163404079950545
3958,2022-08-01,1157,502.52,510.78,8.26,0.016437156730080393
3959,2022-08-01,1158,733.56,786.49,52.93,0.07215497028191287
3960,2022-08-01,1159,596.57,568.05,-28.52,-0.0478066278894346
3961,2022-08-01,1160,47.96,49.76,1.8,0.03753127606338615
3962,2022-08-01,1161,42.98,45.31,2.33,0.05421126105165193
3963,2022-08-01,1162,47.29,48.31,1.02,0.021569042080778176
3964,2022-08-01,1163,46.12,45.27,-0.85,-0.018430182133564614
3965,2022-08-01,1164,34.32,32.63,-1.69,-0.04924242424242424
3966,2022-08-01,1165,42.1,45.03,2.93,0.06959619952494062
3967,2022-08-01,1166,42.5,41.31,-1.19,-0.028
3968,2022-08-01,1167,61.22,61.37,0.15,0.0024501796798431885
3969,2022-08-01,1168,48.79,47.44,-1.35,-0.02766960442713671
3970,2022-08-01,1169,55.7,54.47,-1.23,-0.02208258527827648
3971,2022-08-01,1170,39.02,41.81,2.79,0.07150179395181958
3972,2022-08-01,1171,33.25,32.99,-0.26,-0.007819548872180452
3973,2022-08-01,1172,49.74,50.61,0.87,0.017490952955367914
3974,2022-08-01,1173,49.76,47.74,-2.02,-0.040594855305466235
3975,2022-08-01,1174,46.25,49.2,2.95,0.06378378378378378
3976,2022-08-01,1175,44.24,47.69,3.45,0.07798372513562386
3977,2022-08-01,1176,41.54,39.54,-2.0,-0.04814636494944632
3978,2022-08-01,1177,58.57,58.3,-0.27,-0.004609868533378862
3979,2022-08-01,1178,40.39,42.28,1.89,0.04679376083188908
3980,2022-08-01,1179,43.89,46.07,2.18,0.04966962861699704
3981,2022-08-01,1180,78.11,82.52,4.41,0.05645884009729868
3982,2022-08-01,1181,82.35,81.25,-1.1,-0.013357619914996965
3983,2022-08-01,1182,105.68,104.72,-0.96,-0.009084027252081756
3984,2022-08-01,1183,116.89,114.64,-2.25,-0.019248866455642055
3985,2022-08-01,1184,93.25,96.44,3.19,0.03420911528150134
3986,2022-08-01,1185,79.97,77.26,-2.71,-0.033887707890458925
3987,2022-08-01,1186,85.22,91.2,5.98,0.07017132128608308
3988,2022-08-01,1187,119.14,124.15,5.01,0.04205136813832466
3989,2022-08-01,1188,89.9,90.07,0.17,0.0018909899888765293
3990,2022-08-01,1189,82.51,85.65,3.14,0.03805599321294389
3991,2022-08-01,1190,54.85,53.97,-0.88,-0.016043755697356426
3992,2022-08-01,1191,69.7,71.71,2.01,0.02883787661406026
3993,2022-08-01,1192,108.62,111.61,2.99,0.027527158902596206
3994,2022-08-01,1193,97.59,94.19,-3.4,-0.03483963520852546
3995,2022-08-01,1194,126.5,120.36,-6.14,-0.048537549407114626
3996,2022-08-01,1195,83.58,79.81,-3.77,-0.04510648480497727
3997,2022-08-01,1196,99.85,105.2,5.35,0.05358037055583375
3998,2022-08-01,1197,101.46,107.75,6.29,0.06199487482751823
3999,2022-08-01,1198,112.19,117.82,5.63,0.050182725733131296
4000,2022-08-01,1199,113.85,122.91,9.06,0.07957839262187089
4001,2022-09-01,1000,724.42,770.53,46.11,0.06365092073658928
4002,2022-09-01,1001,734.49,766.59,32.1,0.04370379446963199
4003,2022-09-01,1002,752.83,780.35,27.52,0.03655539763293174
4004,2022-09-01,1003,777.13,786.28,9.15,0.011774091850784296
4005,2022-09-01,1004,795.4,798.73,3.33,0.004186572793562987
4006,2022-09-01,1005,890.57,877.68,-12.89,-0.014473876281482646
4007,2022-09-01,1006,729.29,768.45,39.16,0.05369606055204377
4008,2022-09-01,1007,1014.82,974.51,-40.31,-0.03972132989101516
4009,2022-09-01,1008,710.24,704.62,-5.62,-0.007912818202297814
4010,2022-09-01,1009,573.55,616.92,43.37,0.0756167727312353
4011,2022-09-01,1010,558.18,532.13,-26.05,-0.04666953312551507
4012,2022-09-01,1011,682.69,730.18,47.49,0.06956305204411958
4013,2022-09-01,1012,767.03,797.04,30.01,0.039124936443163894
4014,2022-09-01,1013,571.49,572.86,1.37,0.002397242296453131
4015,2022-09-01,1014,583.26,623.12,39.86,0.06834001988821452
4016,2022-09-01,1015,554.92,582.43,27.51,0.04957471347221221
4017,2022-09-01,1016,734.09,788.24,54.15,0.07376479723194704
4018,2022-09-01,1017,774.14,737.46,-36.68,-0.04738161056139716
4019,2022-09-01,1018,569.22,577.26,8.04,0.014124591546326552
4020,2022-09-01,1019,663.19,679.82,16.63,0.02507577014128681
4021,2022-09-01,1020,548.45,564.2,15.75,0.02871729419272495
4022,2022-09-01,1021,388.23,411.45,23.22,0.05980990649872498
4023,2022-09-01,1022,488.44,506.84,18.4,0.03767095241994923
4024,2022-09-01,1023,427.82,434.0,6.18,0.01444532747417138
4025,2022-09-01,1024,425.5,426.83,1.33,0.003125734430082256
4026,2022-09-01,1025,420.08,402.69,-17.39,-0.041396876785374216
4027,2022-09-01,1026,422.78,434.15,11.37,0.02689341974549411
4028,2022-09-01,1027,614.86,632.85,17.99,0.029258693035813032
4029,2022-09-01,1028,494.36,477.21,-17.15,-0.03469131806780484
4030,2022-09-01,1029,476.29,474.31,-1.98,-0.004157131159587646
4031,2022-09-01,1030,401.47,390.34,-11.13,-0.027723117543029367
4032,2022-09-01,1031,552.07,564.75,12.68,0.02296810187113953
4033,2022-09-01,1032,460.53,494.22,33.69,0.07315484333268191
4034,2022-09-01,1033,543.36,519.42,-23.94,-0.044059187279151944
4035,2022-09-01,1034,477.73,470.8,-6.93,-0.014506101772967994
4036,2022-09-01,1035,556.95,588.76,31.81,0.05711464224795763
4037,2022-09-01,1036,437.22,460.41,23.19,0.053039659667901744
4038,2022-09-01,1037,564.53,572.11,7.58,0.01342709864843321
4039,2022-09-01,1038,378.08,391.62,13.54,0.03581252644942869
4040,2022-09-01,1039,615.81,645.17,29.36,0.047677043243857686
4041,2022-09-01,1040,267.67,272.15,4.48,0.016737026936152727
4042,2022-09-01,1041,247.74,248.78,1.04,0.0041979494631468476
4043,2022-09-01,1042,323.59,342.5,18.91,0.05843814703791835
4044,2022-09-01,1043,345.92,367.32,21.4,0.06186401480111008
4045,2022-09-01,1044,269.02,277.8,8.78,0.03263697866329641
4046,2022-09-01,1045,293.89,279.77,-14.12,-0.048045186974718435
4047,2022-09-01,1046,334.37,344.26,9.89,0.029578012381493556
4048,2022-09-01,1047,276.35,280.66,4.31,0.015596164284421928
4049,2022-09-01,1048,304.77,301.99,-2.78,-0.00912163270663123
4050,2022-09-01,1049,402.17,408.63,6.46,0.01606285898997936
4051,2022-09-01,1050,311.03,319.44,8.41,0.02703919236086551
4052,2022-09-01,1051,313.24,317.44,4.2,0.01340824926573873
4053,2022-09-01,1052,299.64,307.49,7.85,0.02619810439193699
4054,2022-09-01,1053,365.53,360.02,-5.51,-0.015074002133887779
4055,2022-09-01,1054,354.99,343.13,-11.86,-0.03340939181385391
4056,2022-09-01,1055,300.9,304.27,3.37,0.011199734130940511
4057,2022-09-01,1056,282.23,300.94,18.71,0.06629344860574708
4058,2022-09-01,1057,310.75,316.88,6.13,0.019726468222043443
4059,2022-09-01,1058,276.76,297.2,20.44,0.07385460326636797
4060,2022-09-01,1059,288.62,311.52,22.9,0.07934308086757674
4061,2022-09-01,1060,73.17,78.87,5.7,0.07790077900779008
4062,2022-09-01,1061,155.38,157.83,2.45,0.015767795083022267
4063,2022-09-01,1062,120.49,119.04,-1.45,-0.012034193709021496
4064,2022-09-01,1063,89.15,90.94,1.79,0.020078519349411104
4065,2022-09-01,1064,92.18,89.84,-2.34,-0.025385116077240182
4066,2022-09-01,1065,86.19,90.79,4.6,0.05337046061027961
4067,2022-09-01,1066,93.55,96.61,3.06,0.03270978086584714
4068,2022-09-01,1067,95.84,91.89,-3.95,-0.04121452420701169
4069,2022-09-01,1068,116.7,113.82,-2.88,-0.024678663239074552
4070,2022-09-01,1069,107.4,111.99,4.59,0.04273743016759776
4071,2022-09-01,1070,129.73,136.52,6.79,0.05233947429276189
4072,2022-09-01,1071,96.16,103.71,7.55,0.07851497504159734
4073,2022-09-01,1072,131.61,139.93,8.32,0.06321708076893853
4074,2022-09-01,1073,85.91,84.04,-1.87,-0.02176696542893726
4075,2022-09-01,1074,100.09,100.23,0.14,0.0013987411329803177
4076,2022-09-01,1075,149.03,158.89,9.86,0.06616117560222774
4077,2022-09-01,1076,108.69,109.0,0.31,0.002852148311712209
4078,2022-09-01,1077,159.94,171.21,11.27,0.0704639239714893
4079,2022-09-01,1078,109.37,115.57,6.2,0.05668830575112005
4080,2022-09-01,1079,95.31,95.86,0.55,0.00577064316441087
4081,2022-09-01,1080,620.36,599.87,-20.49,-0.03302920884647624
4082,2022-09-01,1081,520.76,538.69,17.93,0.034430447807051234
4083,2022-09-01,1082,547.37,525.32,-22.05,-0.04028353764364141
4084,2022-09-01,1083,587.21,603.89,16.68,0.028405510805333697
4085,2022-09-01,1084,417.1,424.23,7.13,0.017094222009110524
4086,2022-09-01,1085,466.08,480.18,14.1,0.030252317198764162
4087,2022-09-01,1086,418.13,412.15,-5.98,-0.014301772176117476
4088,2022-09-01,1087,326.11,323.84,-2.27,-0.006960841433872007
4089,2022-09-01,1088,675.91,644.07,-31.84,-0.04710686333979376
4090,2022-09-01,1089,358.74,344.22,-14.52,-0.04047499581869878
4091,2022-09-01,1090,395.25,410.44,15.19,0.038431372549019606
4092,2022-09-01,1091,479.63,461.52,-18.11,-0.03775827200133436
4093,2022-09-01,1092,434.48,430.29,-4.19,-0.009643712023568403
4094,2022-09-01,1093,402.54,391.99,-10.55,-0.026208575545287424
4095,2022-09-01,1094,451.53,450.45,-1.08,-0.002391867649990034
4096,2022-09-01,1095,496.7,494.98,-1.72,-0.0034628548419569157
4097,2022-09-01,1096,523.67,542.9,19.23,0.03672159948058892
4098,2022-09-01,1097,437.54,431.76,-5.78,-0.013210220779814416
4099,2022-09-01,1098,395.07,385.22,-9.85,-0.02493229048016807
4100,2022-09-01,1099,563.54,595.5,31.96,0.05671292188664514
4101,2022-09-01,1100,861.16,893.53,32.37,0.03758883366621766
4102,2022-09-01,1101,889.12,863.68,-25.44,-0.028612560734209105
4103,2022-09-01,1102,1122.66,1122.94,0.28,0.0002494076568150642
4104,2022-09-01,1103,1132.5,1112.16,-20.34,-0.017960264900662253
4105,2022-09-01,1104,897.25,918.06,20.81,0.023193089997213708
4106,2022-09-01,1105,955.99,932.35,-23.64,-0.02472829213694704
4107,2022-09-01,1106,920.79,875.8,-44.99,-0.04886021785640591
4108,2022-09-01,1107,849.37,915.45,66.08,0.07779883913959758
4109,2022-09-01,1108,989.18,982.0,-7.18,-0.00725853737439091
4110,2022-09-01,1109,940.57,937.3,-3.27,-0.0034766152439478187
4111,2022-09-01,1110,811.1,783.75,-27.35,-0.033719639995068426
4112,2022-09-01,1111,1204.32,1251.55,47.23,0.03921715158761791
4113,2022-09-01,1112,855.07,862.36,7.29,0.008525617785678365
4114,2022-09-01,1113,954.2,1021.35,67.15,0.07037308740306016
4115,2022-09-01,1114,1205.12,1293.25,88.13,0.0731296468401487
4116,2022-09-01,1115,934.0,982.67,48.67,0.05210920770877944
4117,2022-09-01,1116,965.5,993.57,28.07,0.029073019161056448
4118,2022-09-01,1117,1056.71,1124.04,67.33,0.0637166299173851
4119,2022-09-01,1118,866.24,825.09,-41.15,-0.047504155892131514
4120,2022-09-01,1119,817.54,845.72,28.18,0.03446926144286518
4121,2022-09-01,1120,67.32,64.42,-2.9,-0.043077837195484255
4122,2022-09-01,1121,67.07,69.87,2.8,0.04174742806023558
4123,2022-09-01,1122,51.35,52.26,0.91,0.017721518987341773
4124,2022-09-01,1123,58.24,58.32,0.08,0.0013736263736263735
4125,2022-09-01,1124,51.78,52.92,1.14,0.0220162224797219
4126,2022-09-01,1125,62.49,64.79,2.3,0.036805888942230754
4127,2022-09-01,1126,54.62,52.61,-2.01,-0.03679970706700842
4128,2022-09-01,1127,45.49,46.12,0.63,0.013849197625851836
4129,2022-09-01,1128,69.39,73.05,3.66,0.0527453523562473
4130,2022-09-01,1129,37.69,37.41,-0.28,-0.007429026266914301
4131,2022-09-01,1130,53.04,53.35,0.31,0.0058446455505279035
4132,2022-09-01,1131,62.89,60.87,-2.02,-0.032119573859119094
4133,2022-09-01,1132,70.86,67.36,-3.5,-0.04939316963025685
4134,2022-09-01,1133,53.72,53.33,-0.39,-0.007259865971705138
4135,2022-09-01,1134,79.37,83.21,3.84,0.04838100037797657
4136,2022-09-01,1135,57.91,55.45,-2.46,-0.04247970989466413
4137,2022-09-01,1136,57.04,56.67,-0.37,-0.006486676016830294
4138,2022-09-01,1137,52.52,52.38,-0.14,-0.0026656511805026656
4139,2022-09-01,1138,51.55,51.52,-0.03,-0.0005819592628516004
4140,2022-09-01,1139,57.34,55.98,-1.36,-0.023718172305545866
4141,2022-09-01,1140,738.06,745.56,7.5,0.010161775465409317
4142,2022-09-01,1141,604.32,632.45,28.13,0.04654818639131586
4143,2022-09-01,1142,606.54,600.49,-6.05,-0.00997461008342401
4144,2022-09-01,1143,622.0,622.11,0.11,0.0001768488745980707
4145,2022-09-01,1144,679.55,648.01,-31.54,-0.046413067471120596
4146,2022-09-01,1145,667.32,716.96,49.64,0.07438710064137145
4147,2022-09-01,1146,517.34,496.59,-20.75,-0.040109019213669925
4148,2022-09-01,1147,761.28,796.37,35.09,0.04609342160571669
4149,2022-09-01,1148,631.38,617.8,-13.58,-0.021508441825841808
4150,2022-09-01,1149,671.11,656.71,-14.4,-0.021456989167200607
4151,2022-09-01,1150,552.72,566.52,13.8,0.024967433782023447
4152,2022-09-01,1151,537.35,579.11,41.76,0.07771471108216246
4153,2022-09-01,1152,654.22,631.92,-22.3,-0.03408639295649781
4154,2022-09-01,1153,589.0,625.44,36.44,0.06186757215619695
4155,2022-09-01,1154,755.15,724.48,-30.67,-0.040614447460769386
4156,2022-09-01,1155,572.35,549.53,-22.82,-0.039870708482571855
4157,2022-09-01,1156,491.39,481.08,-10.31,-0.02098129795071125
4158,2022-09-01,1157,487.08,522.93,35.85,0.07360187238236018
4159,2022-09-01,1158,709.77,679.99,-29.78,-0.04195725375825972
4160,2022-09-01,1159,597.48,628.4,30.92,0.05175068621543817
4161,2022-09-01,1160,51.34,53.39,2.05,0.039929879236462795
4162,2022-09-01,1161,42.18,42.38,0.2,0.00474158368895211
4163,2022-09-01,1162,43.83,42.19,-1.64,-0.03741729409080539
4164,2022-09-01,1163,45.0,44.4,-0.6,-0.013333333333333332
4165,2022-09-01,1164,32.42,32.29,-0.13,-0.004009870450339297
4166,2022-09-01,1165,41.52,40.04,-1.48,-0.03564547206165703
4167,2022-09-01,1166,40.68,41.37,0.69,0.01696165191740413
4168,2022-09-01,1167,57.81,61.31,3.5,0.06054315862307559
4169,2022-09-01,1168,47.43,49.06,1.63,0.034366434745941386
4170,2022-09-01,1169,54.89,54.22,-0.67,-0.012206230643104391
4171,2022-09-01,1170,39.78,42.72,2.94,0.07390648567119155
4172,2022-09-01,1171,31.97,34.18,2.21,0.06912730685017203
4173,2022-09-01,1172,49.96,52.55,2.59,0.05184147317854283
4174,2022-09-01,1173,48.11,49.25,1.14,0.02369569736021617
4175,2022-09-01,1174,47.26,47.21,-0.05,-0.0010579771476936098
4176,2022-09-01,1175,46.58,45.88,-0.7,-0.015027908973808502
4177,2022-09-01,1176,41.06,41.14,0.08,0.0019483682415976618
4178,2022-09-01,1177,58.22,60.73,2.51,0.04311233253177602
4179,2022-09-01,1178,38.99,39.12,0.13,0.003334188253398307
4180,2022-09-01,1179,44.1,42.14,-1.96,-0.044444444444444446
4181,2022-09-01,1180,78.94,81.24,2.3,0.029136052698251837
4182,2022-09-01,1181,81.71,77.7,-4.01,-0.04907600048953616
4183,2022-09-01,1182,105.82,102.61,-3.21,-0.030334530334530336
4184,2022-09-01,1183,114.16,112.93,-1.23,-0.010774351786965662
4185,2022-09-01,1184,91.13,96.34,5.21,0.05717107428947657
4186,2022-09-01,1185,80.82,84.26,3.44,0.04256372185102698
4187,2022-09-01,1186,83.07,87.19,4.12,0.04959672565306368
4188,2022-09-01,1187,120.61,118.42,-2.19,-0.018157698366636266
4189,2022-09-01,1188,90.35,92.71,2.36,0.026120641947980076
4190,2022-09-01,1189,82.53,84.73,2.2,0.02665697322185872
4191,2022-09-01,1190,58.57,62.42,3.85,0.06573331056855045
4192,2022-09-01,1191,67.76,66.68,-1.08,-0.015938606847697757
4193,2022-09-01,1192,107.25,112.46,5.21,0.048578088578088575
4194,2022-09-01,1193,103.86,106.98,3.12,0.03004043905257077
4195,2022-09-01,1194,130.81,136.68,5.87,0.044874245088296
4196,2022-09-01,1195,80.57,85.92,5.35,0.06640188655827231
4197,2022-09-01,1196,98.08,103.04,4.96,0.05057096247960848
4198,2022-09-01,1197,101.85,106.58,4.73,0.04644084437898871
4199,2022-09-01,1198,112.89,119.47,6.58,0.058286827885552304
4200,2022-09-01,1199,108.29,108.48,0.19,0.001754547973035368
4201,2022-10-01,1000,719.34,706.94,-12.4,-0.017238023743987543
4202,2022-10-01,1001,693.92,725.93,32.01,0.04612923679963108
4203,2022-10-01,1002,736.11,716.24,-19.87,-0.026993248291695533
4204,2022-10-01,1003,759.69,782.04,22.35,0.029419894957153577
4205,2022-10-01,1004,818.56,841.18,22.62,0.027633893666927287
4206,2022-10-01,1005,870.35,927.35,57.0,0.06549089446774287
4207,2022-10-01,1006,748.83,752.86,4.03,0.005381728830308615
4208,2022-10-01,1007,1011.43,1052.68,41.25,0.04078384070078997
4209,2022-10-01,1008,690.04,710.57,20.53,0.029751898440670107
4210,2022-10-01,1009,580.37,609.57,29.2,0.05031273153333218
4211,2022-10-01,1010,527.37,506.12,-21.25,-0.04029429053605628
4212,2022-10-01,1011,666.36,709.1,42.74,0.06413950417191908
4213,2022-10-01,1012,752.55,742.15,-10.4,-0.013819679755497973
4214,2022-10-01,1013,547.65,552.36,4.71,0.008600383456587236
4215,2022-10-01,1014,589.33,580.17,-9.16,-0.015543074338655762
4216,2022-10-01,1015,527.39,506.23,-21.16,-0.04012211077191452
4217,2022-10-01,1016,723.31,713.38,-9.93,-0.013728553455641427
4218,2022-10-01,1017,820.09,792.42,-27.67,-0.03374019924642417
4219,2022-10-01,1018,579.77,594.14,14.37,0.024785690877416906
4220,2022-10-01,1019,643.68,639.92,-3.76,-0.005841411881680338
4221,2022-10-01,1020,555.25,584.97,29.72,0.053525438991445295
4222,2022-10-01,1021,395.38,415.57,20.19,0.05106479842177146
4223,2022-10-01,1022,521.81,541.59,19.78,0.03790651769801269
4224,2022-10-01,1023,433.69,420.42,-13.27,-0.030597892503862207
4225,2022-10-01,1024,401.39,382.56,-18.83,-0.04691198086648895
4226,2022-10-01,1025,411.52,395.45,-16.07,-0.039050349922239505
4227,2022-10-01,1026,419.53,430.44,10.91,0.026005291635878246
4228,2022-10-01,1027,621.44,619.45,-1.99,-0.0032022399588053554
4229,2022-10-01,1028,497.58,512.09,14.51,0.029161139917199243
4230,2022-10-01,1029,487.03,480.0,-7.03,-0.014434429090610434
4231,2022-10-01,1030,411.96,395.39,-16.57,-0.04022235168462958
4232,2022-10-01,1031,567.04,605.14,38.1,0.06719102708803612
4233,2022-10-01,1032,471.23,482.76,11.53,0.024467881926023387
4234,2022-10-01,1033,536.2,549.53,13.33,0.024860126818351362
4235,2022-10-01,1034,470.24,450.68,-19.56,-0.04159578087784961
4236,2022-10-01,1035,570.04,610.16,40.12,0.0703810258929198
4237,2022-10-01,1036,451.14,459.06,7.92,0.017555526000797978
4238,2022-10-01,1037,543.73,535.92,-7.81,-0.01436374671252276
4239,2022-10-01,1038,386.08,394.67,8.59,0.02224927476170742
4240,2022-10-01,1039,660.73,666.69,5.96,0.009020326003057225
4241,2022-10-01,1040,278.42,285.95,7.53,0.02704547087134545
4242,2022-10-01,1041,255.2,248.13,-7.07,-0.027703761755485893
4243,2022-10-01,1042,337.56,337.01,-0.55,-0.0016293399691906625
4244,2022-10-01,1043,344.33,333.04,-11.29,-0.03278831353643307
4245,2022-10-01,1044,298.47,318.64,20.17,0.06757798103662009
4246,2022-10-01,1045,294.74,313.19,18.45,0.06259754359774716
4247,2022-10-01,1046,350.15,369.0,18.85,0.05383407111238041
4248,2022-10-01,1047,271.36,259.61,-11.75,-0.04330041273584906
4249,2022-10-01,1048,315.58,323.76,8.18,0.025920527283097787
4250,2022-10-01,1049,430.94,419.28,-11.66,-0.027057130923098343
4251,2022-10-01,1050,311.54,319.94,8.4,0.02696282981318611
4252,2022-10-01,1051,299.36,289.53,-9.83,-0.03283671833244255
4253,2022-10-01,1052,298.81,317.94,19.13,0.06402061510658948
4254,2022-10-01,1053,398.41,424.52,26.11,0.065535503626917
4255,2022-10-01,1054,325.48,334.57,9.09,0.027927983286223423
4256,2022-10-01,1055,309.22,307.85,-1.37,-0.0044305025548153415
4257,2022-10-01,1056,301.22,309.06,7.84,0.026027488214593983
4258,2022-10-01,1057,311.58,308.2,-3.38,-0.010847936324539445
4259,2022-10-01,1058,274.34,286.89,12.55,0.04574615440694029
4260,2022-10-01,1059,289.86,285.11,-4.75,-0.016387221417235906
4261,2022-10-01,1060,73.78,78.03,4.25,0.0576036866359447
4262,2022-10-01,1061,156.36,149.22,-7.14,-0.045663852647735995
4263,2022-10-01,1062,113.05,110.54,-2.51,-0.022202565236620963
4264,2022-10-01,1063,92.77,89.71,-3.06,-0.032984801121052065
4265,2022-10-01,1064,89.98,87.78,-2.2,-0.02444987775061125
4266,2022-10-01,1065,86.96,89.65,2.69,0.03093376264949402
4267,2022-10-01,1066,92.2,93.46,1.26,0.013665943600867678
4268,2022-10-01,1067,96.21,103.33,7.12,0.07400478120777466
4269,2022-10-01,1068,117.6,124.83,7.23,0.061479591836734696
4270,2022-10-01,1069,106.66,112.48,5.82,0.05456591036939809
4271,2022-10-01,1070,127.08,131.06,3.98,0.0313188542650299
4272,2022-10-01,1071,94.6,99.86,5.26,0.05560253699788584
4273,2022-10-01,1072,132.78,133.84,1.06,0.007983129989456243
4274,2022-10-01,1073,86.51,93.09,6.58,0.07606057103225061
4275,2022-10-01,1074,96.0,101.17,5.17,0.05385416666666667
4276,2022-10-01,1075,154.75,147.65,-7.1,-0.04588045234248788
4277,2022-10-01,1076,108.11,115.35,7.24,0.0669688280455092
4278,2022-10-01,1077,154.73,156.81,2.08,0.013442771279002133
4279,2022-10-01,1078,107.16,115.36,8.2,0.0765210899589399
4280,2022-10-01,1079,95.03,94.73,-0.3,-0.003156897821740503
4281,2022-10-01,1080,597.4,589.62,-7.78,-0.013023100100435218
4282,2022-10-01,1081,504.37,506.27,1.9,0.0037670757578761624
4283,2022-10-01,1082,528.65,555.15,26.5,0.05012768372268987
4284,2022-10-01,1083,607.57,582.8,-24.77,-0.04076896489293415
4285,2022-10-01,1084,416.0,437.45,21.45,0.0515625
4286,2022-10-01,1085,434.51,417.16,-17.35,-0.039930036132655174
4287,2022-10-01,1086,414.72,424.82,10.1,0.02435378086419753
4288,2022-10-01,1087,311.13,295.91,-15.22,-0.04891845852216115
4289,2022-10-01,1088,739.27,795.88,56.61,0.07657554073613158
4290,2022-10-01,1089,332.98,356.77,23.79,0.07144573247642501
4291,2022-10-01,1090,406.65,392.21,-14.44,-0.035509652034919466
4292,2022-10-01,1091,486.36,483.11,-3.25,-0.006682292951723004
4293,2022-10-01,1092,435.96,424.47,-11.49,-0.026355628956785025
4294,2022-10-01,1093,398.64,425.02,26.38,0.066174994982942
4295,2022-10-01,1094,466.57,473.41,6.84,0.014660179608633217
4296,2022-10-01,1095,517.47,536.26,18.79,0.03631128374591764
4297,2022-10-01,1096,553.76,536.67,-17.09,-0.030861745160358278
4298,2022-10-01,1097,434.85,459.68,24.83,0.05710014947683109
4299,2022-10-01,1098,410.88,404.04,-6.84,-0.01664719626168224
4300,2022-10-01,1099,527.33,560.18,32.85,0.06229495761667267
4301,2022-10-01,1100,865.95,880.23,14.28,0.01649055950112593
4302,2022-10-01,1101,878.11,924.17,46.06,0.05245356504310394
4303,2022-10-01,1102,1141.27,1116.08,-25.19,-0.022071902354394664
4304,2022-10-01,1103,1179.44,1266.09,86.65,0.07346706911754732
4305,2022-10-01,1104,916.92,950.82,33.9,0.03697160057584086
4306,2022-10-01,1105,932.92,1000.7,67.78,0.07265360373879862
4307,2022-10-01,1106,885.02,871.92,-13.1,-0.014801925380217396
4308,2022-10-01,1107,891.73,925.32,33.59,0.03766835252823164
4309,2022-10-01,1108,986.5,961.54,-24.96,-0.02530157121135327
4310,2022-10-01,1109,1015.88,994.38,-21.5,-0.021163916998070638
4311,2022-10-01,1110,776.61,824.83,48.22,0.06209036710832979
4312,2022-10-01,1111,1171.08,1253.83,82.75,0.07066126993885985
4313,2022-10-01,1112,855.55,819.75,-35.8,-0.04184442756121793
4314,2022-10-01,1113,946.52,984.61,38.09,0.04024215019228331
4315,2022-10-01,1114,1187.73,1169.66,-18.07,-0.015213895413940878
4316,2022-10-01,1115,936.11,989.44,53.33,0.05696980055762677
4317,2022-10-01,1116,999.37,1006.87,7.5,0.007504727978626535
4318,2022-10-01,1117,1036.9,1013.19,-23.71,-0.022866235895457613
4319,2022-10-01,1118,843.76,803.68,-40.08,-0.0475016592395942
4320,2022-10-01,1119,757.68,812.45,54.77,0.07228645338401436
4321,2022-10-01,1120,66.39,64.48,-1.91,-0.02876939298087061
4322,2022-10-01,1121,68.03,68.66,0.63,0.009260620314567102
4323,2022-10-01,1122,48.86,48.81,-0.05,-0.001023331968890708
4324,2022-10-01,1123,60.07,61.93,1.86,0.03096387547860829
4325,2022-10-01,1124,51.01,54.87,3.86,0.07567143697314252
4326,2022-10-01,1125,61.72,66.59,4.87,0.07890473104342191
4327,2022-10-01,1126,55.8,55.09,-0.71,-0.012724014336917562
4328,2022-10-01,1127,45.53,47.96,2.43,0.0533714034702394
4329,2022-10-01,1128,71.74,73.72,1.98,0.0275996654586005
4330,2022-10-01,1129,39.04,40.23,1.19,0.03048155737704918
4331,2022-10-01,1130,53.42,55.92,2.5,0.04679895170348184
4332,2022-10-01,1131,62.35,61.85,-0.5,-0.00801924619085806
4333,2022-10-01,1132,67.42,65.39,-2.03,-0.030109759715218037
4334,2022-10-01,1133,55.6,56.37,0.77,0.013848920863309352
4335,2022-10-01,1134,79.53,83.74,4.21,0.05293599899409028
4336,2022-10-01,1135,55.87,54.76,-1.11,-0.019867549668874173
4337,2022-10-01,1136,54.59,58.22,3.63,0.06649569518226782
4338,2022-10-01,1137,50.64,54.4,3.76,0.07424960505529225
4339,2022-10-01,1138,49.08,49.04,-0.04,-0.0008149959250203748
4340,2022-10-01,1139,57.52,56.74,-0.78,-0.013560500695410291
4341,2022-10-01,1140,720.86,765.89,45.03,0.062467053241960994
4342,2022-10-01,1141,588.46,560.83,-27.63,-0.0469530639295789
4343,2022-10-01,1142,643.23,660.6,17.37,0.02700433748425913
4344,2022-10-01,1143,636.48,622.72,-13.76,-0.021618903971845148
4345,2022-10-01,1144,654.21,684.2,29.99,0.04584154934959722
4346,2022-10-01,1145,643.77,616.66,-27.11,-0.04211131304658496
4347,2022-10-01,1146,557.09,574.24,17.15,0.030784971907591233
4348,2022-10-01,1147,726.16,768.3,42.14,0.058031287870441775
4349,2022-10-01,1148,649.95,640.37,-9.58,-0.014739595353488729
4350,2022-10-01,1149,658.81,635.22,-23.59,-0.03580698532202001
4351,2022-10-01,1150,560.02,578.45,18.43,0.032909538945037675
4352,2022-10-01,1151,518.0,514.89,-3.11,-0.006003861003861004
4353,2022-10-01,1152,679.89,677.47,-2.42,-0.003559399314595008
4354,2022-10-01,1153,557.96,597.35,39.39,0.07059645852749301
4355,2022-10-01,1154,733.9,747.29,13.39,0.01824499250579098
4356,2022-10-01,1155,546.97,583.34,36.37,0.06649359197030916
4357,2022-10-01,1156,468.33,464.19,-4.14,-0.008839920568829672
4358,2022-10-01,1157,520.44,541.68,21.24,0.040811620936130964
4359,2022-10-01,1158,737.02,758.34,21.32,0.028927301837127894
4360,2022-10-01,1159,636.84,679.65,42.81,0.06722253627284719
4361,2022-10-01,1160,49.2,51.06,1.86,0.03780487804878049
4362,2022-10-01,1161,42.95,41.32,-1.63,-0.03795110593713621
4363,2022-10-01,1162,46.53,45.7,-0.83,-0.017837954008166772
4364,2022-10-01,1163,44.22,47.01,2.79,0.06309362279511534
4365,2022-10-01,1164,33.5,34.66,1.16,0.03462686567164179
4366,2022-10-01,1165,40.45,40.18,-0.27,-0.006674907292954265
4367,2022-10-01,1166,40.97,41.51,0.54,0.013180375884793752
4368,2022-10-01,1167,59.12,59.05,-0.07,-0.0011840324763193505
4369,2022-10-01,1168,46.78,49.25,2.47,0.052800342026507054
4370,2022-10-01,1169,52.04,53.5,1.46,0.028055342044581093
4371,2022-10-01,1170,38.5,41.39,2.89,0.07506493506493507
4372,2022-10-01,1171,33.94,33.03,-0.91,-0.026812021213906894
4373,2022-10-01,1172,51.13,50.68,-0.45,-0.008801095247408566
4374,2022-10-01,1173,48.05,45.7,-2.35,-0.04890738813735692
4375,2022-10-01,1174,46.63,50.31,3.68,0.07891915076131246
4376,2022-10-01,1175,43.51,46.29,2.78,0.0638933578487704
4377,2022-10-01,1176,41.15,42.14,0.99,0.024058323207776428
4378,2022-10-01,1177,54.96,52.94,-2.02,-0.03675400291120815
4379,2022-10-01,1178,39.78,38.34,-1.44,-0.03619909502262444
4380,2022-10-01,1179,42.59,41.5,-1.09,-0.0255928621742193
4381,2022-10-01,1180,79.07,85.12,6.05,0.07651448083976224
4382,2022-10-01,1181,79.02,83.44,4.42,0.05593520627689193
4383,2022-10-01,1182,104.6,103.89,-0.71,-0.006787762906309751
4384,2022-10-01,1183,118.1,118.52,0.42,0.0035563082133784926
4385,2022-10-01,1184,91.85,98.9,7.05,0.07675557974959173
4386,2022-10-01,1185,79.07,84.68,5.61,0.07094979132414317
4387,2022-10-01,1186,82.81,79.67,-3.14,-0.03791812583021374
4388,2022-10-01,1187,123.96,117.9,-6.06,-0.04888673765730881
4389,2022-10-01,1188,90.17,86.26,-3.91,-0.04336253742930021
4390,2022-10-01,1189,87.55,87.41,-0.14,-0.0015990862364363221
4391,2022-10-01,1190,56.45,56.06,-0.39,-0.006908768821966341
4392,2022-10-01,1191,70.83,75.81,4.98,0.07030919102075392
4393,2022-10-01,1192,106.19,108.12,1.93,0.01817496939448159
4394,2022-10-01,1193,100.71,106.88,6.17,0.06126501836957601
4395,2022-10-01,1194,128.98,126.49,-2.49,-0.019305318654054892
4396,2022-10-01,1195,85.72,85.45,-0.27,-0.0031497900139990666
4397,2022-10-01,1196,97.25,94.77,-2.48,-0.0255012853470437
4398,2022-10-01,1197,99.47,100.83,1.36,0.013672464059515431
4399,2022-10-01,1198,111.58,106.86,-4.72,-0.04230148772181395
4400,2022-10-01,1199,110.08,115.01,4.93,0.04478561046511628
4401,2022-11-01,1000,720.79,756.27,35.48,0.04922376836526589
4402,2022-11-01,1001,765.25,748.6,-16.65,-0.021757595557007514
4403,2022-11-01,1002,740.84,708.99,-31.85,-0.042991739106959664
4404,2022-11-01,1003,792.93,772.48,-20.45,-0.02579042286204331
4405,2022-11-01,1004,742.16,742.8,0.64,0.0008623477417268513
4406,2022-11-01,1005,860.71,832.65,-28.06,-0.03260099220411056
4407,2022-11-01,1006,730.73,755.8,25.07,0.03430815759582883
4408,2022-11-01,1007,1033.27,1018.96,-14.31,-0.013849235920911281
4409,2022-11-01,1008,703.17,737.84,34.67,0.04930528890595446
4410,2022-11-01,1009,585.97,579.24,-6.73,-0.011485229619263786
4411,2022-11-01,1010,514.16,505.43,-8.73,-0.01697915045900109
4412,2022-11-01,1011,711.35,722.39,11.04,0.015519786321782527
4413,2022-11-01,1012,739.24,720.67,-18.57,-0.025120393918078025
4414,2022-11-01,1013,572.51,570.52,-1.99,-0.0034759218179595116
4415,2022-11-01,1014,593.85,580.84,-13.01,-0.021907889197608825
4416,2022-11-01,1015,546.98,587.78,40.8,0.07459139273830853
4417,2022-11-01,1016,710.87,722.91,12.04,0.016936992699087033
4418,2022-11-01,1017,747.31,769.7,22.39,0.029960792709852673
4419,2022-11-01,1018,577.24,570.56,-6.68,-0.01157230961125355
4420,2022-11-01,1019,669.48,649.89,-19.59,-0.02926151640078867
4421,2022-11-01,1020,548.09,564.28,16.19,0.02953894433395975
4422,2022-11-01,1021,386.19,415.5,29.31,0.0758952847044201
4423,2022-11-01,1022,508.27,532.99,24.72,0.04863556771007535
4424,2022-11-01,1023,448.75,482.36,33.61,0.07489693593314763
4425,2022-11-01,1024,415.32,401.74,-13.58,-0.03269767889819898
4426,2022-11-01,1025,417.15,430.14,12.99,0.031139877741819488
4427,2022-11-01,1026,418.98,442.52,23.54,0.05618406606520598
4428,2022-11-01,1027,653.41,627.25,-26.16,-0.04003611821061814
4429,2022-11-01,1028,449.92,484.04,34.12,0.0758357041251778
4430,2022-11-01,1029,516.55,543.83,27.28,0.05281192527344884
4431,2022-11-01,1030,413.77,423.83,10.06,0.024313024143848033
4432,2022-11-01,1031,531.64,560.12,28.48,0.053570085019938304
4433,2022-11-01,1032,461.89,491.76,29.87,0.06466907705297799
4434,2022-11-01,1033,529.09,557.41,28.32,0.05352586516471678
4435,2022-11-01,1034,478.37,481.04,2.67,0.005581453686476994
4436,2022-11-01,1035,549.78,568.48,18.7,0.034013605442176874
4437,2022-11-01,1036,414.96,443.53,28.57,0.06885000963948332
4438,2022-11-01,1037,564.08,579.33,15.25,0.027035172315983548
4439,2022-11-01,1038,396.69,412.17,15.48,0.039022914618467824
4440,2022-11-01,1039,634.0,683.75,49.75,0.07847003154574132
4441,2022-11-01,1040,271.92,264.63,-7.29,-0.02680935569285084
4442,2022-11-01,1041,255.13,258.24,3.11,0.012189863990906597
4443,2022-11-01,1042,335.71,350.15,14.44,0.043013315063596555
4444,2022-11-01,1043,353.75,355.12,1.37,0.003872791519434629
4445,2022-11-01,1044,290.8,294.55,3.75,0.012895460797799175
4446,2022-11-01,1045,293.76,297.12,3.36,0.011437908496732025
4447,2022-11-01,1046,353.36,373.56,20.2,0.057165496943626895
4448,2022-11-01,1047,294.44,282.14,-12.3,-0.041774215459856
4449,2022-11-01,1048,308.11,305.62,-2.49,-0.008081529323942748
4450,2022-11-01,1049,416.5,424.47,7.97,0.01913565426170468
4451,2022-11-01,1050,303.3,305.22,1.92,0.006330365974282888
4452,2022-11-01,1051,293.12,283.48,-9.64,-0.032887554585152835
4453,2022-11-01,1052,272.82,291.42,18.6,0.06817681988124037
4454,2022-11-01,1053,398.68,387.46,-11.22,-0.02814287147587037
4455,2022-11-01,1054,333.77,330.42,-3.35,-0.010036851724241245
4456,2022-11-01,1055,302.14,305.16,3.02,0.00999536638644337
4457,2022-11-01,1056,291.19,281.63,-9.56,-0.03283079776091212
4458,2022-11-01,1057,306.41,327.87,21.46,0.07003687869194869
4459,2022-11-01,1058,283.1,292.76,9.66,0.0341222182974214
4460,2022-11-01,1059,287.83,281.51,-6.32,-0.021957405412917345
4461,2022-11-01,1060,72.44,73.39,0.95,0.013114301490889012
4462,2022-11-01,1061,150.18,147.6,-2.58,-0.017179384738314023
4463,2022-11-01,1062,118.54,118.08,-0.46,-0.003880546650919521
4464,2022-11-01,1063,88.22,89.06,0.84,0.00952165041940603
4465,2022-11-01,1064,87.27,84.9,-2.37,-0.027157098659333103
4466,2022-11-01,1065,87.78,84.24,-3.54,-0.04032809295967191
4467,2022-11-01,1066,100.58,107.1,6.52,0.06482402068005567
4468,2022-11-01,1067,96.53,100.48,3.95,0.040919921267999586
4469,2022-11-01,1068,122.42,132.08,9.66,0.0789086750530959
4470,2022-11-01,1069,108.59,117.16,8.57,0.07892071093102496
4471,2022-11-01,1070,135.86,141.67,5.81,0.04276461062858825
4472,2022-11-01,1071,101.39,105.63,4.24,0.041818719794851564
4473,2022-11-01,1072,126.53,124.99,-1.54,-0.012171026633999842
4474,2022-11-01,1073,88.25,91.38,3.13,0.03546742209631728
4475,2022-11-01,1074,91.79,92.96,1.17,0.012746486545375314
4476,2022-11-01,1075,160.79,173.34,12.55,0.07805211766900927
4477,2022-11-01,1076,113.35,112.56,-0.79,-0.006969563299514777
4478,2022-11-01,1077,149.13,160.8,11.67,0.07825387246026956
4479,2022-11-01,1078,113.24,108.89,-4.35,-0.038413987990109505
4480,2022-11-01,1079,95.51,94.02,-1.49,-0.015600460684745052
4481,2022-11-01,1080,606.4,586.16,-20.24,-0.033377308707124013
4482,2022-11-01,1081,526.44,523.48,-2.96,-0.005622673049160398
4483,2022-11-01,1082,565.12,560.27,-4.85,-0.008582248018120046
4484,2022-11-01,1083,594.56,615.21,20.65,0.03473156620021529
4485,2022-11-01,1084,429.32,447.34,18.02,0.04197335320972701
4486,2022-11-01,1085,443.14,438.08,-5.06,-0.011418513336643047
4487,2022-11-01,1086,422.31,455.42,33.11,0.07840212166418034
4488,2022-11-01,1087,319.78,327.54,7.76,0.02426668334479955
4489,2022-11-01,1088,724.17,742.56,18.39,0.02539458966817184
4490,2022-11-01,1089,332.3,322.85,-9.45,-0.028438158290701173
4491,2022-11-01,1090,419.81,431.32,11.51,0.02741716490793454
4492,2022-11-01,1091,484.27,507.05,22.78,0.0470398744502034
4493,2022-11-01,1092,447.22,458.15,10.93,0.02443987299315773
4494,2022-11-01,1093,405.32,428.29,22.97,0.05667127208131847
4495,2022-11-01,1094,452.32,471.58,19.26,0.04258047400070746
4496,2022-11-01,1095,480.99,463.27,-17.72,-0.03684068275847731
4497,2022-11-01,1096,534.14,537.22,3.08,0.005766278503763059
4498,2022-11-01,1097,422.58,403.91,-18.67,-0.04418098348241753
4499,2022-11-01,1098,379.86,382.65,2.79,0.0073448112462486176
4500,2022-11-01,1099,558.64,575.93,17.29,0.030950164685665187
4501,2022-11-01,1100,875.17,920.4,45.23,0.051681387616120296
4502,2022-11-01,1101,873.51,837.13,-36.38,-0.041648063559661594
4503,2022-11-01,1102,1137.02,1083.17,-53.85,-0.04736064449174157
4504,2022-11-01,1103,1162.27,1240.27,78.0,0.06711005188123241
4505,2022-11-01,1104,913.01,884.22,-28.79,-0.03153306097414048
4506,2022-11-01,1105,884.91,845.36,-39.55,-0.04469381067001164
4507,2022-11-01,1106,923.41,889.76,-33.65,-0.036441017532840236
4508,2022-11-01,1107,891.02,875.38,-15.64,-0.017552916881775942
4509,2022-11-01,1108,999.37,989.84,-9.53,-0.00953600768484145
4510,2022-11-01,1109,944.14,967.34,23.2,0.02457262694091978
4511,2022-11-01,1110,826.69,848.19,21.5,0.02600733043825376
4512,2022-11-01,1111,1210.4,1241.55,31.15,0.025735294117647058
4513,2022-11-01,1112,835.23,856.26,21.03,0.025178693294062714
4514,2022-11-01,1113,925.92,952.56,26.64,0.028771384136858476
4515,2022-11-01,1114,1180.95,1158.05,-22.9,-0.019391168127355096
4516,2022-11-01,1115,951.07,949.14,-1.93,-0.002029293322258088
4517,2022-11-01,1116,898.48,967.68,69.2,0.0770189653637254
4518,2022-11-01,1117,1034.39,1098.11,63.72,0.061601523603283095
4519,2022-11-01,1118,894.63,870.0,-24.63,-0.027530934576305288
4520,2022-11-01,1119,798.19,774.12,-24.07,-0.030155727333091117
4521,2022-11-01,1120,64.14,67.4,3.26,0.050826317430620514
4522,2022-11-01,1121,66.06,63.6,-2.46,-0.03723887375113533
4523,2022-11-01,1122,48.21,50.49,2.28,0.04729309271935283
4524,2022-11-01,1123,56.95,55.0,-1.95,-0.03424056189640035
4525,2022-11-01,1124,50.88,50.55,-0.33,-0.006485849056603774
4526,2022-11-01,1125,63.59,64.64,1.05,0.01651203019342664
4527,2022-11-01,1126,53.77,56.81,3.04,0.05653710247349823
4528,2022-11-01,1127,46.03,47.09,1.06,0.023028459700195524
4529,2022-11-01,1128,68.9,68.47,-0.43,-0.006240928882438317
4530,2022-11-01,1129,39.11,38.57,-0.54,-0.01380721043211455
4531,2022-11-01,1130,53.24,53.55,0.31,0.005822689706987227
4532,2022-11-01,1131,60.11,62.95,2.84,0.047246714357012144
4533,2022-11-01,1132,69.38,66.53,-2.85,-0.041078120495820124
4534,2022-11-01,1133,54.94,58.37,3.43,0.06243174372042228
4535,2022-11-01,1134,76.84,77.7,0.86,0.011192087454450807
4536,2022-11-01,1135,57.03,59.77,2.74,0.04804488865509381
4537,2022-11-01,1136,55.33,56.96,1.63,0.029459606000361467
4538,2022-11-01,1137,50.92,54.32,3.4,0.06677140612725845
4539,2022-11-01,1138,50.25,52.88,2.63,0.052338308457711445
4540,2022-11-01,1139,57.49,56.02,-1.47,-0.025569664289441643
4541,2022-11-01,1140,702.59,726.89,24.3,0.0345863163438136
4542,2022-11-01,1141,606.47,578.71,-27.76,-0.04577308028426798
4543,2022-11-01,1142,615.93,658.3,42.37,0.06879028461026415
4544,2022-11-01,1143,637.36,626.3,-11.06,-0.01735283042550521
4545,2022-11-01,1144,714.95,683.33,-31.62,-0.044226869011819006
4546,2022-11-01,1145,667.44,669.58,2.14,0.003206280714371329
4547,2022-11-01,1146,509.26,503.34,-5.92,-0.011624710364057652
4548,2022-11-01,1147,739.16,785.02,45.86,0.0620434006169165
4549,2022-11-01,1148,602.03,580.31,-21.72,-0.036077936315466005
4550,2022-11-01,1149,665.9,637.34,-28.56,-0.042889322721129296
4551,2022-11-01,1150,592.87,580.44,-12.43,-0.020965810380015854
4552,2022-11-01,1151,528.02,542.53,14.51,0.02748001969622363
4553,2022-11-01,1152,655.55,638.74,-16.81,-0.0256425901914423
4554,2022-11-01,1153,588.78,617.69,28.91,0.049101531981385234
4555,2022-11-01,1154,709.14,749.16,40.02,0.056434554530840175
4556,2022-11-01,1155,577.24,621.35,44.11,0.07641535583119673
4557,2022-11-01,1156,490.65,519.02,28.37,0.05782125751554061
4558,2022-11-01,1157,505.16,505.63,0.47,0.0009303982896508037
4559,2022-11-01,1158,720.7,702.46,-18.24,-0.025308727625919247
4560,2022-11-01,1159,627.89,624.37,-3.52,-0.0056060774976508625
4561,2022-11-01,1160,49.2,51.36,2.16,0.04390243902439024
4562,2022-11-01,1161,43.77,43.65,-0.12,-0.0027416038382453733
4563,2022-11-01,1162,44.99,44.02,-0.97,-0.021560346743720826
4564,2022-11-01,1163,43.61,42.44,-1.17,-0.026828709011694565
4565,2022-11-01,1164,31.98,34.23,2.25,0.07035647279549719
4566,2022-11-01,1165,42.79,41.61,-1.18,-0.02757653657396588
4567,2022-11-01,1166,38.8,41.16,2.36,0.060824742268041236
4568,2022-11-01,1167,60.09,63.72,3.63,0.06040938592111832
4569,2022-11-01,1168,46.2,47.26,1.06,0.022943722943722943
4570,2022-11-01,1169,55.18,57.17,1.99,0.03606379122870605
4571,2022-11-01,1170,39.07,39.78,0.71,0.01817251087791144
4572,2022-11-01,1171,33.6,33.82,0.22,0.006547619047619048
4573,2022-11-01,1172,48.58,47.0,-1.58,-0.03252367229312474
4574,2022-11-01,1173,48.26,52.06,3.8,0.07874015748031496
4575,2022-11-01,1174,43.4,41.24,-2.16,-0.04976958525345622
4576,2022-11-01,1175,46.04,48.33,2.29,0.0497393570807993
4577,2022-11-01,1176,42.27,45.0,2.73,0.06458481192334989
4578,2022-11-01,1177,55.86,59.86,4.0,0.07160759040458288
4579,2022-11-01,1178,40.36,39.41,-0.95,-0.023538156590683847
4580,2022-11-01,1179,46.85,46.82,-0.03,-0.0006403415154749199
4581,2022-11-01,1180,73.68,75.79,2.11,0.028637350705754613
4582,2022-11-01,1181,79.62,84.04,4.42,0.05551369002763125
4583,2022-11-01,1182,106.43,114.83,8.4,0.07892511509912618
4584,2022-11-01,1183,115.29,115.34,0.05,0.0004336889582791222
4585,2022-11-01,1184,90.73,91.93,1.2,0.013226055328998126
4586,2022-11-01,1185,83.1,85.17,2.07,0.024909747292418773
4587,2022-11-01,1186,83.95,83.13,-0.82,-0.009767718880285884
4588,2022-11-01,1187,130.72,131.3,0.58,0.004436964504283966
4589,2022-11-01,1188,86.17,91.31,5.14,0.059649529998839504
4590,2022-11-01,1189,86.09,92.1,6.01,0.06981066325937972
4591,2022-11-01,1190,55.98,56.27,0.29,0.005180421579135406
4592,2022-11-01,1191,68.46,72.12,3.66,0.05346187554776512
4593,2022-11-01,1192,103.82,111.55,7.73,0.07445578886534386
4594,2022-11-01,1193,97.83,103.47,5.64,0.05765102729224164
4595,2022-11-01,1194,125.75,134.69,8.94,0.0710934393638171
4596,2022-11-01,1195,81.27,80.11,-1.16,-0.014273409622246831
4597,2022-11-01,1196,100.61,103.23,2.62,0.02604114899115396
4598,2022-11-01,1197,99.65,97.95,-1.7,-0.017059708981435023
4599,2022-11-01,1198,114.84,122.69,7.85,0.06835597352838732
4600,2022-11-01,1199,110.78,112.29,1.51,0.013630619245351146
4601,2022-12-01,1000,744.65,745.13,0.48,0.0006445981333512388
4602,2022-12-01,1001,700.2,678.64,-21.56,-0.030791202513567553
4603,2022-12-01,1002,771.27,817.46,46.19,0.059888236285606855
4604,2022-12-01,1003,774.8,831.14,56.34,0.07271553949406298
4605,2022-12-01,1004,824.2,809.34,-14.86,-0.018029604464935695
4606,2022-12-01,1005,825.16,789.08,-36.08,-0.04372485336177226
4607,2022-12-01,1006,787.33,798.39,11.06,0.014047476915651632
4608,2022-12-01,1007,988.6,940.65,-47.95,-0.04850293344123002
4609,2022-12-01,1008,700.94,683.37,-17.57,-0.025066339486974634
4610,2022-12-01,1009,589.09,574.01,-15.08,-0.025598804936427372
4611,2022-12-01,1010,548.32,565.24,16.92,0.030857893201050483
4612,2022-12-01,1011,661.78,684.35,22.57,0.0341049895735743
4613,2022-12-01,1012,742.28,740.66,-1.62,-0.002182464838066498
4614,2022-12-01,1013,558.54,599.04,40.5,0.07251047373509507
4615,2022-12-01,1014,606.27,601.79,-4.48,-0.007389446946080129
4616,2022-12-01,1015,512.31,497.89,-14.42,-0.028147020358767153
4617,2022-12-01,1016,715.47,738.38,22.91,0.032020909332327
4618,2022-12-01,1017,794.46,819.39,24.93,0.03137980515066838
4619,2022-12-01,1018,595.75,636.81,41.06,0.06892152748636172
4620,2022-12-01,1019,617.79,650.66,32.87,0.05320578189999838
4621,2022-12-01,1020,538.49,528.4,-10.09,-0.018737581013574995
4622,2022-12-01,1021,390.58,409.97,19.39,0.04964411900250909
4623,2022-12-01,1022,498.67,508.02,9.35,0.01874987466661319
4624,2022-12-01,1023,417.28,443.74,26.46,0.06341065950920245
4625,2022-12-01,1024,409.2,400.59,-8.61,-0.021041055718475074
4626,2022-12-01,1025,429.71,460.08,30.37,0.07067557189732611
4627,2022-12-01,1026,429.58,455.26,25.68,0.05977931933516458
4628,2022-12-01,1027,614.67,659.36,44.69,0.07270567947028486
4629,2022-12-01,1028,485.86,473.29,-12.57,-0.025871650269624995
4630,2022-12-01,1029,494.13,515.59,21.46,0.043429866634286524
4631,2022-12-01,1030,405.81,391.67,-14.14,-0.0348438924619896
4632,2022-12-01,1031,524.94,565.01,40.07,0.07633253324189432
4633,2022-12-01,1032,454.1,451.2,-2.9,-0.006386258533362696
4634,2022-12-01,1033,551.05,589.99,38.94,0.07066509391162326
4635,2022-12-01,1034,488.55,476.26,-12.29,-0.02515607409681711
4636,2022-12-01,1035,540.2,542.16,1.96,0.003628285820066642
4637,2022-12-01,1036,440.53,433.03,-7.5,-0.01702494722266361
4638,2022-12-01,1037,578.48,591.62,13.14,0.022714700594661873
4639,2022-12-01,1038,378.1,376.11,-1.99,-0.005263157894736842
4640,2022-12-01,1039,649.67,667.69,18.02,0.027737158865270062
4641,2022-12-01,1040,274.28,282.98,8.7,0.03171941082105877
4642,2022-12-01,1041,249.36,239.53,-9.83,-0.039420917548925245
4643,2022-12-01,1042,341.59,356.78,15.19,0.044468514886267164
4644,2022-12-01,1043,330.22,343.77,13.55,0.04103325056023257
4645,2022-12-01,1044,293.21,305.99,12.78,0.04358650796357559
4646,2022-12-01,1045,293.07,303.57,10.5,0.03582761797522776
4647,2022-12-01,1046,344.09,355.3,11.21,0.03257868580894534
4648,2022-12-01,1047,285.55,294.32,8.77,0.03071265977937314
4649,2022-12-01,1048,317.46,335.61,18.15,0.057172557172557176
4650,2022-12-01,1049,405.25,401.58,-3.67,-0.00905613818630475
4651,2022-12-01,1050,319.51,326.09,6.58,0.02059403461550499
4652,2022-12-01,1051,305.84,292.98,-12.86,-0.042048129741041065
4653,2022-12-01,1052,286.23,301.34,15.11,0.0527897145652098
4654,2022-12-01,1053,372.15,361.69,-10.46,-0.028106946123874783
4655,2022-12-01,1054,327.42,329.96,2.54,0.007757620182029198
4656,2022-12-01,1055,312.02,304.79,-7.23,-0.023171591564643292
4657,2022-12-01,1056,297.08,299.28,2.2,0.007405412683452269
4658,2022-12-01,1057,306.02,294.79,-11.23,-0.03669694791190118
4659,2022-12-01,1058,257.88,266.98,9.1,0.03528773072747014
4660,2022-12-01,1059,303.57,288.72,-14.85,-0.048917877260598874
4661,2022-12-01,1060,74.49,79.25,4.76,0.06390119479124715
4662,2022-12-01,1061,154.67,149.0,-5.67,-0.03665869270058835
4663,2022-12-01,1062,113.57,111.19,-2.38,-0.020956238443250858
4664,2022-12-01,1063,89.94,87.94,-2.0,-0.022237046920169
4665,2022-12-01,1064,89.16,88.01,-1.15,-0.012898160610139075
4666,2022-12-01,1065,87.62,93.03,5.41,0.06174389408810774
4667,2022-12-01,1066,98.3,95.87,-2.43,-0.02472024415055951
4668,2022-12-01,1067,95.03,91.31,-3.72,-0.03914553298958224
4669,2022-12-01,1068,115.46,117.56,2.1,0.018188117096830072
4670,2022-12-01,1069,109.57,117.89,8.32,0.07593319339235192
4671,2022-12-01,1070,124.83,125.53,0.7,0.005607626371865737
4672,2022-12-01,1071,98.74,94.44,-4.3,-0.0435487137938019
4673,2022-12-01,1072,129.79,129.37,-0.42,-0.003235996609908313
4674,2022-12-01,1073,88.27,94.28,6.01,0.06808655262263509
4675,2022-12-01,1074,97.73,102.47,4.74,0.048500972065895834
4676,2022-12-01,1075,155.62,154.42,-1.2,-0.007711091119393394
4677,2022-12-01,1076,108.0,114.87,6.87,0.0636111111111111
4678,2022-12-01,1077,148.68,147.02,-1.66,-0.011164917944578962
4679,2022-12-01,1078,112.29,114.56,2.27,0.020215513402796332
4680,2022-12-01,1079,98.91,94.91,-4.0,-0.04044080477201496
4681,2022-12-01,1080,588.58,578.73,-9.85,-0.016735193176798398
4682,2022-12-01,1081,502.88,525.88,23.0,0.045736557429207764
4683,2022-12-01,1082,536.14,540.41,4.27,0.007964337672995859
4684,2022-12-01,1083,587.05,593.45,6.4,0.010901967464440849
4685,2022-12-01,1084,396.63,412.6,15.97,0.04026422610493407
4686,2022-12-01,1085,482.23,464.83,-17.4,-0.036082367335089065
4687,2022-12-01,1086,430.28,454.83,24.55,0.057055870595891046
4688,2022-12-01,1087,312.25,318.04,5.79,0.018542834267413932
4689,2022-12-01,1088,736.24,770.35,34.11,0.04633000108660219
4690,2022-12-01,1089,324.8,322.28,-2.52,-0.007758620689655172
4691,2022-12-01,1090,402.65,398.66,-3.99,-0.009909350552589097
4692,2022-12-01,1091,498.09,499.24,1.15,0.002308819691220462
4693,2022-12-01,1092,446.67,433.36,-13.31,-0.02979828508742472
4694,2022-12-01,1093,406.03,413.27,7.24,0.017831194739304976
4695,2022-12-01,1094,455.82,464.52,8.7,0.019086481505857577
4696,2022-12-01,1095,511.41,514.97,3.56,0.006961146633816312
4697,2022-12-01,1096,525.61,505.77,-19.84,-0.037746618215026354
4698,2022-12-01,1097,437.52,456.14,18.62,0.042558054488937645
4699,2022-12-01,1098,394.05,379.68,-14.37,-0.03646745336886182
4700,2022-12-01,1099,529.79,506.49,-23.3,-0.04397969006587516
4701,2022-12-01,1100,859.6,880.23,20.63,0.02399953466728711
4702,2022-12-01,1101,889.9,859.45,-30.45,-0.03421732778963928
4703,2022-12-01,1102,1135.62,1137.47,1.85,0.0016290660608302072
4704,2022-12-01,1103,1159.29,1226.51,67.22,0.0579837659256959
4705,2022-12-01,1104,905.38,966.1,60.72,0.06706576244228943
4706,2022-12-01,1105,913.43,877.27,-36.16,-0.03958705100555051
4707,2022-12-01,1106,965.85,962.96,-2.89,-0.0029921830511984264
4708,2022-12-01,1107,917.03,936.44,19.41,0.02116615596000131
4709,2022-12-01,1108,997.13,1034.04,36.91,0.03701623659903924
4710,2022-12-01,1109,928.11,990.93,62.82,0.06768594239906908
4711,2022-12-01,1110,824.17,878.2,54.03,0.06555686326850044
4712,2022-12-01,1111,1198.15,1224.1,25.95,0.02165839001794433
4713,2022-12-01,1112,857.78,866.29,8.51,0.009920958753992865
4714,2022-12-01,1113,903.29,880.04,-23.25,-0.02573924210386476
4715,2022-12-01,1114,1130.28,1102.84,-27.44,-0.02427717025869696
4716,2022-12-01,1115,937.55,915.78,-21.77,-0.023220094928270492
4717,2022-12-01,1116,1000.82,1044.95,44.13,0.044093843048700065
4718,2022-12-01,1117,1053.89,1087.17,33.28,0.03157824820427179
4719,2022-12-01,1118,897.52,876.49,-21.03,-0.023431232730189856
4720,2022-12-01,1119,786.85,816.52,29.67,0.03770731397343839
4721,2022-12-01,1120,65.35,67.59,2.24,0.0342769701606733
4722,2022-12-01,1121,65.14,66.45,1.31,0.020110531163647527
4723,2022-12-01,1122,49.33,49.02,-0.31,-0.00628420839245895
4724,2022-12-01,1123,57.55,61.01,3.46,0.06012163336229366
4725,2022-12-01,1124,50.42,53.59,3.17,0.06287187623958747
4726,2022-12-01,1125,64.91,63.07,-1.84,-0.028346941919580957
4727,2022-12-01,1126,58.24,55.69,-2.55,-0.043784340659340656
4728,2022-12-01,1127,45.79,48.65,2.86,0.062459052194802356
4729,2022-12-01,1128,71.69,71.73,0.04,0.0005579578741804993
4730,2022-12-01,1129,38.88,37.92,-0.96,-0.024691358024691357
4731,2022-12-01,1130,52.48,52.73,0.25,0.004763719512195122
4732,2022-12-01,1131,63.18,61.56,-1.62,-0.02564102564102564
4733,2022-12-01,1132,69.03,71.04,2.01,0.029117774880486745
4734,2022-12-01,1133,53.3,53.4,0.1,0.001876172607879925
4735,2022-12-01,1134,80.1,78.67,-1.43,-0.017852684144818977
4736,2022-12-01,1135,54.03,53.01,-1.02,-0.018878400888395337
4737,2022-12-01,1136,55.53,58.57,3.04,0.05474518278408068
4738,2022-12-01,1137,49.05,48.63,-0.42,-0.00856269113149847
4739,2022-12-01,1138,46.58,44.34,-2.24,-0.048089308716187204
4740,2022-12-01,1139,57.86,61.57,3.71,0.0641202903560318
4741,2022-12-01,1140,713.35,726.46,13.11,0.018378075278614986
4742,2022-12-01,1141,623.12,658.0,34.88,0.05597637694184106
4743,2022-12-01,1142,585.1,582.04,-3.06,-0.0052298752350025636
4744,2022-12-01,1143,634.46,636.52,2.06,0.0032468555937332534
4745,2022-12-01,1144,668.51,699.02,30.51,0.0456388086939612
4746,2022-12-01,1145,666.7,638.61,-28.09,-0.042132893355332234
4747,2022-12-01,1146,520.51,496.82,-23.69,-0.045513054504236226
4748,2022-12-01,1147,711.93,722.95,11.02,0.01547904990659194
4749,2022-12-01,1148,604.45,585.27,-19.18,-0.031731325998841924
4750,2022-12-01,1149,683.94,673.16,-10.78,-0.015761616516068663
4751,2022-12-01,1150,570.04,608.38,38.34,0.06725843800435057
4752,2022-12-01,1151,519.97,516.99,-2.98,-0.005731099871146412
4753,2022-12-01,1152,687.98,720.75,32.77,0.04763219861042472
4754,2022-12-01,1153,564.94,569.94,5.0,0.008850497397953764
4755,2022-12-01,1154,756.94,747.98,-8.96,-0.011837133722620023
4756,2022-12-01,1155,583.12,602.69,19.57,0.03356084510906846
4757,2022-12-01,1156,505.6,510.82,5.22,0.010324367088607594
4758,2022-12-01,1157,491.23,501.61,10.38,0.02113063127252
4759,2022-12-01,1158,719.1,730.43,11.33,0.01575580586844667
4760,2022-12-01,1159,584.76,619.17,34.41,0.05884465421711471
4761,2022-12-01,1160,47.92,46.12,-1.8,-0.037562604340567615
4762,2022-12-01,1161,42.63,42.27,-0.36,-0.00844475721323012
4763,2022-12-01,1162,44.55,44.08,-0.47,-0.010549943883277216
4764,2022-12-01,1163,47.25,50.15,2.9,0.061375661375661375
4765,2022-12-01,1164,33.7,34.5,0.8,0.02373887240356083
4766,2022-12-01,1165,42.83,46.17,3.34,0.07798272239084754
4767,2022-12-01,1166,41.63,42.79,1.16,0.02786452077828489
4768,2022-12-01,1167,60.22,62.16,1.94,0.0322152108933909
4769,2022-12-01,1168,47.75,50.03,2.28,0.04774869109947644
4770,2022-12-01,1169,53.7,57.05,3.35,0.06238361266294227
4771,2022-12-01,1170,40.79,40.21,-0.58,-0.014219171365530768
4772,2022-12-01,1171,33.11,32.07,-1.04,-0.03141045001510118
4773,2022-12-01,1172,47.91,46.94,-0.97,-0.020246295136714672
4774,2022-12-01,1173,49.41,47.78,-1.63,-0.032989273426431896
4775,2022-12-01,1174,44.81,43.14,-1.67,-0.03726846686007588
4776,2022-12-01,1175,44.91,47.59,2.68,0.05967490536628813
4777,2022-12-01,1176,41.56,41.32,-0.24,-0.005774783445620789
4778,2022-12-01,1177,58.04,61.56,3.52,0.06064782908339077
4779,2022-12-01,1178,39.11,38.07,-1.04,-0.026591664535924316
4780,2022-12-01,1179,44.6,44.69,0.09,0.002017937219730942
4781,2022-12-01,1180,74.42,79.13,4.71,0.06328943832303144
4782,2022-12-01,1181,81.25,81.06,-0.19,-0.0023384615384615384
4783,2022-12-01,1182,99.27,100.47,1.2,0.012088244182532487
4784,2022-12-01,1183,124.01,126.28,2.27,0.018304975405209256
4785,2022-12-01,1184,96.09,93.04,-3.05,-0.03174107607451348
4786,2022-12-01,1185,78.82,79.67,0.85,0.010784064958132453
4787,2022-12-01,1186,81.75,80.78,-0.97,-0.011865443425076453
4788,2022-12-01,1187,120.65,117.91,-2.74,-0.022710319104848737
4789,2022-12-01,1188,90.96,93.29,2.33,0.02561565523306948
4790,2022-12-01,1189,87.1,90.71,3.61,0.04144661308840413
4791,2022-12-01,1190,55.98,58.06,2.08,0.037156127188281526
4792,2022-12-01,1191,64.66,67.97,3.31,0.0511908444169502
4793,2022-12-01,1192,108.02,116.35,8.33,0.0771153490094427
4794,2022-12-01,1193,102.87,105.13,2.26,0.021969476037717508
4795,2022-12-01,1194,119.38,117.28,-2.1,-0.017590886245602278
4796,2022-12-01,1195,82.3,85.31,3.01,0.03657351154313487
4797,2022-12-01,1196,96.98,99.81,2.83,0.02918127448958548
4798,2022-12-01,1197,98.66,95.04,-3.62,-0.03669166835597
4799,2022-12-01,1198,114.97,113.56,-1.41,-0.01226406888753588
4800,2022-12-01,1199,114.32,109.83,-4.49,-0.039275717284814556
4801,2023-01-01,1000,733.46,748.79,15.33,0.020900935292994846
4802,2023-01-01,1001,749.79,740.03,-9.76,-0.01301697808719775
4803,2023-01-01,1002,778.32,758.87,-19.45,-0.024989721451331073
4804,2023-01-01,1003,802.6,790.8,-11.8,-0.01470221779217543
4805,2023-01-01,1004,818.33,862.53,44.2,0.05401243996920558
4806,2023-01-01,1005,867.21,847.75,-19.46,-0.022439778139089723
4807,2023-01-01,1006,758.98,778.36,19.38,0.025534269677725367
4808,2023-01-01,1007,1060.08,1019.74,-40.34,-0.03805373179382688
4809,2023-01-01,1008,738.11,762.46,24.35,0.032989662787389414
4810,2023-01-01,1009,577.28,553.7,-23.58,-0.040846729490022174
4811,2023-01-01,1010,562.08,573.21,11.13,0.019801451750640478
4812,2023-01-01,1011,713.02,715.46,2.44,0.0034220638972258842
4813,2023-01-01,1012,776.83,828.88,52.05,0.06700307660620727
4814,2023-01-01,1013,584.57,618.01,33.44,0.05720444087106762
4815,2023-01-01,1014,593.2,626.87,33.67,0.056759946055293324
4816,2023-01-01,1015,548.4,589.94,41.54,0.07574762946754195
4817,2023-01-01,1016,711.23,724.62,13.39,0.01882653993785414
4818,2023-01-01,1017,851.16,894.51,43.35,0.050930494854081486
4819,2023-01-01,1018,585.77,560.12,-25.65,-0.043788517677586763
4820,2023-01-01,1019,636.86,656.43,19.57,0.030728888609741545
4821,2023-01-01,1020,540.46,582.99,42.53,0.07869222514154608
4822,2023-01-01,1021,394.01,420.03,26.02,0.06603893302200452
4823,2023-01-01,1022,514.68,497.7,-16.98,-0.03299137328048496
4824,2023-01-01,1023,462.49,482.08,19.59,0.04235767259832645
4825,2023-01-01,1024,415.73,413.52,-2.21,-0.005315950256175883
4826,2023-01-01,1025,428.31,436.18,7.87,0.01837454180383367
4827,2023-01-01,1026,448.0,475.4,27.4,0.061160714285714284
4828,2023-01-01,1027,662.03,645.55,-16.48,-0.02489313173119043
4829,2023-01-01,1028,502.86,505.16,2.3,0.004573837648649723
4830,2023-01-01,1029,534.33,576.5,42.17,0.07892126588437856
4831,2023-01-01,1030,409.63,390.61,-19.02,-0.04643214608305056
4832,2023-01-01,1031,566.96,561.95,-5.01,-0.008836602229434175
4833,2023-01-01,1032,469.5,489.43,19.93,0.04244941427050053
4834,2023-01-01,1033,566.96,547.09,-19.87,-0.0350465641315084
4835,2023-01-01,1034,515.26,552.82,37.56,0.072895237355898
4836,2023-01-01,1035,565.42,575.59,10.17,0.01798662940822751
4837,2023-01-01,1036,460.46,440.18,-20.28,-0.044042913608131
4838,2023-01-01,1037,570.32,577.65,7.33,0.012852433721419554
4839,2023-01-01,1038,369.38,390.24,20.86,0.056473008825599656
4840,2023-01-01,1039,650.57,639.21,-11.36,-0.017461610587638534
4841,2023-01-01,1040,268.81,263.98,-4.83,-0.017968081544585394
4842,2023-01-01,1041,254.84,271.72,16.88,0.06623763930309214
4843,2023-01-01,1042,344.25,334.67,-9.58,-0.027828612926652143
4844,2023-01-01,1043,345.02,353.11,8.09,0.023447916062836936
4845,2023-01-01,1044,300.45,290.29,-10.16,-0.03381594275253786
4846,2023-01-01,1045,297.49,310.36,12.87,0.043261958385155806
4847,2023-01-01,1046,377.88,377.67,-0.21,-0.0005557319784058431
4848,2023-01-01,1047,281.04,272.06,-8.98,-0.031952746939937375
4849,2023-01-01,1048,311.9,330.95,19.05,0.06107726835524206
4850,2023-01-01,1049,416.19,427.15,10.96,0.026334126240419038
4851,2023-01-01,1050,320.29,310.81,-9.48,-0.029598176652408756
4852,2023-01-01,1051,316.8,316.61,-0.19,-0.0005997474747474747
4853,2023-01-01,1052,300.46,319.85,19.39,0.0645343806163882
4854,2023-01-01,1053,386.23,391.2,4.97,0.012867980219040467
4855,2023-01-01,1054,345.51,370.04,24.53,0.07099649793059536
4856,2023-01-01,1055,318.05,340.45,22.4,0.07042917780223236
4857,2023-01-01,1056,302.37,312.65,10.28,0.0339980818202864
4858,2023-01-01,1057,322.79,328.64,5.85,0.018123238018525976
4859,2023-01-01,1058,269.72,281.26,11.54,0.042785110484947354
4860,2023-01-01,1059,314.35,309.36,-4.99,-0.015874025767456657
4861,2023-01-01,1060,75.07,79.93,4.86,0.06473957639536433
4862,2023-01-01,1061,155.45,158.6,3.15,0.02026375040205854
4863,2023-01-01,1062,110.98,113.46,2.48,0.0223463687150838
4864,2023-01-01,1063,91.38,93.06,1.68,0.018384766907419567
4865,2023-01-01,1064,85.85,84.79,-1.06,-0.012347117064647641
4866,2023-01-01,1065,88.67,87.06,-1.61,-0.018157212134882146
4867,2023-01-01,1066,96.59,98.28,1.69,0.017496635262449527
4868,2023-01-01,1067,96.9,99.14,2.24,0.023116615067079464
4869,2023-01-01,1068,118.93,113.18,-5.75,-0.04834776759438325
4870,2023-01-01,1069,110.6,110.92,0.32,0.0028933092224231465
4871,2023-01-01,1070,131.96,131.89,-0.07,-0.0005304637769020915
4872,2023-01-01,1071,101.68,100.25,-1.43,-0.014063729346970888
4873,2023-01-01,1072,127.55,124.55,-3.0,-0.023520188161505293
4874,2023-01-01,1073,92.02,98.62,6.6,0.07172353836122582
4875,2023-01-01,1074,102.52,107.56,5.04,0.049161139289894656
4876,2023-01-01,1075,159.7,152.88,-6.82,-0.04270507201001879
4877,2023-01-01,1076,114.92,117.4,2.48,0.021580229725026105
4878,2023-01-01,1077,160.45,161.19,0.74,0.004612028669367404
4879,2023-01-01,1078,114.98,113.53,-1.45,-0.012610888850234824
4880,2023-01-01,1079,100.69,97.61,-3.08,-0.03058893633925911
4881,2023-01-01,1080,609.26,585.46,-23.8,-0.039063782293273806
4882,2023-01-01,1081,526.27,530.32,4.05,0.007695669523248522
4883,2023-01-01,1082,554.76,592.0,37.24,0.06712812747854928
4884,2023-01-01,1083,632.82,633.26,0.44,0.0006953004013779589
4885,2023-01-01,1084,417.01,403.4,-13.61,-0.03263710702381238
4886,2023-01-01,1085,459.02,475.99,16.97,0.03697006666376193
4887,2023-01-01,1086,423.03,419.02,-4.01,-0.009479233151313146
4888,2023-01-01,1087,316.56,337.93,21.37,0.06750694970937579
4889,2023-01-01,1088,737.73,736.83,-0.9,-0.001219958521410272
4890,2023-01-01,1089,321.49,321.41,-0.08,-0.0002488413325453357
4891,2023-01-01,1090,402.81,415.65,12.84,0.03187607060400685
4892,2023-01-01,1091,505.24,528.84,23.6,0.046710474230068876
4893,2023-01-01,1092,467.65,496.99,29.34,0.06273922805516946
4894,2023-01-01,1093,424.7,431.4,6.7,0.015775841770661644
4895,2023-01-01,1094,476.8,498.59,21.79,0.0457005033557047
4896,2023-01-01,1095,510.87,509.55,-1.32,-0.00258382758823184
4897,2023-01-01,1096,566.74,548.81,-17.93,-0.03163708225994283
4898,2023-01-01,1097,453.01,447.83,-5.18,-0.011434626167192777
4899,2023-01-01,1098,408.34,395.52,-12.82,-0.031395405789293236
4900,2023-01-01,1099,583.96,620.96,37.0,0.06336050414411946
4901,2023-01-01,1100,940.48,931.37,-9.11,-0.00968654304185097
4902,2023-01-01,1101,914.07,963.35,49.28,0.05391272003238264
4903,2023-01-01,1102,1166.58,1236.12,69.54,0.059610142467726175
4904,2023-01-01,1103,1168.63,1175.3,6.67,0.005707537886242866
4905,2023-01-01,1104,957.92,1030.65,72.73,0.07592492066143311
4906,2023-01-01,1105,935.05,944.83,9.78,0.010459333725469226
4907,2023-01-01,1106,930.37,984.89,54.52,0.05860034179949913
4908,2023-01-01,1107,915.33,905.11,-10.22,-0.011165372051609801
4909,2023-01-01,1108,1007.02,973.91,-33.11,-0.03287918809954122
4910,2023-01-01,1109,1002.52,1019.14,16.62,0.016578222878346566
4911,2023-01-01,1110,816.9,851.13,34.23,0.041902313624678666
4912,2023-01-01,1111,1212.17,1291.55,79.38,0.0654858641939662
4913,2023-01-01,1112,858.0,890.53,32.53,0.037913752913752916
4914,2023-01-01,1113,949.18,948.08,-1.1,-0.0011588950462504478
4915,2023-01-01,1114,1209.28,1190.2,-19.08,-0.015777983593543266
4916,2023-01-01,1115,935.29,980.02,44.73,0.04782473885105155
4917,2023-01-01,1116,1000.74,1061.92,61.18,0.06113476027739473
4918,2023-01-01,1117,1052.74,1094.15,41.41,0.03933544844880977
4919,2023-01-01,1118,866.16,858.81,-7.35,-0.008485730119146578
4920,2023-01-01,1119,844.27,835.72,-8.55,-0.010127092044014355
4921,2023-01-01,1120,65.92,65.86,-0.06,-0.0009101941747572815
4922,2023-01-01,1121,70.35,74.9,4.55,0.06467661691542288
4923,2023-01-01,1122,50.2,48.65,-1.55,-0.030876494023904383
4924,2023-01-01,1123,61.13,64.75,3.62,0.05921805987240308
4925,2023-01-01,1124,51.49,51.15,-0.34,-0.006603223926976111
4926,2023-01-01,1125,67.36,65.63,-1.73,-0.025682897862232778
4927,2023-01-01,1126,55.5,54.49,-1.01,-0.0181981981981982
4928,2023-01-01,1127,48.18,48.05,-0.13,-0.0026982150269821504
4929,2023-01-01,1128,70.7,70.78,0.08,0.0011315417256011315
4930,2023-01-01,1129,39.96,38.09,-1.87,-0.0467967967967968
4931,2023-01-01,1130,54.28,54.8,0.52,0.009579955784819455
4932,2023-01-01,1131,64.91,64.34,-0.57,-0.008781389616391928
4933,2023-01-01,1132,72.68,71.94,-0.74,-0.010181618051733626
4934,2023-01-01,1133,53.77,52.15,-1.62,-0.03012832434442998
4935,2023-01-01,1134,80.92,80.86,-0.06,-0.0007414730598121601
4936,2023-01-01,1135,57.14,59.55,2.41,0.04217710885544277
4937,2023-01-01,1136,54.34,53.97,-0.37,-0.006808980493191019
4938,2023-01-01,1137,51.36,55.43,4.07,0.07924454828660436
4939,2023-01-01,1138,50.42,50.33,-0.09,-0.0017850059500198333
4940,2023-01-01,1139,59.08,63.05,3.97,0.06719702098849019
4941,2023-01-01,1140,697.67,706.69,9.02,0.012928748548740808
4942,2023-01-01,1141,609.41,594.53,-14.88,-0.024417059122758076
4943,2023-01-01,1142,632.65,660.91,28.26,0.04466924839958903
4944,2023-01-01,1143,647.11,680.95,33.84,0.05229404583455672
4945,2023-01-01,1144,740.29,746.64,6.35,0.008577719542341515
4946,2023-01-01,1145,678.64,695.07,16.43,0.02421018507603442
4947,2023-01-01,1146,530.62,513.15,-17.47,-0.032923749575967734
4948,2023-01-01,1147,777.74,831.69,53.95,0.06936765500038573
4949,2023-01-01,1148,617.28,638.27,20.99,0.034004017625712805
4950,2023-01-01,1149,718.87,694.33,-24.54,-0.03413690931600985
4951,2023-01-01,1150,594.38,619.77,25.39,0.04271678051078435
4952,2023-01-01,1151,537.87,569.55,31.68,0.05889899046237938
4953,2023-01-01,1152,662.17,688.12,25.95,0.039189332044641104
4954,2023-01-01,1153,587.58,575.61,-11.97,-0.02037169406719085
4955,2023-01-01,1154,742.17,776.42,34.25,0.04614845655308083
4956,2023-01-01,1155,576.8,613.46,36.66,0.06355755894590846
4957,2023-01-01,1156,506.06,492.55,-13.51,-0.026696439157412166
4958,2023-01-01,1157,507.92,498.61,-9.31,-0.01832965821389195
4959,2023-01-01,1158,761.34,725.76,-35.58,-0.04673339112617227
4960,2023-01-01,1159,626.78,614.47,-12.31,-0.01964006509461055
4961,2023-01-01,1160,51.52,55.45,3.93,0.07628105590062112
4962,2023-01-01,1161,44.44,47.09,2.65,0.05963096309630963
4963,2023-01-01,1162,49.41,51.92,2.51,0.050799433313094514
4964,2023-01-01,1163,47.9,50.71,2.81,0.05866388308977036
4965,2023-01-01,1164,35.12,36.96,1.84,0.05239179954441914
4966,2023-01-01,1165,43.3,45.04,1.74,0.040184757505773674
4967,2023-01-01,1166,39.98,43.09,3.11,0.07778889444722362
4968,2023-01-01,1167,61.32,62.16,0.84,0.0136986301369863
4969,2023-01-01,1168,48.02,48.28,0.26,0.005414410662224073
4970,2023-01-01,1169,53.45,55.45,2.0,0.037418147801683815
4971,2023-01-01,1170,40.86,41.6,0.74,0.01811062163485071
4972,2023-01-01,1171,32.9,33.52,0.62,0.01884498480243161
4973,2023-01-01,1172,50.54,52.81,2.27,0.044914918876137716
4974,2023-01-01,1173,48.8,52.0,3.2,0.06557377049180328
4975,2023-01-01,1174,44.64,44.72,0.08,0.0017921146953405018
4976,2023-01-01,1175,44.76,45.04,0.28,0.006255585344057194
4977,2023-01-01,1176,42.06,44.0,1.94,0.0461245839277223
4978,2023-01-01,1177,58.85,61.5,2.65,0.045029736618521665
4979,2023-01-01,1178,41.01,42.47,1.46,0.03560107290904657
4980,2023-01-01,1179,48.17,45.97,-2.2,-0.04567157982146564
4981,2023-01-01,1180,81.56,83.9,2.34,0.028690534575772437
4982,2023-01-01,1181,82.27,86.37,4.1,0.049835906162635224
4983,2023-01-01,1182,107.34,115.19,7.85,0.07313210359604994
4984,2023-01-01,1183,124.12,127.72,3.6,0.02900418949403803
4985,2023-01-01,1184,93.64,96.68,3.04,0.03246475865014951
4986,2023-01-01,1185,80.17,83.78,3.61,0.04502931271049021
4987,2023-01-01,1186,86.72,86.15,-0.57,-0.006572878228782288
4988,2023-01-01,1187,124.45,121.4,-3.05,-0.02450783447167537
4989,2023-01-01,1188,89.56,95.26,5.7,0.06364448414470746
4990,2023-01-01,1189,88.95,90.64,1.69,0.018999437886453065
4991,2023-01-01,1190,57.1,57.39,0.29,0.005078809106830122
4992,2023-01-01,1191,70.64,73.81,3.17,0.04487542468856172
4993,2023-01-01,1192,104.66,100.57,-4.09,-0.0390789222243455
4994,2023-01-01,1193,101.0,98.21,-2.79,-0.027623762376237624
4995,2023-01-01,1194,129.98,134.15,4.17,0.032081858747499616
4996,2023-01-01,1195,87.18,86.72,-0.46,-0.005276439550355586
4997,2023-01-01,1196,97.38,100.9,3.52,0.0361470527829123
4998,2023-01-01,1197,101.19,102.15,0.96,0.009487103468722205
4999,2023-01-01,1198,118.92,118.14,-0.78,-0.006559031281533804
5000,2023-01-01,1199,111.87,114.0,2.13,0.01903995709305444
5001,2023-02-01,1000,772.32,774.26,1.94,0.002511912160762378
5002,2023-02-01,1001,752.32,793.86,41.54,0.05521586558911102
5003,2023-02-01,1002,781.17,785.99,4.82,0.00617023183173957
5004,2023-02-01,1003,768.34,752.65,-15.69,-0.02042064710935263
5005,2023-02-01,1004,800.61,823.69,23.08,0.02882801863579021
5006,2023-02-01,1005,864.84,912.27,47.43,0.05484251422228389
5007,2023-02-01,1006,764.06,754.22,-9.84,-0.01287856974583148
5008,2023-02-01,1007,1042.17,992.3,-49.87,-0.04785207787597033
5009,2023-02-01,1008,714.91,755.15,40.24,0.05628680533213971
5010,2023-02-01,1009,583.54,577.0,-6.54,-0.011207457929190801
5011,2023-02-01,1010,580.88,589.0,8.12,0.013978790800165267
5012,2023-02-01,1011,706.41,681.82,-24.59,-0.03480981299811724
5013,2023-02-01,1012,785.58,800.39,14.81,0.01885231294075715
5014,2023-02-01,1013,559.56,599.04,39.48,0.07055543641432555
5015,2023-02-01,1014,597.66,607.4,9.74,0.016296891209048623
5016,2023-02-01,1015,562.19,534.22,-27.97,-0.049751863249079493
5017,2023-02-01,1016,755.06,764.64,9.58,0.012687733425158266
5018,2023-02-01,1017,820.55,788.82,-31.73,-0.03866918530254098
5019,2023-02-01,1018,581.09,593.78,12.69,0.02183826945911993
5020,2023-02-01,1019,637.99,631.89,-6.1,-0.009561278389943416
5021,2023-02-01,1020,560.28,596.33,36.05,0.06434282858570714
5022,2023-02-01,1021,399.31,424.67,25.36,0.06350955398061657
5023,2023-02-01,1022,505.93,487.26,-18.67,-0.036902338268139864
5024,2023-02-01,1023,457.96,465.56,7.6,0.01659533583719102
5025,2023-02-01,1024,441.01,472.97,31.96,0.07247001201786808
5026,2023-02-01,1025,420.61,452.02,31.41,0.07467725446375502
5027,2023-02-01,1026,423.25,450.47,27.22,0.06431187241582989
5028,2023-02-01,1027,623.0,657.07,34.07,0.054686998394863566
5029,2023-02-01,1028,494.15,508.32,14.17,0.02867550338965901
5030,2023-02-01,1029,512.78,525.45,12.67,0.02470845196770545
5031,2023-02-01,1030,401.75,404.84,3.09,0.007691350342252644
5032,2023-02-01,1031,558.81,532.18,-26.63,-0.0476548379592348
5033,2023-02-01,1032,468.03,495.21,27.18,0.0580732004358695
5034,2023-02-01,1033,538.09,545.14,7.05,0.013101897452099092
5035,2023-02-01,1034,508.17,507.16,-1.01,-0.0019875238601255486
5036,2023-02-01,1035,550.25,529.88,-20.37,-0.03701953657428442
5037,2023-02-01,1036,445.32,452.6,7.28,0.01634779484415701
5038,2023-02-01,1037,577.39,608.58,31.19,0.05401894733195933
5039,2023-02-01,1038,387.95,413.11,25.16,0.06485371826266272
5040,2023-02-01,1039,651.47,653.9,2.43,0.0037300259413326786
5041,2023-02-01,1040,267.25,260.68,-6.57,-0.02458372310570627
5042,2023-02-01,1041,275.67,287.61,11.94,0.043312656437044295
5043,2023-02-01,1042,336.54,333.77,-2.77,-0.008230819516253639
5044,2023-02-01,1043,363.04,347.39,-15.65,-0.043108197443807846
5045,2023-02-01,1044,290.19,276.95,-13.24,-0.04562527998897274
5046,2023-02-01,1045,304.9,318.55,13.65,0.044768776648081335
5047,2023-02-01,1046,360.86,373.85,12.99,0.03599733968852187
5048,2023-02-01,1047,279.93,299.61,19.68,0.07030329010824135
5049,2023-02-01,1048,317.06,329.5,12.44,0.03923547593515423
5050,2023-02-01,1049,419.14,415.13,-4.01,-0.009567209047096436
5051,2023-02-01,1050,317.11,335.97,18.86,0.05947463025448582
5052,2023-02-01,1051,302.82,314.46,11.64,0.03843867644145037
5053,2023-02-01,1052,305.37,311.28,5.91,0.01935357107770901
5054,2023-02-01,1053,396.85,415.95,19.1,0.04812901600100794
5055,2023-02-01,1054,341.23,332.27,-8.96,-0.02625794918383495
5056,2023-02-01,1055,308.59,323.26,14.67,0.04753880553485207
5057,2023-02-01,1056,301.32,293.78,-7.54,-0.02502323111642108
5058,2023-02-01,1057,303.63,305.22,1.59,0.005236636695978659
5059,2023-02-01,1058,277.57,293.04,15.47,0.05573368879922182
5060,2023-02-01,1059,314.69,299.43,-15.26,-0.04849216689440402
5061,2023-02-01,1060,75.68,76.73,1.05,0.013874207188160676
5062,2023-02-01,1061,151.84,149.43,-2.41,-0.015871970495258167
5063,2023-02-01,1062,116.17,119.32,3.15,0.027115434277352156
5064,2023-02-01,1063,92.65,99.29,6.64,0.07166756610901241
5065,2023-02-01,1064,91.62,91.84,0.22,0.0024012224405151714
5066,2023-02-01,1065,90.69,95.59,4.9,0.054030212812879036
5067,2023-02-01,1066,96.1,98.58,2.48,0.025806451612903226
5068,2023-02-01,1067,99.7,101.49,1.79,0.017953861584754264
5069,2023-02-01,1068,118.0,113.7,-4.3,-0.036440677966101696
5070,2023-02-01,1069,108.21,116.64,8.43,0.07790407540892709
5071,2023-02-01,1070,133.18,137.03,3.85,0.028908244481153325
5072,2023-02-01,1071,97.01,96.62,-0.39,-0.004020204102669828
5073,2023-02-01,1072,132.14,139.95,7.81,0.05910398062660814
5074,2023-02-01,1073,92.53,93.68,1.15,0.01242840159948125
5075,2023-02-01,1074,96.97,102.35,5.38,0.05548107662163556
5076,2023-02-01,1075,159.6,156.24,-3.36,-0.021052631578947368
5077,2023-02-01,1076,112.56,113.56,1.0,0.008884150675195452
5078,2023-02-01,1077,159.36,154.15,-5.21,-0.032693273092369475
5079,2023-02-01,1078,110.56,115.73,5.17,0.046761939218523875
5080,2023-02-01,1079,95.91,94.26,-1.65,-0.017203628401626526
5081,2023-02-01,1080,580.51,580.77,0.26,0.0004478820347625363
5082,2023-02-01,1081,504.77,480.77,-24.0,-0.047546407274600314
5083,2023-02-01,1082,567.21,595.87,28.66,0.05052802313076286
5084,2023-02-01,1083,608.41,597.56,-10.85,-0.017833368945283607
5085,2023-02-01,1084,435.9,431.53,-4.37,-0.010025235145675614
5086,2023-02-01,1085,489.71,525.08,35.37,0.07222641971779216
5087,2023-02-01,1086,428.47,460.92,32.45,0.07573459051975634
5088,2023-02-01,1087,318.81,334.65,15.84,0.04968476522066435
5089,2023-02-01,1088,714.17,685.88,-28.29,-0.03961241721158828
5090,2023-02-01,1089,336.33,342.82,6.49,0.019296524247019296
5091,2023-02-01,1090,420.11,399.77,-20.34,-0.04841589107614672
5092,2023-02-01,1091,483.27,484.16,0.89,0.0018416206261510127
5093,2023-02-01,1092,476.52,502.11,25.59,0.05370183832787711
5094,2023-02-01,1093,423.99,405.93,-18.06,-0.04259534422981674
5095,2023-02-01,1094,476.22,474.05,-2.17,-0.004556717483516022
5096,2023-02-01,1095,508.8,526.68,17.88,0.03514150943396226
5097,2023-02-01,1096,566.37,587.8,21.43,0.037837456079947734
5098,2023-02-01,1097,431.06,447.6,16.54,0.038370528464714886
5099,2023-02-01,1098,393.88,419.78,25.9,0.06575606783792018
5100,2023-02-01,1099,576.95,575.33,-1.62,-0.0028078689661149145
5101,2023-02-01,1100,886.59,880.69,-5.9,-0.006654710745665979
5102,2023-02-01,1101,874.19,872.15,-2.04,-0.002333588807925051
5103,2023-02-01,1102,1155.81,1134.69,-21.12,-0.018272899525008435
5104,2023-02-01,1103,1150.44,1120.68,-29.76,-0.02586836340878273
5105,2023-02-01,1104,917.15,929.73,12.58,0.013716404077849862
5106,2023-02-01,1105,985.91,976.94,-8.97,-0.009098193547078333
5107,2023-02-01,1106,984.95,988.55,3.6,0.003655007868419717
5108,2023-02-01,1107,901.96,915.06,13.1,0.014523925672978846
5109,2023-02-01,1108,1006.87,991.55,-15.32,-0.015215469723002969
5110,2023-02-01,1109,995.67,1049.57,53.9,0.054134401960488916
5111,2023-02-01,1110,805.93,774.72,-31.21,-0.038725447619520306
5112,2023-02-01,1111,1249.47,1324.35,74.88,0.059929410069869626
5113,2023-02-01,1112,828.45,868.96,40.51,0.04889854547649224
5114,2023-02-01,1113,960.65,945.38,-15.27,-0.015895487430385675
5115,2023-02-01,1114,1199.11,1157.46,-41.65,-0.03473409445338626
5116,2023-02-01,1115,973.37,938.17,-35.2,-0.036163021256048575
5117,2023-02-01,1116,996.04,957.46,-38.58,-0.038733384201437696
5118,2023-02-01,1117,1015.96,992.86,-23.1,-0.0227371156344738
5119,2023-02-01,1118,848.66,912.31,63.65,0.07500058916409398
5120,2023-02-01,1119,807.75,787.88,-19.87,-0.024599195295574125
5121,2023-02-01,1120,65.88,67.31,1.43,0.021706132361870068
5122,2023-02-01,1121,73.61,77.33,3.72,0.05053661187338677
5123,2023-02-01,1122,49.53,47.4,-2.13,-0.04300423985463356
5124,2023-02-01,1123,59.83,58.15,-1.68,-0.028079558749791074
5125,2023-02-01,1124,53.0,55.79,2.79,0.052641509433962265
5126,2023-02-01,1125,65.36,62.5,-2.86,-0.04375764993880049
5127,2023-02-01,1126,55.89,59.1,3.21,0.05743424584004294
5128,2023-02-01,1127,47.3,47.34,0.04,0.0008456659619450317
5129,2023-02-01,1128,71.77,69.06,-2.71,-0.03775950954437787
5130,2023-02-01,1129,42.06,40.14,-1.92,-0.0456490727532097
5131,2023-02-01,1130,54.18,52.73,-1.45,-0.02676264304171281
5132,2023-02-01,1131,64.22,65.14,0.92,0.014325755216443475
5133,2023-02-01,1132,71.89,71.36,-0.53,-0.007372374460982056
5134,2023-02-01,1133,57.11,54.78,-2.33,-0.04079845911399054
5135,2023-02-01,1134,79.11,77.43,-1.68,-0.02123625331816458
5136,2023-02-01,1135,58.22,58.37,0.15,0.002576434215046376
5137,2023-02-01,1136,54.51,55.33,0.82,0.015043111355714548
5138,2023-02-01,1137,52.71,52.19,-0.52,-0.009865300701954089
5139,2023-02-01,1138,51.47,51.13,-0.34,-0.006605789780454634
5140,2023-02-01,1139,59.07,63.54,4.47,0.07567293042153378
5141,2023-02-01,1140,744.92,734.81,-10.11,-0.013571927186812006
5142,2023-02-01,1141,627.62,673.17,45.55,0.07257576240400242
5143,2023-02-01,1142,640.78,675.88,35.1,0.05477699054277599
5144,2023-02-01,1143,633.01,640.87,7.86,0.012416865452362522
5145,2023-02-01,1144,678.44,707.4,28.96,0.04268616237250162
5146,2023-02-01,1145,700.94,747.41,46.47,0.06629668730561818
5147,2023-02-01,1146,541.13,516.13,-25.0,-0.046199619315136844
5148,2023-02-01,1147,741.68,725.95,-15.73,-0.02120860748570812
5149,2023-02-01,1148,622.99,609.95,-13.04,-0.020931315109391804
5150,2023-02-01,1149,696.54,734.12,37.58,0.053952393258104345
5151,2023-02-01,1150,554.75,556.09,1.34,0.0024155024785939613
5152,2023-02-01,1151,519.03,543.18,24.15,0.0465291023640252
5153,2023-02-01,1152,659.39,688.17,28.78,0.043646400461032166
5154,2023-02-01,1153,605.5,635.87,30.37,0.050156895127993394
5155,2023-02-01,1154,775.17,831.2,56.03,0.07228091902421405
5156,2023-02-01,1155,585.01,603.48,18.47,0.031572109878463615
5157,2023-02-01,1156,490.51,493.18,2.67,0.005443314101649304
5158,2023-02-01,1157,517.53,538.82,21.29,0.04113771182346917
5159,2023-02-01,1158,751.97,733.3,-18.67,-0.024828118143011023
5160,2023-02-01,1159,630.69,612.3,-18.39,-0.02915854064595919
5161,2023-02-01,1160,50.85,48.92,-1.93,-0.03795476892822026
5162,2023-02-01,1161,43.87,44.14,0.27,0.006154547526783679
5163,2023-02-01,1162,46.36,45.73,-0.63,-0.013589301121656601
5164,2023-02-01,1163,46.62,44.59,-2.03,-0.04354354354354354
5165,2023-02-01,1164,32.78,31.42,-1.36,-0.04148871262965223
5166,2023-02-01,1165,42.92,42.09,-0.83,-0.01933830382106244
5167,2023-02-01,1166,39.69,42.61,2.92,0.07357016880826404
5168,2023-02-01,1167,60.43,59.91,-0.52,-0.008604997517789177
5169,2023-02-01,1168,46.43,48.26,1.83,0.03941417187163472
5170,2023-02-01,1169,54.16,52.97,-1.19,-0.021971935007385524
5171,2023-02-01,1170,38.99,39.04,0.05,0.0012823800974608873
5172,2023-02-01,1171,34.37,36.59,2.22,0.06459121326738435
5173,2023-02-01,1172,51.69,49.72,-1.97,-0.03811182046817566
5174,2023-02-01,1173,50.28,51.65,1.37,0.02724741447891806
5175,2023-02-01,1174,48.33,51.26,2.93,0.0606248706807366
5176,2023-02-01,1175,46.47,44.35,-2.12,-0.04562083064342587
5177,2023-02-01,1176,43.6,44.71,1.11,0.025458715596330277
5178,2023-02-01,1177,58.52,60.97,2.45,0.041866028708133975
5179,2023-02-01,1178,39.84,41.6,1.76,0.04417670682730924
5180,2023-02-01,1179,44.26,47.49,3.23,0.07297785811116132
5181,2023-02-01,1180,78.34,75.24,-3.1,-0.03957110033188665
5182,2023-02-01,1181,85.94,89.0,3.06,0.03560623690947173
5183,2023-02-01,1182,107.24,108.36,1.12,0.010443864229765013
5184,2023-02-01,1183,121.06,116.71,-4.35,-0.03593259540723608
5185,2023-02-01,1184,94.31,101.44,7.13,0.07560173894602905
5186,2023-02-01,1185,81.33,86.28,4.95,0.06086315012910365
5187,2023-02-01,1186,83.43,80.66,-2.77,-0.033201486275919935
5188,2023-02-01,1187,120.57,118.19,-2.38,-0.019739570374056565
5189,2023-02-01,1188,93.93,94.17,0.24,0.0025550942190993293
5190,2023-02-01,1189,89.05,87.23,-1.82,-0.020437956204379562
5191,2023-02-01,1190,56.13,58.45,2.32,0.04133262070194192
5192,2023-02-01,1191,72.9,71.99,-0.91,-0.012482853223593965
5193,2023-02-01,1192,110.29,114.35,4.06,0.03681204098286336
5194,2023-02-01,1193,102.41,105.92,3.51,0.034273996680011715
5195,2023-02-01,1194,128.13,131.7,3.57,0.027862327323811754
5196,2023-02-01,1195,83.54,86.7,3.16,0.03782619104620541
5197,2023-02-01,1196,101.25,107.86,6.61,0.06528395061728395
5198,2023-02-01,1197,98.91,96.06,-2.85,-0.02881407340006066
5199,2023-02-01,1198,115.96,122.72,6.76,0.05829596412556054
5200,2023-02-01,1199,107.94,104.01,-3.93,-0.03640911617565314
5201,2023-03-01,1000,743.02,715.02,-28.0,-0.03768404618987376
5202,2023-03-01,1001,721.03,772.77,51.74,0.07175845665228908
5203,2023-03-01,1002,760.95,812.23,51.28,0.06738944740127473
5204,2023-03-01,1003,816.23,862.65,46.42,0.0568712250223589
5205,2023-03-01,1004,800.62,771.11,-29.51,-0.03685893432589743
5206,2023-03-01,1005,876.34,860.37,-15.97,-0.018223520551384167
5207,2023-03-01,1006,714.56,681.19,-33.37,-0.04670006717420511
5208,2023-03-01,1007,1014.64,1019.27,4.63,0.004563194827722147
5209,2023-03-01,1008,688.66,664.2,-24.46,-0.03551825283884646
5210,2023-03-01,1009,602.79,574.68,-28.11,-0.04663315582541183
5211,2023-03-01,1010,561.97,544.14,-17.83,-0.03172767229567414
5212,2023-03-01,1011,709.81,727.55,17.74,0.024992603654499092
5213,2023-03-01,1012,774.26,788.75,14.49,0.018714643659752537
5214,2023-03-01,1013,536.33,523.34,-12.99,-0.02422016295937203
5215,2023-03-01,1014,602.43,600.55,-1.88,-0.003120694520525206
5216,2023-03-01,1015,552.05,555.69,3.64,0.006593605651661987
5217,2023-03-01,1016,711.94,744.43,32.49,0.045635868191139704
5218,2023-03-01,1017,796.37,843.89,47.52,0.05967075605560229
5219,2023-03-01,1018,605.2,615.92,10.72,0.01771315267680106
5220,2023-03-01,1019,658.72,659.68,0.96,0.0014573718727228565
5221,2023-03-01,1020,533.33,518.89,-14.44,-0.027075169219807623
5222,2023-03-01,1021,406.36,390.28,-16.08,-0.03957082389999016
5223,2023-03-01,1022,530.85,534.18,3.33,0.006272958462842611
5224,2023-03-01,1023,465.26,495.24,29.98,0.06443708893951769
5225,2023-03-01,1024,443.47,459.53,16.06,0.036214400072158204
5226,2023-03-01,1025,426.34,420.44,-5.9,-0.013838720270206877
5227,2023-03-01,1026,415.89,415.68,-0.21,-0.0005049412104162158
5228,2023-03-01,1027,642.3,665.39,23.09,0.035948933520161916
5229,2023-03-01,1028,494.56,486.58,-7.98,-0.016135554836622452
5230,2023-03-01,1029,512.85,550.48,37.63,0.07337428097884371
5231,2023-03-01,1030,400.43,429.45,29.02,0.0724720925005619
5232,2023-03-01,1031,547.94,539.92,-8.02,-0.014636639048070957
5233,2023-03-01,1032,467.32,452.48,-14.84,-0.03175554224086279
5234,2023-03-01,1033,558.52,591.56,33.04,0.05915634176036668
5235,2023-03-01,1034,505.55,541.46,35.91,0.07103154979725051
5236,2023-03-01,1035,549.59,569.74,20.15,0.036663694754271364
5237,2023-03-01,1036,445.73,470.22,24.49,0.05494357570726673
5238,2023-03-01,1037,596.11,607.41,11.3,0.018956232910033382
5239,2023-03-01,1038,397.28,389.38,-7.9,-0.019885219492549334
5240,2023-03-01,1039,656.34,637.82,-18.52,-0.02821708260962306
5241,2023-03-01,1040,275.57,289.09,13.52,0.04906194433356316
5242,2023-03-01,1041,259.97,271.71,11.74,0.0451590568142478
5243,2023-03-01,1042,347.86,331.15,-16.71,-0.04803656643477261
5244,2023-03-01,1043,354.65,354.91,0.26,0.0007331171577611729
5245,2023-03-01,1044,301.6,300.17,-1.43,-0.0047413793103448275
5246,2023-03-01,1045,302.1,302.58,0.48,0.0015888778550148957
5247,2023-03-01,1046,363.88,351.47,-12.41,-0.034104649884577336
5248,2023-03-01,1047,275.06,284.63,9.57,0.034792408928960954
5249,2023-03-01,1048,324.23,338.69,14.46,0.04459797057644265
5250,2023-03-01,1049,413.82,423.62,9.8,0.023681794016722248
5251,2023-03-01,1050,322.95,308.22,-14.73,-0.045610775661867164
5252,2023-03-01,1051,308.54,307.32,-1.22,-0.003954106436766708
5253,2023-03-01,1052,298.22,317.14,18.92,0.06344309570116022
5254,2023-03-01,1053,395.73,389.24,-6.49,-0.016400070755312964
5255,2023-03-01,1054,360.09,346.3,-13.79,-0.03829598156016551
5256,2023-03-01,1055,307.98,314.04,6.06,0.01967660237677771
5257,2023-03-01,1056,296.79,319.51,22.72,0.07655244448936958
5258,2023-03-01,1057,308.58,323.06,14.48,0.04692462246419081
5259,2023-03-01,1058,290.51,286.31,-4.2,-0.014457333654607414
5260,2023-03-01,1059,291.42,302.71,11.29,0.03874133552947636
5261,2023-03-01,1060,73.56,71.77,-1.79,-0.024333877107123435
5262,2023-03-01,1061,155.82,161.39,5.57,0.035746374021306634
5263,2023-03-01,1062,122.09,117.83,-4.26,-0.03489229257105414
5264,2023-03-01,1063,96.09,97.26,1.17,0.012176084920387137
5265,2023-03-01,1064,86.66,89.48,2.82,0.03254096468959151
5266,2023-03-01,1065,88.39,84.64,-3.75,-0.042425613757212356
5267,2023-03-01,1066,100.92,97.13,-3.79,-0.03755449861276258
5268,2023-03-01,1067,97.71,97.9,0.19,0.0019445297308361476
5269,2023-03-01,1068,121.02,123.65,2.63,0.021731945133035863
5270,2023-03-01,1069,115.08,111.72,-3.36,-0.029197080291970802
5271,2023-03-01,1070,131.26,140.51,9.25,0.07047082127076032
5272,2023-03-01,1071,100.95,106.2,5.25,0.05200594353640416
5273,2023-03-01,1072,130.43,130.3,-0.13,-0.0009967032124511231
5274,2023-03-01,1073,88.2,88.68,0.48,0.005442176870748299
5275,2023-03-01,1074,100.0,106.8,6.8,0.068
5276,2023-03-01,1075,165.3,175.85,10.55,0.06382335148215366
5277,2023-03-01,1076,116.49,115.46,-1.03,-0.008841960683320457
5278,2023-03-01,1077,158.13,158.43,0.3,0.0018971732119142477
5279,2023-03-01,1078,113.56,117.9,4.34,0.03821768228249384
5280,2023-03-01,1079,94.42,97.37,2.95,0.03124338063969498
5281,2023-03-01,1080,613.7,637.31,23.61,0.038471565911683235
5282,2023-03-01,1081,528.6,512.71,-15.89,-0.03006053726825577
5283,2023-03-01,1082,572.36,616.5,44.14,0.07711929554825635
5284,2023-03-01,1083,603.33,638.7,35.37,0.05862463328526677
5285,2023-03-01,1084,415.52,398.65,-16.87,-0.040599730458221024
5286,2023-03-01,1085,487.02,505.92,18.9,0.03880744117284711
5287,2023-03-01,1086,422.54,403.47,-19.07,-0.045131821839352486
5288,2023-03-01,1087,325.96,320.27,-5.69,-0.017456129586452325
5289,2023-03-01,1088,729.79,720.9,-8.89,-0.012181586483783006
5290,2023-03-01,1089,339.22,348.69,9.47,0.02791698602676729
5291,2023-03-01,1090,416.06,408.36,-7.7,-0.018506946113541315
5292,2023-03-01,1091,488.28,517.41,29.13,0.05965839272548538
5293,2023-03-01,1092,444.89,472.83,27.94,0.06280204095394368
5294,2023-03-01,1093,421.01,412.05,-8.96,-0.02128215481817534
5295,2023-03-01,1094,458.69,462.7,4.01,0.008742287819660337
5296,2023-03-01,1095,504.12,532.17,28.05,0.05564151392525589
5297,2023-03-01,1096,544.15,584.03,39.88,0.0732886152715244
5298,2023-03-01,1097,446.68,469.69,23.01,0.05151338766006985
5299,2023-03-01,1098,381.72,390.93,9.21,0.024127632819867965
5300,2023-03-01,1099,572.49,599.5,27.01,0.047179863403727575
5301,2023-03-01,1100,871.35,867.52,-3.83,-0.0043954782808285995
5302,2023-03-01,1101,868.95,927.17,58.22,0.06700040278497037
5303,2023-03-01,1102,1139.39,1105.66,-33.73,-0.02960355979954186
5304,2023-03-01,1103,1198.61,1269.96,71.35,0.0595272857726867
5305,2023-03-01,1104,955.38,975.21,19.83,0.0207561389185455
5306,2023-03-01,1105,927.45,911.64,-15.81,-0.017046741064208313
5307,2023-03-01,1106,960.22,957.73,-2.49,-0.002593155735144029
5308,2023-03-01,1107,923.37,882.04,-41.33,-0.04475995538083325
5309,2023-03-01,1108,1042.65,998.9,-43.75,-0.04196038939241356
5310,2023-03-01,1109,1029.23,977.95,-51.28,-0.0498236545767224
5311,2023-03-01,1110,814.22,794.99,-19.23,-0.02361769546314264
5312,2023-03-01,1111,1198.97,1285.58,86.61,0.07223700342794231
5313,2023-03-01,1112,959.22,980.75,21.53,0.02244532015596005
5314,2023-03-01,1113,966.37,1013.29,46.92,0.048552831731117484
5315,2023-03-01,1114,1259.07,1245.33,-13.74,-0.010912816602730586
5316,2023-03-01,1115,983.17,1031.92,48.75,0.049584507257137624
5317,2023-03-01,1116,991.69,1031.65,39.96,0.040294850205205256
5318,2023-03-01,1117,1071.25,1115.18,43.93,0.041008168028004666
5319,2023-03-01,1118,870.08,925.97,55.89,0.06423547260022067
5320,2023-03-01,1119,791.54,803.01,11.47,0.014490739570962932
5321,2023-03-01,1120,66.54,66.06,-0.48,-0.007213706041478809
5322,2023-03-01,1121,71.74,72.29,0.55,0.007666573738500139
5323,2023-03-01,1122,49.11,51.62,2.51,0.05110975361433517
5324,2023-03-01,1123,58.83,58.68,-0.15,-0.0025497195308516064
5325,2023-03-01,1124,51.86,50.29,-1.57,-0.0302738141149248
5326,2023-03-01,1125,61.97,61.01,-0.96,-0.015491366790382443
5327,2023-03-01,1126,56.48,59.77,3.29,0.05825070821529745
5328,2023-03-01,1127,47.56,47.1,-0.46,-0.009671993271656855
5329,2023-03-01,1128,71.76,72.35,0.59,0.00822185061315496
5330,2023-03-01,1129,39.19,41.57,2.38,0.06072977800459301
5331,2023-03-01,1130,55.28,58.38,3.1,0.05607814761215629
5332,2023-03-01,1131,62.31,62.96,0.65,0.010431712405713368
5333,2023-03-01,1132,75.92,80.87,4.95,0.06520021074815595
5334,2023-03-01,1133,55.1,53.45,-1.65,-0.029945553539019964
5335,2023-03-01,1134,77.78,74.92,-2.86,-0.03677037798920031
5336,2023-03-01,1135,56.03,56.88,0.85,0.015170444404783151
5337,2023-03-01,1136,56.51,54.81,-1.7,-0.030083171120155724
5338,2023-03-01,1137,51.34,52.81,1.47,0.028632645111024542
5339,2023-03-01,1138,50.88,49.0,-1.88,-0.036949685534591194
5340,2023-03-01,1139,59.3,62.61,3.31,0.05581787521079258
5341,2023-03-01,1140,727.65,724.37,-3.28,-0.004507661650518793
5342,2023-03-01,1141,628.42,634.65,6.23,0.009913751949333248
5343,2023-03-01,1142,628.53,639.26,10.73,0.017071579717754123
5344,2023-03-01,1143,643.11,624.91,-18.2,-0.028299979785728725
5345,2023-03-01,1144,704.11,695.49,-8.62,-0.01224240530598912
5346,2023-03-01,1145,701.9,739.81,37.91,0.05401054281236643
5347,2023-03-01,1146,513.59,526.86,13.27,0.02583773048540665
5348,2023-03-01,1147,748.5,721.03,-27.47,-0.0367000668002672
5349,2023-03-01,1148,627.5,653.16,25.66,0.040892430278884465
5350,2023-03-01,1149,685.05,672.45,-12.6,-0.01839281804247865
5351,2023-03-01,1150,581.66,596.08,14.42,0.024791115084413576
5352,2023-03-01,1151,539.11,514.16,-24.95,-0.04627997996698262
5353,2023-03-01,1152,714.09,712.3,-1.79,-0.0025066868321920207
5354,2023-03-01,1153,595.33,594.76,-0.57,-0.0009574521693850469
5355,2023-03-01,1154,765.65,747.89,-17.76,-0.023195977274211455
5356,2023-03-01,1155,578.17,603.89,25.72,0.0444851860179532
5357,2023-03-01,1156,511.98,516.68,4.7,0.009180046095550608
5358,2023-03-01,1157,529.13,535.85,6.72,0.01270009260484191
5359,2023-03-01,1158,754.37,726.27,-28.1,-0.037249625515330675
5360,2023-03-01,1159,582.18,627.09,44.91,0.07714109038441719
5361,2023-03-01,1160,48.78,52.21,3.43,0.07031570315703158
5362,2023-03-01,1161,43.79,46.79,3.0,0.06850879196163508
5363,2023-03-01,1162,48.14,50.97,2.83,0.05878687162442875
5364,2023-03-01,1163,47.72,48.96,1.24,0.025984911986588432
5365,2023-03-01,1164,33.61,35.23,1.62,0.048199940493900625
5366,2023-03-01,1165,43.0,44.71,1.71,0.039767441860465116
5367,2023-03-01,1166,40.89,42.13,1.24,0.03032526290046466
5368,2023-03-01,1167,62.39,67.04,4.65,0.07453117486776727
5369,2023-03-01,1168,48.69,50.62,1.93,0.03963852947217088
5370,2023-03-01,1169,59.4,59.36,-0.04,-0.0006734006734006734
5371,2023-03-01,1170,41.2,44.11,2.91,0.07063106796116504
5372,2023-03-01,1171,34.0,36.5,2.5,0.07352941176470588
5373,2023-03-01,1172,50.04,52.51,2.47,0.04936051159072742
5374,2023-03-01,1173,53.22,51.11,-2.11,-0.039646749342352496
5375,2023-03-01,1174,47.6,51.08,3.48,0.073109243697479
5376,2023-03-01,1175,44.49,44.36,-0.13,-0.0029220049449314453
5377,2023-03-01,1176,44.81,44.31,-0.5,-0.01115822361080116
5378,2023-03-01,1177,59.84,61.89,2.05,0.03425802139037433
5379,2023-03-01,1178,39.8,37.84,-1.96,-0.04924623115577889
5380,2023-03-01,1179,44.28,43.68,-0.6,-0.013550135501355013
5381,2023-03-01,1180,79.13,80.53,1.4,0.017692404903323643
5382,2023-03-01,1181,81.41,83.5,2.09,0.025672521803218277
5383,2023-03-01,1182,110.47,111.23,0.76,0.006879695845025798
5384,2023-03-01,1183,119.94,129.14,9.2,0.07670501917625479
5385,2023-03-01,1184,94.12,95.58,1.46,0.01551211219719507
5386,2023-03-01,1185,84.07,82.3,-1.77,-0.021053883668371597
5387,2023-03-01,1186,83.23,86.34,3.11,0.03736633425447555
5388,2023-03-01,1187,126.44,133.05,6.61,0.05227776020246758
5389,2023-03-01,1188,90.52,88.27,-2.25,-0.024856385329209016
5390,2023-03-01,1189,91.05,88.8,-2.25,-0.02471169686985173
5391,2023-03-01,1190,57.66,55.83,-1.83,-0.03173777315296566
5392,2023-03-01,1191,71.54,69.09,-2.45,-0.03424657534246575
5393,2023-03-01,1192,103.69,105.63,1.94,0.018709615199151316
5394,2023-03-01,1193,101.24,106.38,5.14,0.05077044646384828
5395,2023-03-01,1194,128.9,134.08,5.18,0.040186190845616754
5396,2023-03-01,1195,83.38,83.25,-0.13,-0.0015591268889421923
5397,2023-03-01,1196,103.72,103.16,-0.56,-0.005399151561897416
5398,2023-03-01,1197,94.57,91.62,-2.95,-0.03119382468013112
5399,2023-03-01,1198,120.89,125.67,4.78,0.039540077756638266
5400,2023-03-01,1199,110.69,115.22,4.53,0.04092510615231728
5401,2023-04-01,1000,755.16,718.11,-37.05,-0.04906245034164945
5402,2023-04-01,1001,728.45,778.5,50.05,0.06870752968632027
5403,2023-04-01,1002,760.75,739.02,-21.73,-0.028563917186986528
5404,2023-04-01,1003,793.21,818.34,25.13,0.03168139584725357
5405,2023-04-01,1004,809.46,800.89,-8.57,-0.010587305116991574
5406,2023-04-01,1005,899.92,927.97,28.05,0.03116943728331407
5407,2023-04-01,1006,768.23,811.7,43.47,0.05658461658617862
5408,2023-04-01,1007,1021.29,1081.49,60.2,0.05894505967942504
5409,2023-04-01,1008,700.85,713.61,12.76,0.018206463579938645
5410,2023-04-01,1009,583.81,566.82,-16.99,-0.02910193384834107
5411,2023-04-01,1010,569.46,582.17,12.71,0.02231939029958206
5412,2023-04-01,1011,695.92,735.42,39.5,0.056759397631911714
5413,2023-04-01,1012,789.61,752.37,-37.24,-0.047162523270981874
5414,2023-04-01,1013,574.13,615.05,40.92,0.07127305662480622
5415,2023-04-01,1014,596.0,638.46,42.46,0.07124161073825504
5416,2023-04-01,1015,552.49,576.45,23.96,0.043367300765624714
5417,2023-04-01,1016,788.35,773.54,-14.81,-0.01878607217606393
5418,2023-04-01,1017,815.67,857.24,41.57,0.050964237988402175
5419,2023-04-01,1018,591.09,579.84,-11.25,-0.019032634624168907
5420,2023-04-01,1019,649.33,647.07,-2.26,-0.0034805106802396316
5421,2023-04-01,1020,572.19,567.87,-4.32,-0.007549939705342631
5422,2023-04-01,1021,423.03,406.2,-16.83,-0.03978441245301752
5423,2023-04-01,1022,531.8,561.86,30.06,0.05652500940203084
5424,2023-04-01,1023,461.81,448.9,-12.91,-0.027955219679088802
5425,2023-04-01,1024,419.44,422.13,2.69,0.0064133129887469
5426,2023-04-01,1025,413.33,417.67,4.34,0.010500084678102243
5427,2023-04-01,1026,422.82,440.92,18.1,0.04280781419989594
5428,2023-04-01,1027,609.2,646.68,37.48,0.061523309258043335
5429,2023-04-01,1028,497.98,536.76,38.78,0.07787461343829069
5430,2023-04-01,1029,506.72,523.04,16.32,0.032207136090937796
5431,2023-04-01,1030,421.92,417.24,-4.68,-0.011092150170648464
5432,2023-04-01,1031,548.89,577.35,28.46,0.05185009746943832
5433,2023-04-01,1032,467.87,479.71,11.84,0.025306174792143116
5434,2023-04-01,1033,581.03,607.5,26.47,0.04555702803641808
5435,2023-04-01,1034,482.41,459.5,-22.91,-0.047490723658298956
5436,2023-04-01,1035,550.75,568.31,17.56,0.03188379482523831
5437,2023-04-01,1036,477.69,460.34,-17.35,-0.03632062634763131
5438,2023-04-01,1037,606.28,625.68,19.4,0.0319984165732005
5439,2023-04-01,1038,387.2,380.4,-6.8,-0.01756198347107438
5440,2023-04-01,1039,667.64,641.57,-26.07,-0.03904798993469535
5441,2023-04-01,1040,274.93,292.69,17.76,0.06459826137562288
5442,2023-04-01,1041,246.11,251.76,5.65,0.022957214253788955
5443,2023-04-01,1042,346.58,357.74,11.16,0.03220035778175313
5444,2023-04-01,1043,362.84,352.9,-9.94,-0.027394995039135707
5445,2023-04-01,1044,285.62,273.86,-11.76,-0.04117358728380365
5446,2023-04-01,1045,288.13,286.11,-2.02,-0.007010724325825148
5447,2023-04-01,1046,361.09,346.8,-14.29,-0.03957462128555208
5448,2023-04-01,1047,291.49,314.25,22.76,0.07808158084325363
5449,2023-04-01,1048,321.72,317.95,-3.77,-0.011718264329230387
5450,2023-04-01,1049,412.52,396.83,-15.69,-0.03803451953844662
5451,2023-04-01,1050,324.79,333.61,8.82,0.02715600849779858
5452,2023-04-01,1051,297.22,312.91,15.69,0.052789179732184915
5453,2023-04-01,1052,292.98,305.11,12.13,0.04140214349102328
5454,2023-04-01,1053,404.63,425.85,21.22,0.052442972592244765
5455,2023-04-01,1054,345.21,357.1,11.89,0.03444280293154891
5456,2023-04-01,1055,302.61,294.01,-8.6,-0.02841941773239483
5457,2023-04-01,1056,297.69,290.57,-7.12,-0.02391749806846048
5458,2023-04-01,1057,315.74,334.82,19.08,0.0604294672832077
5459,2023-04-01,1058,279.82,272.53,-7.29,-0.02605246229719105
5460,2023-04-01,1059,294.7,284.03,-10.67,-0.03620631150322362
5461,2023-04-01,1060,70.91,67.39,-3.52,-0.04964038922577916
5462,2023-04-01,1061,160.88,160.74,-0.14,-0.000870213823968175
5463,2023-04-01,1062,115.33,119.28,3.95,0.03424954478453134
5464,2023-04-01,1063,89.23,93.48,4.25,0.04762972094587022
5465,2023-04-01,1064,88.06,86.81,-1.25,-0.014194867136043607
5466,2023-04-01,1065,91.0,86.52,-4.48,-0.04923076923076923
5467,2023-04-01,1066,101.83,107.9,6.07,0.05960915250908377
5468,2023-04-01,1067,98.68,104.17,5.49,0.055634373733279285
5469,2023-04-01,1068,115.76,111.54,-4.22,-0.03645473393227367
5470,2023-04-01,1069,112.21,110.75,-1.46,-0.01301131806434364
5471,2023-04-01,1070,130.12,135.88,5.76,0.044266830617891176
5472,2023-04-01,1071,97.62,100.47,2.85,0.02919483712354026
5473,2023-04-01,1072,130.04,127.38,-2.66,-0.020455244540141495
5474,2023-04-01,1073,89.6,87.73,-1.87,-0.020870535714285713
5475,2023-04-01,1074,99.35,105.25,5.9,0.059386009058882736
5476,2023-04-01,1075,166.75,168.27,1.52,0.00911544227886057
5477,2023-04-01,1076,112.52,120.38,7.86,0.06985424813366513
5478,2023-04-01,1077,162.13,168.67,6.54,0.040338000370073394
5479,2023-04-01,1078,109.2,104.78,-4.42,-0.04047619047619048
5480,2023-04-01,1079,96.11,95.48,-0.63,-0.0065549890750182084
5481,2023-04-01,1080,639.84,675.07,35.23,0.05506064016004001
5482,2023-04-01,1081,541.97,520.53,-21.44,-0.0395593852058232
5483,2023-04-01,1082,560.42,537.18,-23.24,-0.04146889832625531
5484,2023-04-01,1083,625.63,620.78,-4.85,-0.0077521857967169094
5485,2023-04-01,1084,414.04,410.62,-3.42,-0.008260071490677229
5486,2023-04-01,1085,470.48,466.15,-4.33,-0.009203366774358103
5487,2023-04-01,1086,415.51,412.11,-3.4,-0.008182715217443624
5488,2023-04-01,1087,322.71,309.35,-13.36,-0.041399398841064736
5489,2023-04-01,1088,715.93,714.92,-1.01,-0.0014107524478650147
5490,2023-04-01,1089,330.63,349.63,19.0,0.05746604966276502
5491,2023-04-01,1090,419.28,440.14,20.86,0.049751955733638616
5492,2023-04-01,1091,502.16,512.44,10.28,0.020471562848494503
5493,2023-04-01,1092,449.74,475.85,26.11,0.05805576555343087
5494,2023-04-01,1093,426.39,406.43,-19.96,-0.04681160439972795
5495,2023-04-01,1094,453.12,487.26,34.14,0.07534427966101695
5496,2023-04-01,1095,522.37,521.65,-0.72,-0.0013783333652391983
5497,2023-04-01,1096,560.82,584.36,23.54,0.0419742519881602
5498,2023-04-01,1097,429.1,431.02,1.92,0.004474481472850151
5499,2023-04-01,1098,400.79,382.51,-18.28,-0.04560992040719579
5500,2023-04-01,1099,576.23,622.32,46.09,0.07998542248754838
5501,2023-04-01,1100,912.1,981.61,69.51,0.07620874904067536
5502,2023-04-01,1101,866.29,884.55,18.26,0.021078391762573735
5503,2023-04-01,1102,1139.31,1086.97,-52.34,-0.04594008654360973
5504,2023-04-01,1103,1164.43,1115.99,-48.44,-0.041599752668687685
5505,2023-04-01,1104,939.67,961.21,21.54,0.02292294103249013
5506,2023-04-01,1105,914.13,923.17,9.04,0.009889184251692867
5507,2023-04-01,1106,950.1,991.33,41.23,0.04339543205978318
5508,2023-04-01,1107,911.11,971.47,60.36,0.06624886127909912
5509,2023-04-01,1108,1011.69,1053.32,41.63,0.0411489685575621
5510,2023-04-01,1109,972.26,933.94,-38.32,-0.039413325653631745
5511,2023-04-01,1110,820.2,861.12,40.92,0.049890270665691294
5512,2023-04-01,1111,1195.85,1274.5,78.65,0.0657691182004432
5513,2023-04-01,1112,868.2,910.87,42.67,0.04914766182907164
5514,2023-04-01,1113,929.36,892.48,-36.88,-0.039683222863045535
5515,2023-04-01,1114,1158.24,1213.97,55.73,0.048116107197126674
5516,2023-04-01,1115,933.81,948.6,14.79,0.015838339705079193
5517,2023-04-01,1116,1007.66,1074.28,66.62,0.06611357005339102
5518,2023-04-01,1117,1060.23,1019.76,-40.47,-0.03817096290427549
5519,2023-04-01,1118,903.06,939.24,36.18,0.04006378313733307
5520,2023-04-01,1119,854.48,881.47,26.99,0.03158646194176575
5521,2023-04-01,1120,68.28,69.48,1.2,0.01757469244288225
5522,2023-04-01,1121,72.49,71.12,-1.37,-0.018899158504621327
5523,2023-04-01,1122,52.59,53.21,0.62,0.01178931355771059
5524,2023-04-01,1123,61.17,62.12,0.95,0.01553048880170018
5525,2023-04-01,1124,50.76,49.21,-1.55,-0.03053585500394011
5526,2023-04-01,1125,68.9,69.83,0.93,0.013497822931785195
5527,2023-04-01,1126,58.72,57.89,-0.83,-0.014134877384196186
5528,2023-04-01,1127,45.88,45.8,-0.08,-0.0017436791630340016
5529,2023-04-01,1128,75.33,71.62,-3.71,-0.049249966812690824
5530,2023-04-01,1129,39.33,39.69,0.36,0.009153318077803204
5531,2023-04-01,1130,56.71,59.35,2.64,0.04655263621936166
5532,2023-04-01,1131,62.79,67.55,4.76,0.0758082497212932
5533,2023-04-01,1132,71.08,71.05,-0.03,-0.000422059651097355
5534,2023-04-01,1133,55.2,58.51,3.31,0.05996376811594203
5535,2023-04-01,1134,79.92,83.97,4.05,0.05067567567567568
5536,2023-04-01,1135,56.62,60.9,4.28,0.07559166372306605
5537,2023-04-01,1136,54.04,56.63,2.59,0.04792746113989637
5538,2023-04-01,1137,51.92,54.95,3.03,0.05835901386748844
5539,2023-04-01,1138,50.1,52.43,2.33,0.04650698602794411
5540,2023-04-01,1139,57.34,61.18,3.84,0.06696895709801186
5541,2023-04-01,1140,727.76,740.16,12.4,0.017038584148620424
5542,2023-04-01,1141,615.31,590.84,-24.47,-0.039768571939347644
5543,2023-04-01,1142,646.4,651.41,5.01,0.007750618811881188
5544,2023-04-01,1143,649.56,628.61,-20.95,-0.03225260176119219
5545,2023-04-01,1144,705.07,698.48,-6.59,-0.009346589700313443
5546,2023-04-01,1145,688.69,658.93,-29.76,-0.04321247585996602
5547,2023-04-01,1146,548.19,544.79,-3.4,-0.006202229154125395
5548,2023-04-01,1147,752.12,779.96,27.84,0.03701536988778387
5549,2023-04-01,1148,625.04,647.19,22.15,0.03543773198515295
5550,2023-04-01,1149,699.75,668.92,-30.83,-0.04405859235441229
5551,2023-04-01,1150,602.23,573.21,-29.02,-0.04818756953323481
5552,2023-04-01,1151,552.99,555.98,2.99,0.0054069693846181665
5553,2023-04-01,1152,702.12,753.34,51.22,0.07295049279325472
5554,2023-04-01,1153,590.55,631.92,41.37,0.07005334010668021
5555,2023-04-01,1154,778.63,791.12,12.49,0.01604099508110399
5556,2023-04-01,1155,610.55,638.98,28.43,0.046564572926050284
5557,2023-04-01,1156,510.67,510.48,-0.19,-0.0003720602345937689
5558,2023-04-01,1157,530.9,548.86,17.96,0.03382934639291769
5559,2023-04-01,1158,743.83,776.01,32.18,0.043262573437478996
5560,2023-04-01,1159,619.03,658.77,39.74,0.06419721176679644
5561,2023-04-01,1160,51.3,52.75,1.45,0.028265107212475632
5562,2023-04-01,1161,43.22,46.01,2.79,0.06455344747801943
5563,2023-04-01,1162,48.42,51.26,2.84,0.05865344898802148
5564,2023-04-01,1163,48.19,46.35,-1.84,-0.03818219547623988
5565,2023-04-01,1164,33.1,34.23,1.13,0.03413897280966768
5566,2023-04-01,1165,42.56,42.29,-0.27,-0.006343984962406015
5567,2023-04-01,1166,42.87,45.73,2.86,0.06671331933753208
5568,2023-04-01,1167,59.57,59.51,-0.06,-0.0010072183985227463
5569,2023-04-01,1168,48.4,49.01,0.61,0.012603305785123966
5570,2023-04-01,1169,56.77,57.08,0.31,0.0054606306147613175
5571,2023-04-01,1170,39.01,39.97,0.96,0.02460907459625737
5572,2023-04-01,1171,35.59,34.75,-0.84,-0.02360213543130093
5573,2023-04-01,1172,50.4,52.45,2.05,0.040674603174603176
5574,2023-04-01,1173,49.94,49.44,-0.5,-0.010012014417300761
5575,2023-04-01,1174,46.61,48.51,1.9,0.040763784595580346
5576,2023-04-01,1175,45.15,46.16,1.01,0.02236987818383167
5577,2023-04-01,1176,42.34,44.6,2.26,0.0533774208786018
5578,2023-04-01,1177,59.66,62.13,2.47,0.041401273885350316
5579,2023-04-01,1178,40.45,38.64,-1.81,-0.044746600741656366
5580,2023-04-01,1179,44.57,43.93,-0.64,-0.014359434597262733
5581,2023-04-01,1180,78.35,78.75,0.4,0.005105296745373325
5582,2023-04-01,1181,83.2,89.14,5.94,0.07139423076923077
5583,2023-04-01,1182,107.13,109.82,2.69,0.025109679828246054
5584,2023-04-01,1183,129.06,138.55,9.49,0.07353169068650241
5585,2023-04-01,1184,94.78,99.79,5.01,0.052859253006963494
5586,2023-04-01,1185,81.35,86.19,4.84,0.0594960049170252
5587,2023-04-01,1186,85.66,91.88,6.22,0.07261265468129816
5588,2023-04-01,1187,122.64,119.87,-2.77,-0.022586431833007174
5589,2023-04-01,1188,90.55,89.39,-1.16,-0.012810601877415792
5590,2023-04-01,1189,87.74,94.25,6.51,0.07419648962844769
5591,2023-04-01,1190,60.5,65.18,4.68,0.07735537190082645
5592,2023-04-01,1191,69.08,71.7,2.62,0.03792704111175449
5593,2023-04-01,1192,106.5,113.64,7.14,0.06704225352112676
5594,2023-04-01,1193,101.42,106.5,5.08,0.050088739893512126
5595,2023-04-01,1194,128.79,134.97,6.18,0.047985092010249246
5596,2023-04-01,1195,84.37,80.47,-3.9,-0.046224961479198766
5597,2023-04-01,1196,100.17,98.05,-2.12,-0.021164021164021163
5598,2023-04-01,1197,104.48,106.54,2.06,0.019716692189892804
5599,2023-04-01,1198,113.97,110.2,-3.77,-0.03307888040712468
5600,2023-04-01,1199,113.43,114.06,0.63,0.005554086220576567
5601,2023-05-01,1000,755.06,768.37,13.31,0.017627738192991287
5602,2023-05-01,1001,723.5,689.6,-33.9,-0.046855563234277815
5603,2023-05-01,1002,769.66,758.05,-11.61,-0.01508458280279604
5604,2023-05-01,1003,779.16,811.02,31.86,0.04089018943477591
5605,2023-05-01,1004,817.24,843.82,26.58,0.0325241055259165
5606,2023-05-01,1005,866.28,854.72,-11.56,-0.013344415200627973
5607,2023-05-01,1006,761.89,821.06,59.17,0.07766212970376302
5608,2023-05-01,1007,1081.48,1117.94,36.46,0.033713059880903944
5609,2023-05-01,1008,729.2,729.64,0.44,0.0006034009873834339
5610,2023-05-01,1009,615.2,586.21,-28.99,-0.04712288686605982
5611,2023-05-01,1010,580.12,566.37,-13.75,-0.023701992691167344
5612,2023-05-01,1011,710.86,712.79,1.93,0.0027150212418760376
5613,2023-05-01,1012,787.74,842.3,54.56,0.06926143143676848
5614,2023-05-01,1013,580.57,561.41,-19.16,-0.033002049709767986
5615,2023-05-01,1014,624.67,672.17,47.5,0.07604014919877695
5616,2023-05-01,1015,543.98,543.03,-0.95,-0.0017463877348431927
5617,2023-05-01,1016,735.45,730.33,-5.12,-0.006961724114487728
5618,2023-05-01,1017,822.26,880.68,58.42,0.07104808697978741
5619,2023-05-01,1018,611.3,603.25,-8.05,-0.013168656960575823
5620,2023-05-01,1019,665.94,670.38,4.44,0.0066672673213803045
5621,2023-05-01,1020,569.48,573.07,3.59,0.006303996628503196
5622,2023-05-01,1021,390.91,410.84,19.93,0.050983602363715436
5623,2023-05-01,1022,520.78,539.83,19.05,0.03657974576596643
5624,2023-05-01,1023,473.11,499.97,26.86,0.05677326625943227
5625,2023-05-01,1024,426.9,420.49,-6.41,-0.01501522604825486
5626,2023-05-01,1025,418.69,441.95,23.26,0.05555422866559985
5627,2023-05-01,1026,423.76,456.0,32.24,0.07608080045308666
5628,2023-05-01,1027,601.84,603.31,1.47,0.002442509637112854
5629,2023-05-01,1028,487.94,480.87,-7.07,-0.014489486412263802
5630,2023-05-01,1029,515.63,532.13,16.5,0.03199968969997867
5631,2023-05-01,1030,407.66,424.56,16.9,0.04145611539027621
5632,2023-05-01,1031,544.2,556.23,12.03,0.022105843439911798
5633,2023-05-01,1032,461.2,455.09,-6.11,-0.013248048568950564
5634,2023-05-01,1033,537.63,577.31,39.68,0.07380540520432267
5635,2023-05-01,1034,476.79,492.46,15.67,0.03286562218167327
5636,2023-05-01,1035,537.12,538.36,1.24,0.0023086088769734884
5637,2023-05-01,1036,452.36,465.04,12.68,0.028030771951543017
5638,2023-05-01,1037,568.59,596.01,27.42,0.048224555479343637
5639,2023-05-01,1038,394.68,420.92,26.24,0.06648424039728387
5640,2023-05-01,1039,644.52,637.59,-6.93,-0.010752187674548502
5641,2023-05-01,1040,291.02,312.44,21.42,0.07360318878427599
5642,2023-05-01,1041,263.7,276.2,12.5,0.04740235115661737
5643,2023-05-01,1042,341.18,364.09,22.91,0.0671493053520136
5644,2023-05-01,1043,337.09,332.43,-4.66,-0.013824201251891186
5645,2023-05-01,1044,289.41,299.42,10.01,0.03458760927404029
5646,2023-05-01,1045,303.4,321.93,18.53,0.06107448912326961
5647,2023-05-01,1046,369.95,357.13,-12.82,-0.03465333153128801
5648,2023-05-01,1047,276.41,290.92,14.51,0.052494482833472016
5649,2023-05-01,1048,310.88,318.04,7.16,0.023031394750386
5650,2023-05-01,1049,409.6,429.36,19.76,0.0482421875
5651,2023-05-01,1050,317.94,330.05,12.11,0.038088947600176136
5652,2023-05-01,1051,311.97,306.55,-5.42,-0.017373465397313843
5653,2023-05-01,1052,298.54,313.59,15.05,0.050412005091445035
5654,2023-05-01,1053,394.12,386.22,-7.9,-0.02004465644981224
5655,2023-05-01,1054,344.46,348.24,3.78,0.010973697962027521
5656,2023-05-01,1055,320.82,308.03,-12.79,-0.03986659185836294
5657,2023-05-01,1056,285.17,301.25,16.08,0.05638741803134972
5658,2023-05-01,1057,314.2,298.49,-15.71,-0.05
5659,2023-05-01,1058,281.9,299.32,17.42,0.061794962752749205
5660,2023-05-01,1059,318.47,314.06,-4.41,-0.013847458159324269
5661,2023-05-01,1060,74.29,72.23,-2.06,-0.02772916947099206
5662,2023-05-01,1061,154.14,149.06,-5.08,-0.03295705203062151
5663,2023-05-01,1062,120.19,115.65,-4.54,-0.037773525251684835
5664,2023-05-01,1063,94.12,94.41,0.29,0.003081172970675733
5665,2023-05-01,1064,87.47,93.79,6.32,0.0722533440036584
5666,2023-05-01,1065,91.16,86.98,-4.18,-0.045853444493198774
5667,2023-05-01,1066,99.57,97.19,-2.38,-0.023902781962438484
5668,2023-05-01,1067,99.66,102.14,2.48,0.02488460766606462
5669,2023-05-01,1068,119.24,127.07,7.83,0.06566588393156658
5670,2023-05-01,1069,110.29,116.77,6.48,0.05875419348989029
5671,2023-05-01,1070,129.61,134.33,4.72,0.03641694313710362
5672,2023-05-01,1071,99.67,96.65,-3.02,-0.03029998996689074
5673,2023-05-01,1072,125.37,120.64,-4.73,-0.037728324160484966
5674,2023-05-01,1073,91.6,97.83,6.23,0.06801310043668123
5675,2023-05-01,1074,102.77,103.25,0.48,0.004670623722876326
5676,2023-05-01,1075,165.38,159.95,-5.43,-0.032833474422542024
5677,2023-05-01,1076,110.65,106.38,-4.27,-0.038590149118843196
5678,2023-05-01,1077,161.04,172.88,11.84,0.07352210630899156
5679,2023-05-01,1078,117.45,113.6,-3.85,-0.032779906343124735
5680,2023-05-01,1079,92.89,88.3,-4.59,-0.049413284530089356
5681,2023-05-01,1080,603.34,627.19,23.85,0.03952994994530447
5682,2023-05-01,1081,510.9,538.99,28.09,0.054981405363084754
5683,2023-05-01,1082,578.35,623.08,44.73,0.0773407106423446
5684,2023-05-01,1083,627.19,600.72,-26.47,-0.04220411677482103
5685,2023-05-01,1084,417.91,407.94,-9.97,-0.02385681127515494
5686,2023-05-01,1085,459.16,443.13,-16.03,-0.03491157766355955
5687,2023-05-01,1086,434.94,449.15,14.21,0.0326711730353612
5688,2023-05-01,1087,317.37,310.84,-6.53,-0.02057535368812427
5689,2023-05-01,1088,730.77,759.96,29.19,0.039944168479822656
5690,2023-05-01,1089,322.04,321.19,-0.85,-0.0026394236740777542
5691,2023-05-01,1090,424.6,426.01,1.41,0.0033207724917569477
5692,2023-05-01,1091,513.41,510.16,-3.25,-0.006330223408192283
5693,2023-05-01,1092,480.61,505.17,24.56,0.05110172489128399
5694,2023-05-01,1093,412.5,436.1,23.6,0.057212121212121214
5695,2023-05-01,1094,466.9,470.63,3.73,0.007988862711501392
5696,2023-05-01,1095,521.3,551.71,30.41,0.05833493190101669
5697,2023-05-01,1096,544.48,561.68,17.2,0.03158977372906259
5698,2023-05-01,1097,452.67,467.65,14.98,0.03309253981929441
5699,2023-05-01,1098,399.3,421.98,22.68,0.05679939894815928
5700,2023-05-01,1099,563.81,535.98,-27.83,-0.04936060020219578
5701,2023-05-01,1100,939.59,992.47,52.88,0.05627986675039113
5702,2023-05-01,1101,901.3,955.57,54.27,0.06021302562964607
5703,2023-05-01,1102,1121.3,1109.36,-11.94,-0.01064835458842415
5704,2023-05-01,1103,1205.08,1155.02,-50.06,-0.041540810568592955
5705,2023-05-01,1104,943.25,949.81,6.56,0.006954677975086138
5706,2023-05-01,1105,947.81,1016.08,68.27,0.0720292041653918
5707,2023-05-01,1106,923.83,903.45,-20.38,-0.022060335776062697
5708,2023-05-01,1107,880.92,907.43,26.51,0.030093538573309722
5709,2023-05-01,1108,974.48,1037.59,63.11,0.06476274525900994
5710,2023-05-01,1109,1018.81,1095.77,76.96,0.07553910935306878
5711,2023-05-01,1110,824.36,875.56,51.2,0.062108787422970546
5712,2023-05-01,1111,1233.57,1230.18,-3.39,-0.002748121306452005
5713,2023-05-01,1112,861.83,899.88,38.05,0.04415023844609726
5714,2023-05-01,1113,970.05,977.66,7.61,0.007844956445544045
5715,2023-05-01,1114,1273.19,1321.51,48.32,0.037951916053377735
5716,2023-05-01,1115,955.35,995.33,39.98,0.04184853718532475
5717,2023-05-01,1116,1014.02,1057.35,43.33,0.042730912605274056
5718,2023-05-01,1117,1045.64,1099.07,53.43,0.05109789219999235
5719,2023-05-01,1118,876.34,914.95,38.61,0.04405824223474907
5720,2023-05-01,1119,829.88,841.42,11.54,0.013905624909625488
5721,2023-05-01,1120,68.43,71.44,3.01,0.04398655560426713
5722,2023-05-01,1121,70.27,73.44,3.17,0.045111711968122956
5723,2023-05-01,1122,49.64,50.95,1.31,0.02639000805801773
5724,2023-05-01,1123,59.75,64.12,4.37,0.07313807531380753
5725,2023-05-01,1124,53.63,53.68,0.05,0.0009323140033563304
5726,2023-05-01,1125,65.44,65.73,0.29,0.004431540342298288
5727,2023-05-01,1126,57.03,54.42,-2.61,-0.04576538663861126
5728,2023-05-01,1127,44.76,43.22,-1.54,-0.034405719392314564
5729,2023-05-01,1128,68.48,73.33,4.85,0.07082359813084112
5730,2023-05-01,1129,40.27,41.46,1.19,0.029550533896200645
5731,2023-05-01,1130,54.27,51.91,-2.36,-0.04348627234199374
5732,2023-05-01,1131,64.05,64.46,0.41,0.006401249024199844
5733,2023-05-01,1132,73.33,74.24,0.91,0.012409654984317469
5734,2023-05-01,1133,56.11,53.61,-2.5,-0.044555337729459986
5735,2023-05-01,1134,77.28,74.93,-2.35,-0.030408902691511388
5736,2023-05-01,1135,58.5,57.15,-1.35,-0.023076923076923078
5737,2023-05-01,1136,55.61,59.1,3.49,0.06275849667326021
5738,2023-05-01,1137,50.28,49.78,-0.5,-0.00994431185361973
5739,2023-05-01,1138,48.3,50.66,2.36,0.04886128364389234
5740,2023-05-01,1139,61.45,61.82,0.37,0.006021155410903174
5741,2023-05-01,1140,709.56,732.08,22.52,0.031737978465527936
5742,2023-05-01,1141,605.1,584.26,-20.84,-0.03444058833250702
5743,2023-05-01,1142,636.93,624.6,-12.33,-0.019358485233856155
5744,2023-05-01,1143,647.62,619.24,-28.38,-0.04382199437942003
5745,2023-05-01,1144,704.09,677.33,-26.76,-0.038006504850232214
5746,2023-05-01,1145,676.76,645.46,-31.3,-0.046249778355694784
5747,2023-05-01,1146,531.61,542.91,11.3,0.02125618404469442
5748,2023-05-01,1147,764.27,727.38,-36.89,-0.04826828215159564
5749,2023-05-01,1148,637.54,662.36,24.82,0.0389308906107852
5750,2023-05-01,1149,661.99,629.09,-32.9,-0.04969863593105636
5751,2023-05-01,1150,592.55,601.11,8.56,0.01444603830900346
5752,2023-05-01,1151,538.22,551.51,13.29,0.024692504923637174
5753,2023-05-01,1152,685.51,683.58,-1.93,-0.002815422094498986
5754,2023-05-01,1153,563.29,599.04,35.75,0.06346642049388415
5755,2023-05-01,1154,755.36,753.81,-1.55,-0.002052001694556238
5756,2023-05-01,1155,562.78,595.95,33.17,0.05893955009062156
5757,2023-05-01,1156,503.64,487.9,-15.74,-0.0312524819315384
5758,2023-05-01,1157,493.0,513.95,20.95,0.042494929006085196
5759,2023-05-01,1158,736.21,715.7,-20.51,-0.02785889895546108
5760,2023-05-01,1159,617.42,644.62,27.2,0.04405429043438826
5761,2023-05-01,1160,49.92,51.17,1.25,0.025040064102564104
5762,2023-05-01,1161,43.7,45.11,1.41,0.03226544622425629
5763,2023-05-01,1162,48.99,48.88,-0.11,-0.0022453561951418658
5764,2023-05-01,1163,47.35,50.05,2.7,0.057022175290390706
5765,2023-05-01,1164,33.59,33.17,-0.42,-0.012503721345638583
5766,2023-05-01,1165,41.43,40.13,-1.3,-0.031378228336953896
5767,2023-05-01,1166,40.59,40.32,-0.27,-0.0066518847006651885
5768,2023-05-01,1167,63.17,67.56,4.39,0.06949501345575432
5769,2023-05-01,1168,49.75,51.48,1.73,0.03477386934673367
5770,2023-05-01,1169,56.66,55.83,-0.83,-0.014648782209671725
5771,2023-05-01,1170,40.32,41.71,1.39,0.03447420634920635
5772,2023-05-01,1171,32.66,34.48,1.82,0.05572565829761176
5773,2023-05-01,1172,50.0,50.3,0.3,0.006
5774,2023-05-01,1173,50.65,53.35,2.7,0.05330700888450148
5775,2023-05-01,1174,47.76,47.82,0.06,0.001256281407035176
5776,2023-05-01,1175,46.29,44.47,-1.82,-0.03931734715921365
5777,2023-05-01,1176,44.53,47.01,2.48,0.05569279137660005
5778,2023-05-01,1177,59.74,57.94,-1.8,-0.03013056578506863
5779,2023-05-01,1178,39.81,41.43,1.62,0.04069329314242653
5780,2023-05-01,1179,45.53,46.61,1.08,0.023720623764550846
5781,2023-05-01,1180,80.21,78.13,-2.08,-0.02593192868719611
5782,2023-05-01,1181,80.83,86.33,5.5,0.06804404305332179
5783,2023-05-01,1182,115.07,112.31,-2.76,-0.023985400191187972
5784,2023-05-01,1183,118.73,121.17,2.44,0.020550829613408574
5785,2023-05-01,1184,95.13,92.42,-2.71,-0.02848733312309471
5786,2023-05-01,1185,81.18,82.89,1.71,0.02106430155210643
5787,2023-05-01,1186,86.5,90.39,3.89,0.04497109826589595
5788,2023-05-01,1187,127.8,122.68,-5.12,-0.04006259780907668
5789,2023-05-01,1188,91.07,90.6,-0.47,-0.005160865268474799
5790,2023-05-01,1189,89.09,87.61,-1.48,-0.016612414412391963
5791,2023-05-01,1190,59.81,61.95,2.14,0.035779969904698214
5792,2023-05-01,1191,70.91,71.57,0.66,0.009307572979833591
5793,2023-05-01,1192,109.87,108.65,-1.22,-0.01110403203786293
5794,2023-05-01,1193,100.15,102.28,2.13,0.02126809785322017
5795,2023-05-01,1194,129.49,139.23,9.74,0.07521816356475404
5796,2023-05-01,1195,84.25,81.68,-2.57,-0.03050445103857567
5797,2023-05-01,1196,98.35,103.68,5.33,0.054194204372140314
5798,2023-05-01,1197,101.98,104.21,2.23,0.021867032751519907
5799,2023-05-01,1198,114.6,115.87,1.27,0.011082024432809773
5800,2023-05-01,1199,109.29,105.04,-4.25,-0.03888736389422637
5801,2023-06-01,1000,755.94,806.37,50.43,0.06671164378125248
5802,2023-06-01,1001,733.33,697.87,-35.46,-0.04835476524893295
5803,2023-06-01,1002,761.25,725.9,-35.35,-0.0464367816091954
5804,2023-06-01,1003,847.86,849.5,1.64,0.0019342816030948505
5805,2023-06-01,1004,830.83,851.5,20.67,0.024878735722109215
5806,2023-06-01,1005,884.08,862.99,-21.09,-0.02385530721201701
5807,2023-06-01,1006,757.95,757.9,-0.05,-6.59674120984233e-05
5808,2023-06-01,1007,1014.83,984.77,-30.06,-0.02962072465339022
5809,2023-06-01,1008,709.81,687.77,-22.04,-0.031050562826671926
5810,2023-06-01,1009,582.74,561.07,-21.67,-0.03718639530493874
5811,2023-06-01,1010,565.9,609.83,43.93,0.07762855628202862
5812,2023-06-01,1011,708.13,702.3,-5.83,-0.008232951576687896
5813,2023-06-01,1012,778.28,772.11,-6.17,-0.007927738089119597
5814,2023-06-01,1013,592.85,564.86,-27.99,-0.047212617019482164
5815,2023-06-01,1014,631.73,642.59,10.86,0.017190888512497428
5816,2023-06-01,1015,546.09,555.49,9.4,0.017213279862293762
5817,2023-06-01,1016,757.43,808.99,51.56,0.06807229710996396
5818,2023-06-01,1017,820.6,885.19,64.59,0.07871069948817938
5819,2023-06-01,1018,573.89,553.69,-20.2,-0.03519838296537664
5820,2023-06-01,1019,629.85,652.34,22.49,0.035706914344685245
5821,2023-06-01,1020,547.74,520.77,-26.97,-0.049238689889363564
5822,2023-06-01,1021,390.43,379.42,-11.01,-0.028199677278897627
5823,2023-06-01,1022,501.97,488.66,-13.31,-0.026515528816463137
5824,2023-06-01,1023,494.12,522.11,27.99,0.0566461588278151
5825,2023-06-01,1024,440.68,462.24,21.56,0.0489243895797404
5826,2023-06-01,1025,422.43,426.06,3.63,0.008593139691783254
5827,2023-06-01,1026,423.31,440.32,17.01,0.0401833171907113
5828,2023-06-01,1027,624.8,648.28,23.48,0.03758002560819462
5829,2023-06-01,1028,485.23,480.95,-4.28,-0.0088205593223832
5830,2023-06-01,1029,494.34,479.6,-14.74,-0.029817534490431688
5831,2023-06-01,1030,411.51,395.22,-16.29,-0.03958591528759933
5832,2023-06-01,1031,567.54,578.48,10.94,0.01927617436656447
5833,2023-06-01,1032,474.9,467.65,-7.25,-0.015266371867761634
5834,2023-06-01,1033,566.6,606.63,40.03,0.07064948817507942
5835,2023-06-01,1034,490.01,519.83,29.82,0.060855900899981635
5836,2023-06-01,1035,543.3,537.52,-5.78,-0.01063868949015277
5837,2023-06-01,1036,444.64,469.31,24.67,0.055483087441525726
5838,2023-06-01,1037,601.99,595.62,-6.37,-0.010581571122443895
5839,2023-06-01,1038,383.74,393.64,9.9,0.025798717881899202
5840,2023-06-01,1039,679.6,661.48,-18.12,-0.026662742789876397
5841,2023-06-01,1040,277.47,288.72,11.25,0.0405449237755433
5842,2023-06-01,1041,258.71,267.15,8.44,0.03262340071895172
5843,2023-06-01,1042,342.3,345.73,3.43,0.010020449897750512
5844,2023-06-01,1043,345.99,350.35,4.36,0.012601520275152461
5845,2023-06-01,1044,287.01,294.73,7.72,0.026898017490679767
5846,2023-06-01,1045,303.45,300.09,-3.36,-0.011072664359861591
5847,2023-06-01,1046,365.68,370.5,4.82,0.013180923211551083
5848,2023-06-01,1047,284.16,296.78,12.62,0.0444115990990991
5849,2023-06-01,1048,304.9,292.53,-12.37,-0.0405706789111184
5850,2023-06-01,1049,423.32,403.69,-19.63,-0.04637153926107909
5851,2023-06-01,1050,322.82,331.45,8.63,0.0267331639923177
5852,2023-06-01,1051,297.6,301.47,3.87,0.013004032258064516
5853,2023-06-01,1052,303.76,304.99,1.23,0.0040492494074269155
5854,2023-06-01,1053,373.21,389.59,16.38,0.0438894992095603
5855,2023-06-01,1054,369.55,365.08,-4.47,-0.012095792179677987
5856,2023-06-01,1055,308.73,295.29,-13.44,-0.043533184335827424
5857,2023-06-01,1056,292.35,290.84,-1.51,-0.005165041901829998
5858,2023-06-01,1057,326.19,310.76,-15.43,-0.04730371869156013
5859,2023-06-01,1058,275.4,268.43,-6.97,-0.025308641975308643
5860,2023-06-01,1059,296.11,284.78,-11.33,-0.03826280774036676
5861,2023-06-01,1060,74.06,72.67,-1.39,-0.018768566027545234
5862,2023-06-01,1061,156.58,159.49,2.91,0.01858474901009069
5863,2023-06-01,1062,120.36,124.27,3.91,0.03248587570621469
5864,2023-06-01,1063,91.97,88.78,-3.19,-0.03468522344242688
5865,2023-06-01,1064,92.52,97.26,4.74,0.051232166018158234
5866,2023-06-01,1065,92.64,96.79,4.15,0.04479706390328152
5867,2023-06-01,1066,100.9,106.26,5.36,0.053121902874132806
5868,2023-06-01,1067,97.57,94.98,-2.59,-0.02654504458337604
5869,2023-06-01,1068,117.73,126.72,8.99,0.07636116537840822
5870,2023-06-01,1069,115.58,117.27,1.69,0.014621906904308703
5871,2023-06-01,1070,132.68,142.06,9.38,0.07069641242086222
5872,2023-06-01,1071,101.17,107.78,6.61,0.06533557378669566
5873,2023-06-01,1072,129.4,129.11,-0.29,-0.002241112828438949
5874,2023-06-01,1073,91.13,92.94,1.81,0.019861735981564797
5875,2023-06-01,1074,96.29,93.76,-2.53,-0.026274794890435143
5876,2023-06-01,1075,165.66,162.65,-3.01,-0.01816974526137873
5877,2023-06-01,1076,112.17,114.5,2.33,0.020772042435588837
5878,2023-06-01,1077,159.52,154.36,-5.16,-0.03234704112337011
5879,2023-06-01,1078,111.52,119.45,7.93,0.07110832137733142
5880,2023-06-01,1079,98.63,101.28,2.65,0.026868092872351212
5881,2023-06-01,1080,621.67,641.83,20.16,0.032428780542731676
5882,2023-06-01,1081,511.11,488.46,-22.65,-0.04431531372894289
5883,2023-06-01,1082,545.94,541.77,-4.17,-0.007638202000219804
5884,2023-06-01,1083,610.16,638.92,28.76,0.04713517765831913
5885,2023-06-01,1084,413.29,397.58,-15.71,-0.03801204965036657
5886,2023-06-01,1085,484.36,476.37,-7.99,-0.016495994714675034
5887,2023-06-01,1086,433.96,432.93,-1.03,-0.0023734906442990137
5888,2023-06-01,1087,340.76,365.99,25.23,0.07404038032632938
5889,2023-06-01,1088,740.85,742.21,1.36,0.001835729229938584
5890,2023-06-01,1089,328.71,338.83,10.12,0.030787015910681146
5891,2023-06-01,1090,402.15,382.59,-19.56,-0.04863856769861992
5892,2023-06-01,1091,506.74,512.87,6.13,0.01209693333859573
5893,2023-06-01,1092,454.49,488.86,34.37,0.0756232260335761
5894,2023-06-01,1093,393.05,416.18,23.13,0.05884747487596998
5895,2023-06-01,1094,474.05,508.49,34.44,0.07265056428646767
5896,2023-06-01,1095,527.11,546.36,19.25,0.03651989148375102
5897,2023-06-01,1096,544.09,584.78,40.69,0.07478542152952637
5898,2023-06-01,1097,441.13,452.92,11.79,0.026726815224536984
5899,2023-06-01,1098,392.14,385.67,-6.47,-0.01649920946600704
5900,2023-06-01,1099,571.61,596.13,24.52,0.04289638039922325
5901,2023-06-01,1100,899.87,905.9,6.03,0.006700967917588096
5902,2023-06-01,1101,905.83,878.5,-27.33,-0.03017122418113774
5903,2023-06-01,1102,1135.49,1182.89,47.4,0.04174409285858968
5904,2023-06-01,1103,1159.41,1153.05,-6.36,-0.005485548684244572
5905,2023-06-01,1104,909.5,916.21,6.71,0.0073776800439802085
5906,2023-06-01,1105,926.79,968.92,42.13,0.04545797861435708
5907,2023-06-01,1106,970.07,1013.74,43.67,0.045017369880524086
5908,2023-06-01,1107,895.54,889.21,-6.33,-0.007068360988900552
5909,2023-06-01,1108,1015.75,975.48,-40.27,-0.03964558208220527
5910,2023-06-01,1109,994.72,1013.88,19.16,0.019261701785427056
5911,2023-06-01,1110,844.79,891.83,47.04,0.0556824773020514
5912,2023-06-01,1111,1221.71,1185.86,-35.85,-0.029344116034083375
5913,2023-06-01,1112,872.25,859.24,-13.01,-0.014915448552593866
5914,2023-06-01,1113,971.22,974.96,3.74,0.003850826795164844
5915,2023-06-01,1114,1231.93,1300.79,68.86,0.05589603305382611
5916,2023-06-01,1115,952.18,1009.87,57.69,0.060587283916906466
5917,2023-06-01,1116,955.69,987.45,31.76,0.03323253356213835
5918,2023-06-01,1117,1032.3,993.74,-38.56,-0.037353482514772836
5919,2023-06-01,1118,922.16,897.0,-25.16,-0.027283768543419795
5920,2023-06-01,1119,814.74,843.58,28.84,0.035397795615779264
5921,2023-06-01,1120,66.53,67.78,1.25,0.01878851645874042
5922,2023-06-01,1121,69.06,67.41,-1.65,-0.023892267593397045
5923,2023-06-01,1122,50.03,49.29,-0.74,-0.014791125324805117
5924,2023-06-01,1123,64.5,63.22,-1.28,-0.01984496124031008
5925,2023-06-01,1124,53.19,56.73,3.54,0.06655386350817823
5926,2023-06-01,1125,62.23,60.57,-1.66,-0.026675237023943435
5927,2023-06-01,1126,55.64,55.13,-0.51,-0.00916606757728253
5928,2023-06-01,1127,46.24,45.19,-1.05,-0.022707612456747406
5929,2023-06-01,1128,70.34,71.19,0.85,0.012084162638612454
5930,2023-06-01,1129,39.97,42.93,2.96,0.07405554165624219
5931,2023-06-01,1130,55.81,58.12,2.31,0.041390431822254076
5932,2023-06-01,1131,63.65,61.72,-1.93,-0.030322073841319717
5933,2023-06-01,1132,71.84,73.65,1.81,0.02519487750556793
5934,2023-06-01,1133,56.8,54.74,-2.06,-0.03626760563380282
5935,2023-06-01,1134,78.07,83.17,5.1,0.0653259894966056
5936,2023-06-01,1135,58.38,59.84,1.46,0.025008564576909902
5937,2023-06-01,1136,56.49,58.27,1.78,0.03151000177022482
5938,2023-06-01,1137,49.97,53.3,3.33,0.06663998399039424
5939,2023-06-01,1138,47.96,50.08,2.12,0.04420350291909925
5940,2023-06-01,1139,60.82,60.8,-0.02,-0.0003288391976323577
5941,2023-06-01,1140,732.95,756.67,23.72,0.032362371239511564
5942,2023-06-01,1141,610.43,637.05,26.62,0.04360860377111217
5943,2023-06-01,1142,651.79,639.49,-12.3,-0.01887110879270931
5944,2023-06-01,1143,667.81,638.11,-29.7,-0.044473727557239336
5945,2023-06-01,1144,717.51,731.06,13.55,0.018884754219453386
5946,2023-06-01,1145,670.95,718.58,47.63,0.07098889634100902
5947,2023-06-01,1146,547.9,533.7,-14.2,-0.025917138163898523
5948,2023-06-01,1147,737.94,755.33,17.39,0.02356560153942055
5949,2023-06-01,1148,610.84,608.49,-2.35,-0.0038471612860978325
5950,2023-06-01,1149,667.4,678.85,11.45,0.017156128258915194
5951,2023-06-01,1150,589.62,563.98,-25.64,-0.04348563481564397
5952,2023-06-01,1151,532.88,512.05,-20.83,-0.03908947605464645
5953,2023-06-01,1152,667.86,672.62,4.76,0.00712724223639685
5954,2023-06-01,1153,595.95,614.79,18.84,0.03161339038509942
5955,2023-06-01,1154,760.84,756.43,-4.41,-0.00579622522475159
5956,2023-06-01,1155,576.26,553.97,-22.29,-0.03868045673827786
5957,2023-06-01,1156,493.0,505.77,12.77,0.0259026369168357
5958,2023-06-01,1157,522.18,522.27,0.09,0.0001723543605653223
5959,2023-06-01,1158,753.73,796.71,42.98,0.0570230719223064
5960,2023-06-01,1159,627.29,675.26,47.97,0.07647180729805991
5961,2023-06-01,1160,51.21,52.15,0.94,0.01835578988478813
5962,2023-06-01,1161,45.7,44.19,-1.51,-0.03304157549234136
5963,2023-06-01,1162,46.35,49.15,2.8,0.06040992448759439
5964,2023-06-01,1163,48.12,47.86,-0.26,-0.005403158769742311
5965,2023-06-01,1164,34.17,35.27,1.1,0.03219198127011999
5966,2023-06-01,1165,43.37,44.87,1.5,0.03458611943739912
5967,2023-06-01,1166,39.11,39.77,0.66,0.016875479417028893
5968,2023-06-01,1167,63.7,61.31,-2.39,-0.03751962323390895
5969,2023-06-01,1168,48.26,50.0,1.74,0.03605470368835474
5970,2023-06-01,1169,55.06,53.51,-1.55,-0.028151107882310206
5971,2023-06-01,1170,40.12,41.83,1.71,0.042622133599202396
5972,2023-06-01,1171,34.31,33.14,-1.17,-0.034100845234625476
5973,2023-06-01,1172,51.42,54.36,2.94,0.057176196032672114
5974,2023-06-01,1173,52.52,51.93,-0.59,-0.011233815689261234
5975,2023-06-01,1174,47.95,46.3,-1.65,-0.03441084462982273
5976,2023-06-01,1175,44.64,43.53,-1.11,-0.02486559139784946
5977,2023-06-01,1176,44.33,46.1,1.77,0.03992781412136251
5978,2023-06-01,1177,59.32,62.71,3.39,0.05714767363452461
5979,2023-06-01,1178,40.2,43.25,3.05,0.07587064676616916
5980,2023-06-01,1179,46.34,44.25,-2.09,-0.04510142425550281
5981,2023-06-01,1180,82.67,80.18,-2.49,-0.03011975323575662
5982,2023-06-01,1181,80.87,87.13,6.26,0.07740818597749474
5983,2023-06-01,1182,109.92,109.86,-0.06,-0.0005458515283842794
5984,2023-06-01,1183,119.29,115.4,-3.89,-0.032609606840472795
5985,2023-06-01,1184,97.47,100.36,2.89,0.02965014876372217
5986,2023-06-01,1185,83.21,84.33,1.12,0.013459920682610264
5987,2023-06-01,1186,83.43,84.45,1.02,0.01222581805106077
5988,2023-06-01,1187,127.93,134.94,7.01,0.05479559133901352
5989,2023-06-01,1188,88.43,91.57,3.14,0.03550831165893927
5990,2023-06-01,1189,84.5,80.93,-3.57,-0.04224852071005917
5991,2023-06-01,1190,58.34,62.33,3.99,0.06839218375042852
5992,2023-06-01,1191,70.68,70.4,-0.28,-0.003961516694963215
5993,2023-06-01,1192,110.39,105.37,-5.02,-0.04547513361717547
5994,2023-06-01,1193,103.96,110.97,7.01,0.0674297806848788
5995,2023-06-01,1194,130.45,131.96,1.51,0.01157531621310847
5996,2023-06-01,1195,83.61,82.41,-1.2,-0.014352350197344816
5997,2023-06-01,1196,98.16,98.31,0.15,0.0015281173594132028
5998,2023-06-01,1197,104.42,111.02,6.6,0.06320628232139437
5999,2023-06-01,1198,115.81,114.4,-1.41,-0.012175114411536138
6000,2023-06-01,1199,110.31,112.21,1.9,0.017224186383827396
6001,2023-07-01,1000,765.3,791.74,26.44,0.03454854305501111
6002,2023-07-01,1001,730.08,755.89,25.81,0.035352290159982466
6003,2023-07-01,1002,744.31,799.98,55.67,0.0747941046069514
6004,2023-07-01,1003,829.81,861.12,31.31,0.03773152890420699
6005,2023-07-01,1004,838.74,823.72,-15.02,-0.01790781410210554
6006,2023-07-01,1005,891.89,903.55,11.66,0.013073361064705288
6007,2023-07-01,1006,740.03,788.69,48.66,0.06575409105036283
6008,2023-07-01,1007,1023.7,992.72,-30.98,-0.03026277229657126
6009,2023-07-01,1008,706.82,673.69,-33.13,-0.04687190515265555
6010,2023-07-01,1009,588.09,579.35,-8.74,-0.014861670832695675
6011,2023-07-01,1010,564.3,585.43,21.13,0.03744462165514797
6012,2023-07-01,1011,692.01,662.58,-29.43,-0.0425282871634803
6013,2023-07-01,1012,807.71,771.96,-35.75,-0.04426093523665672
6014,2023-07-01,1013,576.83,558.42,-18.41,-0.03191581575160793
6015,2023-07-01,1014,587.37,593.54,6.17,0.010504452048964026
6016,2023-07-01,1015,556.73,540.08,-16.65,-0.029906777073267114
6017,2023-07-01,1016,763.01,811.61,48.6,0.06369510229223732
6018,2023-07-01,1017,830.78,894.05,63.27,0.07615734610847637
6019,2023-07-01,1018,612.74,600.17,-12.57,-0.020514410679896858
6020,2023-07-01,1019,685.72,693.45,7.73,0.01127282272647728
6021,2023-07-01,1020,576.61,598.86,22.25,0.038587606874663984
6022,2023-07-01,1021,387.44,395.13,7.69,0.019848234565352056
6023,2023-07-01,1022,512.81,491.5,-21.31,-0.04155535188471364
6024,2023-07-01,1023,474.63,460.15,-14.48,-0.030507974632871922
6025,2023-07-01,1024,426.23,420.93,-5.3,-0.012434601036998803
6026,2023-07-01,1025,424.57,445.53,20.96,0.04936759544951363
6027,2023-07-01,1026,430.55,423.0,-7.55,-0.017535710138195333
6028,2023-07-01,1027,636.38,685.68,49.3,0.07746943650020428
6029,2023-07-01,1028,494.07,473.17,-20.9,-0.042301698139939684
6030,2023-07-01,1029,522.58,561.24,38.66,0.07397910367790578
6031,2023-07-01,1030,422.07,453.8,31.73,0.07517710332409316
6032,2023-07-01,1031,536.89,561.1,24.21,0.04509303581739276
6033,2023-07-01,1032,456.65,447.42,-9.23,-0.020212416511551517
6034,2023-07-01,1033,552.46,552.85,0.39,0.000705933461246063
6035,2023-07-01,1034,493.22,500.53,7.31,0.014820972385548031
6036,2023-07-01,1035,595.37,589.42,-5.95,-0.00999378537716042
6037,2023-07-01,1036,442.17,443.0,0.83,0.0018771060904177125
6038,2023-07-01,1037,576.01,569.95,-6.06,-0.010520650683147862
6039,2023-07-01,1038,384.05,366.47,-17.58,-0.04577528967582346
6040,2023-07-01,1039,653.87,656.0,2.13,0.0032575282548518818
6041,2023-07-01,1040,273.34,265.06,-8.28,-0.030291944098924415
6042,2023-07-01,1041,262.4,270.41,8.01,0.03052591463414634
6043,2023-07-01,1042,330.96,320.53,-10.43,-0.03151438240270728
6044,2023-07-01,1043,343.29,368.63,25.34,0.07381514171691572
6045,2023-07-01,1044,291.58,282.88,-8.7,-0.029837437409973248
6046,2023-07-01,1045,307.05,317.22,10.17,0.03312164142647777
6047,2023-07-01,1046,367.17,359.21,-7.96,-0.021679331100035407
6048,2023-07-01,1047,267.46,281.77,14.31,0.053503327600388846
6049,2023-07-01,1048,314.29,335.56,21.27,0.06767634986795634
6050,2023-07-01,1049,411.33,429.81,18.48,0.044927430530231204
6051,2023-07-01,1050,322.55,334.95,12.4,0.03844365214695396
6052,2023-07-01,1051,300.5,292.71,-7.79,-0.025923460898502497
6053,2023-07-01,1052,297.54,316.47,18.93,0.06362169792296835
6054,2023-07-01,1053,391.6,388.74,-2.86,-0.007303370786516854
6055,2023-07-01,1054,360.57,382.8,22.23,0.061652383725767534
6056,2023-07-01,1055,301.79,302.72,0.93,0.003081613042181649
6057,2023-07-01,1056,294.79,311.28,16.49,0.0559381254452322
6058,2023-07-01,1057,320.81,338.36,17.55,0.054705277266918116
6059,2023-07-01,1058,282.49,295.32,12.83,0.0454175369039612
6060,2023-07-01,1059,294.46,304.81,10.35,0.035149086463356655
6061,2023-07-01,1060,77.7,81.29,3.59,0.0462033462033462
6062,2023-07-01,1061,156.59,153.85,-2.74,-0.017497924516252636
6063,2023-07-01,1062,118.59,125.77,7.18,0.06054473395733198
6064,2023-07-01,1063,93.39,90.31,-3.08,-0.03297997644287397
6065,2023-07-01,1064,90.13,87.99,-2.14,-0.02374348163763453
6066,2023-07-01,1065,89.64,96.74,7.1,0.07920571173583221
6067,2023-07-01,1066,99.89,104.46,4.57,0.04575032535789368
6068,2023-07-01,1067,95.9,103.24,7.34,0.07653806047966633
6069,2023-07-01,1068,116.58,119.96,3.38,0.02899296620346543
6070,2023-07-01,1069,110.31,118.81,8.5,0.07705557066449098
6071,2023-07-01,1070,130.07,129.72,-0.35,-0.0026908587683555007
6072,2023-07-01,1071,103.41,108.19,4.78,0.04622376946136737
6073,2023-07-01,1072,127.74,136.85,9.11,0.07131673712227964
6074,2023-07-01,1073,94.45,100.45,6.0,0.06352567496029646
6075,2023-07-01,1074,103.29,106.73,3.44,0.03330428889534321
6076,2023-07-01,1075,168.63,167.36,-1.27,-0.007531281503884243
6077,2023-07-01,1076,113.54,113.53,-0.01,-8.80746873348599e-05
6078,2023-07-01,1077,148.86,151.42,2.56,0.017197366653231225
6079,2023-07-01,1078,113.01,110.49,-2.52,-0.022298911600743297
6080,2023-07-01,1079,94.93,91.69,-3.24,-0.03413041188243969
6081,2023-07-01,1080,623.26,630.95,7.69,0.012338349966306197
6082,2023-07-01,1081,531.19,531.7,0.51,0.000960108435776276
6083,2023-07-01,1082,554.39,577.29,22.9,0.041306661375565934
6084,2023-07-01,1083,635.83,658.31,22.48,0.03535536228237107
6085,2023-07-01,1084,420.9,428.0,7.1,0.016868614872891423
6086,2023-07-01,1085,460.08,447.65,-12.43,-0.027017040514693096
6087,2023-07-01,1086,430.04,456.42,26.38,0.06134313087154683
6088,2023-07-01,1087,326.0,326.0,0.0,0.0
6089,2023-07-01,1088,717.93,705.79,-12.14,-0.016909726575014276
6090,2023-07-01,1089,327.11,326.08,-1.03,-0.0031487878695240132
6091,2023-07-01,1090,417.36,419.39,2.03,0.00486390645965114
6092,2023-07-01,1091,508.12,513.89,5.77,0.011355585294812249
6093,2023-07-01,1092,450.07,445.55,-4.52,-0.010042882218321595
6094,2023-07-01,1093,399.25,417.14,17.89,0.04480901690670006
6095,2023-07-01,1094,464.86,472.19,7.33,0.01576818827173773
6096,2023-07-01,1095,524.81,557.16,32.35,0.061641355919285074
6097,2023-07-01,1096,547.67,570.6,22.93,0.04186827834279767
6098,2023-07-01,1097,462.63,489.13,26.5,0.05728119663662106
6099,2023-07-01,1098,412.92,411.94,-0.98,-0.0023733410830185024
6100,2023-07-01,1099,553.12,526.64,-26.48,-0.04787387908591264
6101,2023-07-01,1100,878.29,879.64,1.35,0.001537077730590124
6102,2023-07-01,1101,860.75,872.79,12.04,0.013987801336044147
6103,2023-07-01,1102,1175.83,1212.09,36.26,0.03083779117729604
6104,2023-07-01,1103,1203.06,1166.49,-36.57,-0.03039748640965538
6105,2023-07-01,1104,964.94,950.95,-13.99,-0.014498310775799531
6106,2023-07-01,1105,981.53,962.75,-18.78,-0.019133393783175245
6107,2023-07-01,1106,929.35,891.92,-37.43,-0.040275461343950075
6108,2023-07-01,1107,887.45,917.88,30.43,0.034289255732717336
6109,2023-07-01,1108,1030.64,1108.27,77.63,0.07532212993867887
6110,2023-07-01,1109,1004.6,1008.54,3.94,0.0039219589886522
6111,2023-07-01,1110,813.77,853.15,39.38,0.048392051808250486
6112,2023-07-01,1111,1219.5,1238.55,19.05,0.015621156211562116
6113,2023-07-01,1112,876.15,894.4,18.25,0.020829766592478458
6114,2023-07-01,1113,955.91,972.73,16.82,0.017595798767666412
6115,2023-07-01,1114,1191.52,1184.95,-6.57,-0.005513965355176581
6116,2023-07-01,1115,935.57,1001.14,65.57,0.07008561625533097
6117,2023-07-01,1116,989.85,1006.98,17.13,0.017305652371571452
6118,2023-07-01,1117,1082.8,1125.8,43.0,0.039711858145548576
6119,2023-07-01,1118,926.53,885.37,-41.16,-0.04442381790120126
6120,2023-07-01,1119,845.87,910.62,64.75,0.07654840578339461
6121,2023-07-01,1120,69.03,73.18,4.15,0.060118788932348254
6122,2023-07-01,1121,70.45,71.14,0.69,0.00979418026969482
6123,2023-07-01,1122,50.49,51.83,1.34,0.02653990889285007
6124,2023-07-01,1123,58.3,57.29,-1.01,-0.017324185248713552
6125,2023-07-01,1124,51.76,50.17,-1.59,-0.03071870170015456
6126,2023-07-01,1125,64.93,69.64,4.71,0.07253965809333128
6127,2023-07-01,1126,57.62,57.58,-0.04,-0.0006942034015966678
6128,2023-07-01,1127,46.78,46.84,0.06,0.0012825994014536127
6129,2023-07-01,1128,71.62,72.85,1.23,0.017173973750349066
6130,2023-07-01,1129,40.35,38.92,-1.43,-0.03543990086741016
6131,2023-07-01,1130,53.73,53.45,-0.28,-0.005211241392145915
6132,2023-07-01,1131,62.57,66.86,4.29,0.06856320920568963
6133,2023-07-01,1132,71.23,67.73,-3.5,-0.049136599747297484
6134,2023-07-01,1133,55.72,54.93,-0.79,-0.014178033022254127
6135,2023-07-01,1134,80.54,86.39,5.85,0.07263471566923269
6136,2023-07-01,1135,55.97,56.85,0.88,0.015722708593889585
6137,2023-07-01,1136,53.97,56.61,2.64,0.048916064480266815
6138,2023-07-01,1137,49.88,51.3,1.42,0.02846832397754611
6139,2023-07-01,1138,50.59,54.1,3.51,0.06938130065230283
6140,2023-07-01,1139,57.61,60.02,2.41,0.04183301510154487
6141,2023-07-01,1140,735.99,793.93,57.94,0.07872389570510469
6142,2023-07-01,1141,629.73,620.0,-9.73,-0.015451066330014451
6143,2023-07-01,1142,617.06,644.14,27.08,0.04388552166726088
6144,2023-07-01,1143,662.19,650.9,-11.29,-0.017049487307268307
6145,2023-07-01,1144,701.36,707.94,6.58,0.009381772556176572
6146,2023-07-01,1145,698.17,741.38,43.21,0.06189037054012633
6147,2023-07-01,1146,539.73,535.63,-4.1,-0.0075963907879865854
6148,2023-07-01,1147,769.32,748.6,-20.72,-0.026932875786408777
6149,2023-07-01,1148,619.72,604.44,-15.28,-0.024656296391918932
6150,2023-07-01,1149,674.37,648.6,-25.77,-0.038213443658525734
6151,2023-07-01,1150,585.3,621.11,35.81,0.06118229967538015
6152,2023-07-01,1151,550.61,572.37,21.76,0.0395198053068415
6153,2023-07-01,1152,702.68,713.27,10.59,0.015070871520464508
6154,2023-07-01,1153,606.64,605.27,-1.37,-0.0022583410259791638
6155,2023-07-01,1154,746.13,800.02,53.89,0.07222601959444065
6156,2023-07-01,1155,581.94,571.75,-10.19,-0.0175103962607829
6157,2023-07-01,1156,494.49,528.2,33.71,0.0681712471435216
6158,2023-07-01,1157,540.02,581.83,41.81,0.07742305840524424
6159,2023-07-01,1158,759.77,725.42,-34.35,-0.04521105071271569
6160,2023-07-01,1159,645.9,666.26,20.36,0.03152190741600867
6161,2023-07-01,1160,49.82,49.84,0.02,0.0004014452027298273
6162,2023-07-01,1161,44.25,43.77,-0.48,-0.010847457627118645
6163,2023-07-01,1162,46.66,46.22,-0.44,-0.009429918559794257
6164,2023-07-01,1163,44.46,47.97,3.51,0.07894736842105263
6165,2023-07-01,1164,33.69,35.61,1.92,0.05699020480854853
6166,2023-07-01,1165,43.33,46.64,3.31,0.0763904915762751
6167,2023-07-01,1166,39.91,41.71,1.8,0.045101478326234026
6168,2023-07-01,1167,61.93,62.3,0.37,0.005974487324398515
6169,2023-07-01,1168,46.58,48.71,2.13,0.045727780163160155
6170,2023-07-01,1169,56.28,56.7,0.42,0.007462686567164179
6171,2023-07-01,1170,40.32,39.14,-1.18,-0.029265873015873016
6172,2023-07-01,1171,33.92,35.64,1.72,0.05070754716981132
6173,2023-07-01,1172,52.66,54.84,2.18,0.04139764527155336
6174,2023-07-01,1173,49.85,51.72,1.87,0.037512537612838515
6175,2023-07-01,1174,47.95,50.01,2.06,0.04296141814389989
6176,2023-07-01,1175,44.05,46.68,2.63,0.05970488081725312
6177,2023-07-01,1176,40.99,43.24,2.25,0.054891436935838006
6178,2023-07-01,1177,58.45,62.81,4.36,0.07459366980325065
6179,2023-07-01,1178,40.88,40.66,-0.22,-0.0053816046966731895
6180,2023-07-01,1179,45.57,48.39,2.82,0.06188281764318631
6181,2023-07-01,1180,79.72,80.42,0.7,0.008780732563973909
6182,2023-07-01,1181,79.5,80.36,0.86,0.010817610062893081
6183,2023-07-01,1182,107.15,113.12,5.97,0.05571628558096127
6184,2023-07-01,1183,119.4,119.52,0.12,0.0010050251256281408
6185,2023-07-01,1184,93.67,90.57,-3.1,-0.033094907654531866
6186,2023-07-01,1185,79.22,83.59,4.37,0.05516283766725574
6187,2023-07-01,1186,80.92,83.15,2.23,0.027558082056351952
6188,2023-07-01,1187,123.96,118.05,-5.91,-0.04767666989351404
6189,2023-07-01,1188,88.43,88.99,0.56,0.006332692525161145
6190,2023-07-01,1189,87.25,90.02,2.77,0.03174785100286533
6191,2023-07-01,1190,58.21,62.58,4.37,0.07507301151004982
6192,2023-07-01,1191,67.07,67.06,-0.01,-0.0001490979573579841
6193,2023-07-01,1192,118.54,118.01,-0.53,-0.004471064619537709
6194,2023-07-01,1193,103.64,99.03,-4.61,-0.04448089540717869
6195,2023-07-01,1194,131.63,141.25,9.62,0.07308364354630403
6196,2023-07-01,1195,82.53,80.11,-2.42,-0.02932267054404459
6197,2023-07-01,1196,96.65,102.94,6.29,0.06508018623900673
6198,2023-07-01,1197,100.26,103.95,3.69,0.03680430879712747
6199,2023-07-01,1198,112.92,114.22,1.3,0.011512575274530642
6200,2023-07-01,1199,112.99,111.22,-1.77,-0.0156651031064696
6201,2023-08-01,1000,724.6,733.64,9.04,0.012475848744134694
6202,2023-08-01,1001,702.06,718.34,16.28,0.023188901233512804
6203,2023-08-01,1002,768.44,787.38,18.94,0.024647337462911874
6204,2023-08-01,1003,813.17,813.43,0.26,0.0003197363404946075
6205,2023-08-01,1004,817.28,797.81,-19.47,-0.023822924823805793
6206,2023-08-01,1005,852.12,864.59,12.47,0.014634089095432568
6207,2023-08-01,1006,768.15,805.98,37.83,0.04924819371216559
6208,2023-08-01,1007,1078.51,1044.82,-33.69,-0.031237540681124887
6209,2023-08-01,1008,754.44,762.06,7.62,0.010100206775886751
6210,2023-08-01,1009,594.64,595.97,1.33,0.0022366473832907303
6211,2023-08-01,1010,563.96,560.29,-3.67,-0.006507553727214696
6212,2023-08-01,1011,732.99,780.47,47.48,0.06477578138855919
6213,2023-08-01,1012,829.45,842.86,13.41,0.016167339803484237
6214,2023-08-01,1013,571.14,561.32,-9.82,-0.01719368280981896
6215,2023-08-01,1014,609.98,598.61,-11.37,-0.018639955408374046
6216,2023-08-01,1015,558.51,588.59,30.08,0.05385758536104994
6217,2023-08-01,1016,749.12,776.5,27.38,0.036549551473729174
6218,2023-08-01,1017,772.25,820.35,48.1,0.06228552929750728
6219,2023-08-01,1018,577.96,582.72,4.76,0.008235864073638313
6220,2023-08-01,1019,625.18,626.39,1.21,0.0019354425925333504
6221,2023-08-01,1020,564.89,575.08,10.19,0.018038910230310325
6222,2023-08-01,1021,416.03,416.42,0.39,0.0009374323967021609
6223,2023-08-01,1022,514.98,500.93,-14.05,-0.027282612917006486
6224,2023-08-01,1023,462.8,451.99,-10.81,-0.02335782195332757
6225,2023-08-01,1024,421.44,451.28,29.84,0.0708048595292331
6226,2023-08-01,1025,405.97,391.57,-14.4,-0.03547060127595635
6227,2023-08-01,1026,440.6,437.24,-3.36,-0.007625964593735815
6228,2023-08-01,1027,647.37,627.0,-20.37,-0.03146577691273924
6229,2023-08-01,1028,492.33,511.27,18.94,0.03847013182215181
6230,2023-08-01,1029,509.68,504.2,-5.48,-0.010751844294459268
6231,2023-08-01,1030,425.39,422.74,-2.65,-0.006229577564117633
6232,2023-08-01,1031,544.84,567.0,22.16,0.04067249100653403
6233,2023-08-01,1032,490.54,498.41,7.87,0.016043543849635095
6234,2023-08-01,1033,573.52,562.37,-11.15,-0.019441344678476774
6235,2023-08-01,1034,525.44,501.05,-24.39,-0.04641823995127893
6236,2023-08-01,1035,601.62,638.05,36.43,0.06055317309929856
6237,2023-08-01,1036,439.57,431.46,-8.11,-0.01844984871579043
6238,2023-08-01,1037,563.86,549.18,-14.68,-0.026034831341113042
6239,2023-08-01,1038,385.75,403.78,18.03,0.0467401166558652
6240,2023-08-01,1039,685.48,738.76,53.28,0.07772655657349595
6241,2023-08-01,1040,281.41,284.84,3.43,0.012188621584165452
6242,2023-08-01,1041,275.09,276.17,1.08,0.00392598785851903
6243,2023-08-01,1042,342.66,327.31,-15.35,-0.044796591373373024
6244,2023-08-01,1043,345.8,349.5,3.7,0.010699826489300174
6245,2023-08-01,1044,287.64,274.63,-13.01,-0.045230148797107496
6246,2023-08-01,1045,314.51,301.66,-12.85,-0.040857206448125655
6247,2023-08-01,1046,361.2,357.05,-4.15,-0.011489479512735327
6248,2023-08-01,1047,281.64,296.56,14.92,0.05297542962647351
6249,2023-08-01,1048,305.19,320.71,15.52,0.05085356663062355
6250,2023-08-01,1049,418.55,415.99,-2.56,-0.006116354079560387
6251,2023-08-01,1050,323.49,337.09,13.6,0.04204148505363381
6252,2023-08-01,1051,298.35,310.36,12.01,0.04025473437238143
6253,2023-08-01,1052,299.19,310.12,10.93,0.03653196965139209
6254,2023-08-01,1053,387.5,406.2,18.7,0.04825806451612903
6255,2023-08-01,1054,352.39,373.61,21.22,0.060217372797184934
6256,2023-08-01,1055,316.97,321.5,4.53,0.014291573335015932
6257,2023-08-01,1056,304.7,296.51,-8.19,-0.02687889727600919
6258,2023-08-01,1057,307.22,299.37,-7.85,-0.02555172189310592
6259,2023-08-01,1058,266.57,285.99,19.42,0.07285140863563042
6260,2023-08-01,1059,299.71,320.27,20.56,0.06859964632478062
6261,2023-08-01,1060,74.99,79.24,4.25,0.05667422322976397
6262,2023-08-01,1061,158.5,152.29,-6.21,-0.03917981072555205
6263,2023-08-01,1062,115.97,120.55,4.58,0.0394929723204277
6264,2023-08-01,1063,89.75,85.84,-3.91,-0.043565459610027855
6265,2023-08-01,1064,87.41,90.07,2.66,0.03043130076650269
6266,2023-08-01,1065,90.29,96.05,5.76,0.06379444013733525
6267,2023-08-01,1066,97.04,96.15,-0.89,-0.009171475680131904
6268,2023-08-01,1067,91.94,93.05,1.11,0.012073091146399826
6269,2023-08-01,1068,122.85,127.76,4.91,0.03996743996743997
6270,2023-08-01,1069,113.23,117.58,4.35,0.03841738055285702
6271,2023-08-01,1070,126.5,133.76,7.26,0.057391304347826085
6272,2023-08-01,1071,101.56,100.49,-1.07,-0.010535643954312722
6273,2023-08-01,1072,131.34,136.28,4.94,0.037612303943962234
6274,2023-08-01,1073,95.88,102.96,7.08,0.07384230287859825
6275,2023-08-01,1074,99.82,107.42,7.6,0.07613704668403126
6276,2023-08-01,1075,159.7,152.68,-7.02,-0.04395742016280526
6277,2023-08-01,1076,112.74,117.17,4.43,0.039293950682987404
6278,2023-08-01,1077,148.02,155.26,7.24,0.048912309147412514
6279,2023-08-01,1078,108.48,116.01,7.53,0.0694137168141593
6280,2023-08-01,1079,90.82,91.03,0.21,0.002312266020700286
6281,2023-08-01,1080,623.94,624.87,0.93,0.0014905279353784016
6282,2023-08-01,1081,522.51,504.59,-17.92,-0.03429599433503665
6283,2023-08-01,1082,540.6,563.36,22.76,0.042101368849426564
6284,2023-08-01,1083,606.98,606.73,-0.25,-0.0004118751853438334
6285,2023-08-01,1084,409.33,400.79,-8.54,-0.02086336207949576
6286,2023-08-01,1085,474.66,505.85,31.19,0.06571019255888426
6287,2023-08-01,1086,447.98,465.62,17.64,0.039376757890977276
6288,2023-08-01,1087,318.22,313.5,-4.72,-0.014832505813588083
6289,2023-08-01,1088,767.13,753.4,-13.73,-0.01789787910784352
6290,2023-08-01,1089,337.06,350.05,12.99,0.038539132498664926
6291,2023-08-01,1090,422.44,423.09,0.65,0.0015386800492377616
6292,2023-08-01,1091,465.99,499.68,33.69,0.07229768879160497
6293,2023-08-01,1092,464.43,481.05,16.62,0.03578580195077837
6294,2023-08-01,1093,426.35,450.66,24.31,0.05701888120089128
6295,2023-08-01,1094,466.43,450.45,-15.98,-0.03426023197478721
6296,2023-08-01,1095,517.99,512.3,-5.69,-0.010984768045715168
6297,2023-08-01,1096,537.13,563.68,26.55,0.04942937463928658
6298,2023-08-01,1097,443.63,466.04,22.41,0.05051506886369272
6299,2023-08-01,1098,397.15,410.63,13.48,0.03394183557849679
6300,2023-08-01,1099,558.47,594.57,36.1,0.06464089387075403
6301,2023-08-01,1100,902.65,896.15,-6.5,-0.007201019221182075
6302,2023-08-01,1101,900.64,957.8,57.16,0.06346597974773495
6303,2023-08-01,1102,1120.92,1179.7,58.78,0.05243906790850373
6304,2023-08-01,1103,1215.05,1220.35,5.3,0.004361960413151722
6305,2023-08-01,1104,929.98,1001.76,71.78,0.07718445557968989
6306,2023-08-01,1105,909.74,897.67,-12.07,-0.013267526985732187
6307,2023-08-01,1106,932.11,974.57,42.46,0.045552563538638145
6308,2023-08-01,1107,896.56,932.5,35.94,0.04008655304720264
6309,2023-08-01,1108,1030.24,1105.97,75.73,0.07350714396645441
6310,2023-08-01,1109,991.11,1060.58,69.47,0.07009312790709407
6311,2023-08-01,1110,863.45,822.48,-40.97,-0.047449186403381784
6312,2023-08-01,1111,1206.97,1248.74,41.77,0.034607322468661196
6313,2023-08-01,1112,854.01,851.7,-2.31,-0.0027048863596445005
6314,2023-08-01,1113,977.41,931.37,-46.04,-0.047104081194176445
6315,2023-08-01,1114,1239.71,1315.65,75.94,0.06125626154503876
6316,2023-08-01,1115,935.47,913.95,-21.52,-0.023004479031930473
6317,2023-08-01,1116,1022.93,1044.54,21.61,0.02112559021633934
6318,2023-08-01,1117,1075.21,1113.02,37.81,0.03516522353772751
6319,2023-08-01,1118,923.87,991.31,67.44,0.07299728316754522
6320,2023-08-01,1119,842.71,844.9,2.19,0.002598758766360907
6321,2023-08-01,1120,66.17,67.72,1.55,0.023424512619011635
6322,2023-08-01,1121,73.27,75.27,2.0,0.027296301351166917
6323,2023-08-01,1122,50.04,50.66,0.62,0.012390087929656275
6324,2023-08-01,1123,60.33,61.91,1.58,0.02618929222608984
6325,2023-08-01,1124,53.82,55.54,1.72,0.031958379784466744
6326,2023-08-01,1125,65.27,62.32,-2.95,-0.04519687452121955
6327,2023-08-01,1126,56.98,58.38,1.4,0.02457002457002457
6328,2023-08-01,1127,45.84,46.32,0.48,0.010471204188481676
6329,2023-08-01,1128,73.78,78.45,4.67,0.06329628625643806
6330,2023-08-01,1129,38.75,39.69,0.94,0.02425806451612903
6331,2023-08-01,1130,52.83,53.81,0.98,0.018550066250236606
6332,2023-08-01,1131,61.94,64.06,2.12,0.0342266709719083
6333,2023-08-01,1132,70.37,74.65,4.28,0.06082137274406708
6334,2023-08-01,1133,55.3,53.16,-2.14,-0.038698010849909585
6335,2023-08-01,1134,77.49,77.15,-0.34,-0.00438766292424829
6336,2023-08-01,1135,57.92,59.13,1.21,0.02089088397790055
6337,2023-08-01,1136,55.26,56.6,1.34,0.024249004705030764
6338,2023-08-01,1137,52.0,52.87,0.87,0.01673076923076923
6339,2023-08-01,1138,49.3,53.01,3.71,0.07525354969574037
6340,2023-08-01,1139,61.68,66.46,4.78,0.07749675745784695
6341,2023-08-01,1140,744.04,729.67,-14.37,-0.019313477770012365
6342,2023-08-01,1141,615.34,661.35,46.01,0.07477167094614359
6343,2023-08-01,1142,640.56,622.43,-18.13,-0.028303359560384662
6344,2023-08-01,1143,680.3,669.87,-10.43,-0.015331471409672203
6345,2023-08-01,1144,670.61,652.7,-17.91,-0.02670702792979526
6346,2023-08-01,1145,691.66,688.86,-2.8,-0.004048231790185929
6347,2023-08-01,1146,549.28,567.51,18.23,0.033188901835129625
6348,2023-08-01,1147,730.21,769.31,39.1,0.053546240122704425
6349,2023-08-01,1148,610.28,611.64,1.36,0.0022284852854427477
6350,2023-08-01,1149,701.95,684.74,-17.21,-0.024517415770354014
6351,2023-08-01,1150,635.21,610.88,-24.33,-0.038302293729632717
6352,2023-08-01,1151,538.99,521.69,-17.3,-0.032097070446576004
6353,2023-08-01,1152,687.03,703.26,16.23,0.0236234225579669
6354,2023-08-01,1153,583.98,604.63,20.65,0.0353608000273982
6355,2023-08-01,1154,755.67,782.41,26.74,0.035385816560138686
6356,2023-08-01,1155,583.7,617.39,33.69,0.05771800582491006
6357,2023-08-01,1156,517.56,531.52,13.96,0.026972718138959736
6358,2023-08-01,1157,541.98,552.49,10.51,0.01939185947820953
6359,2023-08-01,1158,762.45,766.3,3.85,0.005049511443373336
6360,2023-08-01,1159,617.79,662.15,44.36,0.07180433480632577
6361,2023-08-01,1160,51.27,55.36,4.09,0.07977374683050517
6362,2023-08-01,1161,45.32,44.32,-1.0,-0.02206531332744925
6363,2023-08-01,1162,47.73,47.56,-0.17,-0.0035617012361198407
6364,2023-08-01,1163,46.74,44.86,-1.88,-0.04022250748823278
6365,2023-08-01,1164,34.44,33.98,-0.46,-0.013356562137049941
6366,2023-08-01,1165,43.16,42.86,-0.3,-0.006950880444856348
6367,2023-08-01,1166,41.45,40.35,-1.1,-0.026537997587454766
6368,2023-08-01,1167,60.07,59.23,-0.84,-0.013983685700016648
6369,2023-08-01,1168,48.56,49.36,0.8,0.016474464579901153
6370,2023-08-01,1169,55.51,53.95,-1.56,-0.02810304449648712
6371,2023-08-01,1170,37.67,40.36,2.69,0.07140960976904699
6372,2023-08-01,1171,34.3,36.99,2.69,0.07842565597667639
6373,2023-08-01,1172,50.52,49.76,-0.76,-0.015043547110055424
6374,2023-08-01,1173,49.28,53.13,3.85,0.078125
6375,2023-08-01,1174,46.45,45.17,-1.28,-0.027556512378902047
6376,2023-08-01,1175,44.74,42.5,-2.24,-0.05006705409029951
6377,2023-08-01,1176,42.63,42.5,-0.13,-0.0030494956603330987
6378,2023-08-01,1177,60.07,59.81,-0.26,-0.004328283669052772
6379,2023-08-01,1178,41.47,42.57,1.1,0.026525198938992044
6380,2023-08-01,1179,45.22,47.02,1.8,0.039805395842547546
6381,2023-08-01,1180,77.11,74.69,-2.42,-0.03138373751783167
6382,2023-08-01,1181,78.81,76.71,-2.1,-0.026646364674533688
6383,2023-08-01,1182,109.51,110.64,1.13,0.010318692356862388
6384,2023-08-01,1183,123.53,132.3,8.77,0.0709949000242856
6385,2023-08-01,1184,95.68,100.88,5.2,0.05434782608695652
6386,2023-08-01,1185,83.74,81.97,-1.77,-0.021136852161452113
6387,2023-08-01,1186,83.8,80.05,-3.75,-0.04474940334128878
6388,2023-08-01,1187,121.23,119.63,-1.6,-0.013198053287140146
6389,2023-08-01,1188,87.79,83.65,-4.14,-0.04715799065952842
6390,2023-08-01,1189,90.16,88.08,-2.08,-0.023070097604259095
6391,2023-08-01,1190,59.63,57.55,-2.08,-0.03488177092067751
6392,2023-08-01,1191,69.01,74.15,5.14,0.07448195913635705
6393,2023-08-01,1192,112.36,117.0,4.64,0.041295834816660736
6394,2023-08-01,1193,103.08,108.03,4.95,0.0480209545983702
6395,2023-08-01,1194,128.54,132.51,3.97,0.03088532752450599
6396,2023-08-01,1195,83.6,87.7,4.1,0.04904306220095694
6397,2023-08-01,1196,98.27,98.27,0.0,0.0
6398,2023-08-01,1197,102.13,106.43,4.3,0.04210320180162538
6399,2023-08-01,1198,116.45,118.08,1.63,0.013997423787033062
6400,2023-08-01,1199,114.28,120.64,6.36,0.055652782639131954
6401,2023-09-01,1000,743.28,741.79,-1.49,-0.002004628134754063
6402,2023-09-01,1001,747.83,797.61,49.78,0.06656593075966463
6403,2023-09-01,1002,763.88,782.72,18.84,0.02466355972142221
6404,2023-09-01,1003,784.12,769.6,-14.52,-0.01851757384073866
6405,2023-09-01,1004,817.23,815.86,-1.37,-0.001676394650220868
6406,2023-09-01,1005,891.15,901.3,10.15,0.011389777254109858
6407,2023-09-01,1006,749.44,807.0,57.56,0.07680401366353544
6408,2023-09-01,1007,1052.34,1070.54,18.2,0.01729479065701199
6409,2023-09-01,1008,712.04,736.91,24.87,0.034927813044211
6410,2023-09-01,1009,580.36,616.02,35.66,0.06144462058032945
6411,2023-09-01,1010,581.14,600.12,18.98,0.032659944247513506
6412,2023-09-01,1011,702.68,752.62,49.94,0.07107075767063244
6413,2023-09-01,1012,785.9,775.37,-10.53,-0.013398651227891589
6414,2023-09-01,1013,579.31,564.06,-15.25,-0.026324420431202637
6415,2023-09-01,1014,605.83,598.24,-7.59,-0.012528267005595629
6416,2023-09-01,1015,577.37,583.21,5.84,0.010114831044217745
6417,2023-09-01,1016,771.41,799.8,28.39,0.03680273784368883
6418,2023-09-01,1017,845.22,908.48,63.26,0.07484441920446748
6419,2023-09-01,1018,604.78,611.78,7.0,0.011574456827276034
6420,2023-09-01,1019,660.26,691.74,31.48,0.047678187380728806
6421,2023-09-01,1020,583.81,617.15,33.34,0.05710762062999949
6422,2023-09-01,1021,393.31,413.5,20.19,0.05133355368538812
6423,2023-09-01,1022,511.45,541.88,30.43,0.05949750708769186
6424,2023-09-01,1023,471.77,489.63,17.86,0.037857430527587596
6425,2023-09-01,1024,417.21,449.12,31.91,0.07648426451906713
6426,2023-09-01,1025,411.56,428.07,16.51,0.04011565749829915
6427,2023-09-01,1026,440.88,423.05,-17.83,-0.04044184358555616
6428,2023-09-01,1027,630.09,602.61,-27.48,-0.04361281721658811
6429,2023-09-01,1028,482.22,481.72,-0.5,-0.0010368711376550121
6430,2023-09-01,1029,519.81,553.24,33.43,0.06431196013928166
6431,2023-09-01,1030,423.78,404.53,-19.25,-0.04542451271886356
6432,2023-09-01,1031,557.83,554.21,-3.62,-0.006489432264309915
6433,2023-09-01,1032,489.0,487.43,-1.57,-0.0032106339468302657
6434,2023-09-01,1033,554.96,539.22,-15.74,-0.028362404497621452
6435,2023-09-01,1034,495.93,523.75,27.82,0.056096626540035895
6436,2023-09-01,1035,581.98,557.09,-24.89,-0.042767792707653185
6437,2023-09-01,1036,447.68,460.71,13.03,0.029105611150822015
6438,2023-09-01,1037,590.79,619.47,28.68,0.04854516833392576
6439,2023-09-01,1038,384.61,397.98,13.37,0.03476248667481345
6440,2023-09-01,1039,637.74,612.59,-25.15,-0.03943613384764951
6441,2023-09-01,1040,285.37,304.54,19.17,0.06717594701615447
6442,2023-09-01,1041,261.96,267.38,5.42,0.02069018170713086
6443,2023-09-01,1042,340.82,359.8,18.98,0.05568922011619037
6444,2023-09-01,1043,340.01,338.09,-1.92,-0.0056468927384488695
6445,2023-09-01,1044,292.48,303.79,11.31,0.038669310722100655
6446,2023-09-01,1045,302.79,317.37,14.58,0.048152184682453185
6447,2023-09-01,1046,371.19,395.85,24.66,0.06643497939060858
6448,2023-09-01,1047,277.64,265.55,-12.09,-0.04354559861691399
6449,2023-09-01,1048,319.45,341.19,21.74,0.06805446861793708
6450,2023-09-01,1049,422.53,425.34,2.81,0.006650415355122713
6451,2023-09-01,1050,321.27,329.11,7.84,0.024403149998443677
6452,2023-09-01,1051,303.32,305.59,2.27,0.007483845443755769
6453,2023-09-01,1052,300.35,298.87,-1.48,-0.004927584484767771
6454,2023-09-01,1053,398.3,416.76,18.46,0.04634697464222948
6455,2023-09-01,1054,348.92,373.78,24.86,0.0712484237074401
6456,2023-09-01,1055,319.71,310.37,-9.34,-0.029213975164993276
6457,2023-09-01,1056,299.07,296.16,-2.91,-0.0097301635068713
6458,2023-09-01,1057,306.29,305.29,-1.0,-0.0032648796891834534
6459,2023-09-01,1058,279.59,281.54,1.95,0.006974498372617047
6460,2023-09-01,1059,314.99,302.85,-12.14,-0.03854090606050986
6461,2023-09-01,1060,77.19,75.09,-2.1,-0.027205596579867857
6462,2023-09-01,1061,160.01,165.81,5.8,0.03624773451659271
6463,2023-09-01,1062,119.19,116.89,-2.3,-0.019296920882624382
6464,2023-09-01,1063,91.44,97.03,5.59,0.061132983377077864
6465,2023-09-01,1064,89.19,86.92,-2.27,-0.025451283776208096
6466,2023-09-01,1065,91.9,92.78,0.88,0.009575625680087052
6467,2023-09-01,1066,96.3,92.58,-3.72,-0.038629283489096576
6468,2023-09-01,1067,97.97,100.92,2.95,0.030111258548535264
6469,2023-09-01,1068,121.92,127.04,5.12,0.04199475065616798
6470,2023-09-01,1069,110.19,118.29,8.1,0.07350939286686632
6471,2023-09-01,1070,129.55,133.87,4.32,0.033346198379004245
6472,2023-09-01,1071,102.86,100.02,-2.84,-0.027610344157106746
6473,2023-09-01,1072,131.12,136.37,5.25,0.040039658328248934
6474,2023-09-01,1073,88.21,86.27,-1.94,-0.02199297131844462
6475,2023-09-01,1074,104.86,99.74,-5.12,-0.04882700743848942
6476,2023-09-01,1075,163.84,160.53,-3.31,-0.02020263671875
6477,2023-09-01,1076,114.02,122.69,8.67,0.07603929135239432
6478,2023-09-01,1077,156.17,150.81,-5.36,-0.03432157264519434
6479,2023-09-01,1078,114.02,111.43,-2.59,-0.02271531310296439
6480,2023-09-01,1079,97.65,101.38,3.73,0.03819764464925755
6481,2023-09-01,1080,629.24,675.17,45.93,0.0729928167312949
6482,2023-09-01,1081,540.05,558.63,18.58,0.034404221831311914
6483,2023-09-01,1082,562.49,549.96,-12.53,-0.022275951572472398
6484,2023-09-01,1083,597.66,633.83,36.17,0.06051935883278118
6485,2023-09-01,1084,418.6,409.48,-9.12,-0.02178690874343048
6486,2023-09-01,1085,461.05,451.88,-9.17,-0.019889382930267867
6487,2023-09-01,1086,401.94,386.61,-15.33,-0.03814002089864159
6488,2023-09-01,1087,326.91,346.21,19.3,0.05903765562387201
6489,2023-09-01,1088,727.51,766.99,39.48,0.054267295294910034
6490,2023-09-01,1089,326.65,346.15,19.5,0.0596969233124139
6491,2023-09-01,1090,427.47,460.7,33.23,0.07773644934147425
6492,2023-09-01,1091,497.86,481.29,-16.57,-0.03328244888121158
6493,2023-09-01,1092,460.34,488.6,28.26,0.06138940782899596
6494,2023-09-01,1093,425.51,412.17,-13.34,-0.03135061455664967
6495,2023-09-01,1094,470.56,454.01,-16.55,-0.035170860251615095
6496,2023-09-01,1095,516.76,527.22,10.46,0.020241504760430375
6497,2023-09-01,1096,563.5,604.98,41.48,0.07361135758651287
6498,2023-09-01,1097,444.74,430.77,-13.97,-0.0314116112784998
6499,2023-09-01,1098,391.96,387.15,-4.81,-0.012271660373507501
6500,2023-09-01,1099,584.81,604.75,19.94,0.03409654417674116
6501,2023-09-01,1100,890.0,935.56,45.56,0.051191011235955056
6502,2023-09-01,1101,862.29,831.9,-30.39,-0.035243363601572555
6503,2023-09-01,1102,1138.84,1142.56,3.72,0.0032664816831161534
6504,2023-09-01,1103,1177.76,1200.47,22.71,0.01928236652628719
6505,2023-09-01,1104,907.68,901.31,-6.37,-0.0070178917680239735
6506,2023-09-01,1105,897.87,962.11,64.24,0.07154710592847517
6507,2023-09-01,1106,950.01,1000.97,50.96,0.05364154061536194
6508,2023-09-01,1107,873.61,860.32,-13.29,-0.015212737949428234
6509,2023-09-01,1108,1003.9,973.12,-30.78,-0.03066042434505429
6510,2023-09-01,1109,1031.06,1019.93,-11.13,-0.01079471611739375
6511,2023-09-01,1110,803.69,843.34,39.65,0.049334942577361915
6512,2023-09-01,1111,1197.76,1225.04,27.28,0.02277584825006679
6513,2023-09-01,1112,888.9,902.7,13.8,0.015524805939925751
6514,2023-09-01,1113,962.72,1035.58,72.86,0.07568140269237161
6515,2023-09-01,1114,1235.08,1187.08,-48.0,-0.038863879262881755
6516,2023-09-01,1115,965.7,930.34,-35.36,-0.036615926271098685
6517,2023-09-01,1116,982.5,1029.21,46.71,0.04754198473282443
6518,2023-09-01,1117,1081.8,1116.7,34.9,0.03226104640414124
6519,2023-09-01,1118,913.18,939.4,26.22,0.02871284960248801
6520,2023-09-01,1119,806.22,866.83,60.61,0.0751779911190494
6521,2023-09-01,1120,68.92,66.65,-2.27,-0.03293673824724318
6522,2023-09-01,1121,68.78,72.87,4.09,0.05946496074440244
6523,2023-09-01,1122,49.32,49.32,0.0,0.0
6524,2023-09-01,1123,60.17,63.76,3.59,0.05966428452717301
6525,2023-09-01,1124,50.49,53.25,2.76,0.05466428995840761
6526,2023-09-01,1125,65.85,70.76,4.91,0.07456340167046317
6527,2023-09-01,1126,57.88,61.43,3.55,0.06133379405666897
6528,2023-09-01,1127,45.0,44.93,-0.07,-0.0015555555555555555
6529,2023-09-01,1128,75.73,73.39,-2.34,-0.030899247326026672
6530,2023-09-01,1129,40.27,41.27,1.0,0.024832381425378695
6531,2023-09-01,1130,54.78,57.64,2.86,0.05220883534136546
6532,2023-09-01,1131,63.14,63.84,0.7,0.011086474501108647
6533,2023-09-01,1132,70.63,72.19,1.56,0.022086931898626646
6534,2023-09-01,1133,56.73,55.38,-1.35,-0.023796932839767318
6535,2023-09-01,1134,79.61,77.35,-2.26,-0.028388393417912324
6536,2023-09-01,1135,55.64,59.35,3.71,0.06667864845434938
6537,2023-09-01,1136,54.75,59.01,4.26,0.07780821917808219
6538,2023-09-01,1137,51.8,53.06,1.26,0.024324324324324326
6539,2023-09-01,1138,49.27,51.98,2.71,0.05500304444895474
6540,2023-09-01,1139,61.84,65.15,3.31,0.05352522639068564
6541,2023-09-01,1140,714.75,710.23,-4.52,-0.0063238894718433015
6542,2023-09-01,1141,650.1,627.19,-22.91,-0.03524073219504691
6543,2023-09-01,1142,633.4,617.48,-15.92,-0.025134196400378908
6544,2023-09-01,1143,642.3,649.94,7.64,0.011894753230577612
6545,2023-09-01,1144,686.53,738.3,51.77,0.07540821231410134
6546,2023-09-01,1145,673.28,683.35,10.07,0.014956630228136883
6547,2023-09-01,1146,530.77,519.06,-11.71,-0.02206228686625092
6548,2023-09-01,1147,740.82,743.69,2.87,0.0038740854728544047
6549,2023-09-01,1148,616.29,648.37,32.08,0.05205341641110516
6550,2023-09-01,1149,686.34,735.86,49.52,0.07215082903517207
6551,2023-09-01,1150,582.53,571.52,-11.01,-0.018900314146910888
6552,2023-09-01,1151,583.57,597.66,14.09,0.0241444899497918
6553,2023-09-01,1152,676.43,680.9,4.47,0.00660822258031134
6554,2023-09-01,1153,600.36,589.72,-10.64,-0.01772269971350523
6555,2023-09-01,1154,768.72,806.67,37.95,0.049367780206056824
6556,2023-09-01,1155,585.1,628.53,43.43,0.07422662792685011
6557,2023-09-01,1156,483.59,502.4,18.81,0.03889658595090883
6558,2023-09-01,1157,521.67,538.53,16.86,0.0323192823049054
6559,2023-09-01,1158,722.58,745.96,23.38,0.032356278889534726
6560,2023-09-01,1159,641.36,644.81,3.45,0.005379194212298865
6561,2023-09-01,1160,49.81,49.71,-0.1,-0.0020076289901626177
6562,2023-09-01,1161,42.64,43.27,0.63,0.01477485928705441
6563,2023-09-01,1162,45.8,48.73,2.93,0.06397379912663756
6564,2023-09-01,1163,46.96,50.39,3.43,0.07304088586030665
6565,2023-09-01,1164,33.29,32.88,-0.41,-0.012316010814058276
6566,2023-09-01,1165,43.73,44.33,0.6,0.01372055796935742
6567,2023-09-01,1166,38.27,38.18,-0.09,-0.0023517115233864646
6568,2023-09-01,1167,59.04,57.19,-1.85,-0.031334688346883466
6569,2023-09-01,1168,47.18,45.64,-1.54,-0.032640949554896145
6570,2023-09-01,1169,56.98,55.83,-1.15,-0.020182520182520182
6571,2023-09-01,1170,39.87,39.89,0.02,0.0005016302984700275
6572,2023-09-01,1171,33.46,33.07,-0.39,-0.011655708308427973
6573,2023-09-01,1172,50.72,51.59,0.87,0.01715299684542587
6574,2023-09-01,1173,51.0,53.65,2.65,0.05196078431372549
6575,2023-09-01,1174,47.31,49.21,1.9,0.040160642570281124
6576,2023-09-01,1175,46.04,49.38,3.34,0.07254561251086013
6577,2023-09-01,1176,42.36,45.71,3.35,0.07908404154863079
6578,2023-09-01,1177,59.78,61.53,1.75,0.02927400468384075
6579,2023-09-01,1178,42.12,40.84,-1.28,-0.030389363722697058
6580,2023-09-01,1179,46.49,48.21,1.72,0.03699720369972037
6581,2023-09-01,1180,77.95,83.16,5.21,0.06683771648492623
6582,2023-09-01,1181,83.44,82.0,-1.44,-0.01725790987535954
6583,2023-09-01,1182,105.09,112.6,7.51,0.07146255590446284
6584,2023-09-01,1183,121.18,120.2,-0.98,-0.008087143092919623
6585,2023-09-01,1184,94.36,96.13,1.77,0.018757948283170834
6586,2023-09-01,1185,83.39,84.94,1.55,0.01858736059479554
6587,2023-09-01,1186,83.35,84.54,1.19,0.014277144571085783
6588,2023-09-01,1187,126.06,127.78,1.72,0.013644296366809456
6589,2023-09-01,1188,90.76,93.37,2.61,0.02875716174526223
6590,2023-09-01,1189,89.06,88.55,-0.51,-0.005726476532674601
6591,2023-09-01,1190,57.64,60.08,2.44,0.04233171408743928
6592,2023-09-01,1191,68.91,66.09,-2.82,-0.04092294296909012
6593,2023-09-01,1192,108.05,114.61,6.56,0.06071263304025914
6594,2023-09-01,1193,104.23,107.48,3.25,0.031181041926508682
6595,2023-09-01,1194,124.45,131.88,7.43,0.0597026918441141
6596,2023-09-01,1195,85.94,87.05,1.11,0.01291598789853386
6597,2023-09-01,1196,101.14,98.38,-2.76,-0.02728890646628436
6598,2023-09-01,1197,102.57,98.71,-3.86,-0.037632836111923564
6599,2023-09-01,1198,113.55,114.74,1.19,0.010479964773227653
6600,2023-09-01,1199,110.16,112.64,2.48,0.02251270878721859
6601,2023-10-01,1000,707.25,733.99,26.74,0.03780841286673736
6602,2023-10-01,1001,742.95,799.08,56.13,0.07555017161316374
6603,2023-10-01,1002,789.74,787.12,-2.62,-0.003317547547294046
6604,2023-10-01,1003,796.12,846.84,50.72,0.06370898859468421
6605,2023-10-01,1004,793.25,846.86,53.61,0.06758272927828553
6606,2023-10-01,1005,869.44,846.79,-22.65,-0.02605125138019875
6607,2023-10-01,1006,761.35,784.99,23.64,0.031050108360149733
6608,2023-10-01,1007,1026.31,975.73,-50.58,-0.04928335493174577
6609,2023-10-01,1008,716.83,705.84,-10.99,-0.015331389590279425
6610,2023-10-01,1009,584.07,630.31,46.24,0.07916859280565686
6611,2023-10-01,1010,567.12,609.88,42.76,0.07539850472563125
6612,2023-10-01,1011,729.66,742.16,12.5,0.017131266617328618
6613,2023-10-01,1012,754.08,799.16,45.08,0.059781455548482916
6614,2023-10-01,1013,567.56,545.26,-22.3,-0.03929100007047713
6615,2023-10-01,1014,597.44,601.9,4.46,0.007465184788430637
6616,2023-10-01,1015,542.41,564.68,22.27,0.041057502627163955
6617,2023-10-01,1016,734.11,771.47,37.36,0.05089155576139816
6618,2023-10-01,1017,853.32,920.58,67.26,0.07882154408662635
6619,2023-10-01,1018,575.31,577.2,1.89,0.0032851853783177763
6620,2023-10-01,1019,641.47,683.76,42.29,0.06592669961182908
6621,2023-10-01,1020,550.7,594.05,43.35,0.07871799527873616
6622,2023-10-01,1021,391.13,379.94,-11.19,-0.028609413749904125
6623,2023-10-01,1022,531.87,528.66,-3.21,-0.006035309380111682
6624,2023-10-01,1023,462.14,459.46,-2.68,-0.0057991084952611766
6625,2023-10-01,1024,432.79,435.97,3.18,0.007347674391737332
6626,2023-10-01,1025,422.39,433.26,10.87,0.02573451076019792
6627,2023-10-01,1026,428.99,416.04,-12.95,-0.030187183850439406
6628,2023-10-01,1027,623.13,652.97,29.84,0.04788727873798405
6629,2023-10-01,1028,501.66,496.23,-5.43,-0.010824064107164215
6630,2023-10-01,1029,501.65,480.2,-21.45,-0.04275889564437357
6631,2023-10-01,1030,435.41,433.6,-1.81,-0.004157001446912106
6632,2023-10-01,1031,560.31,541.08,-19.23,-0.034320286983991005
6633,2023-10-01,1032,477.95,512.32,34.37,0.07191128779161
6634,2023-10-01,1033,555.76,566.41,10.65,0.019162948035123074
6635,2023-10-01,1034,495.75,502.44,6.69,0.013494704992435703
6636,2023-10-01,1035,549.71,551.39,1.68,0.0030561568827199796
6637,2023-10-01,1036,422.78,441.07,18.29,0.043261270637210844
6638,2023-10-01,1037,578.3,564.06,-14.24,-0.024623897630987376
6639,2023-10-01,1038,397.63,383.96,-13.67,-0.03437869376053115
6640,2023-10-01,1039,640.12,679.09,38.97,0.06087921014809723
6641,2023-10-01,1040,281.22,279.04,-2.18,-0.007751937984496124
6642,2023-10-01,1041,255.17,267.04,11.87,0.04651800760277462
6643,2023-10-01,1042,330.19,355.1,24.91,0.0754414125200642
6644,2023-10-01,1043,336.76,344.61,7.85,0.02331036940254187
6645,2023-10-01,1044,290.03,284.21,-5.82,-0.020066889632107024
6646,2023-10-01,1045,295.63,283.88,-11.75,-0.0397456279809221
6647,2023-10-01,1046,386.46,403.43,16.97,0.04391140092118201
6648,2023-10-01,1047,290.09,284.1,-5.99,-0.02064876417663484
6649,2023-10-01,1048,299.42,287.4,-12.02,-0.040144278939282615
6650,2023-10-01,1049,428.17,413.21,-14.96,-0.03493939323166032
6651,2023-10-01,1050,323.43,329.34,5.91,0.018272887487246082
6652,2023-10-01,1051,310.76,301.38,-9.38,-0.030184064873214057
6653,2023-10-01,1052,295.59,288.28,-7.31,-0.024730200615717717
6654,2023-10-01,1053,384.34,396.05,11.71,0.030467814955508144
6655,2023-10-01,1054,335.51,352.61,17.1,0.050967184286608444
6656,2023-10-01,1055,319.3,312.86,-6.44,-0.020169119949890384
6657,2023-10-01,1056,309.69,303.97,-5.72,-0.018470082986212017
6658,2023-10-01,1057,315.42,326.4,10.98,0.034810728552406314
6659,2023-10-01,1058,271.69,274.66,2.97,0.010931576429018366
6660,2023-10-01,1059,302.52,320.2,17.68,0.05844241703027899
6661,2023-10-01,1060,73.66,70.28,-3.38,-0.04588650556611458
6662,2023-10-01,1061,160.19,171.09,10.9,0.0680441975154504
6663,2023-10-01,1062,115.79,115.61,-0.18,-0.0015545383884618706
6664,2023-10-01,1063,94.29,98.37,4.08,0.04327076041998091
6665,2023-10-01,1064,84.16,81.95,-2.21,-0.026259505703422052
6666,2023-10-01,1065,87.14,89.51,2.37,0.027197613036493
6667,2023-10-01,1066,98.52,105.41,6.89,0.06993503857084855
6668,2023-10-01,1067,93.91,89.42,-4.49,-0.047811734639548506
6669,2023-10-01,1068,118.33,123.71,5.38,0.04546606946674554
6670,2023-10-01,1069,112.74,107.48,-5.26,-0.04665602270711371
6671,2023-10-01,1070,135.24,136.29,1.05,0.007763975155279503
6672,2023-10-01,1071,104.41,109.1,4.69,0.044919069054688246
6673,2023-10-01,1072,129.83,128.01,-1.82,-0.014018331664484325
6674,2023-10-01,1073,91.86,98.85,6.99,0.07609405617243632
6675,2023-10-01,1074,97.04,100.38,3.34,0.034418796372629845
6676,2023-10-01,1075,162.66,164.2,1.54,0.009467601131193902
6677,2023-10-01,1076,110.87,110.74,-0.13,-0.0011725444213944258
6678,2023-10-01,1077,156.3,160.46,4.16,0.026615483045425464
6679,2023-10-01,1078,111.61,108.34,-3.27,-0.029298449959681033
6680,2023-10-01,1079,95.86,98.46,2.6,0.027122887544335488
6681,2023-10-01,1080,609.5,588.65,-20.85,-0.034208367514356026
6682,2023-10-01,1081,516.07,548.55,32.48,0.06293719844207181
6683,2023-10-01,1082,553.54,561.68,8.14,0.014705351013476893
6684,2023-10-01,1083,594.07,614.67,20.6,0.034676048277139056
6685,2023-10-01,1084,437.56,448.03,10.47,0.02392814699698327
6686,2023-10-01,1085,468.76,464.81,-3.95,-0.008426486901612766
6687,2023-10-01,1086,426.58,457.42,30.84,0.07229593511181959
6688,2023-10-01,1087,331.33,350.02,18.69,0.05640901819937826
6689,2023-10-01,1088,757.69,730.8,-26.89,-0.03548944819121277
6690,2023-10-01,1089,340.11,327.35,-12.76,-0.03751727382317486
6691,2023-10-01,1090,429.17,453.37,24.2,0.05638791155020155
6692,2023-10-01,1091,502.65,491.27,-11.38,-0.022640007957823536
6693,2023-10-01,1092,457.82,473.38,15.56,0.03398715652439824
6694,2023-10-01,1093,418.06,442.17,24.11,0.05767114768215089
6695,2023-10-01,1094,468.02,459.1,-8.92,-0.019059014572026835
6696,2023-10-01,1095,524.12,521.44,-2.68,-0.005113332824543997
6697,2023-10-01,1096,555.09,598.03,42.94,0.07735682501936623
6698,2023-10-01,1097,440.52,425.41,-15.11,-0.03430037228729683
6699,2023-10-01,1098,406.55,433.46,26.91,0.06619112040339442
6700,2023-10-01,1099,551.14,546.75,-4.39,-0.007965308270131002
6701,2023-10-01,1100,914.21,983.04,68.83,0.07528904737423568
6702,2023-10-01,1101,915.95,908.48,-7.47,-0.00815546700147388
6703,2023-10-01,1102,1139.26,1146.5,7.24,0.006355002369959447
6704,2023-10-01,1103,1161.54,1156.0,-5.54,-0.00476953010658264
6705,2023-10-01,1104,940.66,936.84,-3.82,-0.004060978461930985
6706,2023-10-01,1105,924.49,917.34,-7.15,-0.007733993877705546
6707,2023-10-01,1106,936.34,949.07,12.73,0.013595488818164341
6708,2023-10-01,1107,938.28,978.2,39.92,0.04254593511531739
6709,2023-10-01,1108,1023.39,1080.68,57.29,0.055980613451372396
6710,2023-10-01,1109,961.41,1005.4,43.99,0.04575571296325189
6711,2023-10-01,1110,830.76,892.02,61.26,0.07373970821898021
6712,2023-10-01,1111,1145.59,1130.3,-15.29,-0.013346834382283365
6713,2023-10-01,1112,880.46,841.39,-39.07,-0.04437453149490039
6714,2023-10-01,1113,934.69,970.04,35.35,0.0378200258909371
6715,2023-10-01,1114,1193.65,1152.5,-41.15,-0.03447409207053994
6716,2023-10-01,1115,911.33,943.73,32.4,0.03555243435418564
6717,2023-10-01,1116,1036.75,1001.97,-34.78,-0.03354714251265976
6718,2023-10-01,1117,1024.41,1010.75,-13.66,-0.013334504739313361
6719,2023-10-01,1118,888.32,914.83,26.51,0.029842849423631124
6720,2023-10-01,1119,833.06,834.04,0.98,0.0011763858545602956
6721,2023-10-01,1120,65.6,63.8,-1.8,-0.027439024390243903
6722,2023-10-01,1121,71.21,73.91,2.7,0.03791602303047325
6723,2023-10-01,1122,50.09,52.5,2.41,0.048113395887402675
6724,2023-10-01,1123,60.3,63.54,3.24,0.05373134328358209
6725,2023-10-01,1124,53.16,55.98,2.82,0.05304740406320542
6726,2023-10-01,1125,65.71,63.98,-1.73,-0.02632780398721656
6727,2023-10-01,1126,56.6,58.12,1.52,0.02685512367491166
6728,2023-10-01,1127,47.44,47.02,-0.42,-0.00885328836424958
6729,2023-10-01,1128,71.87,76.73,4.86,0.06762209545011827
6730,2023-10-01,1129,40.74,42.67,1.93,0.04737358861070201
6731,2023-10-01,1130,52.76,56.67,3.91,0.07410917361637605
6732,2023-10-01,1131,63.98,62.97,-1.01,-0.01578618318224445
6733,2023-10-01,1132,71.5,70.59,-0.91,-0.012727272727272728
6734,2023-10-01,1133,58.06,58.97,0.91,0.015673441267654152
6735,2023-10-01,1134,80.18,80.21,0.03,0.0003741581441756048
6736,2023-10-01,1135,58.43,59.71,1.28,0.02190655485195961
6737,2023-10-01,1136,57.19,59.03,1.84,0.0321734568980591
6738,2023-10-01,1137,50.72,50.4,-0.32,-0.006309148264984227
6739,2023-10-01,1138,48.23,49.4,1.17,0.02425876010781671
6740,2023-10-01,1139,57.57,59.79,2.22,0.0385617509119333
6741,2023-10-01,1140,749.09,722.54,-26.55,-0.035443004178403126
6742,2023-10-01,1141,596.63,577.74,-18.89,-0.031661163535189316
6743,2023-10-01,1142,622.42,615.2,-7.22,-0.01159988432248321
6744,2023-10-01,1143,624.07,605.64,-18.43,-0.02953194353197558
6745,2023-10-01,1144,714.93,734.37,19.44,0.027191473291091436
6746,2023-10-01,1145,670.62,698.8,28.18,0.042020816557812174
6747,2023-10-01,1146,538.96,581.32,42.36,0.07859581416060561
6748,2023-10-01,1147,771.81,761.73,-10.08,-0.013060209118824582
6749,2023-10-01,1148,666.63,657.79,-8.84,-0.013260729340113707
6750,2023-10-01,1149,660.05,674.78,14.73,0.022316491174910993
6751,2023-10-01,1150,602.22,627.65,25.43,0.042227093088904384
6752,2023-10-01,1151,526.26,552.7,26.44,0.05024132558051153
6753,2023-10-01,1152,667.68,714.83,47.15,0.07061766115504434
6754,2023-10-01,1153,583.23,579.65,-3.58,-0.006138230200778424
6755,2023-10-01,1154,759.9,814.34,54.44,0.07164100539544677
6756,2023-10-01,1155,583.25,606.24,22.99,0.03941705957993999
6757,2023-10-01,1156,525.42,518.76,-6.66,-0.012675573826652964
6758,2023-10-01,1157,535.36,527.27,-8.09,-0.015111326957561268
6759,2023-10-01,1158,739.5,712.25,-27.25,-0.03684922244759973
6760,2023-10-01,1159,627.4,632.15,4.75,0.0075709276378705765
6761,2023-10-01,1160,49.64,49.42,-0.22,-0.004431909750201451
6762,2023-10-01,1161,43.96,45.16,1.2,0.0272975432211101
6763,2023-10-01,1162,49.22,48.58,-0.64,-0.01300284437220642
6764,2023-10-01,1163,46.99,48.48,1.49,0.03170887422855927
6765,2023-10-01,1164,34.04,33.01,-1.03,-0.030258519388954172
6766,2023-10-01,1165,42.86,43.87,1.01,0.023565095660289314
6767,2023-10-01,1166,40.94,39.43,-1.51,-0.03688324377137274
6768,2023-10-01,1167,61.65,61.79,0.14,0.0022708840227088404
6769,2023-10-01,1168,48.75,47.3,-1.45,-0.029743589743589743
6770,2023-10-01,1169,56.8,60.44,3.64,0.06408450704225352
6771,2023-10-01,1170,39.1,37.52,-1.58,-0.04040920716112532
6772,2023-10-01,1171,34.03,33.9,-0.13,-0.003820158683514546
6773,2023-10-01,1172,49.77,49.0,-0.77,-0.015471167369901548
6774,2023-10-01,1173,51.24,51.16,-0.08,-0.00156128024980484
6775,2023-10-01,1174,45.53,44.78,-0.75,-0.016472655392049198
6776,2023-10-01,1175,45.94,48.23,2.29,0.04984762734000871
6777,2023-10-01,1176,44.05,43.48,-0.57,-0.012939841089670829
6778,2023-10-01,1177,60.0,60.48,0.48,0.008
6779,2023-10-01,1178,40.4,41.23,0.83,0.020544554455445545
6780,2023-10-01,1179,44.4,42.72,-1.68,-0.03783783783783784
6781,2023-10-01,1180,81.72,86.0,4.28,0.05237395986294665
6782,2023-10-01,1181,81.31,81.66,0.35,0.004304513589964334
6783,2023-10-01,1182,104.5,105.51,1.01,0.009665071770334929
6784,2023-10-01,1183,126.69,123.57,-3.12,-0.024627042386928723
6785,2023-10-01,1184,93.81,93.5,-0.31,-0.003304551753544398
6786,2023-10-01,1185,85.48,84.8,-0.68,-0.007955077211043519
6787,2023-10-01,1186,85.59,89.58,3.99,0.046617595513494564
6788,2023-10-01,1187,124.6,132.54,7.94,0.0637239165329053
6789,2023-10-01,1188,91.57,90.33,-1.24,-0.013541552910341814
6790,2023-10-01,1189,84.93,84.8,-0.13,-0.0015306723183798423
6791,2023-10-01,1190,56.84,57.29,0.45,0.007916959887403237
6792,2023-10-01,1191,70.11,68.84,-1.27,-0.01811439167023249
6793,2023-10-01,1192,105.66,114.01,8.35,0.07902706795381412
6794,2023-10-01,1193,106.21,106.85,0.64,0.006025797947462574
6795,2023-10-01,1194,137.98,137.68,-0.3,-0.0021742281490071025
6796,2023-10-01,1195,88.61,85.78,-2.83,-0.03193770454801941
6797,2023-10-01,1196,101.64,101.95,0.31,0.0030499803227075953
6798,2023-10-01,1197,103.09,99.51,-3.58,-0.034726937627315935
6799,2023-10-01,1198,118.1,118.79,0.69,0.005842506350550381
6800,2023-10-01,1199,114.56,121.92,7.36,0.06424581005586592
6801,2023-11-01,1000,716.37,739.61,23.24,0.032441336181023774
6802,2023-11-01,1001,760.87,744.26,-16.61,-0.021830273239843864
6803,2023-11-01,1002,787.33,792.75,5.42,0.0068840257579413965
6804,2023-11-01,1003,816.96,871.25,54.29,0.06645368194281238
6805,2023-11-01,1004,828.78,846.66,17.88,0.02157387967856367
6806,2023-11-01,1005,877.61,932.12,54.51,0.062111872016043575
6807,2023-11-01,1006,728.72,750.18,21.46,0.029448896695575804
6808,2023-11-01,1007,1053.49,1009.18,-44.31,-0.04206019990697586
6809,2023-11-01,1008,729.36,757.37,28.01,0.03840353186355161
6810,2023-11-01,1009,602.57,572.94,-29.63,-0.04917271022453823
6811,2023-11-01,1010,564.36,574.96,10.6,0.01878233751506131
6812,2023-11-01,1011,702.1,753.99,51.89,0.07390685087594359
6813,2023-11-01,1012,789.07,793.34,4.27,0.005411433713105301
6814,2023-11-01,1013,586.74,593.1,6.36,0.010839554146640762
6815,2023-11-01,1014,596.63,593.28,-3.35,-0.005614870187553425
6816,2023-11-01,1015,551.77,544.1,-7.67,-0.013900719502691339
6817,2023-11-01,1016,738.65,728.5,-10.15,-0.013741284776281053
6818,2023-11-01,1017,822.65,833.21,10.56,0.012836564760226099
6819,2023-11-01,1018,567.06,553.03,-14.03,-0.02474164991358939
6820,2023-11-01,1019,669.34,697.37,28.03,0.04187707293752054
6821,2023-11-01,1020,572.6,595.32,22.72,0.039678658749563396
6822,2023-11-01,1021,389.16,406.14,16.98,0.043632439099599137
6823,2023-11-01,1022,500.91,525.19,24.28,0.04847178135792857
6824,2023-11-01,1023,471.42,504.98,33.56,0.07118917313648127
6825,2023-11-01,1024,427.37,428.12,0.75,0.0017549196246811896
6826,2023-11-01,1025,422.12,429.95,7.83,0.018549227707760827
6827,2023-11-01,1026,427.42,454.95,27.53,0.06440971409854476
6828,2023-11-01,1027,622.32,669.38,47.06,0.07562025967347988
6829,2023-11-01,1028,498.56,512.56,14.0,0.0280808729139923
6830,2023-11-01,1029,520.12,548.83,28.71,0.05519880027685919
6831,2023-11-01,1030,424.5,403.69,-20.81,-0.04902237926972909
6832,2023-11-01,1031,549.6,549.93,0.33,0.0006004366812227073
6833,2023-11-01,1032,467.06,473.56,6.5,0.013916841519290884
6834,2023-11-01,1033,569.03,558.24,-10.79,-0.0189620933869919
6835,2023-11-01,1034,496.49,522.42,25.93,0.05222663094926383
6836,2023-11-01,1035,558.08,542.26,-15.82,-0.028347190366972478
6837,2023-11-01,1036,457.94,478.36,20.42,0.044590994453421844
6838,2023-11-01,1037,586.31,613.52,27.21,0.04640889631764766
6839,2023-11-01,1038,380.14,380.7,0.56,0.001473141474193718
6840,2023-11-01,1039,639.6,668.73,29.13,0.04554409005628518
6841,2023-11-01,1040,279.45,292.52,13.07,0.046770441939524066
6842,2023-11-01,1041,266.79,282.71,15.92,0.05967240151429964
6843,2023-11-01,1042,335.75,347.1,11.35,0.033804914370811616
6844,2023-11-01,1043,345.95,346.08,0.13,0.0003757768463650816
6845,2023-11-01,1044,303.34,309.61,6.27,0.020669875387354125
6846,2023-11-01,1045,300.73,300.51,-0.22,-0.0007315532204967911
6847,2023-11-01,1046,344.61,341.32,-3.29,-0.00954702417225269
6848,2023-11-01,1047,281.61,291.5,9.89,0.03511949149533042
6849,2023-11-01,1048,320.04,327.45,7.41,0.023153355830521184
6850,2023-11-01,1049,422.13,403.22,-18.91,-0.04479662663160638
6851,2023-11-01,1050,319.28,315.98,-3.3,-0.010335755449761964
6852,2023-11-01,1051,302.99,318.29,15.3,0.05049671606323641
6853,2023-11-01,1052,296.17,289.15,-7.02,-0.02370260323462876
6854,2023-11-01,1053,387.54,384.92,-2.62,-0.00676059245497239
6855,2023-11-01,1054,351.64,347.52,-4.12,-0.011716528267546353
6856,2023-11-01,1055,316.69,320.46,3.77,0.011904385992611071
6857,2023-11-01,1056,300.34,305.09,4.75,0.015815409202903377
6858,2023-11-01,1057,309.24,323.7,14.46,0.04675979821497866
6859,2023-11-01,1058,285.58,277.55,-8.03,-0.028118215561313817
6860,2023-11-01,1059,299.31,303.09,3.78,0.012629046807657612
6861,2023-11-01,1060,73.13,73.84,0.71,0.009708737864077669
6862,2023-11-01,1061,153.03,161.3,8.27,0.054041691171665684
6863,2023-11-01,1062,120.61,120.35,-0.26,-0.0021557084818837574
6864,2023-11-01,1063,93.58,89.79,-3.79,-0.04050010686044026
6865,2023-11-01,1064,88.57,93.19,4.62,0.052162131647284636
6866,2023-11-01,1065,91.62,98.48,6.86,0.0748744815542458
6867,2023-11-01,1066,101.38,96.34,-5.04,-0.0497139475241665
6868,2023-11-01,1067,95.13,91.77,-3.36,-0.03532008830022075
6869,2023-11-01,1068,121.31,127.67,6.36,0.05242766466078642
6870,2023-11-01,1069,110.42,107.76,-2.66,-0.024089838797319327
6871,2023-11-01,1070,129.02,123.41,-5.61,-0.043481630754921716
6872,2023-11-01,1071,106.25,109.12,2.87,0.027011764705882353
6873,2023-11-01,1072,130.34,134.38,4.04,0.030995856989412308
6874,2023-11-01,1073,91.62,90.34,-1.28,-0.013970748744815542
6875,2023-11-01,1074,99.89,95.18,-4.71,-0.047151867053759136
6876,2023-11-01,1075,161.38,173.88,12.5,0.07745693394472673
6877,2023-11-01,1076,112.21,112.59,0.38,0.0033865074414045093
6878,2023-11-01,1077,152.92,158.93,6.01,0.039301595605545386
6879,2023-11-01,1078,111.32,106.76,-4.56,-0.04096298957959037
6880,2023-11-01,1079,98.32,96.3,-2.02,-0.020545158665581775
6881,2023-11-01,1080,620.13,648.67,28.54,0.046022608162804575
6882,2023-11-01,1081,519.59,548.54,28.95,0.055717007640639735
6883,2023-11-01,1082,551.7,538.48,-13.22,-0.023962298350552837
6884,2023-11-01,1083,602.85,624.05,21.2,0.035166293439495726
6885,2023-11-01,1084,416.31,429.77,13.46,0.032331675914582886
6886,2023-11-01,1085,475.43,501.65,26.22,0.05515007466924679
6887,2023-11-01,1086,427.76,414.3,-13.46,-0.03146624275294558
6888,2023-11-01,1087,314.51,298.93,-15.58,-0.0495373756001399
6889,2023-11-01,1088,714.54,752.64,38.1,0.0533210177176925
6890,2023-11-01,1089,327.7,317.95,-9.75,-0.0297528227036924
6891,2023-11-01,1090,392.43,414.99,22.56,0.057487959636113445
6892,2023-11-01,1091,494.12,498.53,4.41,0.00892495750020238
6893,2023-11-01,1092,448.35,465.6,17.25,0.038474406155904986
6894,2023-11-01,1093,411.82,438.3,26.48,0.0642999368656209
6895,2023-11-01,1094,477.26,488.24,10.98,0.023006327787788626
6896,2023-11-01,1095,535.43,553.8,18.37,0.03430887324206713
6897,2023-11-01,1096,569.15,580.1,10.95,0.019239216375296495
6898,2023-11-01,1097,440.97,452.43,11.46,0.025988162460031293
6899,2023-11-01,1098,407.86,417.4,9.54,0.023390379051635365
6900,2023-11-01,1099,574.53,586.06,11.53,0.020068577794022942
6901,2023-11-01,1100,880.78,853.37,-27.41,-0.031120143509162333
6902,2023-11-01,1101,907.96,955.89,47.93,0.05278866910436583
6903,2023-11-01,1102,1161.56,1146.63,-14.93,-0.012853404042838941
6904,2023-11-01,1103,1174.19,1249.72,75.53,0.0643251943893237
6905,2023-11-01,1104,933.23,990.86,57.63,0.06175326554011337
6906,2023-11-01,1105,895.12,935.59,40.47,0.04521181517561891
6907,2023-11-01,1106,942.33,938.43,-3.9,-0.00413867753334819
6908,2023-11-01,1107,894.83,892.27,-2.56,-0.0028608786026396073
6909,2023-11-01,1108,1042.22,1008.65,-33.57,-0.0322100900001919
6910,2023-11-01,1109,988.53,972.64,-15.89,-0.016074373058986575
6911,2023-11-01,1110,803.91,812.65,8.74,0.010871863765844435
6912,2023-11-01,1111,1203.26,1214.85,11.59,0.009632165949171418
6913,2023-11-01,1112,841.81,833.99,-7.82,-0.009289507133438662
6914,2023-11-01,1113,942.99,917.96,-25.03,-0.026543229514629
6915,2023-11-01,1114,1196.73,1205.09,8.36,0.006985702706541993
6916,2023-11-01,1115,941.36,921.16,-20.2,-0.021458315628452452
6917,2023-11-01,1116,1015.48,970.91,-44.57,-0.043890573915783666
6918,2023-11-01,1117,1080.95,1125.74,44.79,0.041435774087608124
6919,2023-11-01,1118,935.93,993.88,57.95,0.061917023709038066
6920,2023-11-01,1119,814.96,779.51,-35.45,-0.04349906743889271
6921,2023-11-01,1120,67.13,64.22,-2.91,-0.04334872635185461
6922,2023-11-01,1121,70.6,71.94,1.34,0.018980169971671387
6923,2023-11-01,1122,48.84,49.83,0.99,0.02027027027027027
6924,2023-11-01,1123,59.45,57.83,-1.62,-0.027249789739276702
6925,2023-11-01,1124,52.02,54.47,2.45,0.04709727028066128
6926,2023-11-01,1125,64.55,67.23,2.68,0.041518202943454686
6927,2023-11-01,1126,55.57,57.54,1.97,0.035450782796472916
6928,2023-11-01,1127,45.69,48.64,2.95,0.06456555044867586
6929,2023-11-01,1128,71.29,73.86,2.57,0.03604993687754243
6930,2023-11-01,1129,41.06,41.92,0.86,0.020944958597174865
6931,2023-11-01,1130,54.35,56.27,1.92,0.03532658693652254
6932,2023-11-01,1131,63.84,61.29,-2.55,-0.03994360902255639
6933,2023-11-01,1132,74.44,77.19,2.75,0.03694250403009135
6934,2023-11-01,1133,54.18,56.26,2.08,0.038390550018456995
6935,2023-11-01,1134,82.01,82.02,0.01,0.0001219363492257041
6936,2023-11-01,1135,57.59,55.48,-2.11,-0.03663830526133009
6937,2023-11-01,1136,55.17,52.42,-2.75,-0.049845930759470726
6938,2023-11-01,1137,52.22,54.9,2.68,0.0513213328226733
6939,2023-11-01,1138,50.11,53.67,3.56,0.07104370385152664
6940,2023-11-01,1139,62.4,67.11,4.71,0.07548076923076923
6941,2023-11-01,1140,734.5,763.24,28.74,0.039128658951667804
6942,2023-11-01,1141,608.18,598.03,-10.15,-0.016689138084119832
6943,2023-11-01,1142,640.91,612.73,-28.18,-0.04396873195924545
6944,2023-11-01,1143,630.28,615.6,-14.68,-0.02329123564130228
6945,2023-11-01,1144,740.15,728.21,-11.94,-0.016131865162467066
6946,2023-11-01,1145,670.23,722.31,52.08,0.07770466854661832
6947,2023-11-01,1146,512.71,501.45,-11.26,-0.02196173275340836
6948,2023-11-01,1147,749.18,726.54,-22.64,-0.03021970687952161
6949,2023-11-01,1148,657.86,692.73,34.87,0.053005198674490016
6950,2023-11-01,1149,679.44,694.17,14.73,0.02167961850936065
6951,2023-11-01,1150,572.69,579.25,6.56,0.011454713719464283
6952,2023-11-01,1151,539.51,566.0,26.49,0.04910010935849197
6953,2023-11-01,1152,675.56,674.28,-1.28,-0.0018947243768133103
6954,2023-11-01,1153,597.53,594.88,-2.65,-0.004434923769517848
6955,2023-11-01,1154,751.98,808.79,56.81,0.07554722200058513
6956,2023-11-01,1155,620.68,652.02,31.34,0.05049300766900818
6957,2023-11-01,1156,493.27,489.65,-3.62,-0.007338779978510754
6958,2023-11-01,1157,518.06,537.25,19.19,0.037042041462378876
6959,2023-11-01,1158,746.31,749.67,3.36,0.00450215058085782
6960,2023-11-01,1159,625.07,615.01,-10.06,-0.016094197449885612
6961,2023-11-01,1160,51.38,50.37,-1.01,-0.019657454262358893
6962,2023-11-01,1161,45.51,48.4,2.89,0.06350252691716106
6963,2023-11-01,1162,46.55,44.55,-2.0,-0.04296455424274973
6964,2023-11-01,1163,46.47,46.92,0.45,0.009683666881859263
6965,2023-11-01,1164,35.06,37.14,2.08,0.05932686822589846
6966,2023-11-01,1165,43.1,44.14,1.04,0.024129930394431554
6967,2023-11-01,1166,40.3,43.07,2.77,0.06873449131513648
6968,2023-11-01,1167,61.57,63.0,1.43,0.02322559688159818
6969,2023-11-01,1168,46.77,44.64,-2.13,-0.045542014111610005
6970,2023-11-01,1169,56.68,58.12,1.44,0.025405786873676783
6971,2023-11-01,1170,39.61,38.01,-1.6,-0.04039383993940924
6972,2023-11-01,1171,34.58,36.36,1.78,0.05147484094852516
6973,2023-11-01,1172,49.46,53.19,3.73,0.07541447634452082
6974,2023-11-01,1173,50.15,52.91,2.76,0.05503489531405783
6975,2023-11-01,1174,47.59,48.2,0.61,0.012817818869510401
6976,2023-11-01,1175,44.63,48.12,3.49,0.07819852117409815
6977,2023-11-01,1176,43.49,45.25,1.76,0.04046907335019545
6978,2023-11-01,1177,59.9,63.73,3.83,0.06393989983305509
6979,2023-11-01,1178,41.5,39.44,-2.06,-0.04963855421686747
6980,2023-11-01,1179,46.18,45.15,-1.03,-0.022304027717626677
6981,2023-11-01,1180,76.93,78.73,1.8,0.02339789418952294
6982,2023-11-01,1181,84.76,83.66,-1.1,-0.012977819726285984
6983,2023-11-01,1182,108.75,109.45,0.7,0.006436781609195402
6984,2023-11-01,1183,125.46,123.68,-1.78,-0.014187788936712896
6985,2023-11-01,1184,96.21,95.25,-0.96,-0.009978172747115684
6986,2023-11-01,1185,78.19,76.13,-2.06,-0.026346080061388926
6987,2023-11-01,1186,83.22,85.64,2.42,0.029079548185532322
6988,2023-11-01,1187,120.68,117.51,-3.17,-0.026267815710971164
6989,2023-11-01,1188,88.0,90.3,2.3,0.026136363636363635
6990,2023-11-01,1189,87.37,91.12,3.75,0.04292091106787227
6991,2023-11-01,1190,58.63,55.85,-2.78,-0.04741599863551083
6992,2023-11-01,1191,68.28,72.49,4.21,0.061657879320445225
6993,2023-11-01,1192,112.93,112.3,-0.63,-0.0055786770565837245
6994,2023-11-01,1193,108.48,108.97,0.49,0.0045169616519174045
6995,2023-11-01,1194,126.91,132.15,5.24,0.04128910251359231
6996,2023-11-01,1195,86.26,93.04,6.78,0.07859958265708324
6997,2023-11-01,1196,101.2,107.35,6.15,0.060770750988142296
6998,2023-11-01,1197,99.66,99.98,0.32,0.0032109171182018864
6999,2023-11-01,1198,117.4,126.13,8.73,0.07436115843270868
7000,2023-11-01,1199,117.53,115.82,-1.71,-0.014549476729345699
7001,2023-12-01,1000,774.88,804.3,29.42,0.03796716911005575
7002,2023-12-01,1001,719.72,718.39,-1.33,-0.0018479408658922914
7003,2023-12-01,1002,787.43,770.26,-17.17,-0.021805112835426643
7004,2023-12-01,1003,800.35,830.03,29.68,0.03708377584806647
7005,2023-12-01,1004,815.45,774.9,-40.55,-0.049727144521429886
7006,2023-12-01,1005,859.38,840.61,-18.77,-0.021841327468640183
7007,2023-12-01,1006,764.34,744.6,-19.74,-0.025826202998665514
7008,2023-12-01,1007,1064.87,1032.61,-32.26,-0.030294777766300112
7009,2023-12-01,1008,723.62,718.92,-4.7,-0.0064951217489842734
7010,2023-12-01,1009,579.83,571.93,-7.9,-0.013624683096769744
7011,2023-12-01,1010,552.96,587.25,34.29,0.06201171875
7012,2023-12-01,1011,692.58,732.04,39.46,0.05697536746657426
7013,2023-12-01,1012,744.75,739.58,-5.17,-0.0069419268210809
7014,2023-12-01,1013,561.2,565.98,4.78,0.008517462580185316
7015,2023-12-01,1014,608.64,649.57,40.93,0.0672482912723449
7016,2023-12-01,1015,548.0,588.69,40.69,0.07425182481751824
7017,2023-12-01,1016,771.52,757.47,-14.05,-0.01821080464537536
7018,2023-12-01,1017,826.03,890.2,64.17,0.07768482984879484
7019,2023-12-01,1018,593.21,574.73,-18.48,-0.031152542944319888
7020,2023-12-01,1019,669.14,652.0,-17.14,-0.025614968466987475
7021,2023-12-01,1020,550.86,583.81,32.95,0.05981556112260829
7022,2023-12-01,1021,388.95,418.86,29.91,0.07689934438873891
7023,2023-12-01,1022,534.94,522.61,-12.33,-0.023049313941750478
7024,2023-12-01,1023,457.05,436.89,-20.16,-0.04410895963242534
7025,2023-12-01,1024,418.02,424.0,5.98,0.01430553562030525
7026,2023-12-01,1025,410.84,428.2,17.36,0.0422548924155389
7027,2023-12-01,1026,422.95,429.96,7.01,0.016574063128029316
7028,2023-12-01,1027,615.4,588.55,-26.85,-0.04363015924601885
7029,2023-12-01,1028,494.32,505.78,11.46,0.023183363003722285
7030,2023-12-01,1029,507.13,525.65,18.52,0.036519235698933214
7031,2023-12-01,1030,390.9,394.81,3.91,0.010002558199027884
7032,2023-12-01,1031,551.51,546.45,-5.06,-0.009174810973509093
7033,2023-12-01,1032,477.66,469.14,-8.52,-0.017836955156387387
7034,2023-12-01,1033,549.65,576.43,26.78,0.04872191394523788
7035,2023-12-01,1034,513.86,530.63,16.77,0.032635348149301364
7036,2023-12-01,1035,534.79,517.87,-16.92,-0.03163858710895866
7037,2023-12-01,1036,467.51,481.04,13.53,0.02894055742123163
7038,2023-12-01,1037,569.88,561.65,-8.23,-0.014441636835825085
7039,2023-12-01,1038,403.22,390.86,-12.36,-0.030653241406676256
7040,2023-12-01,1039,654.44,678.89,24.45,0.03736018580771346
7041,2023-12-01,1040,274.21,264.3,-9.91,-0.03614018453010467
7042,2023-12-01,1041,260.93,268.96,8.03,0.030774537232207872
7043,2023-12-01,1042,326.75,352.11,25.36,0.07761285386381025
7044,2023-12-01,1043,354.03,369.16,15.13,0.04273649125780301
7045,2023-12-01,1044,279.34,275.53,-3.81,-0.013639292618314598
7046,2023-12-01,1045,302.57,290.48,-12.09,-0.0399576957398288
7047,2023-12-01,1046,363.97,384.24,20.27,0.055691403137621234
7048,2023-12-01,1047,277.25,276.65,-0.6,-0.002164111812443643
7049,2023-12-01,1048,305.72,311.07,5.35,0.01749967290331022
7050,2023-12-01,1049,418.15,420.41,2.26,0.0054047590577543944
7051,2023-12-01,1050,313.7,324.74,11.04,0.03519285941982786
7052,2023-12-01,1051,309.58,326.33,16.75,0.05410556237483041
7053,2023-12-01,1052,285.83,273.12,-12.71,-0.044466990868698174
7054,2023-12-01,1053,397.44,410.55,13.11,0.03298611111111111
7055,2023-12-01,1054,358.32,376.4,18.08,0.05045769144898415
7056,2023-12-01,1055,297.43,292.75,-4.68,-0.015734794741619876
7057,2023-12-01,1056,306.33,322.42,16.09,0.052525054679593904
7058,2023-12-01,1057,311.43,331.76,20.33,0.06527951706643548
7059,2023-12-01,1058,276.66,280.88,4.22,0.015253379599508421
7060,2023-12-01,1059,287.0,285.75,-1.25,-0.004355400696864111
7061,2023-12-01,1060,77.7,75.18,-2.52,-0.032432432432432434
7062,2023-12-01,1061,156.65,161.54,4.89,0.03121608681774657
7063,2023-12-01,1062,121.89,116.09,-5.8,-0.04758388711132989
7064,2023-12-01,1063,99.74,106.82,7.08,0.07098455985562463
7065,2023-12-01,1064,88.58,84.29,-4.29,-0.04843079701964326
7066,2023-12-01,1065,91.09,91.92,0.83,0.009111867383906028
7067,2023-12-01,1066,102.93,101.28,-1.65,-0.016030311862430778
7068,2023-12-01,1067,96.76,103.46,6.7,0.06924348904505995
7069,2023-12-01,1068,124.91,133.72,8.81,0.07053078216315747
7070,2023-12-01,1069,113.13,115.69,2.56,0.02262883408468134
7071,2023-12-01,1070,136.75,137.54,0.79,0.005776965265082267
7072,2023-12-01,1071,102.67,108.41,5.74,0.05590727573780072
7073,2023-12-01,1072,130.87,130.68,-0.19,-0.0014518224191946206
7074,2023-12-01,1073,88.51,90.45,1.94,0.021918427296350695
7075,2023-12-01,1074,103.55,110.85,7.3,0.07049734427812651
7076,2023-12-01,1075,165.43,169.08,3.65,0.02206371274859457
7077,2023-12-01,1076,115.38,124.3,8.92,0.07730975905702894
7078,2023-12-01,1077,159.31,160.81,1.5,0.009415604795681376
7079,2023-12-01,1078,112.73,117.58,4.85,0.04302315266566131
7080,2023-12-01,1079,101.08,96.08,-5.0,-0.049465769687376336
7081,2023-12-01,1080,595.19,583.46,-11.73,-0.019707992405786388
7082,2023-12-01,1081,494.23,495.77,1.54,0.0031159581571333183
7083,2023-12-01,1082,558.84,551.84,-7.0,-0.012525946603679049
7084,2023-12-01,1083,597.95,608.28,10.33,0.017275691947487248
7085,2023-12-01,1084,425.94,406.59,-19.35,-0.04542893365262713
7086,2023-12-01,1085,456.09,447.12,-8.97,-0.019667170953101363
7087,2023-12-01,1086,430.45,462.03,31.58,0.07336508305261935
7088,2023-12-01,1087,322.85,333.85,11.0,0.034071550255536626
7089,2023-12-01,1088,765.15,794.75,29.6,0.03868522511925766
7090,2023-12-01,1089,339.43,324.57,-14.86,-0.04377927702324485
7091,2023-12-01,1090,408.72,390.48,-18.24,-0.04462712859659425
7092,2023-12-01,1091,467.11,493.94,26.83,0.05743829076662885
7093,2023-12-01,1092,464.14,463.82,-0.32,-0.000689447149566941
7094,2023-12-01,1093,409.91,392.5,-17.41,-0.04247273791807958
7095,2023-12-01,1094,492.16,507.69,15.53,0.031554778933680104
7096,2023-12-01,1095,513.73,539.39,25.66,0.04994841648336675
7097,2023-12-01,1096,561.99,536.64,-25.35,-0.04510756419153366
7098,2023-12-01,1097,461.37,487.38,26.01,0.05637557708563626
7099,2023-12-01,1098,406.88,395.96,-10.92,-0.026838379866299646
7100,2023-12-01,1099,582.83,617.04,34.21,0.05869636085994201
7101,2023-12-01,1100,893.17,854.16,-39.01,-0.04367589596605349
7102,2023-12-01,1101,902.81,942.3,39.49,0.043741208006114245
7103,2023-12-01,1102,1161.42,1211.81,50.39,0.04338654405813573
7104,2023-12-01,1103,1176.69,1247.91,71.22,0.060525711954720444
7105,2023-12-01,1104,916.44,947.12,30.68,0.033477368949412944
7106,2023-12-01,1105,946.59,947.91,1.32,0.001394479130352106
7107,2023-12-01,1106,919.57,986.02,66.45,0.07226203551660015
7108,2023-12-01,1107,894.79,868.93,-25.86,-0.028900635903396327
7109,2023-12-01,1108,1012.17,1041.61,29.44,0.02908602309888655
7110,2023-12-01,1109,1028.54,1054.75,26.21,0.02548272308320532
7111,2023-12-01,1110,857.77,896.91,39.14,0.04562994742180305
7112,2023-12-01,1111,1258.42,1214.91,-43.51,-0.03457510211217241
7113,2023-12-01,1112,864.19,927.93,63.74,0.07375692845323366
7114,2023-12-01,1113,966.3,1019.84,53.54,0.055407223429576734
7115,2023-12-01,1114,1190.81,1161.08,-29.73,-0.024966199477666463
7116,2023-12-01,1115,972.69,966.57,-6.12,-0.006291829873854979
7117,2023-12-01,1116,1022.64,1088.19,65.55,0.06409880309786435
7118,2023-12-01,1117,1003.75,1083.05,79.3,0.07900373599003736
7119,2023-12-01,1118,899.89,869.33,-30.56,-0.03395970618631166
7120,2023-12-01,1119,791.52,757.86,-33.66,-0.04252577319587629
7121,2023-12-01,1120,68.6,67.48,-1.12,-0.0163265306122449
7122,2023-12-01,1121,70.91,70.43,-0.48,-0.006769143985333521
7123,2023-12-01,1122,50.41,48.14,-2.27,-0.045030747867486606
7124,2023-12-01,1123,59.71,64.44,4.73,0.0792162116898342
7125,2023-12-01,1124,50.4,48.05,-2.35,-0.04662698412698413
7126,2023-12-01,1125,66.4,63.85,-2.55,-0.038403614457831324
7127,2023-12-01,1126,57.05,60.28,3.23,0.05661700262927257
7128,2023-12-01,1127,47.1,49.41,2.31,0.04904458598726115
7129,2023-12-01,1128,72.97,75.71,2.74,0.0375496779498424
7130,2023-12-01,1129,40.62,43.84,3.22,0.0792712949286066
7131,2023-12-01,1130,54.33,56.99,2.66,0.048960058899318974
7132,2023-12-01,1131,62.18,60.66,-1.52,-0.02444515921518173
7133,2023-12-01,1132,73.16,75.86,2.7,0.036905412793876435
7134,2023-12-01,1133,55.6,59.53,3.93,0.07068345323741007
7135,2023-12-01,1134,79.24,85.23,5.99,0.07559313478041393
7136,2023-12-01,1135,57.74,55.84,-1.9,-0.032906130931763075
7137,2023-12-01,1136,52.33,56.15,3.82,0.07299828014523219
7138,2023-12-01,1137,52.64,56.53,3.89,0.07389817629179331
7139,2023-12-01,1138,52.41,52.7,0.29,0.00553329517267697
7140,2023-12-01,1139,58.94,60.83,1.89,0.032066508313539195
7141,2023-12-01,1140,726.16,765.3,39.14,0.05389996694943263
7142,2023-12-01,1141,636.9,680.56,43.66,0.0685507929031245
7143,2023-12-01,1142,629.49,645.19,15.7,0.02494082511239257
7144,2023-12-01,1143,640.28,657.61,17.33,0.027066283500968326
7145,2023-12-01,1144,738.98,738.38,-0.6,-0.0008119299575089988
7146,2023-12-01,1145,687.66,730.27,42.61,0.06196376116103888
7147,2023-12-01,1146,539.43,525.57,-13.86,-0.02569378788721428
7148,2023-12-01,1147,765.2,739.07,-26.13,-0.03414793518034501
7149,2023-12-01,1148,646.3,637.49,-8.81,-0.013631440507504256
7150,2023-12-01,1149,703.91,755.46,51.55,0.07323379409299484
7151,2023-12-01,1150,561.3,553.5,-7.8,-0.01389631213254944
7152,2023-12-01,1151,548.0,557.11,9.11,0.016624087591240875
7153,2023-12-01,1152,697.41,713.83,16.42,0.02354425660658723
7154,2023-12-01,1153,555.94,585.05,29.11,0.05236176565816455
7155,2023-12-01,1154,773.41,809.71,36.3,0.04693500213340919
7156,2023-12-01,1155,597.64,602.93,5.29,0.008851482497824777
7157,2023-12-01,1156,486.34,499.45,13.11,0.026956450220010694
7158,2023-12-01,1157,501.79,488.03,-13.76,-0.02742182984914008
7159,2023-12-01,1158,739.68,756.75,17.07,0.023077547047371836
7160,2023-12-01,1159,622.82,619.38,-3.44,-0.0055232651488391505
7161,2023-12-01,1160,50.58,54.58,4.0,0.07908264136022143
7162,2023-12-01,1161,45.22,48.77,3.55,0.07850508624502432
7163,2023-12-01,1162,47.74,48.35,0.61,0.012777545035609551
7164,2023-12-01,1163,47.34,47.83,0.49,0.010350654837346852
7165,2023-12-01,1164,33.75,33.56,-0.19,-0.005629629629629629
7166,2023-12-01,1165,40.67,42.07,1.4,0.03442340791738382
7167,2023-12-01,1166,39.18,40.04,0.86,0.021949974476773864
7168,2023-12-01,1167,61.84,60.35,-1.49,-0.02409443725743855
7169,2023-12-01,1168,48.08,48.64,0.56,0.011647254575707155
7170,2023-12-01,1169,56.73,56.38,-0.35,-0.006169575180680416
7171,2023-12-01,1170,41.16,42.89,1.73,0.042031098153547136
7172,2023-12-01,1171,35.12,33.68,-1.44,-0.04100227790432802
7173,2023-12-01,1172,50.61,49.76,-0.85,-0.01679509978265165
7174,2023-12-01,1173,51.64,49.64,-2.0,-0.038729666924864445
7175,2023-12-01,1174,46.89,44.96,-1.93,-0.041160162081467264
7176,2023-12-01,1175,47.23,51.0,3.77,0.07982214694050392
7177,2023-12-01,1176,43.1,44.91,1.81,0.0419953596287703
7178,2023-12-01,1177,61.45,62.57,1.12,0.01822620016273393
7179,2023-12-01,1178,39.4,37.66,-1.74,-0.04416243654822335
7180,2023-12-01,1179,46.43,49.23,2.8,0.06030583674348482
7181,2023-12-01,1180,79.0,75.65,-3.35,-0.04240506329113924
7182,2023-12-01,1181,82.83,79.3,-3.53,-0.04261740915127369
7183,2023-12-01,1182,105.83,105.08,-0.75,-0.007086837380704904
7184,2023-12-01,1183,115.79,120.17,4.38,0.03782710078590552
7185,2023-12-01,1184,94.81,102.35,7.54,0.07952747600464086
7186,2023-12-01,1185,79.15,80.65,1.5,0.018951358180669616
7187,2023-12-01,1186,84.08,82.24,-1.84,-0.02188392007611798
7188,2023-12-01,1187,118.05,123.92,5.87,0.04972469292672596
7189,2023-12-01,1188,90.7,91.53,0.83,0.009151047409040793
7190,2023-12-01,1189,90.6,94.78,4.18,0.04613686534216335
7191,2023-12-01,1190,59.03,59.82,0.79,0.01338302558021345
7192,2023-12-01,1191,68.25,70.87,2.62,0.038388278388278387
7193,2023-12-01,1192,108.81,104.06,-4.75,-0.043654075912140426
7194,2023-12-01,1193,102.02,102.61,0.59,0.005783179768672809
7195,2023-12-01,1194,132.34,134.32,1.98,0.014961462898594529
7196,2023-12-01,1195,82.67,79.2,-3.47,-0.04197411394701826
7197,2023-12-01,1196,100.41,99.66,-0.75,-0.007469375560203167
7198,2023-12-01,1197,102.68,100.72,-1.96,-0.019088430074016362
7199,2023-12-01,1198,117.87,126.23,8.36,0.07092559599558836
7200,2023-12-01,1199,111.77,120.01,8.24,0.07372282365572157
7201,2024-01-01,1000,754.61,785.21,30.6,0.040550748068538714
7202,2024-01-01,1001,747.96,726.59,-21.37,-0.02857104658003102
7203,2024-01-01,1002,797.29,799.45,2.16,0.0027091773382332653
7204,2024-01-01,1003,800.88,795.51,-5.37,-0.006705124363200479
7205,2024-01-01,1004,867.23,858.07,-9.16,-0.01056236523183008
7206,2024-01-01,1005,862.69,875.19,12.5,0.014489561719737101
7207,2024-01-01,1006,750.04,726.94,-23.1,-0.03079835742093755
7208,2024-01-01,1007,1030.07,1002.99,-27.08,-0.0262894754725407
7209,2024-01-01,1008,732.77,718.45,-14.32,-0.01954228475510733
7210,2024-01-01,1009,612.74,621.72,8.98,0.014655481933609688
7211,2024-01-01,1010,576.37,564.54,-11.83,-0.020525009976230545
7212,2024-01-01,1011,732.17,779.87,47.7,0.06514880423945259
7213,2024-01-01,1012,824.15,855.88,31.73,0.03850027300855427
7214,2024-01-01,1013,595.99,569.29,-26.7,-0.04479940938606353
7215,2024-01-01,1014,614.62,597.62,-17.0,-0.02765936676320328
7216,2024-01-01,1015,584.64,596.61,11.97,0.020474137931034482
7217,2024-01-01,1016,784.54,824.89,40.35,0.05143141203762715
7218,2024-01-01,1017,823.11,862.94,39.83,0.04838964415448725
7219,2024-01-01,1018,618.96,661.97,43.01,0.06948752746542587
7220,2024-01-01,1019,660.31,640.56,-19.75,-0.029910193696899942
7221,2024-01-01,1020,570.59,596.06,25.47,0.0446380062742074
7222,2024-01-01,1021,403.9,411.26,7.36,0.01822233226046051
7223,2024-01-01,1022,547.42,577.2,29.78,0.05440064301633115
7224,2024-01-01,1023,473.67,457.72,-15.95,-0.0336732324191948
7225,2024-01-01,1024,453.51,474.76,21.25,0.04685673965292937
7226,2024-01-01,1025,441.44,434.99,-6.45,-0.01461127220007249
7227,2024-01-01,1026,442.17,434.49,-7.68,-0.017368885270371125
7228,2024-01-01,1027,643.32,621.04,-22.28,-0.03463284213144314
7229,2024-01-01,1028,487.17,492.16,4.99,0.010242831044604554
7230,2024-01-01,1029,545.51,547.33,1.82,0.0033363274733735405
7231,2024-01-01,1030,401.29,417.65,16.36,0.04076852151810412
7232,2024-01-01,1031,538.65,549.84,11.19,0.02077415761626288
7233,2024-01-01,1032,480.41,491.38,10.97,0.022834662059490852
7234,2024-01-01,1033,561.37,564.66,3.29,0.005860662308281525
7235,2024-01-01,1034,520.92,507.94,-12.98,-0.02491745373569838
7236,2024-01-01,1035,591.44,633.94,42.5,0.07185851481130799
7237,2024-01-01,1036,465.96,501.34,35.38,0.07592926431453344
7238,2024-01-01,1037,603.2,626.76,23.56,0.03905835543766578
7239,2024-01-01,1038,375.53,385.5,9.97,0.02654914387665433
7240,2024-01-01,1039,650.17,690.6,40.43,0.06218373656120707
7241,2024-01-01,1040,279.92,273.14,-6.78,-0.024221206058873963
7242,2024-01-01,1041,268.02,258.63,-9.39,-0.03503469890306694
7243,2024-01-01,1042,350.98,374.94,23.96,0.06826599806256767
7244,2024-01-01,1043,353.5,376.9,23.4,0.0661951909476662
7245,2024-01-01,1044,282.04,294.54,12.5,0.04431995461636647
7246,2024-01-01,1045,299.45,309.08,9.63,0.03215895808983136
7247,2024-01-01,1046,387.79,398.42,10.63,0.027411743469403543
7248,2024-01-01,1047,294.51,304.21,9.7,0.03293606329156905
7249,2024-01-01,1048,313.67,324.58,10.91,0.034781777026811615
7250,2024-01-01,1049,428.79,424.21,-4.58,-0.010681219244851792
7251,2024-01-01,1050,344.21,342.15,-2.06,-0.005984718631068243
7252,2024-01-01,1051,311.11,304.71,-6.4,-0.02057150204107872
7253,2024-01-01,1052,310.89,301.83,-9.06,-0.029142140306860947
7254,2024-01-01,1053,402.03,384.06,-17.97,-0.04469815685396612
7255,2024-01-01,1054,356.99,358.83,1.84,0.005154206000168072
7256,2024-01-01,1055,331.37,326.61,-4.76,-0.014364607538401183
7257,2024-01-01,1056,293.93,281.7,-12.23,-0.0416085462525091
7258,2024-01-01,1057,323.02,328.86,5.84,0.018079375890037767
7259,2024-01-01,1058,280.89,284.05,3.16,0.011249955498593756
7260,2024-01-01,1059,306.28,316.57,10.29,0.033596708893822644
7261,2024-01-01,1060,75.58,77.0,1.42,0.01878803916379995
7262,2024-01-01,1061,160.61,172.62,12.01,0.0747774111201046
7263,2024-01-01,1062,115.75,119.99,4.24,0.03663066954643628
7264,2024-01-01,1063,93.68,89.78,-3.9,-0.041631084543125536
7265,2024-01-01,1064,93.41,90.87,-2.54,-0.02719194947007815
7266,2024-01-01,1065,90.48,92.4,1.92,0.021220159151193633
7267,2024-01-01,1066,105.3,102.97,-2.33,-0.022127255460588795
7268,2024-01-01,1067,99.63,101.42,1.79,0.017966475961055908
7269,2024-01-01,1068,121.63,128.89,7.26,0.05968922140919181
7270,2024-01-01,1069,116.92,122.49,5.57,0.04763941156346219
7271,2024-01-01,1070,131.94,127.24,-4.7,-0.035622252539032895
7272,2024-01-01,1071,103.64,105.73,2.09,0.020165959089154768
7273,2024-01-01,1072,128.69,124.47,-4.22,-0.03279198072888336
7274,2024-01-01,1073,87.55,84.8,-2.75,-0.03141062250142775
7275,2024-01-01,1074,99.77,106.57,6.8,0.06815676054926331
7276,2024-01-01,1075,165.7,162.66,-3.04,-0.018346409173204587
7277,2024-01-01,1076,113.66,114.64,0.98,0.008622206581031145
7278,2024-01-01,1077,160.18,155.75,-4.43,-0.027656386565114245
7279,2024-01-01,1078,120.12,116.31,-3.81,-0.03171828171828172
7280,2024-01-01,1079,99.19,98.73,-0.46,-0.004637564270591793
7281,2024-01-01,1080,621.95,604.31,-17.64,-0.028362408553742263
7282,2024-01-01,1081,538.85,546.82,7.97,0.014790758095945069
7283,2024-01-01,1082,585.73,578.63,-7.1,-0.012121626005155959
7284,2024-01-01,1083,633.56,627.94,-5.62,-0.008870509501862491
7285,2024-01-01,1084,398.57,399.02,0.45,0.001129036304789623
7286,2024-01-01,1085,488.9,515.08,26.18,0.05354878298220495
7287,2024-01-01,1086,453.79,464.0,10.21,0.02249939399281606
7288,2024-01-01,1087,331.57,322.97,-8.6,-0.025937207829417618
7289,2024-01-01,1088,774.38,795.98,21.6,0.027893282367829748
7290,2024-01-01,1089,333.93,353.49,19.56,0.05857515048063965
7291,2024-01-01,1090,406.16,399.61,-6.55,-0.016126649596218238
7292,2024-01-01,1091,517.59,541.21,23.62,0.045634575629359145
7293,2024-01-01,1092,482.46,484.55,2.09,0.004331965344277246
7294,2024-01-01,1093,403.77,393.43,-10.34,-0.025608638581370583
7295,2024-01-01,1094,479.68,513.71,34.03,0.07094312875250167
7296,2024-01-01,1095,522.86,522.93,0.07,0.0001338790498412576
7297,2024-01-01,1096,571.36,608.23,36.87,0.06453024362923551
7298,2024-01-01,1097,438.36,434.63,-3.73,-0.008508988046354594
7299,2024-01-01,1098,413.64,440.92,27.28,0.06595106856203461
7300,2024-01-01,1099,590.82,592.85,2.03,0.0034359026437832166
7301,2024-01-01,1100,935.78,1004.57,68.79,0.0735108679390455
7302,2024-01-01,1101,927.07,979.48,52.41,0.056532947889587626
7303,2024-01-01,1102,1144.35,1097.53,-46.82,-0.040914056014331276
7304,2024-01-01,1103,1182.72,1234.69,51.97,0.04394108495670996
7305,2024-01-01,1104,919.7,944.55,24.85,0.02701968033054257
7306,2024-01-01,1105,896.34,929.46,33.12,0.03695026440859495
7307,2024-01-01,1106,971.03,935.29,-35.74,-0.036806277869890734
7308,2024-01-01,1107,902.43,969.83,67.4,0.07468723335882008
7309,2024-01-01,1108,1127.62,1162.91,35.29,0.03129600397296962
7310,2024-01-01,1109,1033.85,1046.8,12.95,0.012525995066982638
7311,2024-01-01,1110,865.19,924.02,58.83,0.067996625018782
7312,2024-01-01,1111,1261.98,1248.84,-13.14,-0.010412209385251748
7313,2024-01-01,1112,907.06,951.98,44.92,0.049522633563380596
7314,2024-01-01,1113,1000.78,967.55,-33.23,-0.033204100801374925
7315,2024-01-01,1114,1285.41,1296.26,10.85,0.008440886565376027
7316,2024-01-01,1115,996.8,1046.53,49.73,0.04988964686998395
7317,2024-01-01,1116,1010.05,1075.91,65.86,0.06520469283698827
7318,2024-01-01,1117,1068.39,1082.36,13.97,0.013075749492226622
7319,2024-01-01,1118,933.03,962.58,29.55,0.031671007363107295
7320,2024-01-01,1119,850.84,880.22,29.38,0.0345305815429458
7321,2024-01-01,1120,66.45,71.75,5.3,0.07975921745673438
7322,2024-01-01,1121,73.06,78.49,5.43,0.07432247467834656
7323,2024-01-01,1122,53.85,54.3,0.45,0.008356545961002786
7324,2024-01-01,1123,63.74,64.46,0.72,0.011295889551302165
7325,2024-01-01,1124,50.84,49.4,-1.44,-0.02832415420928403
7326,2024-01-01,1125,70.31,74.87,4.56,0.06485563931161997
7327,2024-01-01,1126,57.27,55.9,-1.37,-0.02392177405273267
7328,2024-01-01,1127,47.95,48.45,0.5,0.010427528675703858
7329,2024-01-01,1128,73.13,76.21,3.08,0.04211677833994257
7330,2024-01-01,1129,41.5,41.29,-0.21,-0.005060240963855421
7331,2024-01-01,1130,56.64,60.44,3.8,0.067090395480226
7332,2024-01-01,1131,63.94,62.56,-1.38,-0.02158273381294964
7333,2024-01-01,1132,72.12,73.05,0.93,0.012895174708818636
7334,2024-01-01,1133,56.87,59.49,2.62,0.046069984174432914
7335,2024-01-01,1134,84.27,89.98,5.71,0.06775839563308414
7336,2024-01-01,1135,59.44,59.87,0.43,0.007234185733512786
7337,2024-01-01,1136,55.45,57.32,1.87,0.03372407574391344
7338,2024-01-01,1137,52.7,55.52,2.82,0.05351043643263757
7339,2024-01-01,1138,50.21,48.39,-1.82,-0.036247759410476
7340,2024-01-01,1139,61.69,62.35,0.66,0.010698654563138272
7341,2024-01-01,1140,723.19,744.36,21.17,0.029273081762745613
7342,2024-01-01,1141,648.04,667.97,19.93,0.030754274427504474
7343,2024-01-01,1142,629.2,630.43,1.23,0.001954863318499682
7344,2024-01-01,1143,684.49,713.86,29.37,0.0429078584055282
7345,2024-01-01,1144,717.72,767.1,49.38,0.06880120381207155
7346,2024-01-01,1145,697.01,696.05,-0.96,-0.00137731165980402
7347,2024-01-01,1146,540.96,554.76,13.8,0.025510204081632654
7348,2024-01-01,1147,765.6,817.92,52.32,0.06833855799373041
7349,2024-01-01,1148,643.5,616.85,-26.65,-0.04141414141414142
7350,2024-01-01,1149,720.99,761.96,40.97,0.05682464389242569
7351,2024-01-01,1150,584.1,626.24,42.14,0.07214518061975689
7352,2024-01-01,1151,553.64,578.51,24.87,0.04492088721913157
7353,2024-01-01,1152,691.9,698.21,6.31,0.009119815002167943
7354,2024-01-01,1153,580.88,609.95,29.07,0.050044759674975896
7355,2024-01-01,1154,744.22,736.85,-7.37,-0.009902985676278519
7356,2024-01-01,1155,610.17,619.72,9.55,0.015651375846075684
7357,2024-01-01,1156,508.11,511.77,3.66,0.007203164669067721
7358,2024-01-01,1157,535.93,545.5,9.57,0.017856809657977722
7359,2024-01-01,1158,746.03,720.84,-25.19,-0.03376539817433615
7360,2024-01-01,1159,631.6,632.49,0.89,0.001409119696010133
7361,2024-01-01,1160,49.57,51.79,2.22,0.04478515230986484
7362,2024-01-01,1161,43.83,45.71,1.88,0.042892995665069586
7363,2024-01-01,1162,48.83,51.3,2.47,0.05058365758754864
7364,2024-01-01,1163,48.4,48.3,-0.1,-0.002066115702479339
7365,2024-01-01,1164,34.59,35.97,1.38,0.0398959236773634
7366,2024-01-01,1165,44.07,46.64,2.57,0.05831631495348309
7367,2024-01-01,1166,41.23,43.16,1.93,0.04681057482415717
7368,2024-01-01,1167,62.61,65.32,2.71,0.043283820475962305
7369,2024-01-01,1168,49.61,51.14,1.53,0.03084055633944769
7370,2024-01-01,1169,58.44,61.63,3.19,0.05458590006844627
7371,2024-01-01,1170,42.19,41.79,-0.4,-0.009480919649205973
7372,2024-01-01,1171,35.48,37.13,1.65,0.04650507328072153
7373,2024-01-01,1172,50.61,49.69,-0.92,-0.018178225647105316
7374,2024-01-01,1173,50.12,48.37,-1.75,-0.034916201117318434
7375,2024-01-01,1174,47.43,50.44,3.01,0.06346194391735188
7376,2024-01-01,1175,46.32,48.84,2.52,0.054404145077720206
7377,2024-01-01,1176,44.16,44.06,-0.1,-0.0022644927536231885
7378,2024-01-01,1177,57.72,59.82,2.1,0.036382536382536385
7379,2024-01-01,1178,40.85,42.05,1.2,0.02937576499388005
7380,2024-01-01,1179,45.86,43.87,-1.99,-0.04339293501962495
7381,2024-01-01,1180,81.41,79.85,-1.56,-0.019162265078000246
7382,2024-01-01,1181,83.81,79.73,-4.08,-0.0486815415821501
7383,2024-01-01,1182,110.03,105.14,-4.89,-0.044442424793238205
7384,2024-01-01,1183,120.53,126.08,5.55,0.04604662739566913
7385,2024-01-01,1184,102.26,103.72,1.46,0.014277332290240563
7386,2024-01-01,1185,85.95,91.57,5.62,0.0653868528214078
7387,2024-01-01,1186,86.63,92.48,5.85,0.06752856977952211
7388,2024-01-01,1187,123.85,130.88,7.03,0.05676221235365361
7389,2024-01-01,1188,91.56,96.13,4.57,0.04991262560069899
7390,2024-01-01,1189,88.62,84.73,-3.89,-0.04389528323177612
7391,2024-01-01,1190,58.07,57.29,-0.78,-0.01343206474944033
7392,2024-01-01,1191,70.67,69.83,-0.84,-0.01188623178151974
7393,2024-01-01,1192,112.17,110.76,-1.41,-0.012570205937416421
7394,2024-01-01,1193,104.08,101.8,-2.28,-0.021906225980015372
7395,2024-01-01,1194,128.58,126.15,-2.43,-0.0188987400839944
7396,2024-01-01,1195,90.62,88.13,-2.49,-0.027477378062237916
7397,2024-01-01,1196,103.87,107.09,3.22,0.03100028882256667
7398,2024-01-01,1197,103.33,110.13,6.8,0.0658085744701442
7399,2024-01-01,1198,117.46,121.63,4.17,0.035501447301208924
7400,2024-01-01,1199,116.29,118.29,2.0,0.017198383351964917
7401,2024-02-01,1000,749.47,753.27,3.8,0.005070249643081111
7402,2024-02-01,1001,765.39,760.61,-4.78,-0.006245182194698128
7403,2024-02-01,1002,798.69,797.03,-1.66,-0.002078403385543828
7404,2024-02-01,1003,856.03,910.54,54.51,0.06367767484784412
7405,2024-02-01,1004,812.41,830.48,18.07,0.02224246378060339
7406,2024-02-01,1005,913.14,938.56,25.42,0.027838009505661784
7407,2024-02-01,1006,777.09,785.71,8.62,0.011092666229136908
7408,2024-02-01,1007,1052.18,1016.31,-35.87,-0.03409112509266475
7409,2024-02-01,1008,705.96,749.82,43.86,0.062128165901750805
7410,2024-02-01,1009,595.55,630.27,34.72,0.05829905129712031
7411,2024-02-01,1010,583.58,574.73,-8.85,-0.015165015936118442
7412,2024-02-01,1011,722.49,727.03,4.54,0.00628382399756398
7413,2024-02-01,1012,793.75,855.82,62.07,0.0781984251968504
7414,2024-02-01,1013,597.04,575.4,-21.64,-0.03624547768993702
7415,2024-02-01,1014,609.37,633.4,24.03,0.03943416971626434
7416,2024-02-01,1015,564.47,595.61,31.14,0.05516679362942229
7417,2024-02-01,1016,762.29,745.01,-17.28,-0.022668538220362328
7418,2024-02-01,1017,849.73,862.24,12.51,0.01472232356160192
7419,2024-02-01,1018,617.39,606.39,-11.0,-0.017816939049871233
7420,2024-02-01,1019,665.57,638.19,-27.38,-0.04113767146956744
7421,2024-02-01,1020,566.7,546.81,-19.89,-0.03509793541556379
7422,2024-02-01,1021,417.3,442.12,24.82,0.05947759405703331
7423,2024-02-01,1022,535.0,531.39,-3.61,-0.006747663551401869
7424,2024-02-01,1023,475.11,484.98,9.87,0.020774136515754247
7425,2024-02-01,1024,438.92,466.21,27.29,0.06217533946960722
7426,2024-02-01,1025,425.89,459.11,33.22,0.07800136185399986
7427,2024-02-01,1026,433.63,464.11,30.48,0.07029033969051957
7428,2024-02-01,1027,660.01,651.36,-8.65,-0.013105862032393448
7429,2024-02-01,1028,519.63,496.97,-22.66,-0.043607951811866136
7430,2024-02-01,1029,516.0,490.69,-25.31,-0.049050387596899225
7431,2024-02-01,1030,406.84,426.29,19.45,0.047807491888703174
7432,2024-02-01,1031,542.72,524.37,-18.35,-0.0338111733490566
7433,2024-02-01,1032,497.66,517.23,19.57,0.039324036490776836
7434,2024-02-01,1033,563.66,587.33,23.67,0.041993400276762585
7435,2024-02-01,1034,499.73,496.45,-3.28,-0.006563544313929522
7436,2024-02-01,1035,560.88,582.59,21.71,0.038707031807160175
7437,2024-02-01,1036,451.91,445.39,-6.52,-0.014427651523533447
7438,2024-02-01,1037,625.15,608.91,-16.24,-0.025977765336319285
7439,2024-02-01,1038,414.83,437.17,22.34,0.0538533857242726
7440,2024-02-01,1039,672.61,668.75,-3.86,-0.005738838256939385
7441,2024-02-01,1040,285.1,277.23,-7.87,-0.027604349351104875
7442,2024-02-01,1041,252.02,239.91,-12.11,-0.04805174192524403
7443,2024-02-01,1042,343.79,344.32,0.53,0.0015416387911224875
7444,2024-02-01,1043,356.31,350.53,-5.78,-0.016221829305941456
7445,2024-02-01,1044,302.89,299.71,-3.18,-0.010498860972630327
7446,2024-02-01,1045,318.48,343.16,24.68,0.07749309218789249
7447,2024-02-01,1046,362.16,384.04,21.88,0.06041528606140932
7448,2024-02-01,1047,290.59,306.95,16.36,0.056299253243401355
7449,2024-02-01,1048,328.56,340.13,11.57,0.03521426832237643
7450,2024-02-01,1049,415.48,410.08,-5.4,-0.012997015500144411
7451,2024-02-01,1050,319.91,332.03,12.12,0.03788565534056453
7452,2024-02-01,1051,308.71,326.57,17.86,0.057853649055748115
7453,2024-02-01,1052,305.94,300.19,-5.75,-0.0187945348761195
7454,2024-02-01,1053,409.13,427.75,18.62,0.04551120670691467
7455,2024-02-01,1054,341.81,332.73,-9.08,-0.026564465638805185
7456,2024-02-01,1055,301.41,296.13,-5.28,-0.017517666965263263
7457,2024-02-01,1056,310.59,308.87,-1.72,-0.005537847322837181
7458,2024-02-01,1057,311.7,319.57,7.87,0.02524863650946423
7459,2024-02-01,1058,296.7,302.75,6.05,0.020390967307044153
7460,2024-02-01,1059,309.71,317.84,8.13,0.026250363243033807
7461,2024-02-01,1060,76.45,78.21,1.76,0.02302158273381295
7462,2024-02-01,1061,149.53,152.61,3.08,0.020597873336454225
7463,2024-02-01,1062,124.93,127.8,2.87,0.022972864804290404
7464,2024-02-01,1063,90.72,97.83,7.11,0.07837301587301587
7465,2024-02-01,1064,91.9,92.18,0.28,0.003046789989118607
7466,2024-02-01,1065,93.81,92.71,-1.1,-0.011725828802899478
7467,2024-02-01,1066,101.13,104.33,3.2,0.03164244042321764
7468,2024-02-01,1067,96.66,93.52,-3.14,-0.03248499896544589
7469,2024-02-01,1068,125.64,134.67,9.03,0.0718720152817574
7470,2024-02-01,1069,116.39,117.01,0.62,0.005326918120113412
7471,2024-02-01,1070,133.73,128.8,-4.93,-0.036865325656172884
7472,2024-02-01,1071,103.13,106.23,3.1,0.030059148647338312
7473,2024-02-01,1072,133.91,139.28,5.37,0.0401015607497573
7474,2024-02-01,1073,94.2,92.55,-1.65,-0.01751592356687898
7475,2024-02-01,1074,108.06,109.62,1.56,0.014436424208772903
7476,2024-02-01,1075,167.6,165.23,-2.37,-0.014140811455847255
7477,2024-02-01,1076,116.08,122.44,6.36,0.05478980013783598
7478,2024-02-01,1077,159.27,151.4,-7.87,-0.049412946568719786
7479,2024-02-01,1078,115.26,124.44,9.18,0.07964601769911504
7480,2024-02-01,1079,100.15,97.88,-2.27,-0.02266600099850225
7481,2024-02-01,1080,632.58,652.3,19.72,0.03117392266590787
7482,2024-02-01,1081,533.89,567.2,33.31,0.06239112925883609
7483,2024-02-01,1082,582.86,600.75,17.89,0.03069347699275984
7484,2024-02-01,1083,628.73,628.74,0.01,1.59050784915623e-05
7485,2024-02-01,1084,438.93,435.98,-2.95,-0.006720889435673114
7486,2024-02-01,1085,492.64,493.58,0.94,0.0019080870412471582
7487,2024-02-01,1086,420.2,447.53,27.33,0.06504045692527367
7488,2024-02-01,1087,332.09,319.23,-12.86,-0.038724442169291454
7489,2024-02-01,1088,773.49,775.21,1.72,0.0022236874426301567
7490,2024-02-01,1089,341.04,353.27,12.23,0.03586089608257096
7491,2024-02-01,1090,426.98,452.64,25.66,0.06009649163895264
7492,2024-02-01,1091,509.84,529.6,19.76,0.038757257178722734
7493,2024-02-01,1092,458.5,456.52,-1.98,-0.0043184296619411125
7494,2024-02-01,1093,438.07,440.65,2.58,0.005889469719451229
7495,2024-02-01,1094,498.19,502.65,4.46,0.008952407715931672
7496,2024-02-01,1095,507.85,545.59,37.74,0.0743132814807522
7497,2024-02-01,1096,567.38,597.18,29.8,0.0525221192146357
7498,2024-02-01,1097,449.16,452.31,3.15,0.007013091103393
7499,2024-02-01,1098,412.55,398.18,-14.37,-0.034832141558598956
7500,2024-02-01,1099,601.93,574.34,-27.59,-0.04583589453923213
7501,2024-02-01,1100,926.31,890.37,-35.94,-0.03879910613077695
7502,2024-02-01,1101,911.76,894.81,-16.95,-0.018590418531192417
7503,2024-02-01,1102,1205.46,1233.86,28.4,0.02355947107328323
7504,2024-02-01,1103,1213.71,1179.06,-34.65,-0.028548829621573523
7505,2024-02-01,1104,945.85,930.26,-15.59,-0.016482528942221283
7506,2024-02-01,1105,943.76,954.52,10.76,0.011401203695854878
7507,2024-02-01,1106,979.3,987.51,8.21,0.00838353926273869
7508,2024-02-01,1107,945.61,936.01,-9.6,-0.010152176901682512
7509,2024-02-01,1108,1033.65,1101.68,68.03,0.06581531466163595
7510,2024-02-01,1109,1014.64,987.86,-26.78,-0.02639359772924387
7511,2024-02-01,1110,851.48,820.65,-30.83,-0.03620754451073425
7512,2024-02-01,1111,1241.01,1237.48,-3.53,-0.002844457337168919
7513,2024-02-01,1112,862.23,853.54,-8.69,-0.010078517332962203
7514,2024-02-01,1113,979.17,968.19,-10.98,-0.011213578847391157
7515,2024-02-01,1114,1226.06,1232.64,6.58,0.005366784659804578
7516,2024-02-01,1115,984.63,999.18,14.55,0.014777124402059657
7517,2024-02-01,1116,1078.27,1079.62,1.35,0.0012520055273725504
7518,2024-02-01,1117,1079.66,1137.56,57.9,0.05362799399811052
7519,2024-02-01,1118,952.27,907.7,-44.57,-0.04680395266048495
7520,2024-02-01,1119,828.76,810.04,-18.72,-0.022587962739514456
7521,2024-02-01,1120,68.59,73.28,4.69,0.06837731447732906
7522,2024-02-01,1121,71.7,71.17,-0.53,-0.007391910739191074
7523,2024-02-01,1122,51.71,51.45,-0.26,-0.0050280409978727516
7524,2024-02-01,1123,61.65,60.47,-1.18,-0.019140308191403083
7525,2024-02-01,1124,50.92,54.96,4.04,0.0793401413982718
7526,2024-02-01,1125,69.09,70.7,1.61,0.02330293819655522
7527,2024-02-01,1126,58.96,61.26,2.3,0.03900949796472185
7528,2024-02-01,1127,48.84,48.21,-0.63,-0.012899262899262898
7529,2024-02-01,1128,73.28,70.92,-2.36,-0.03220524017467249
7530,2024-02-01,1129,39.55,38.64,-0.91,-0.023008849557522124
7531,2024-02-01,1130,52.61,51.36,-1.25,-0.023759741494012544
7532,2024-02-01,1131,63.99,67.39,3.4,0.05313330207844976
7533,2024-02-01,1132,76.07,74.65,-1.42,-0.018667017220980676
7534,2024-02-01,1133,57.31,60.35,3.04,0.05304484383179201
7535,2024-02-01,1134,80.42,83.59,3.17,0.03941805521014673
7536,2024-02-01,1135,57.33,61.43,4.1,0.07151578580150009
7537,2024-02-01,1136,58.28,55.82,-2.46,-0.042210020590253944
7538,2024-02-01,1137,54.73,53.41,-1.32,-0.02411839941531153
7539,2024-02-01,1138,50.57,50.65,0.08,0.0015819655922483685
7540,2024-02-01,1139,57.14,61.24,4.1,0.07175358767938397
7541,2024-02-01,1140,742.23,713.56,-28.67,-0.038626840736698864
7542,2024-02-01,1141,624.21,622.36,-1.85,-0.002963746175165409
7543,2024-02-01,1142,654.13,690.28,36.15,0.05526424411049791
7544,2024-02-01,1143,686.76,730.68,43.92,0.06395247247946881
7545,2024-02-01,1144,707.88,734.16,26.28,0.037124936429903374
7546,2024-02-01,1145,705.56,697.75,-7.81,-0.011069221611202449
7547,2024-02-01,1146,536.82,575.23,38.41,0.0715509854327335
7548,2024-02-01,1147,777.13,769.01,-8.12,-0.010448702276324424
7549,2024-02-01,1148,643.33,624.84,-18.49,-0.028741081560008083
7550,2024-02-01,1149,720.3,736.32,16.02,0.022240733027905038
7551,2024-02-01,1150,588.46,629.29,40.83,0.06938449512286307
7552,2024-02-01,1151,548.28,554.86,6.58,0.012001167286787772
7553,2024-02-01,1152,722.61,727.59,4.98,0.00689168431103915
7554,2024-02-01,1153,593.61,596.48,2.87,0.004834824211182426
7555,2024-02-01,1154,812.27,842.19,29.92,0.036835042535117636
7556,2024-02-01,1155,632.38,648.45,16.07,0.02541193586134919
7557,2024-02-01,1156,521.93,552.74,30.81,0.05903090452742705
7558,2024-02-01,1157,527.29,544.59,17.3,0.032809270041153825
7559,2024-02-01,1158,777.11,828.6,51.49,0.06625831606851025
7560,2024-02-01,1159,645.37,696.86,51.49,0.07978368997629266
7561,2024-02-01,1160,51.15,49.97,-1.18,-0.023069403714565003
7562,2024-02-01,1161,44.83,46.07,1.24,0.027660049074280615
7563,2024-02-01,1162,50.65,53.51,2.86,0.05646594274432379
7564,2024-02-01,1163,48.03,49.73,1.7,0.03539454507599417
7565,2024-02-01,1164,34.1,35.27,1.17,0.0343108504398827
7566,2024-02-01,1165,44.28,42.94,-1.34,-0.03026196928635953
7567,2024-02-01,1166,41.49,42.73,1.24,0.029886719691491925
7568,2024-02-01,1167,65.0,65.41,0.41,0.0063076923076923076
7569,2024-02-01,1168,48.97,47.15,-1.82,-0.03716561159893812
7570,2024-02-01,1169,59.24,60.33,1.09,0.018399729912221472
7571,2024-02-01,1170,38.81,39.6,0.79,0.02035557845916001
7572,2024-02-01,1171,34.44,36.67,2.23,0.06475029036004645
7573,2024-02-01,1172,50.19,52.46,2.27,0.04522813309424188
7574,2024-02-01,1173,50.21,54.04,3.83,0.0762796255725951
7575,2024-02-01,1174,48.01,49.81,1.8,0.03749218912726515
7576,2024-02-01,1175,48.56,51.82,3.26,0.0671334431630972
7577,2024-02-01,1176,42.64,44.03,1.39,0.0325984990619137
7578,2024-02-01,1177,61.34,58.3,-3.04,-0.049559830453211606
7579,2024-02-01,1178,41.19,41.83,0.64,0.015537751881524642
7580,2024-02-01,1179,45.76,47.41,1.65,0.036057692307692304
7581,2024-02-01,1180,82.5,87.24,4.74,0.05745454545454545
7582,2024-02-01,1181,84.17,80.92,-3.25,-0.038612332184863964
7583,2024-02-01,1182,114.7,116.39,1.69,0.014734088927637315
7584,2024-02-01,1183,119.35,113.63,-5.72,-0.04792626728110599
7585,2024-02-01,1184,95.09,99.11,4.02,0.04227573877379325
7586,2024-02-01,1185,84.39,81.43,-2.96,-0.03507524588221353
7587,2024-02-01,1186,85.52,90.4,4.88,0.05706267539756782
7588,2024-02-01,1187,126.24,126.21,-0.03,-0.0002376425855513307
7589,2024-02-01,1188,91.48,92.79,1.31,0.014320069960647136
7590,2024-02-01,1189,90.01,85.84,-4.17,-0.046328185757138096
7591,2024-02-01,1190,63.21,65.52,2.31,0.03654485049833887
7592,2024-02-01,1191,73.08,73.73,0.65,0.008894362342638205
7593,2024-02-01,1192,106.28,112.89,6.61,0.0621942039894618
7594,2024-02-01,1193,104.69,101.34,-3.35,-0.03199923583914414
7595,2024-02-01,1194,125.62,129.72,4.1,0.03263811494984875
7596,2024-02-01,1195,86.67,86.73,0.06,0.0006922810661128418
7597,2024-02-01,1196,102.34,109.63,7.29,0.07123314442055892
7598,2024-02-01,1197,101.74,104.67,2.93,0.02879889915470808
7599,2024-02-01,1198,121.29,115.73,-5.56,-0.04584054744826449
7600,2024-02-01,1199,118.86,121.08,2.22,0.01867743563856638
7601,2024-03-01,1000,778.91,749.14,-29.77,-0.038220076773953345
7602,2024-03-01,1001,762.92,761.2,-1.72,-0.002254495884234258
7603,2024-03-01,1002,782.69,748.19,-34.5,-0.044078754040552455
7604,2024-03-01,1003,822.67,817.51,-5.16,-0.006272259836872622
7605,2024-03-01,1004,819.04,792.8,-26.24,-0.03203750732564954
7606,2024-03-01,1005,897.0,892.2,-4.8,-0.005351170568561873
7607,2024-03-01,1006,793.9,788.54,-5.36,-0.006751480035268926
7608,2024-03-01,1007,1012.2,966.81,-45.39,-0.044842916419679905
7609,2024-03-01,1008,759.78,790.35,30.57,0.0402353312801074
7610,2024-03-01,1009,596.77,617.72,20.95,0.03510565209377147
7611,2024-03-01,1010,526.3,519.28,-7.02,-0.01333840015200456
7612,2024-03-01,1011,715.88,757.87,41.99,0.05865508185729452
7613,2024-03-01,1012,818.14,851.48,33.34,0.04075097171633217
7614,2024-03-01,1013,590.56,567.93,-22.63,-0.038319561094554325
7615,2024-03-01,1014,616.79,627.83,11.04,0.017899122878127078
7616,2024-03-01,1015,541.72,528.47,-13.25,-0.024459130177951708
7617,2024-03-01,1016,747.87,741.09,-6.78,-0.009065746720686751
7618,2024-03-01,1017,879.21,912.66,33.45,0.038045518135599005
7619,2024-03-01,1018,571.16,604.6,33.44,0.05854751733314658
7620,2024-03-01,1019,661.36,698.21,36.85,0.05571851941453974
7621,2024-03-01,1020,549.74,582.06,32.32,0.05879142867537381
7622,2024-03-01,1021,417.74,423.61,5.87,0.014051802556614161
7623,2024-03-01,1022,523.41,508.5,-14.91,-0.02848627271164097
7624,2024-03-01,1023,472.64,497.7,25.06,0.05302132701421801
7625,2024-03-01,1024,440.99,422.24,-18.75,-0.04251797092904601
7626,2024-03-01,1025,426.16,454.74,28.58,0.0670640135160503
7627,2024-03-01,1026,452.58,448.91,-3.67,-0.008109063590967342
7628,2024-03-01,1027,621.54,636.98,15.44,0.024841522669498343
7629,2024-03-01,1028,496.2,505.02,8.82,0.017775090689238212
7630,2024-03-01,1029,516.41,508.53,-7.88,-0.015259193276660019
7631,2024-03-01,1030,421.73,430.18,8.45,0.02003651625447561
7632,2024-03-01,1031,571.84,595.56,23.72,0.04148013430330162
7633,2024-03-01,1032,485.39,487.3,1.91,0.003934980119079503
7634,2024-03-01,1033,562.16,602.34,40.18,0.07147431336274371
7635,2024-03-01,1034,496.34,489.08,-7.26,-0.014627070153523793
7636,2024-03-01,1035,553.21,591.6,38.39,0.06939498562932701
7637,2024-03-01,1036,466.51,475.94,9.43,0.02021392896186577
7638,2024-03-01,1037,607.48,585.13,-22.35,-0.03679133469414631
7639,2024-03-01,1038,393.47,391.87,-1.6,-0.004066383714133225
7640,2024-03-01,1039,658.21,650.78,-7.43,-0.011288190699017032
7641,2024-03-01,1040,281.6,277.87,-3.73,-0.013245738636363637
7642,2024-03-01,1041,277.34,292.71,15.37,0.05541934088122882
7643,2024-03-01,1042,344.07,358.82,14.75,0.04286918359636121
7644,2024-03-01,1043,356.46,383.46,27.0,0.07574482410368624
7645,2024-03-01,1044,276.92,287.83,10.91,0.03939765997399971
7646,2024-03-01,1045,294.09,317.42,23.33,0.07932945696895508
7647,2024-03-01,1046,382.36,400.18,17.82,0.04660529344073648
7648,2024-03-01,1047,289.66,283.41,-6.25,-0.021577021335358697
7649,2024-03-01,1048,314.92,318.01,3.09,0.009812015750031754
7650,2024-03-01,1049,417.47,416.68,-0.79,-0.0018923515462188898
7651,2024-03-01,1050,332.67,342.72,10.05,0.030210118135088827
7652,2024-03-01,1051,320.66,306.21,-14.45,-0.045063306929457994
7653,2024-03-01,1052,316.93,328.54,11.61,0.03663269491685861
7654,2024-03-01,1053,399.49,381.38,-18.11,-0.045332799319131895
7655,2024-03-01,1054,356.85,368.11,11.26,0.031553874176824995
7656,2024-03-01,1055,325.59,335.42,9.83,0.030191344943026506
7657,2024-03-01,1056,305.75,298.47,-7.28,-0.023810302534750614
7658,2024-03-01,1057,319.27,303.34,-15.93,-0.049895073135590565
7659,2024-03-01,1058,289.66,286.08,-3.58,-0.01235931782089346
7660,2024-03-01,1059,301.17,299.37,-1.8,-0.005976690905468672
7661,2024-03-01,1060,76.58,74.09,-2.49,-0.03251501697571167
7662,2024-03-01,1061,160.13,159.76,-0.37,-0.0023106226191219634
7663,2024-03-01,1062,125.07,128.58,3.51,0.028064284000959464
7664,2024-03-01,1063,96.19,98.49,2.3,0.023911009460442872
7665,2024-03-01,1064,90.56,97.32,6.76,0.07464664310954064
7666,2024-03-01,1065,93.23,98.03,4.8,0.05148557331331117
7667,2024-03-01,1066,104.64,112.36,7.72,0.07377675840978594
7668,2024-03-01,1067,97.45,104.21,6.76,0.06936890713186249
7669,2024-03-01,1068,122.21,128.46,6.25,0.05114147778414205
7670,2024-03-01,1069,115.82,122.35,6.53,0.056380590571576586
7671,2024-03-01,1070,135.23,137.69,2.46,0.018191229756710788
7672,2024-03-01,1071,105.98,113.42,7.44,0.07020192489148896
7673,2024-03-01,1072,139.11,135.64,-3.47,-0.024944288692401697
7674,2024-03-01,1073,92.14,97.91,5.77,0.06262209680920339
7675,2024-03-01,1074,101.91,106.3,4.39,0.043077225002453146
7676,2024-03-01,1075,168.05,178.88,10.83,0.06444510562332639
7677,2024-03-01,1076,115.1,113.72,-1.38,-0.011989574283231972
7678,2024-03-01,1077,151.1,146.2,-4.9,-0.03242885506287227
7679,2024-03-01,1078,116.02,124.34,8.32,0.07171177383209791
7680,2024-03-01,1079,103.98,104.19,0.21,0.002019619157530294
7681,2024-03-01,1080,646.41,623.33,-23.08,-0.03570489317925156
7682,2024-03-01,1081,544.8,563.97,19.17,0.03518722466960352
7683,2024-03-01,1082,560.01,562.64,2.63,0.004696344708130212
7684,2024-03-01,1083,628.85,661.27,32.42,0.05155442474357955
7685,2024-03-01,1084,415.51,437.73,22.22,0.05347645062694038
7686,2024-03-01,1085,485.79,511.78,25.99,0.053500483748121615
7687,2024-03-01,1086,443.59,447.96,4.37,0.009851439392231565
7688,2024-03-01,1087,338.41,348.01,9.6,0.028367956029668153
7689,2024-03-01,1088,750.99,732.55,-18.44,-0.024554255050000667
7690,2024-03-01,1089,336.05,331.57,-4.48,-0.013331349501562267
7691,2024-03-01,1090,426.14,415.07,-11.07,-0.025977378326371616
7692,2024-03-01,1091,506.49,510.9,4.41,0.008706983356038618
7693,2024-03-01,1092,472.51,471.37,-1.14,-0.0024126473513788067
7694,2024-03-01,1093,439.27,459.92,20.65,0.04700981173310265
7695,2024-03-01,1094,470.39,479.74,9.35,0.019877123238164075
7696,2024-03-01,1095,527.98,512.31,-15.67,-0.02967915451342854
7697,2024-03-01,1096,551.92,551.76,-0.16,-0.0002898970865342803
7698,2024-03-01,1097,443.78,435.08,-8.7,-0.019604308441119475
7699,2024-03-01,1098,417.98,421.97,3.99,0.009545911287621417
7700,2024-03-01,1099,579.75,573.21,-6.54,-0.01128072445019405
7701,2024-03-01,1100,925.17,905.52,-19.65,-0.02123933979701028
7702,2024-03-01,1101,893.11,913.94,20.83,0.023322994927836436
7703,2024-03-01,1102,1188.61,1169.38,-19.23,-0.016178561513027823
7704,2024-03-01,1103,1183.35,1201.71,18.36,0.015515274432754468
7705,2024-03-01,1104,933.64,938.46,4.82,0.005162589434899961
7706,2024-03-01,1105,926.62,893.57,-33.05,-0.03566726381904125
7707,2024-03-01,1106,993.8,1009.13,15.33,0.015425638961561683
7708,2024-03-01,1107,932.74,926.6,-6.14,-0.006582756180714883
7709,2024-03-01,1108,1057.47,1057.41,-0.06,-5.67391982751283e-05
7710,2024-03-01,1109,1030.44,994.64,-35.8,-0.03474244012266604
7711,2024-03-01,1110,836.51,816.61,-19.9,-0.02378931513072169
7712,2024-03-01,1111,1278.72,1215.25,-63.47,-0.04963557307307307
7713,2024-03-01,1112,908.28,975.46,67.18,0.0739639758664729
7714,2024-03-01,1113,1057.77,1023.06,-34.71,-0.0328143169119941
7715,2024-03-01,1114,1217.71,1214.76,-2.95,-0.0024225800888553104
7716,2024-03-01,1115,969.07,928.53,-40.54,-0.041833923245998744
7717,2024-03-01,1116,1016.24,1050.76,34.52,0.033968353932142016
7718,2024-03-01,1117,1112.04,1164.54,52.5,0.04721053199525197
7719,2024-03-01,1118,926.53,909.59,-16.94,-0.018283271993351537
7720,2024-03-01,1119,820.04,794.96,-25.08,-0.030583873957367932
7721,2024-03-01,1120,68.23,71.33,3.1,0.045434559577898284
7722,2024-03-01,1121,68.77,73.64,4.87,0.07081576268721826
7723,2024-03-01,1122,50.72,50.91,0.19,0.003746056782334385
7724,2024-03-01,1123,63.45,65.18,1.73,0.027265563435776203
7725,2024-03-01,1124,55.53,59.92,4.39,0.07905636592832703
7726,2024-03-01,1125,66.48,69.56,3.08,0.04632972322503008
7727,2024-03-01,1126,56.72,55.51,-1.21,-0.021332863187588154
7728,2024-03-01,1127,46.63,48.33,1.7,0.03645721638430195
7729,2024-03-01,1128,73.7,73.65,-0.05,-0.0006784260515603799
7730,2024-03-01,1129,40.33,43.26,2.93,0.07265063228365981
7731,2024-03-01,1130,57.56,55.73,-1.83,-0.03179291174426685
7732,2024-03-01,1131,63.78,65.37,1.59,0.02492944496707432
7733,2024-03-01,1132,74.56,79.49,4.93,0.06612124463519313
7734,2024-03-01,1133,57.96,61.81,3.85,0.06642512077294686
7735,2024-03-01,1134,81.4,82.05,0.65,0.007985257985257985
7736,2024-03-01,1135,60.37,60.12,-0.25,-0.004141129700182209
7737,2024-03-01,1136,56.44,54.4,-2.04,-0.03614457831325301
7738,2024-03-01,1137,54.51,57.54,3.03,0.05558613098514034
7739,2024-03-01,1138,52.77,53.54,0.77,0.014591624028804245
7740,2024-03-01,1139,64.74,67.26,2.52,0.03892493049119555
7741,2024-03-01,1140,769.75,828.97,59.22,0.07693406950308541
7742,2024-03-01,1141,642.86,626.16,-16.7,-0.025977662321500793
7743,2024-03-01,1142,624.42,609.47,-14.95,-0.023942218378655393
7744,2024-03-01,1143,673.3,690.67,17.37,0.025798306846873606
7745,2024-03-01,1144,704.61,735.07,30.46,0.043229587999034924
7746,2024-03-01,1145,716.12,689.77,-26.35,-0.036795509132547616
7747,2024-03-01,1146,540.68,540.7,0.02,3.69904564622327e-05
7748,2024-03-01,1147,782.98,759.56,-23.42,-0.029911364274949552
7749,2024-03-01,1148,650.6,649.36,-1.24,-0.0019059329849369813
7750,2024-03-01,1149,700.58,688.94,-11.64,-0.01661480487595992
7751,2024-03-01,1150,611.32,597.4,-13.92,-0.022770398481973434
7752,2024-03-01,1151,541.63,580.35,38.72,0.07148791610509019
7753,2024-03-01,1152,705.76,703.55,-2.21,-0.0031313761051915663
7754,2024-03-01,1153,598.54,636.76,38.22,0.06385538142814182
7755,2024-03-01,1154,783.81,747.05,-36.76,-0.046899120960436844
7756,2024-03-01,1155,612.0,585.41,-26.59,-0.04344771241830065
7757,2024-03-01,1156,513.11,495.39,-17.72,-0.03453450527177408
7758,2024-03-01,1157,543.47,546.58,3.11,0.005722486981802124
7759,2024-03-01,1158,788.55,798.5,9.95,0.012618096506245641
7760,2024-03-01,1159,634.56,631.76,-2.8,-0.004412506303580433
7761,2024-03-01,1160,50.09,49.84,-0.25,-0.004991016170892394
7762,2024-03-01,1161,44.28,42.89,-1.39,-0.03139114724480578
7763,2024-03-01,1162,47.4,47.68,0.28,0.00590717299578059
7764,2024-03-01,1163,46.94,50.09,3.15,0.06710694503621645
7765,2024-03-01,1164,34.48,33.9,-0.58,-0.016821345707656612
7766,2024-03-01,1165,46.95,47.59,0.64,0.013631522896698615
7767,2024-03-01,1166,41.44,43.04,1.6,0.03861003861003861
7768,2024-03-01,1167,61.7,63.7,2.0,0.03241491085899514
7769,2024-03-01,1168,49.26,51.85,2.59,0.05257815671944783
7770,2024-03-01,1169,57.23,60.87,3.64,0.06360300541673947
7771,2024-03-01,1170,39.28,38.9,-0.38,-0.009674134419551934
7772,2024-03-01,1171,34.61,33.12,-1.49,-0.0430511412886449
7773,2024-03-01,1172,51.47,50.64,-0.83,-0.016125898581698078
7774,2024-03-01,1173,51.83,52.99,1.16,0.022380860505498746
7775,2024-03-01,1174,45.85,45.8,-0.05,-0.0010905125408942201
7776,2024-03-01,1175,45.72,43.64,-2.08,-0.045494313210848646
7777,2024-03-01,1176,44.28,46.55,2.27,0.0512646793134598
7778,2024-03-01,1177,59.88,57.67,-2.21,-0.036907147628590514
7779,2024-03-01,1178,40.8,40.8,0.0,0.0
7780,2024-03-01,1179,45.43,47.41,1.98,0.043583535108958835
7781,2024-03-01,1180,83.39,80.29,-3.1,-0.03717472118959108
7782,2024-03-01,1181,84.21,86.92,2.71,0.03218145113406959
7783,2024-03-01,1182,108.78,107.75,-1.03,-0.009468652325795184
7784,2024-03-01,1183,123.31,130.28,6.97,0.05652420728245884
7785,2024-03-01,1184,100.87,95.95,-4.92,-0.04877565182908694
7786,2024-03-01,1185,83.78,79.99,-3.79,-0.04523752685605156
7787,2024-03-01,1186,86.16,87.29,1.13,0.013115134633240483
7788,2024-03-01,1187,127.81,129.03,1.22,0.009545418981300367
7789,2024-03-01,1188,94.72,99.57,4.85,0.0512035472972973
7790,2024-03-01,1189,91.14,96.42,5.28,0.05793285055957867
7791,2024-03-01,1190,59.78,60.44,0.66,0.011040481766477083
7792,2024-03-01,1191,71.89,76.86,4.97,0.0691333982473223
7793,2024-03-01,1192,110.36,117.38,7.02,0.06361000362450163
7794,2024-03-01,1193,100.22,104.89,4.67,0.04659748553182998
7795,2024-03-01,1194,128.17,124.83,-3.34,-0.02605914020441601
7796,2024-03-01,1195,86.93,83.78,-3.15,-0.036236051995858734
7797,2024-03-01,1196,105.52,111.24,5.72,0.05420773313115997
7798,2024-03-01,1197,110.33,105.51,-4.82,-0.04368712045681138
7799,2024-03-01,1198,120.54,116.17,-4.37,-0.03625352580056413
7800,2024-03-01,1199,116.06,110.84,-5.22,-0.04497673617094606
7801,2024-04-01,1000,759.54,741.83,-17.71,-0.023316744345261604
7802,2024-04-01,1001,722.82,778.95,56.13,0.0776541877645887
7803,2024-04-01,1002,812.22,844.37,32.15,0.03958287163576371
7804,2024-04-01,1003,798.1,803.12,5.02,0.006289938604184939
7805,2024-04-01,1004,859.39,822.25,-37.14,-0.0432167002175962
7806,2024-04-01,1005,868.26,918.39,50.13,0.057736161979130673
7807,2024-04-01,1006,740.06,721.61,-18.45,-0.024930411047752885
7808,2024-04-01,1007,1057.53,1009.66,-47.87,-0.045265855342165234
7809,2024-04-01,1008,723.79,688.65,-35.14,-0.048549993782727036
7810,2024-04-01,1009,608.33,616.96,8.63,0.014186379103447142
7811,2024-04-01,1010,560.47,538.85,-21.62,-0.03857476760575945
7812,2024-04-01,1011,724.53,775.41,50.88,0.070224835410542
7813,2024-04-01,1012,813.02,783.85,-29.17,-0.03587857617278788
7814,2024-04-01,1013,581.36,626.78,45.42,0.07812715013072795
7815,2024-04-01,1014,626.86,611.99,-14.87,-0.02372140509842708
7816,2024-04-01,1015,572.52,606.57,34.05,0.05947390484175225
7817,2024-04-01,1016,774.39,740.96,-33.43,-0.043169462415578716
7818,2024-04-01,1017,887.89,857.93,-29.96,-0.033742918604782124
7819,2024-04-01,1018,621.73,648.08,26.35,0.042381741270326345
7820,2024-04-01,1019,676.07,646.34,-29.73,-0.04397473634386972
7821,2024-04-01,1020,555.17,544.84,-10.33,-0.018606913197759246
7822,2024-04-01,1021,410.8,439.62,28.82,0.07015579357351509
7823,2024-04-01,1022,541.92,556.31,14.39,0.026553734868615293
7824,2024-04-01,1023,469.05,501.22,32.17,0.06858543865259567
7825,2024-04-01,1024,436.45,421.0,-15.45,-0.03539924389964486
7826,2024-04-01,1025,445.07,449.14,4.07,0.009144628934774305
7827,2024-04-01,1026,438.34,444.52,6.18,0.014098644887530227
7828,2024-04-01,1027,651.67,651.33,-0.34,-0.0005217364617060782
7829,2024-04-01,1028,507.15,508.92,1.77,0.0034900916888494526
7830,2024-04-01,1029,510.97,503.81,-7.16,-0.01401256433841517
7831,2024-04-01,1030,412.95,395.47,-17.48,-0.04232957985228236
7832,2024-04-01,1031,581.67,587.93,6.26,0.010762115976412743
7833,2024-04-01,1032,506.57,496.27,-10.3,-0.02033282665771759
7834,2024-04-01,1033,571.6,609.28,37.68,0.06592022393282015
7835,2024-04-01,1034,500.94,539.13,38.19,0.0762366750509043
7836,2024-04-01,1035,598.3,598.08,-0.22,-0.0003677085074377402
7837,2024-04-01,1036,457.84,436.8,-21.04,-0.04595491874890791
7838,2024-04-01,1037,590.72,574.2,-16.52,-0.027965872156013
7839,2024-04-01,1038,386.96,407.14,20.18,0.05215009303287162
7840,2024-04-01,1039,687.47,731.49,44.02,0.0640318850277103
7841,2024-04-01,1040,283.31,287.25,3.94,0.013907027637570154
7842,2024-04-01,1041,267.02,287.95,20.93,0.07838364167478092
7843,2024-04-01,1042,340.8,350.77,9.97,0.02925469483568075
7844,2024-04-01,1043,356.63,357.17,0.54,0.0015141743543728794
7845,2024-04-01,1044,295.18,296.73,1.55,0.0052510332678365745
7846,2024-04-01,1045,301.21,299.16,-2.05,-0.006805882938813452
7847,2024-04-01,1046,360.66,359.53,-1.13,-0.003133144790107026
7848,2024-04-01,1047,292.9,308.57,15.67,0.05349948787982246
7849,2024-04-01,1048,309.27,326.65,17.38,0.056196850648300836
7850,2024-04-01,1049,429.88,432.11,2.23,0.00518749418442356
7851,2024-04-01,1050,319.01,304.96,-14.05,-0.04404250650449829
7852,2024-04-01,1051,325.3,338.02,12.72,0.039102367045803874
7853,2024-04-01,1052,299.08,311.0,11.92,0.03985555704159422
7854,2024-04-01,1053,412.33,413.99,1.66,0.004025901583682972
7855,2024-04-01,1054,352.71,366.97,14.26,0.04042981486206799
7856,2024-04-01,1055,311.2,305.51,-5.69,-0.018284061696658097
7857,2024-04-01,1056,300.41,299.21,-1.2,-0.0039945407942478615
7858,2024-04-01,1057,318.67,320.61,1.94,0.0060878024288448865
7859,2024-04-01,1058,294.57,291.13,-3.44,-0.0116780391757477
7860,2024-04-01,1059,316.91,306.83,-10.08,-0.03180713767315642
7861,2024-04-01,1060,79.5,84.24,4.74,0.059622641509433964
7862,2024-04-01,1061,164.59,160.26,-4.33,-0.026307795127285982
7863,2024-04-01,1062,128.83,130.63,1.8,0.013971900954746565
7864,2024-04-01,1063,94.85,95.96,1.11,0.011702688455455983
7865,2024-04-01,1064,89.19,85.35,-3.84,-0.04305415405314497
7866,2024-04-01,1065,95.62,99.86,4.24,0.044342187826814476
7867,2024-04-01,1066,104.02,108.98,4.96,0.04768313785810421
7868,2024-04-01,1067,99.23,97.87,-1.36,-0.013705532601027914
7869,2024-04-01,1068,131.61,127.27,-4.34,-0.03297621761264342
7870,2024-04-01,1069,112.26,114.2,1.94,0.0172813112417602
7871,2024-04-01,1070,137.61,142.09,4.48,0.03255577356296781
7872,2024-04-01,1071,99.83,102.41,2.58,0.02584393468897125
7873,2024-04-01,1072,131.77,139.77,8.0,0.06071184639902861
7874,2024-04-01,1073,91.91,95.24,3.33,0.036231095637036234
7875,2024-04-01,1074,105.78,107.13,1.35,0.012762336925694838
7876,2024-04-01,1075,162.13,172.27,10.14,0.06254240424350829
7877,2024-04-01,1076,119.5,117.58,-1.92,-0.016066945606694562
7878,2024-04-01,1077,160.46,154.26,-6.2,-0.0386389131247663
7879,2024-04-01,1078,114.59,119.9,5.31,0.04633912208744218
7880,2024-04-01,1079,95.49,95.88,0.39,0.004084197298146403
7881,2024-04-01,1080,610.91,585.88,-25.03,-0.04097166522073628
7882,2024-04-01,1081,559.57,603.0,43.43,0.07761316725342673
7883,2024-04-01,1082,590.87,592.68,1.81,0.003063279570802376
7884,2024-04-01,1083,615.32,634.98,19.66,0.031950854839758173
7885,2024-04-01,1084,422.77,441.28,18.51,0.043782671428909334
7886,2024-04-01,1085,484.63,491.1,6.47,0.013350391019953367
7887,2024-04-01,1086,439.58,451.35,11.77,0.0267755584876473
7888,2024-04-01,1087,336.1,347.62,11.52,0.03427551324010711
7889,2024-04-01,1088,751.94,802.25,50.31,0.06690693406388808
7890,2024-04-01,1089,346.88,338.76,-8.12,-0.023408671586715866
7891,2024-04-01,1090,440.91,469.18,28.27,0.06411739357238438
7892,2024-04-01,1091,501.68,512.49,10.81,0.02154760006378568
7893,2024-04-01,1092,455.53,439.41,-16.12,-0.035387350997738896
7894,2024-04-01,1093,442.36,468.41,26.05,0.05888868794646894
7895,2024-04-01,1094,484.71,518.86,34.15,0.07045449856615296
7896,2024-04-01,1095,513.61,502.23,-11.38,-0.022156889468662993
7897,2024-04-01,1096,545.27,543.01,-2.26,-0.004144735635556697
7898,2024-04-01,1097,449.78,473.13,23.35,0.051914269198274715
7899,2024-04-01,1098,410.1,432.4,22.3,0.05437698122409169
7900,2024-04-01,1099,595.92,624.18,28.26,0.047422472815142974
7901,2024-04-01,1100,897.11,940.68,43.57,0.04856706535430438
7902,2024-04-01,1101,859.19,867.64,8.45,0.009834844446513577
7903,2024-04-01,1102,1155.55,1243.61,88.06,0.07620613560642119
7904,2024-04-01,1103,1191.62,1156.07,-35.55,-0.029833336130645677
7905,2024-04-01,1104,897.7,957.0,59.3,0.0660577030188259
7906,2024-04-01,1105,962.1,938.6,-23.5,-0.024425735370543603
7907,2024-04-01,1106,977.14,963.22,-13.92,-0.014245655689051723
7908,2024-04-01,1107,906.08,922.72,16.64,0.018364824298075226
7909,2024-04-01,1108,1049.54,1039.82,-9.72,-0.009261200144825352
7910,2024-04-01,1109,1030.68,1048.44,17.76,0.017231342414716497
7911,2024-04-01,1110,823.69,870.18,46.49,0.05644113683545994
7912,2024-04-01,1111,1255.07,1266.52,11.45,0.00912299712366641
7913,2024-04-01,1112,900.6,882.17,-18.43,-0.020464135021097046
7914,2024-04-01,1113,976.94,1023.15,46.21,0.04730075541998485
7915,2024-04-01,1114,1290.0,1317.45,27.45,0.02127906976744186
7916,2024-04-01,1115,947.39,932.78,-14.61,-0.015421315403371367
7917,2024-04-01,1116,1038.02,1013.54,-24.48,-0.023583360628889615
7918,2024-04-01,1117,1081.5,1049.97,-31.53,-0.029153952843273233
7919,2024-04-01,1118,902.41,902.34,-0.07,-7.7570062388493e-05
7920,2024-04-01,1119,848.87,855.07,6.2,0.0073038274411865185
7921,2024-04-01,1120,67.18,64.9,-2.28,-0.03393867222387616
7922,2024-04-01,1121,70.68,71.03,0.35,0.004951895868704018
7923,2024-04-01,1122,53.61,57.1,3.49,0.0650997948144003
7924,2024-04-01,1123,59.91,59.4,-0.51,-0.008512769153730596
7925,2024-04-01,1124,53.38,56.65,3.27,0.061258898463844136
7926,2024-04-01,1125,67.51,70.94,3.43,0.05080728780921345
7927,2024-04-01,1126,60.85,58.35,-2.5,-0.041084634346754315
7928,2024-04-01,1127,48.49,50.47,1.98,0.04083316147659311
7929,2024-04-01,1128,75.31,78.69,3.38,0.044881157880759526
7930,2024-04-01,1129,40.98,39.11,-1.87,-0.04563201561737433
7931,2024-04-01,1130,58.17,60.42,2.25,0.038679731820526045
7932,2024-04-01,1131,63.09,61.39,-1.7,-0.026945633222380725
7933,2024-04-01,1132,76.43,77.28,0.85,0.01112128745257098
7934,2024-04-01,1133,57.39,56.76,-0.63,-0.01097752221641401
7935,2024-04-01,1134,80.56,83.02,2.46,0.030536246276067526
7936,2024-04-01,1135,58.14,61.93,3.79,0.065187478500172
7937,2024-04-01,1136,56.3,55.29,-1.01,-0.017939609236234458
7938,2024-04-01,1137,51.34,53.17,1.83,0.03564472146474484
7939,2024-04-01,1138,51.92,49.58,-2.34,-0.0450693374422188
7940,2024-04-01,1139,60.89,62.53,1.64,0.026933815076367218
7941,2024-04-01,1140,729.01,724.54,-4.47,-0.006131603133016008
7942,2024-04-01,1141,621.46,627.87,6.41,0.010314420879863548
7943,2024-04-01,1142,637.34,664.33,26.99,0.0423478833903411
7944,2024-04-01,1143,612.78,609.49,-3.29,-0.005368974183230523
7945,2024-04-01,1144,712.21,752.34,40.13,0.0563457407225397
7946,2024-04-01,1145,697.18,697.18,0.0,0.0
7947,2024-04-01,1146,544.47,544.12,-0.35,-0.0006428269693463368
7948,2024-04-01,1147,774.81,784.53,9.72,0.01254501103496341
7949,2024-04-01,1148,666.02,633.47,-32.55,-0.048872406234047025
7950,2024-04-01,1149,667.98,695.69,27.71,0.041483277942453364
7951,2024-04-01,1150,605.65,632.44,26.79,0.04423346817468835
7952,2024-04-01,1151,567.01,539.86,-27.15,-0.04788275339059276
7953,2024-04-01,1152,703.81,685.19,-18.62,-0.02645600375101235
7954,2024-04-01,1153,582.22,602.64,20.42,0.03507265294905706
7955,2024-04-01,1154,738.61,774.16,35.55,0.048130948673860356
7956,2024-04-01,1155,622.58,632.93,10.35,0.016624369558932185
7957,2024-04-01,1156,532.77,553.58,20.81,0.03906000713253374
7958,2024-04-01,1157,527.76,560.22,32.46,0.061505229649840835
7959,2024-04-01,1158,733.04,786.09,53.05,0.07236985703372258
7960,2024-04-01,1159,673.74,688.73,14.99,0.022248938759758956
7961,2024-04-01,1160,51.64,55.66,4.02,0.07784663051897754
7962,2024-04-01,1161,45.01,48.09,3.08,0.06842923794712286
7963,2024-04-01,1162,48.92,50.43,1.51,0.030866721177432544
7964,2024-04-01,1163,50.01,48.78,-1.23,-0.02459508098380324
7965,2024-04-01,1164,33.3,34.13,0.83,0.024924924924924926
7966,2024-04-01,1165,44.74,46.28,1.54,0.03442109968708091
7967,2024-04-01,1166,41.46,43.58,2.12,0.05113362276893391
7968,2024-04-01,1167,62.11,64.09,1.98,0.031878924488810176
7969,2024-04-01,1168,49.92,53.72,3.8,0.07612179487179487
7970,2024-04-01,1169,57.29,61.09,3.8,0.06632920230406703
7971,2024-04-01,1170,41.96,44.77,2.81,0.06696854146806483
7972,2024-04-01,1171,35.3,35.74,0.44,0.012464589235127478
7973,2024-04-01,1172,51.4,49.29,-2.11,-0.04105058365758755
7974,2024-04-01,1173,53.31,54.52,1.21,0.022697430125679985
7975,2024-04-01,1174,48.15,47.24,-0.91,-0.01889927310488058
7976,2024-04-01,1175,48.01,46.78,-1.23,-0.025619662570297855
7977,2024-04-01,1176,44.32,44.23,-0.09,-0.002030685920577617
7978,2024-04-01,1177,62.47,66.23,3.76,0.06018889066752041
7979,2024-04-01,1178,42.31,42.78,0.47,0.011108484991727724
7980,2024-04-01,1179,47.16,50.2,3.04,0.06446140797285835
7981,2024-04-01,1180,79.56,79.89,0.33,0.004147812971342383
7982,2024-04-01,1181,83.72,89.54,5.82,0.06951743908265648
7983,2024-04-01,1182,109.89,110.12,0.23,0.002093002093002093
7984,2024-04-01,1183,125.87,127.08,1.21,0.009613092873599747
7985,2024-04-01,1184,97.85,99.74,1.89,0.01931527848748084
7986,2024-04-01,1185,81.21,81.25,0.04,0.0004925501785494397
7987,2024-04-01,1186,83.23,80.08,-3.15,-0.03784693019343986
7988,2024-04-01,1187,128.27,132.79,4.52,0.035238169486239965
7989,2024-04-01,1188,93.71,98.73,5.02,0.0535695229964785
7990,2024-04-01,1189,88.99,95.02,6.03,0.0677604225193842
7991,2024-04-01,1190,57.5,54.92,-2.58,-0.044869565217391306
7992,2024-04-01,1191,73.52,75.16,1.64,0.022306855277475515
7993,2024-04-01,1192,111.16,114.46,3.3,0.02968693774739115
7994,2024-04-01,1193,106.13,103.02,-3.11,-0.029303684160934703
7995,2024-04-01,1194,137.98,132.1,-5.88,-0.04261487172053921
7996,2024-04-01,1195,88.8,95.79,6.99,0.07871621621621622
7997,2024-04-01,1196,104.19,106.64,2.45,0.023514732699875227
7998,2024-04-01,1197,104.08,109.6,5.52,0.053036126056879324
7999,2024-04-01,1198,116.99,122.27,5.28,0.04513206256945038
8000,2024-04-01,1199,120.5,124.42,3.92,0.03253112033195021
8001,2024-05-01,1000,722.24,703.78,-18.46,-0.02555937084625609
8002,2024-05-01,1001,737.36,715.18,-22.18,-0.030080286427253987
8003,2024-05-01,1002,804.3,835.44,31.14,0.03871689668034316
8004,2024-05-01,1003,839.36,861.01,21.65,0.025793461685093406
8005,2024-05-01,1004,843.96,872.0,28.04,0.0332243234276506
8006,2024-05-01,1005,876.48,892.29,15.81,0.01803806133625411
8007,2024-05-01,1006,800.0,844.05,44.05,0.0550625
8008,2024-05-01,1007,1092.92,1062.59,-30.33,-0.02775134502067855
8009,2024-05-01,1008,768.57,750.2,-18.37,-0.023901531415485903
8010,2024-05-01,1009,620.06,631.85,11.79,0.019014288939780022
8011,2024-05-01,1010,580.09,582.57,2.48,0.004275198676067507
8012,2024-05-01,1011,726.22,730.35,4.13,0.005686981906309382
8013,2024-05-01,1012,835.82,794.65,-41.17,-0.04925701706108971
8014,2024-05-01,1013,571.08,543.65,-27.43,-0.04803179939763256
8015,2024-05-01,1014,631.71,619.95,-11.76,-0.018616137151541055
8016,2024-05-01,1015,579.73,611.39,31.66,0.05461162955168786
8017,2024-05-01,1016,779.55,812.66,33.11,0.04247322173048554
8018,2024-05-01,1017,848.32,855.55,7.23,0.008522727272727272
8019,2024-05-01,1018,628.45,638.28,9.83,0.015641658047577372
8020,2024-05-01,1019,683.3,675.03,-8.27,-0.012103029416069076
8021,2024-05-01,1020,598.5,570.04,-28.46,-0.04755221386800334
8022,2024-05-01,1021,402.92,412.74,9.82,0.02437208378834508
8023,2024-05-01,1022,529.91,560.41,30.5,0.0575569436319375
8024,2024-05-01,1023,473.86,483.7,9.84,0.02076562697843245
8025,2024-05-01,1024,427.62,442.24,14.62,0.03418923343155138
8026,2024-05-01,1025,433.45,456.37,22.92,0.05287807128849925
8027,2024-05-01,1026,458.03,447.32,-10.71,-0.023382747854944
8028,2024-05-01,1027,650.19,618.01,-32.18,-0.049493225057290945
8029,2024-05-01,1028,519.0,547.68,28.68,0.055260115606936416
8030,2024-05-01,1029,521.37,561.51,40.14,0.07698947005006042
8031,2024-05-01,1030,414.19,405.93,-8.26,-0.019942538448538112
8032,2024-05-01,1031,534.35,575.64,41.29,0.07727145129596706
8033,2024-05-01,1032,484.7,486.15,1.45,0.0029915411594800905
8034,2024-05-01,1033,575.52,573.95,-1.57,-0.0027279677509035307
8035,2024-05-01,1034,482.78,467.68,-15.1,-0.03127718629603546
8036,2024-05-01,1035,594.15,608.54,14.39,0.024219473197004123
8037,2024-05-01,1036,443.99,459.93,15.94,0.03590170949796167
8038,2024-05-01,1037,583.28,562.56,-20.72,-0.0355232478398025
8039,2024-05-01,1038,404.81,423.74,18.93,0.04676267878757936
8040,2024-05-01,1039,642.23,619.97,-22.26,-0.03466047989038195
8041,2024-05-01,1040,290.35,295.08,4.73,0.016290683657654556
8042,2024-05-01,1041,258.42,258.45,0.03,0.0001160900859066635
8043,2024-05-01,1042,364.21,347.59,-16.62,-0.045633013920540345
8044,2024-05-01,1043,352.65,338.44,-14.21,-0.04029490996738976
8045,2024-05-01,1044,289.96,300.81,10.85,0.03741895433852945
8046,2024-05-01,1045,294.13,314.9,20.77,0.07061503416856492
8047,2024-05-01,1046,362.84,367.33,4.49,0.012374600374820858
8048,2024-05-01,1047,306.6,304.95,-1.65,-0.0053816046966731895
8049,2024-05-01,1048,318.88,321.23,2.35,0.007369543401906673
8050,2024-05-01,1049,437.94,445.99,8.05,0.01838151344933096
8051,2024-05-01,1050,321.94,319.14,-2.8,-0.008697272783748525
8052,2024-05-01,1051,307.65,307.17,-0.48,-0.001560214529497806
8053,2024-05-01,1052,299.98,301.1,1.12,0.003733582238815921
8054,2024-05-01,1053,403.49,384.89,-18.6,-0.04609779672358671
8055,2024-05-01,1054,359.65,357.85,-1.8,-0.00500486584179063
8056,2024-05-01,1055,325.18,348.79,23.61,0.07260594132480472
8057,2024-05-01,1056,313.87,333.27,19.4,0.06180902921591742
8058,2024-05-01,1057,339.1,323.54,-15.56,-0.045886169271601294
8059,2024-05-01,1058,286.32,299.87,13.55,0.04732467169600447
8060,2024-05-01,1059,316.2,327.89,11.69,0.03697027197975965
8061,2024-05-01,1060,75.69,73.8,-1.89,-0.02497027348394768
8062,2024-05-01,1061,163.87,174.99,11.12,0.06785866845670348
8063,2024-05-01,1062,121.92,118.93,-2.99,-0.024524278215223096
8064,2024-05-01,1063,92.89,92.36,-0.53,-0.005705673377112714
8065,2024-05-01,1064,92.67,90.28,-2.39,-0.02579043919283479
8066,2024-05-01,1065,97.1,99.2,2.1,0.021627188465499485
8067,2024-05-01,1066,97.87,96.34,-1.53,-0.015632982527843058
8068,2024-05-01,1067,97.32,98.04,0.72,0.007398273736128237
8069,2024-05-01,1068,126.31,127.63,1.32,0.010450478980286596
8070,2024-05-01,1069,120.51,124.99,4.48,0.037175338146211934
8071,2024-05-01,1070,134.56,138.42,3.86,0.028686087990487514
8072,2024-05-01,1071,103.81,110.24,6.43,0.06194008284365668
8073,2024-05-01,1072,132.17,135.41,3.24,0.02451388363471287
8074,2024-05-01,1073,95.93,100.57,4.64,0.048368602105702076
8075,2024-05-01,1074,102.83,100.6,-2.23,-0.021686278323446464
8076,2024-05-01,1075,168.95,172.72,3.77,0.022314294169872743
8077,2024-05-01,1076,119.65,115.27,-4.38,-0.03660676974508985
8078,2024-05-01,1077,164.87,169.67,4.8,0.029113847273609512
8079,2024-05-01,1078,120.06,127.57,7.51,0.062552057304681
8080,2024-05-01,1079,95.47,97.56,2.09,0.02189169372577773
8081,2024-05-01,1080,624.08,664.24,40.16,0.06435072426611972
8082,2024-05-01,1081,536.45,530.53,-5.92,-0.011035511231242428
8083,2024-05-01,1082,573.9,609.93,36.03,0.06278097229482488
8084,2024-05-01,1083,628.92,648.38,19.46,0.03094193220123386
8085,2024-05-01,1084,427.42,424.21,-3.21,-0.007510177343128538
8086,2024-05-01,1085,500.28,488.22,-12.06,-0.024106500359798513
8087,2024-05-01,1086,424.9,437.5,12.6,0.029654036243822075
8088,2024-05-01,1087,351.44,335.81,-15.63,-0.04447416344183929
8089,2024-05-01,1088,758.76,755.17,-3.59,-0.004731403869471243
8090,2024-05-01,1089,344.47,328.33,-16.14,-0.04685458820797166
8091,2024-05-01,1090,418.44,424.53,6.09,0.014554057929452252
8092,2024-05-01,1091,514.21,507.0,-7.21,-0.014021508722117423
8093,2024-05-01,1092,452.14,448.36,-3.78,-0.008360242402795594
8094,2024-05-01,1093,426.82,425.76,-1.06,-0.00248348249847711
8095,2024-05-01,1094,478.39,473.15,-5.24,-0.01095340621668513
8096,2024-05-01,1095,526.31,566.37,40.06,0.07611483726320989
8097,2024-05-01,1096,549.65,530.62,-19.03,-0.03462203220231056
8098,2024-05-01,1097,460.51,446.34,-14.17,-0.030770233002540663
8099,2024-05-01,1098,413.94,431.13,17.19,0.041527757646035654
8100,2024-05-01,1099,574.46,598.68,24.22,0.04216133412248024
8101,2024-05-01,1100,876.91,890.04,13.13,0.014973030299574643
8102,2024-05-01,1101,902.04,926.82,24.78,0.02747106558467474
8103,2024-05-01,1102,1205.94,1169.13,-36.81,-0.030523906662022985
8104,2024-05-01,1103,1228.15,1200.13,-28.02,-0.022814802752106827
8105,2024-05-01,1104,975.22,1038.48,63.26,0.06486741453210558
8106,2024-05-01,1105,945.31,907.07,-38.24,-0.04045233838634945
8107,2024-05-01,1106,984.55,1054.05,69.5,0.07059062515870194
8108,2024-05-01,1107,901.22,865.69,-35.53,-0.03942433590022414
8109,2024-05-01,1108,1046.89,1007.34,-39.55,-0.03777856317282618
8110,2024-05-01,1109,1047.24,1009.81,-37.43,-0.03574156831289867
8111,2024-05-01,1110,837.68,849.51,11.83,0.01412233788558877
8112,2024-05-01,1111,1264.3,1229.39,-34.91,-0.027612117377204776
8113,2024-05-01,1112,850.29,818.32,-31.97,-0.037598936833315694
8114,2024-05-01,1113,998.03,1077.69,79.66,0.07981723996272658
8115,2024-05-01,1114,1257.26,1221.79,-35.47,-0.02821214386841226
8116,2024-05-01,1115,981.61,960.26,-21.35,-0.02174998217214576
8117,2024-05-01,1116,1028.84,1109.12,80.28,0.07802962559776058
8118,2024-05-01,1117,1062.78,1089.85,27.07,0.0254709347183801
8119,2024-05-01,1118,895.08,891.67,-3.41,-0.003809715332707691
8120,2024-05-01,1119,841.67,870.34,28.67,0.0340632314327468
8121,2024-05-01,1120,69.85,74.51,4.66,0.06671438797423049
8122,2024-05-01,1121,70.12,70.98,0.86,0.01226468910439247
8123,2024-05-01,1122,48.54,47.89,-0.65,-0.013391017717346519
8124,2024-05-01,1123,63.56,66.65,3.09,0.048615481434864695
8125,2024-05-01,1124,52.54,49.96,-2.58,-0.049105443471640656
8126,2024-05-01,1125,64.2,67.16,2.96,0.04610591900311527
8127,2024-05-01,1126,57.8,60.52,2.72,0.047058823529411764
8128,2024-05-01,1127,46.7,49.24,2.54,0.054389721627408995
8129,2024-05-01,1128,73.13,71.65,-1.48,-0.02023793244906331
8130,2024-05-01,1129,40.1,41.48,1.38,0.0344139650872818
8131,2024-05-01,1130,57.43,59.95,2.52,0.043879505484938186
8132,2024-05-01,1131,64.39,68.34,3.95,0.06134492933685355
8133,2024-05-01,1132,77.96,77.91,-0.05,-0.0006413545407901487
8134,2024-05-01,1133,58.79,59.67,0.88,0.014968532063276068
8135,2024-05-01,1134,80.82,80.73,-0.09,-0.0011135857461024498
8136,2024-05-01,1135,60.08,57.52,-2.56,-0.0426098535286285
8137,2024-05-01,1136,56.56,57.41,0.85,0.015028288543140029
8138,2024-05-01,1137,54.38,53.48,-0.9,-0.01655020228025009
8139,2024-05-01,1138,48.66,46.88,-1.78,-0.0365803534730785
8140,2024-05-01,1139,61.66,64.32,2.66,0.043139798897178075
8141,2024-05-01,1140,752.5,810.19,57.69,0.07666445182724252
8142,2024-05-01,1141,630.88,674.75,43.87,0.06953778848592443
8143,2024-05-01,1142,633.09,612.35,-20.74,-0.032759955140659304
8144,2024-05-01,1143,648.38,616.33,-32.05,-0.04943088929331565
8145,2024-05-01,1144,725.74,737.4,11.66,0.01606635985339102
8146,2024-05-01,1145,710.26,699.32,-10.94,-0.015402810238504209
8147,2024-05-01,1146,532.13,555.23,23.1,0.04341044481611636
8148,2024-05-01,1147,767.18,771.82,4.64,0.006048124299382153
8149,2024-05-01,1148,653.3,688.72,35.42,0.05421705189040257
8150,2024-05-01,1149,663.2,632.18,-31.02,-0.046773220747889026
8151,2024-05-01,1150,607.06,614.86,7.8,0.012848812308503278
8152,2024-05-01,1151,546.67,541.56,-5.11,-0.009347503978634276
8153,2024-05-01,1152,681.6,716.19,34.59,0.05074823943661972
8154,2024-05-01,1153,594.33,609.52,15.19,0.02555819157706998
8155,2024-05-01,1154,781.22,751.89,-29.33,-0.037543841683520644
8156,2024-05-01,1155,597.76,605.05,7.29,0.012195529978586724
8157,2024-05-01,1156,500.48,525.33,24.85,0.04965233375959079
8158,2024-05-01,1157,539.45,514.05,-25.4,-0.04708499397534526
8159,2024-05-01,1158,773.01,810.54,37.53,0.04855047153335662
8160,2024-05-01,1159,632.54,656.28,23.74,0.03753122332184526
8161,2024-05-01,1160,50.56,48.51,-2.05,-0.04054588607594937
8162,2024-05-01,1161,46.02,46.29,0.27,0.005867014341590613
8163,2024-05-01,1162,49.25,47.82,-1.43,-0.029035532994923858
8164,2024-05-01,1163,49.42,47.03,-2.39,-0.04836098745447187
8165,2024-05-01,1164,34.94,33.77,-1.17,-0.03348597595878649
8166,2024-05-01,1165,44.07,43.9,-0.17,-0.0038574994327206717
8167,2024-05-01,1166,42.22,42.48,0.26,0.006158218853623875
8168,2024-05-01,1167,62.52,64.04,1.52,0.024312220089571335
8169,2024-05-01,1168,53.06,50.53,-2.53,-0.04768186958160573
8170,2024-05-01,1169,56.07,55.89,-0.18,-0.0032102728731942215
8171,2024-05-01,1170,41.6,44.2,2.6,0.0625
8172,2024-05-01,1171,36.13,37.68,1.55,0.042900636590091336
8173,2024-05-01,1172,50.15,48.75,-1.4,-0.027916251246261216
8174,2024-05-01,1173,50.21,53.17,2.96,0.058952399920334596
8175,2024-05-01,1174,47.29,46.79,-0.5,-0.010573059843518714
8176,2024-05-01,1175,45.43,45.71,0.28,0.0061633281972265025
8177,2024-05-01,1176,44.37,47.38,3.01,0.06783862970475546
8178,2024-05-01,1177,59.13,61.84,2.71,0.04583121934720108
8179,2024-05-01,1178,41.21,40.75,-0.46,-0.011162339238049017
8180,2024-05-01,1179,46.2,46.53,0.33,0.007142857142857143
8181,2024-05-01,1180,78.83,75.18,-3.65,-0.046302169224914376
8182,2024-05-01,1181,89.14,89.22,0.08,0.0008974646623289207
8183,2024-05-01,1182,109.6,105.76,-3.84,-0.035036496350364967
8184,2024-05-01,1183,125.46,124.79,-0.67,-0.00534034752112227
8185,2024-05-01,1184,96.81,102.37,5.56,0.057432083462452224
8186,2024-05-01,1185,83.38,79.89,-3.49,-0.04185656032621732
8187,2024-05-01,1186,86.9,85.57,-1.33,-0.015304948216340621
8188,2024-05-01,1187,128.08,134.22,6.14,0.04793878825733916
8189,2024-05-01,1188,97.65,99.84,2.19,0.022427035330261136
8190,2024-05-01,1189,94.13,101.23,7.1,0.07542760012748327
8191,2024-05-01,1190,58.6,60.95,2.35,0.04010238907849829
8192,2024-05-01,1191,72.55,69.31,-3.24,-0.044658855961405924
8193,2024-05-01,1192,110.9,111.9,1.0,0.009017132551848512
8194,2024-05-01,1193,108.78,115.07,6.29,0.05782312925170068
8195,2024-05-01,1194,136.25,145.9,9.65,0.0708256880733945
8196,2024-05-01,1195,91.58,93.67,2.09,0.022821576763485476
8197,2024-05-01,1196,106.63,109.15,2.52,0.023633123886335927
8198,2024-05-01,1197,103.8,99.83,-3.97,-0.03824662813102119
8199,2024-05-01,1198,119.44,120.35,0.91,0.007618888144675151
8200,2024-05-01,1199,118.94,125.93,6.99,0.05876912729107113
8201,2024-06-01,1000,788.24,808.41,20.17,0.025588653202070436
8202,2024-06-01,1001,784.15,835.97,51.82,0.06608429509660141
8203,2024-06-01,1002,806.82,799.38,-7.44,-0.009221387670112293
8204,2024-06-01,1003,835.53,799.09,-36.44,-0.043613036037006454
8205,2024-06-01,1004,867.73,900.66,32.93,0.03794959261521441
8206,2024-06-01,1005,894.93,910.23,15.3,0.01709630920854145
8207,2024-06-01,1006,786.39,777.62,-8.77,-0.011152227266369105
8208,2024-06-01,1007,1059.03,1101.88,42.85,0.04046155444132839
8209,2024-06-01,1008,719.65,736.35,16.7,0.023205725005210866
8210,2024-06-01,1009,621.21,602.8,-18.41,-0.029635710951208125
8211,2024-06-01,1010,569.54,545.96,-23.58,-0.041401833058257544
8212,2024-06-01,1011,781.96,776.47,-5.49,-0.007020819479257251
8213,2024-06-01,1012,794.36,856.94,62.58,0.0787804018329221
8214,2024-06-01,1013,576.83,562.57,-14.26,-0.02472132170656866
8215,2024-06-01,1014,631.35,603.88,-27.47,-0.04350993901956126
8216,2024-06-01,1015,574.99,576.35,1.36,0.002365258526235239
8217,2024-06-01,1016,704.85,682.93,-21.92,-0.031098815350783855
8218,2024-06-01,1017,881.2,851.38,-29.82,-0.03384021788470268
8219,2024-06-01,1018,599.04,577.21,-21.83,-0.03644163995726496
8220,2024-06-01,1019,657.74,691.87,34.13,0.05188980448201417
8221,2024-06-01,1020,587.27,595.2,7.93,0.013503158683399458
8222,2024-06-01,1021,411.39,424.51,13.12,0.03189187875252194
8223,2024-06-01,1022,544.08,542.34,-1.74,-0.0031980591089545655
8224,2024-06-01,1023,488.31,493.11,4.8,0.009829821220126558
8225,2024-06-01,1024,415.5,420.28,4.78,0.011504211793020457
8226,2024-06-01,1025,452.52,430.29,-22.23,-0.049124900556881464
8227,2024-06-01,1026,443.08,433.11,-9.97,-0.022501579850139928
8228,2024-06-01,1027,650.96,662.26,11.3,0.017358977510138873
8229,2024-06-01,1028,499.07,481.97,-17.1,-0.03426373053880217
8230,2024-06-01,1029,525.64,522.04,-3.6,-0.006848793851305076
8231,2024-06-01,1030,417.96,450.75,32.79,0.07845248349124317
8232,2024-06-01,1031,562.34,543.55,-18.79,-0.033413948856563645
8233,2024-06-01,1032,469.12,471.26,2.14,0.0045617326057298775
8234,2024-06-01,1033,582.8,592.3,9.5,0.016300617707618394
8235,2024-06-01,1034,485.02,500.53,15.51,0.03197806276029854
8236,2024-06-01,1035,581.02,570.69,-10.33,-0.017779078172868404
8237,2024-06-01,1036,463.55,482.44,18.89,0.040750728076798616
8238,2024-06-01,1037,581.88,561.88,-20.0,-0.0343713480442703
8239,2024-06-01,1038,390.36,385.59,-4.77,-0.01221948970181371
8240,2024-06-01,1039,699.15,733.1,33.95,0.04855896445684045
8241,2024-06-01,1040,275.29,267.84,-7.45,-0.027062370591013112
8242,2024-06-01,1041,264.22,280.75,16.53,0.06256150177882068
8243,2024-06-01,1042,340.82,352.76,11.94,0.035033155331259905
8244,2024-06-01,1043,357.55,345.73,-11.82,-0.03305831352258425
8245,2024-06-01,1044,291.58,308.15,16.57,0.05682831469922491
8246,2024-06-01,1045,312.48,301.7,-10.78,-0.03449820788530466
8247,2024-06-01,1046,369.56,352.22,-17.34,-0.04692066240935166
8248,2024-06-01,1047,303.22,288.73,-14.49,-0.047787085284611834
8249,2024-06-01,1048,324.1,309.44,-14.66,-0.04523295279234804
8250,2024-06-01,1049,434.78,457.95,23.17,0.05329131974791849
8251,2024-06-01,1050,326.64,351.19,24.55,0.07515919666911584
8252,2024-06-01,1051,298.64,306.79,8.15,0.027290383069916956
8253,2024-06-01,1052,299.5,302.66,3.16,0.010550918196994991
8254,2024-06-01,1053,404.15,408.34,4.19,0.010367437832487938
8255,2024-06-01,1054,349.39,352.2,2.81,0.008042588511405593
8256,2024-06-01,1055,311.81,306.13,-5.68,-0.01821622141688849
8257,2024-06-01,1056,307.05,324.98,17.93,0.05839439830646474
8258,2024-06-01,1057,323.16,326.95,3.79,0.011727936625820027
8259,2024-06-01,1058,280.52,285.31,4.79,0.01707543134179381
8260,2024-06-01,1059,304.81,312.33,7.52,0.02467110659099111
8261,2024-06-01,1060,76.24,75.66,-0.58,-0.0076075550891920255
8262,2024-06-01,1061,156.04,148.58,-7.46,-0.04780825429377083
8263,2024-06-01,1062,120.23,121.4,1.17,0.009731348249189054
8264,2024-06-01,1063,94.13,99.99,5.86,0.06225432911930309
8265,2024-06-01,1064,92.02,98.52,6.5,0.07063681808302542
8266,2024-06-01,1065,92.16,91.64,-0.52,-0.005642361111111111
8267,2024-06-01,1066,105.1,106.01,0.91,0.008658420551855376
8268,2024-06-01,1067,100.56,99.92,-0.64,-0.006364359586316627
8269,2024-06-01,1068,122.96,130.51,7.55,0.06140208197787898
8270,2024-06-01,1069,110.4,105.25,-5.15,-0.04664855072463768
8271,2024-06-01,1070,138.39,142.67,4.28,0.030927090107666737
8272,2024-06-01,1071,105.1,107.7,2.6,0.024738344433872503
8273,2024-06-01,1072,133.99,132.92,-1.07,-0.007985670572430778
8274,2024-06-01,1073,92.39,98.69,6.3,0.06818919796514775
8275,2024-06-01,1074,102.41,108.75,6.34,0.06190801679523484
8276,2024-06-01,1075,163.47,174.76,11.29,0.06906466018229644
8277,2024-06-01,1076,109.37,112.91,3.54,0.03236719392886532
8278,2024-06-01,1077,160.52,156.47,-4.05,-0.02523050087216546
8279,2024-06-01,1078,116.19,112.79,-3.4,-0.029262415009897583
8280,2024-06-01,1079,96.97,101.51,4.54,0.04681860369186346
8281,2024-06-01,1080,650.42,622.21,-28.21,-0.043371975031518094
8282,2024-06-01,1081,528.84,544.77,15.93,0.030122532334921716
8283,2024-06-01,1082,604.43,624.27,19.84,0.032824313816322816
8284,2024-06-01,1083,615.87,651.27,35.4,0.057479662915875106
8285,2024-06-01,1084,418.05,410.67,-7.38,-0.017653390742734122
8286,2024-06-01,1085,489.24,506.05,16.81,0.03435941460224021
8287,2024-06-01,1086,452.81,452.82,0.01,2.20843179258408e-05
8288,2024-06-01,1087,341.66,357.61,15.95,0.046683837733419185
8289,2024-06-01,1088,712.07,759.76,47.69,0.06697375258050473
8290,2024-06-01,1089,329.99,324.37,-5.62,-0.017030819115730778
8291,2024-06-01,1090,441.99,432.1,-9.89,-0.02237607185682934
8292,2024-06-01,1091,500.22,476.07,-24.15,-0.04827875734676742
8293,2024-06-01,1092,471.29,477.24,5.95,0.012624923083451802
8294,2024-06-01,1093,437.54,468.59,31.05,0.07096494034831101
8295,2024-06-01,1094,472.77,478.4,5.63,0.011908539035894833
8296,2024-06-01,1095,520.01,536.69,16.68,0.032076306224880294
8297,2024-06-01,1096,567.92,551.19,-16.73,-0.029458374418932246
8298,2024-06-01,1097,462.04,495.5,33.46,0.07241797246991602
8299,2024-06-01,1098,405.91,417.28,11.37,0.0280111354733808
8300,2024-06-01,1099,559.06,540.15,-18.91,-0.033824634207419595
8301,2024-06-01,1100,918.71,937.71,19.0,0.020681172513633248
8302,2024-06-01,1101,914.57,910.08,-4.49,-0.004909410980023399
8303,2024-06-01,1102,1173.43,1238.08,64.65,0.055094892750313186
8304,2024-06-01,1103,1211.96,1201.77,-10.19,-0.00840786824647678
8305,2024-06-01,1104,934.0,978.41,44.41,0.047548179871520345
8306,2024-06-01,1105,945.81,952.65,6.84,0.007231896469692645
8307,2024-06-01,1106,951.81,1007.51,55.7,0.05852008278963238
8308,2024-06-01,1107,916.96,948.32,31.36,0.03419996510207643
8309,2024-06-01,1108,1021.6,984.38,-37.22,-0.036433046202036024
8310,2024-06-01,1109,1006.75,1036.46,29.71,0.02951080208592004
8311,2024-06-01,1110,861.71,901.95,40.24,0.046697844982650775
8312,2024-06-01,1111,1231.74,1275.86,44.12,0.03581924756848036
8313,2024-06-01,1112,888.13,885.0,-3.13,-0.003524258835981219
8314,2024-06-01,1113,960.57,1007.57,47.0,0.04892928157239972
8315,2024-06-01,1114,1220.22,1310.77,90.55,0.07420792971759191
8316,2024-06-01,1115,1021.5,983.08,-38.42,-0.03761135584924131
8317,2024-06-01,1116,993.11,1002.32,9.21,0.009273897151372959
8318,2024-06-01,1117,1173.57,1175.63,2.06,0.001755327760593744
8319,2024-06-01,1118,950.37,935.53,-14.84,-0.01561497101129034
8320,2024-06-01,1119,833.68,843.87,10.19,0.012222915267248825
8321,2024-06-01,1120,69.17,73.76,4.59,0.06635824779528697
8322,2024-06-01,1121,68.53,69.5,0.97,0.014154384940901795
8323,2024-06-01,1122,52.23,52.62,0.39,0.007466973004020678
8324,2024-06-01,1123,59.42,57.67,-1.75,-0.029451363177381354
8325,2024-06-01,1124,54.8,56.3,1.5,0.02737226277372263
8326,2024-06-01,1125,66.41,64.4,-2.01,-0.030266526125583497
8327,2024-06-01,1126,59.42,61.11,1.69,0.02844160215415685
8328,2024-06-01,1127,47.32,47.23,-0.09,-0.0019019442096365174
8329,2024-06-01,1128,72.54,77.49,4.95,0.06823821339950373
8330,2024-06-01,1129,40.07,38.62,-1.45,-0.03618667332168705
8331,2024-06-01,1130,55.81,59.17,3.36,0.0602042644687332
8332,2024-06-01,1131,65.53,68.85,3.32,0.0506638180985808
8333,2024-06-01,1132,76.31,73.99,-2.32,-0.03040230638186345
8334,2024-06-01,1133,57.64,57.42,-0.22,-0.003816793893129771
8335,2024-06-01,1134,81.1,78.58,-2.52,-0.031072749691738594
8336,2024-06-01,1135,58.95,57.19,-1.76,-0.029855810008481764
8337,2024-06-01,1136,56.17,59.68,3.51,0.06248887306391312
8338,2024-06-01,1137,53.03,51.33,-1.7,-0.03205732604186309
8339,2024-06-01,1138,50.06,50.12,0.06,0.0011985617259288853
8340,2024-06-01,1139,60.45,63.4,2.95,0.04880066170388751
8341,2024-06-01,1140,739.02,728.77,-10.25,-0.013869719358068794
8342,2024-06-01,1141,630.62,610.14,-20.48,-0.03247597602359582
8343,2024-06-01,1142,649.3,619.23,-30.07,-0.04631141229015863
8344,2024-06-01,1143,676.67,727.2,50.53,0.07467450899256654
8345,2024-06-01,1144,732.16,746.68,14.52,0.019831730769230768
8346,2024-06-01,1145,710.32,702.83,-7.49,-0.010544543304426173
8347,2024-06-01,1146,545.13,585.52,40.39,0.07409241832223507
8348,2024-06-01,1147,813.6,823.99,10.39,0.01277040314650934
8349,2024-06-01,1148,661.69,710.88,49.19,0.07433994770965256
8350,2024-06-01,1149,744.31,741.98,-2.33,-0.003130416090069998
8351,2024-06-01,1150,611.66,614.73,3.07,0.005019128273877645
8352,2024-06-01,1151,548.06,546.2,-1.86,-0.0033937890012042476
8353,2024-06-01,1152,717.14,701.58,-15.56,-0.021697297598795216
8354,2024-06-01,1153,625.0,672.28,47.28,0.075648
8355,2024-06-01,1154,787.25,849.18,61.93,0.07866624325182597
8356,2024-06-01,1155,590.12,602.62,12.5,0.02118213244763777
8357,2024-06-01,1156,490.76,517.24,26.48,0.0539571277202706
8358,2024-06-01,1157,522.53,547.17,24.64,0.04715518726197539
8359,2024-06-01,1158,805.74,776.81,-28.93,-0.03590488246829002
8360,2024-06-01,1159,636.63,649.46,12.83,0.02015299310431491
8361,2024-06-01,1160,49.93,51.4,1.47,0.0294412177047867
8362,2024-06-01,1161,45.9,46.45,0.55,0.011982570806100218
8363,2024-06-01,1162,47.87,47.34,-0.53,-0.011071652391894714
8364,2024-06-01,1163,46.87,47.94,1.07,0.022829101770855557
8365,2024-06-01,1164,34.64,33.42,-1.22,-0.03521939953810624
8366,2024-06-01,1165,45.03,46.07,1.04,0.023095713968465468
8367,2024-06-01,1166,41.47,41.3,-0.17,-0.004099348926935134
8368,2024-06-01,1167,63.91,64.79,0.88,0.013769363166953529
8369,2024-06-01,1168,47.46,50.14,2.68,0.05646860514117151
8370,2024-06-01,1169,57.46,54.67,-2.79,-0.048555516881308734
8371,2024-06-01,1170,39.86,39.73,-0.13,-0.003261414952333166
8372,2024-06-01,1171,34.67,36.83,2.16,0.06230170175944621
8373,2024-06-01,1172,51.62,53.35,1.73,0.033514141805501746
8374,2024-06-01,1173,52.48,55.85,3.37,0.06421493902439024
8375,2024-06-01,1174,47.08,49.01,1.93,0.04099405267629567
8376,2024-06-01,1175,45.66,46.22,0.56,0.012264564169951817
8377,2024-06-01,1176,43.64,46.58,2.94,0.06736938588450962
8378,2024-06-01,1177,59.6,61.16,1.56,0.026174496644295303
8379,2024-06-01,1178,42.12,42.47,0.35,0.008309591642924977
8380,2024-06-01,1179,47.4,48.63,1.23,0.025949367088607594
8381,2024-06-01,1180,78.74,76.67,-2.07,-0.026289052578105158
8382,2024-06-01,1181,84.18,89.37,5.19,0.0616535994297933
8383,2024-06-01,1182,106.5,110.67,4.17,0.03915492957746479
8384,2024-06-01,1183,119.85,116.96,-2.89,-0.024113475177304965
8385,2024-06-01,1184,101.26,98.12,-3.14,-0.031009283033774444
8386,2024-06-01,1185,89.41,96.09,6.68,0.07471200089475451
8387,2024-06-01,1186,86.23,88.06,1.83,0.021222312420271366
8388,2024-06-01,1187,121.96,117.86,-4.1,-0.03361757953427353
8389,2024-06-01,1188,92.66,99.22,6.56,0.07079646017699115
8390,2024-06-01,1189,93.58,90.5,-3.08,-0.03291301560162428
8391,2024-06-01,1190,56.71,54.92,-1.79,-0.03156409804267325
8392,2024-06-01,1191,71.14,74.96,3.82,0.053696935619904414
8393,2024-06-01,1192,114.86,110.68,-4.18,-0.036392129549016196
8394,2024-06-01,1193,109.96,111.07,1.11,0.010094579847217169
8395,2024-06-01,1194,137.51,139.81,2.3,0.016726056286815505
8396,2024-06-01,1195,91.7,96.09,4.39,0.04787350054525627
8397,2024-06-01,1196,105.31,109.77,4.46,0.04235115373658722
8398,2024-06-01,1197,102.28,108.86,6.58,0.06433320297223309
8399,2024-06-01,1198,120.05,126.76,6.71,0.05589337775926697
8400,2024-06-01,1199,117.54,125.09,7.55,0.06423345244172196
8401,2024-07-01,1000,750.35,726.72,-23.63,-0.03149197041380689
8402,2024-07-01,1001,766.42,750.57,-15.85,-0.020680566791054514
8403,2024-07-01,1002,786.44,812.43,25.99,0.033047657799705
8404,2024-07-01,1003,831.72,833.05,1.33,0.0015990958495647573
8405,2024-07-01,1004,846.49,880.53,34.04,0.0402131153350896
8406,2024-07-01,1005,926.33,970.48,44.15,0.047661200652035454
8407,2024-07-01,1006,735.8,767.29,31.49,0.0427969556944822
8408,2024-07-01,1007,1066.89,1071.59,4.7,0.004405327634526521
8409,2024-07-01,1008,733.63,764.45,30.82,0.04201027766040102
8410,2024-07-01,1009,575.57,549.38,-26.19,-0.045502719043730565
8411,2024-07-01,1010,583.18,596.72,13.54,0.023217531465413766
8412,2024-07-01,1011,705.13,716.4,11.27,0.015982868407244055
8413,2024-07-01,1012,756.22,759.38,3.16,0.004178678162439502
8414,2024-07-01,1013,615.57,594.5,-21.07,-0.03422843868284679
8415,2024-07-01,1014,610.8,648.78,37.98,0.062180746561886054
8416,2024-07-01,1015,566.59,550.8,-15.79,-0.027868476323267267
8417,2024-07-01,1016,770.48,781.74,11.26,0.014614266431315543
8418,2024-07-01,1017,842.16,852.02,9.86,0.011707988980716254
8419,2024-07-01,1018,606.66,607.0,0.34,0.0005604457191837272
8420,2024-07-01,1019,663.48,689.93,26.45,0.03986555736420088
8421,2024-07-01,1020,571.93,591.86,19.93,0.034846921826097596
8422,2024-07-01,1021,420.96,452.03,31.07,0.0738074876472824
8423,2024-07-01,1022,502.47,514.15,11.68,0.023245168865802933
8424,2024-07-01,1023,479.39,515.79,36.4,0.07592982748910074
8425,2024-07-01,1024,429.06,457.63,28.57,0.06658742367034913
8426,2024-07-01,1025,449.27,457.51,8.24,0.01834086406837759
8427,2024-07-01,1026,428.2,431.82,3.62,0.008453993460999534
8428,2024-07-01,1027,656.08,629.05,-27.03,-0.0411992439946348
8429,2024-07-01,1028,519.72,540.42,20.7,0.0398291387670284
8430,2024-07-01,1029,529.56,553.44,23.88,0.04509404033537276
8431,2024-07-01,1030,424.57,413.9,-10.67,-0.025131309324728547
8432,2024-07-01,1031,582.32,588.3,5.98,0.010269267756559968
8433,2024-07-01,1032,489.32,510.09,20.77,0.042446660671952914
8434,2024-07-01,1033,543.04,570.29,27.25,0.0501804655274013
8435,2024-07-01,1034,498.12,535.2,37.08,0.07443989400144543
8436,2024-07-01,1035,584.02,627.29,43.27,0.07408992842710867
8437,2024-07-01,1036,457.99,482.06,24.07,0.0525557326579183
8438,2024-07-01,1037,588.69,611.74,23.05,0.039154733391088686
8439,2024-07-01,1038,418.46,429.77,11.31,0.027027672895856236
8440,2024-07-01,1039,664.93,644.46,-20.47,-0.030785195434105846
8441,2024-07-01,1040,283.06,280.82,-2.24,-0.007913516568925315
8442,2024-07-01,1041,264.89,258.17,-6.72,-0.0253690211030994
8443,2024-07-01,1042,348.96,332.89,-16.07,-0.04605112333791839
8444,2024-07-01,1043,357.47,348.82,-8.65,-0.02419783478333846
8445,2024-07-01,1044,297.19,308.93,11.74,0.03950334802651503
8446,2024-07-01,1045,301.18,289.61,-11.57,-0.03841556544259247
8447,2024-07-01,1046,365.46,354.03,-11.43,-0.031275652602199965
8448,2024-07-01,1047,290.68,309.53,18.85,0.0648479427549195
8449,2024-07-01,1048,328.12,347.72,19.6,0.05973424356942582
8450,2024-07-01,1049,424.31,411.95,-12.36,-0.0291296457778511
8451,2024-07-01,1050,314.72,326.5,11.78,0.03743009659379766
8452,2024-07-01,1051,310.97,325.43,14.46,0.04649966234685018
8453,2024-07-01,1052,297.13,302.8,5.67,0.019082556456769765
8454,2024-07-01,1053,404.7,391.54,-13.16,-0.03251791450457129
8455,2024-07-01,1054,350.91,342.04,-8.87,-0.025277136587729048
8456,2024-07-01,1055,321.68,332.09,10.41,0.03236135289728923
8457,2024-07-01,1056,310.35,298.53,-11.82,-0.03808603189946834
8458,2024-07-01,1057,331.18,340.59,9.41,0.02841355154296757
8459,2024-07-01,1058,290.66,290.04,-0.62,-0.0021330764467074933
8460,2024-07-01,1059,319.31,309.43,-9.88,-0.030941718079609156
8461,2024-07-01,1060,75.54,73.32,-2.22,-0.02938840349483717
8462,2024-07-01,1061,171.28,171.61,0.33,0.0019266697804764129
8463,2024-07-01,1062,120.73,120.73,0.0,0.0
8464,2024-07-01,1063,95.96,91.18,-4.78,-0.04981242184243435
8465,2024-07-01,1064,90.1,89.09,-1.01,-0.01120976692563818
8466,2024-07-01,1065,91.0,97.35,6.35,0.06978021978021978
8467,2024-07-01,1066,100.42,96.27,-4.15,-0.04132642899820753
8468,2024-07-01,1067,94.86,96.24,1.38,0.01454775458570525
8469,2024-07-01,1068,132.29,127.13,-5.16,-0.039005215813742534
8470,2024-07-01,1069,111.95,107.72,-4.23,-0.03778472532380527
8471,2024-07-01,1070,134.18,136.88,2.7,0.020122223878372335
8472,2024-07-01,1071,101.34,100.75,-0.59,-0.005821985395697652
8473,2024-07-01,1072,139.07,132.62,-6.45,-0.04637952110447976
8474,2024-07-01,1073,91.72,94.58,2.86,0.0311818578281727
8475,2024-07-01,1074,102.6,101.64,-0.96,-0.00935672514619883
8476,2024-07-01,1075,170.25,171.36,1.11,0.006519823788546255
8477,2024-07-01,1076,117.02,119.46,2.44,0.02085113655785336
8478,2024-07-01,1077,162.75,155.44,-7.31,-0.04491551459293395
8479,2024-07-01,1078,114.18,118.66,4.48,0.039236293571553685
8480,2024-07-01,1079,104.16,99.44,-4.72,-0.04531490015360983
8481,2024-07-01,1080,663.03,704.0,40.97,0.06179207577334359
8482,2024-07-01,1081,567.56,600.49,32.93,0.058020297413489325
8483,2024-07-01,1082,573.49,563.11,-10.38,-0.018099705313083053
8484,2024-07-01,1083,604.97,610.1,5.13,0.008479759326908773
8485,2024-07-01,1084,429.42,415.79,-13.63,-0.03174048716873923
8486,2024-07-01,1085,481.69,517.46,35.77,0.07425937843841475
8487,2024-07-01,1086,431.22,445.98,14.76,0.034228468067343816
8488,2024-07-01,1087,339.87,365.22,25.35,0.07458734221908377
8489,2024-07-01,1088,774.98,796.52,21.54,0.027794265658468605
8490,2024-07-01,1089,327.46,329.51,2.05,0.006260306602333109
8491,2024-07-01,1090,435.16,452.3,17.14,0.0393878113797224
8492,2024-07-01,1091,498.12,525.63,27.51,0.05522765598650928
8493,2024-07-01,1092,459.04,474.33,15.29,0.033308644126873475
8494,2024-07-01,1093,421.94,428.22,6.28,0.014883632743992037
8495,2024-07-01,1094,466.27,492.82,26.55,0.056941257211486906
8496,2024-07-01,1095,542.14,531.47,-10.67,-0.019681263142361752
8497,2024-07-01,1096,551.3,540.87,-10.43,-0.01891891891891892
8498,2024-07-01,1097,445.45,448.93,3.48,0.007812324615557302
8499,2024-07-01,1098,403.3,418.02,14.72,0.036498884205306226
8500,2024-07-01,1099,595.73,586.31,-9.42,-0.015812532523122893
8501,2024-07-01,1100,930.6,897.88,-32.72,-0.035160111755856434
8502,2024-07-01,1101,886.86,926.98,40.12,0.04523825632005052
8503,2024-07-01,1102,1163.16,1200.07,36.91,0.031732521751091855
8504,2024-07-01,1103,1174.02,1192.16,18.14,0.015451184817975843
8505,2024-07-01,1104,927.58,965.52,37.94,0.04090213243062593
8506,2024-07-01,1105,965.64,1025.94,60.3,0.06244563191251398
8507,2024-07-01,1106,943.46,945.02,1.56,0.0016534882241960444
8508,2024-07-01,1107,856.89,922.89,66.0,0.07702272170290235
8509,2024-07-01,1108,1008.26,1027.22,18.96,0.01880467339773471
8510,2024-07-01,1109,1031.54,1042.09,10.55,0.01022742695387479
8511,2024-07-01,1110,852.72,861.57,8.85,0.010378553335209682
8512,2024-07-01,1111,1213.92,1224.34,10.42,0.008583761697640701
8513,2024-07-01,1112,892.75,962.3,69.55,0.07790534864183703
8514,2024-07-01,1113,1003.12,1012.17,9.05,0.009021851822314379
8515,2024-07-01,1114,1289.23,1325.84,36.61,0.028396794986154526
8516,2024-07-01,1115,941.41,974.09,32.68,0.03471388661688318
8517,2024-07-01,1116,1028.0,1059.06,31.06,0.030214007782101166
8518,2024-07-01,1117,1091.52,1128.58,37.06,0.03395265318088537
8519,2024-07-01,1118,950.53,935.53,-15.0,-0.01578066973162341
8520,2024-07-01,1119,872.8,934.34,61.54,0.07050870760769935
8521,2024-07-01,1120,68.48,67.98,-0.5,-0.0073014018691588784
8522,2024-07-01,1121,73.65,70.69,-2.96,-0.04019008825526137
8523,2024-07-01,1122,50.07,49.61,-0.46,-0.009187138006790493
8524,2024-07-01,1123,61.09,64.13,3.04,0.04976264527745949
8525,2024-07-01,1124,53.47,52.3,-1.17,-0.021881428838601086
8526,2024-07-01,1125,65.66,65.17,-0.49,-0.007462686567164179
8527,2024-07-01,1126,57.45,57.44,-0.01,-0.0001740644038294168
8528,2024-07-01,1127,47.3,46.3,-1.0,-0.021141649048625793
8529,2024-07-01,1128,74.12,79.81,5.69,0.07676740420939018
8530,2024-07-01,1129,41.0,42.9,1.9,0.046341463414634146
8531,2024-07-01,1130,55.48,55.79,0.31,0.0055875991348233595
8532,2024-07-01,1131,67.12,72.02,4.9,0.07300357568533969
8533,2024-07-01,1132,72.75,74.53,1.78,0.024467353951890033
8534,2024-07-01,1133,57.39,57.44,0.05,0.0008712319219376197
8535,2024-07-01,1134,81.3,83.97,2.67,0.03284132841328413
8536,2024-07-01,1135,57.94,61.76,3.82,0.0659302726958923
8537,2024-07-01,1136,56.84,56.27,-0.57,-0.010028149190710767
8538,2024-07-01,1137,49.49,48.37,-1.12,-0.02263083451202263
8539,2024-07-01,1138,52.29,54.21,1.92,0.03671830177854274
8540,2024-07-01,1139,59.36,63.07,3.71,0.0625
8541,2024-07-01,1140,752.88,746.86,-6.02,-0.007995962171926468
8542,2024-07-01,1141,629.79,604.89,-24.9,-0.03953698851998285
8543,2024-07-01,1142,672.08,646.54,-25.54,-0.03800142840138079
8544,2024-07-01,1143,722.13,762.05,39.92,0.055280905100189716
8545,2024-07-01,1144,714.39,761.83,47.44,0.06640630467951679
8546,2024-07-01,1145,672.74,706.93,34.19,0.050822011475458576
8547,2024-07-01,1146,561.7,593.43,31.73,0.0564892291258679
8548,2024-07-01,1147,789.53,767.74,-21.79,-0.027598697959545553
8549,2024-07-01,1148,633.67,615.9,-17.77,-0.028042987674972777
8550,2024-07-01,1149,726.99,753.42,26.43,0.036355383155201586
8551,2024-07-01,1150,599.63,592.37,-7.26,-0.012107466270867034
8552,2024-07-01,1151,573.67,596.41,22.74,0.039639514006310245
8553,2024-07-01,1152,726.88,698.62,-28.26,-0.03887849438696896
8554,2024-07-01,1153,616.47,646.46,29.99,0.04864794718315571
8555,2024-07-01,1154,753.18,753.72,0.54,0.0007169600892216999
8556,2024-07-01,1155,593.97,618.82,24.85,0.04183712982137145
8557,2024-07-01,1156,507.0,504.25,-2.75,-0.005424063116370809
8558,2024-07-01,1157,542.16,573.8,31.64,0.05835915596871772
8559,2024-07-01,1158,764.33,763.79,-0.54,-0.0007065011186267711
8560,2024-07-01,1159,641.4,689.35,47.95,0.0747583411287808
8561,2024-07-01,1160,52.23,51.86,-0.37,-0.007084051311506797
8562,2024-07-01,1161,46.25,49.24,2.99,0.06464864864864865
8563,2024-07-01,1162,47.63,51.26,3.63,0.07621247113163972
8564,2024-07-01,1163,46.79,49.45,2.66,0.05684975422098739
8565,2024-07-01,1164,34.57,33.02,-1.55,-0.04483656349435927
8566,2024-07-01,1165,44.34,45.27,0.93,0.02097428958051421
8567,2024-07-01,1166,41.67,43.38,1.71,0.04103671706263499
8568,2024-07-01,1167,61.65,60.74,-0.91,-0.014760746147607461
8569,2024-07-01,1168,50.04,53.53,3.49,0.06974420463629097
8570,2024-07-01,1169,57.78,58.5,0.72,0.012461059190031152
8571,2024-07-01,1170,40.81,40.4,-0.41,-0.010046557216368537
8572,2024-07-01,1171,33.79,35.46,1.67,0.04942290618526191
8573,2024-07-01,1172,49.94,49.11,-0.83,-0.016619943932719265
8574,2024-07-01,1173,51.95,54.55,2.6,0.05004812319538017
8575,2024-07-01,1174,47.89,47.42,-0.47,-0.009814157444142827
8576,2024-07-01,1175,48.3,50.06,1.76,0.03643892339544513
8577,2024-07-01,1176,42.65,40.87,-1.78,-0.04173505275498241
8578,2024-07-01,1177,59.85,59.7,-0.15,-0.002506265664160401
8579,2024-07-01,1178,40.41,41.91,1.5,0.03711952487008166
8580,2024-07-01,1179,47.05,48.5,1.45,0.030818278427205102
8581,2024-07-01,1180,80.19,82.37,2.18,0.027185434592842
8582,2024-07-01,1181,80.01,82.26,2.25,0.0281214848143982
8583,2024-07-01,1182,115.54,124.45,8.91,0.07711615025099533
8584,2024-07-01,1183,122.67,128.48,5.81,0.04736284340099454
8585,2024-07-01,1184,99.31,102.68,3.37,0.03393414560467224
8586,2024-07-01,1185,85.25,90.14,4.89,0.05736070381231671
8587,2024-07-01,1186,90.3,94.2,3.9,0.04318936877076412
8588,2024-07-01,1187,123.88,118.03,-5.85,-0.04722311914756216
8589,2024-07-01,1188,95.99,101.7,5.71,0.059485363058651944
8590,2024-07-01,1189,90.31,96.11,5.8,0.06422323109290222
8591,2024-07-01,1190,59.28,58.92,-0.36,-0.006072874493927126
8592,2024-07-01,1191,75.05,72.34,-2.71,-0.03610926049300466
8593,2024-07-01,1192,109.35,117.68,8.33,0.07617741197988112
8594,2024-07-01,1193,102.99,104.19,1.2,0.011651616661811826
8595,2024-07-01,1194,138.68,135.11,-3.57,-0.02574271704643784
8596,2024-07-01,1195,90.05,95.06,5.01,0.05563575791227096
8597,2024-07-01,1196,103.49,109.71,6.22,0.06010242535510677
8598,2024-07-01,1197,100.59,96.77,-3.82,-0.03797594194253902
8599,2024-07-01,1198,118.72,114.93,-3.79,-0.03192385444743935
8600,2024-07-01,1199,118.62,124.55,5.93,0.049991569718428594
8601,2024-08-01,1000,803.47,811.86,8.39,0.010442206927452177
8602,2024-08-01,1001,749.0,773.61,24.61,0.032857142857142856
8603,2024-08-01,1002,778.9,812.73,33.83,0.04343304660418539
8604,2024-08-01,1003,843.43,870.0,26.57,0.03150231791612819
8605,2024-08-01,1004,846.87,865.59,18.72,0.022104927556767864
8606,2024-08-01,1005,944.59,987.99,43.4,0.04594586010861856
8607,2024-08-01,1006,752.96,753.93,0.97,0.0012882490437739055
8608,2024-08-01,1007,1043.56,1104.96,61.4,0.0588370577638085
8609,2024-08-01,1008,727.6,783.54,55.94,0.0768829026937878
8610,2024-08-01,1009,600.71,647.15,46.44,0.07730851825340014
8611,2024-08-01,1010,576.28,603.57,27.29,0.0473554522107309
8612,2024-08-01,1011,744.61,767.71,23.1,0.031022951612253394
8613,2024-08-01,1012,797.52,764.58,-32.94,-0.041303039422208844
8614,2024-08-01,1013,576.15,615.28,39.13,0.06791634123058231
8615,2024-08-01,1014,640.02,637.03,-2.99,-0.004671729008468485
8616,2024-08-01,1015,535.18,554.06,18.88,0.03527785044284166
8617,2024-08-01,1016,779.38,780.42,1.04,0.0013343940054915445
8618,2024-08-01,1017,835.4,811.51,-23.89,-0.028597079243476178
8619,2024-08-01,1018,617.53,612.42,-5.11,-0.008274901624212589
8620,2024-08-01,1019,662.18,693.11,30.93,0.04670935395209762
8621,2024-08-01,1020,538.15,520.01,-18.14,-0.03370807395707517
8622,2024-08-01,1021,398.69,380.53,-18.16,-0.045549173543354485
8623,2024-08-01,1022,525.73,561.25,35.52,0.06756319783919502
8624,2024-08-01,1023,487.21,481.54,-5.67,-0.011637692165595945
8625,2024-08-01,1024,451.03,434.03,-17.0,-0.03769150610824114
8626,2024-08-01,1025,451.87,451.44,-0.43,-0.000951601124217142
8627,2024-08-01,1026,437.32,455.23,17.91,0.04095399249977134
8628,2024-08-01,1027,659.65,702.12,42.47,0.06438262715076176
8629,2024-08-01,1028,490.24,516.09,25.85,0.05272927545691906
8630,2024-08-01,1029,535.67,511.67,-24.0,-0.04480370377284522
8631,2024-08-01,1030,418.53,445.57,27.04,0.06460707715098081
8632,2024-08-01,1031,553.37,595.47,42.1,0.07607929595026836
8633,2024-08-01,1032,481.35,464.6,-16.75,-0.03479796405941622
8634,2024-08-01,1033,568.82,576.17,7.35,0.012921486586266306
8635,2024-08-01,1034,498.68,537.9,39.22,0.07864762974252025
8636,2024-08-01,1035,596.7,586.22,-10.48,-0.01756326462208815
8637,2024-08-01,1036,458.67,469.71,11.04,0.024069592517496238
8638,2024-08-01,1037,566.5,592.03,25.53,0.045066195939982345
8639,2024-08-01,1038,392.69,383.93,-8.76,-0.022307672718938604
8640,2024-08-01,1039,663.57,697.15,33.58,0.050605060506050605
8641,2024-08-01,1040,282.86,284.84,1.98,0.006999929293643499
8642,2024-08-01,1041,259.99,261.82,1.83,0.007038732258933035
8643,2024-08-01,1042,335.4,355.91,20.51,0.06115086463923673
8644,2024-08-01,1043,351.43,345.29,-6.14,-0.01747147369319637
8645,2024-08-01,1044,294.62,287.08,-7.54,-0.025592288371461543
8646,2024-08-01,1045,311.91,331.91,20.0,0.0641210605623417
8647,2024-08-01,1046,376.71,379.66,2.95,0.007830957500464548
8648,2024-08-01,1047,283.16,297.52,14.36,0.05071337759570561
8649,2024-08-01,1048,342.28,351.87,9.59,0.028017996961551946
8650,2024-08-01,1049,444.05,422.86,-21.19,-0.04771985136808918
8651,2024-08-01,1050,324.51,312.89,-11.62,-0.03580783334874118
8652,2024-08-01,1051,319.43,326.05,6.62,0.020724415364868673
8653,2024-08-01,1052,312.47,327.41,14.94,0.047812590008640826
8654,2024-08-01,1053,416.21,413.13,-3.08,-0.00740011052113116
8655,2024-08-01,1054,357.39,369.44,12.05,0.033716668065698535
8656,2024-08-01,1055,301.29,290.45,-10.84,-0.03597862524478078
8657,2024-08-01,1056,310.45,334.77,24.32,0.0783378966017072
8658,2024-08-01,1057,338.28,341.91,3.63,0.01073075558708762
8659,2024-08-01,1058,288.47,292.44,3.97,0.013762262973619441
8660,2024-08-01,1059,311.18,299.96,-11.22,-0.03605630181888296
8661,2024-08-01,1060,76.9,78.7,1.8,0.02340702210663199
8662,2024-08-01,1061,159.3,164.8,5.5,0.03452605147520402
8663,2024-08-01,1062,121.73,122.51,0.78,0.006407623428900024
8664,2024-08-01,1063,95.99,100.27,4.28,0.04458797791436608
8665,2024-08-01,1064,90.63,88.28,-2.35,-0.025929603883923645
8666,2024-08-01,1065,93.83,89.39,-4.44,-0.0473196205904295
8667,2024-08-01,1066,99.87,106.55,6.68,0.06688695303895063
8668,2024-08-01,1067,100.83,102.62,1.79,0.017752652980263812
8669,2024-08-01,1068,120.96,123.6,2.64,0.021825396825396824
8670,2024-08-01,1069,112.81,119.5,6.69,0.05930325325768992
8671,2024-08-01,1070,131.51,140.98,9.47,0.07200973310014448
8672,2024-08-01,1071,98.12,100.6,2.48,0.025275173257236036
8673,2024-08-01,1072,129.52,137.9,8.38,0.06470043236565781
8674,2024-08-01,1073,93.23,98.59,5.36,0.05749222353319747
8675,2024-08-01,1074,100.05,102.34,2.29,0.02288855572213893
8676,2024-08-01,1075,173.46,182.15,8.69,0.050098005303816445
8677,2024-08-01,1076,115.09,111.89,-3.2,-0.027804327048396908
8678,2024-08-01,1077,161.84,160.84,-1.0,-0.006178942165101334
8679,2024-08-01,1078,119.0,126.46,7.46,0.0626890756302521
8680,2024-08-01,1079,99.68,96.41,-3.27,-0.03280497592295345
8681,2024-08-01,1080,649.47,637.55,-11.92,-0.018353426640183534
8682,2024-08-01,1081,522.09,545.03,22.94,0.04393878450075658
8683,2024-08-01,1082,577.92,577.67,-0.25,-0.0004325858250276854
8684,2024-08-01,1083,629.17,601.89,-27.28,-0.04335871068232751
8685,2024-08-01,1084,429.93,439.52,9.59,0.022305956783662456
8686,2024-08-01,1085,475.33,451.97,-23.36,-0.049144804662024276
8687,2024-08-01,1086,434.06,422.15,-11.91,-0.027438602958116388
8688,2024-08-01,1087,336.39,356.12,19.73,0.05865215969559143
8689,2024-08-01,1088,734.75,714.43,-20.32,-0.02765566519224226
8690,2024-08-01,1089,347.47,372.0,24.53,0.07059602267821682
8691,2024-08-01,1090,430.66,447.96,17.3,0.040170900478335575
8692,2024-08-01,1091,509.92,536.03,26.11,0.05120411044869783
8693,2024-08-01,1092,474.98,492.13,17.15,0.03610678344351341
8694,2024-08-01,1093,429.46,443.88,14.42,0.033577050249150094
8695,2024-08-01,1094,455.59,457.98,2.39,0.005245944818806383
8696,2024-08-01,1095,540.69,563.43,22.74,0.042057371136880656
8697,2024-08-01,1096,556.49,552.88,-3.61,-0.006487088716778379
8698,2024-08-01,1097,452.12,450.44,-1.68,-0.0037158276563744137
8699,2024-08-01,1098,404.01,406.43,2.42,0.00598995074379347
8700,2024-08-01,1099,596.76,612.42,15.66,0.02624170520812387
8701,2024-08-01,1100,937.87,952.25,14.38,0.015332615394457655
8702,2024-08-01,1101,941.26,911.52,-29.74,-0.03159594585980494
8703,2024-08-01,1102,1147.09,1206.07,58.98,0.05141706404902841
8704,2024-08-01,1103,1163.92,1213.04,49.12,0.042202213210529936
8705,2024-08-01,1104,948.33,906.53,-41.8,-0.044077483576392185
8706,2024-08-01,1105,980.91,959.76,-21.15,-0.02156161115698688
8707,2024-08-01,1106,949.55,909.87,-39.68,-0.04178821547048602
8708,2024-08-01,1107,946.15,1004.9,58.75,0.062093748348570524
8709,2024-08-01,1108,1071.41,1022.71,-48.7,-0.04545412120476755
8710,2024-08-01,1109,1000.48,982.17,-18.31,-0.01830121541660003
8711,2024-08-01,1110,839.08,874.63,35.55,0.04236783143442818
8712,2024-08-01,1111,1259.72,1256.86,-2.86,-0.0022703457911281873
8713,2024-08-01,1112,887.88,862.98,-24.9,-0.02804433031490742
8714,2024-08-01,1113,945.09,1008.14,63.05,0.06671322307928346
8715,2024-08-01,1114,1263.13,1339.51,76.38,0.06046883535344739
8716,2024-08-01,1115,982.37,1005.68,23.31,0.023728330466117654
8717,2024-08-01,1116,1087.24,1112.4,25.16,0.023141164784224275
8718,2024-08-01,1117,1064.2,1037.55,-26.65,-0.025042285284720918
8719,2024-08-01,1118,926.84,900.0,-26.84,-0.028958612058176167
8720,2024-08-01,1119,843.5,848.01,4.51,0.005346769413159455
8721,2024-08-01,1120,69.81,73.24,3.43,0.04913336198252399
8722,2024-08-01,1121,67.16,69.02,1.86,0.02769505658129839
8723,2024-08-01,1122,51.25,51.04,-0.21,-0.004097560975609756
8724,2024-08-01,1123,60.17,59.56,-0.61,-0.010137942496260596
8725,2024-08-01,1124,53.9,52.71,-1.19,-0.02207792207792208
8726,2024-08-01,1125,64.9,67.09,2.19,0.0337442218798151
8727,2024-08-01,1126,59.34,63.33,3.99,0.0672396359959555
8728,2024-08-01,1127,49.53,51.0,1.47,0.029678982434887948
8729,2024-08-01,1128,73.21,69.81,-3.4,-0.046441742931293536
8730,2024-08-01,1129,42.5,43.05,0.55,0.012941176470588235
8731,2024-08-01,1130,57.26,61.71,4.45,0.07771568285015718
8732,2024-08-01,1131,68.83,71.44,2.61,0.037919511840767105
8733,2024-08-01,1132,71.62,70.97,-0.65,-0.009075677185143814
8734,2024-08-01,1133,57.94,60.44,2.5,0.043148084225060404
8735,2024-08-01,1134,79.81,77.47,-2.34,-0.02931963413106127
8736,2024-08-01,1135,60.82,58.87,-1.95,-0.03206182176915488
8737,2024-08-01,1136,58.6,58.11,-0.49,-0.008361774744027304
8738,2024-08-01,1137,55.73,57.67,1.94,0.0348106944195227
8739,2024-08-01,1138,49.94,49.86,-0.08,-0.0016019223067681217
8740,2024-08-01,1139,61.78,66.46,4.68,0.07575267076723859
8741,2024-08-01,1140,754.11,725.56,-28.55,-0.03785919826020077
8742,2024-08-01,1141,657.16,700.82,43.66,0.0664373972852882
8743,2024-08-01,1142,655.75,674.38,18.63,0.028410217308425467
8744,2024-08-01,1143,676.25,721.23,44.98,0.06651386321626618
8745,2024-08-01,1144,716.6,709.27,-7.33,-0.010228858498464973
8746,2024-08-01,1145,699.38,722.76,23.38,0.033429609082330065
8747,2024-08-01,1146,541.82,562.37,20.55,0.03792772507474807
8748,2024-08-01,1147,793.84,768.38,-25.46,-0.0320719540461554
8749,2024-08-01,1148,647.6,692.99,45.39,0.07008956145768994
8750,2024-08-01,1149,715.54,717.16,1.62,0.0022640243732006595
8751,2024-08-01,1150,588.19,569.25,-18.94,-0.032200479436916646
8752,2024-08-01,1151,524.37,538.75,14.38,0.027423384251578083
8753,2024-08-01,1152,723.61,702.03,-21.58,-0.02982269454540429
8754,2024-08-01,1153,543.27,552.58,9.31,0.017136966885710606
8755,2024-08-01,1154,783.6,754.05,-29.55,-0.037710566615620215
8756,2024-08-01,1155,614.77,640.97,26.2,0.04261756429233697
8757,2024-08-01,1156,511.91,492.45,-19.46,-0.03801449473540271
8758,2024-08-01,1157,556.48,584.43,27.95,0.05022642323174238
8759,2024-08-01,1158,749.33,743.97,-5.36,-0.007153056730679407
8760,2024-08-01,1159,659.06,653.39,-5.67,-0.0086031620793251
8761,2024-08-01,1160,51.89,55.53,3.64,0.0701483908267489
8762,2024-08-01,1161,45.2,44.43,-0.77,-0.017035398230088497
8763,2024-08-01,1162,48.47,48.54,0.07,0.0014441922838869404
8764,2024-08-01,1163,47.49,49.93,2.44,0.05137923773425984
8765,2024-08-01,1164,34.52,37.13,2.61,0.07560834298957127
8766,2024-08-01,1165,45.15,44.93,-0.22,-0.0048726467331118494
8767,2024-08-01,1166,41.68,44.19,2.51,0.060220729366602686
8768,2024-08-01,1167,62.99,65.3,2.31,0.036672487696459755
8769,2024-08-01,1168,50.66,50.49,-0.17,-0.003355704697986577
8770,2024-08-01,1169,56.44,59.5,3.06,0.05421686746987952
8771,2024-08-01,1170,41.46,41.46,0.0,0.0
8772,2024-08-01,1171,35.25,33.61,-1.64,-0.04652482269503546
8773,2024-08-01,1172,52.82,52.13,-0.69,-0.013063233623627414
8774,2024-08-01,1173,49.81,51.67,1.86,0.037341899217024695
8775,2024-08-01,1174,48.1,47.38,-0.72,-0.01496881496881497
8776,2024-08-01,1175,45.45,45.73,0.28,0.006160616061606161
8777,2024-08-01,1176,43.56,41.47,-2.09,-0.047979797979797977
8778,2024-08-01,1177,59.12,60.58,1.46,0.02469553450608931
8779,2024-08-01,1178,42.48,43.4,0.92,0.021657250470809793
8780,2024-08-01,1179,46.51,50.11,3.6,0.07740270909481832
8781,2024-08-01,1180,78.81,83.35,4.54,0.05760690267732521
8782,2024-08-01,1181,86.52,88.41,1.89,0.021844660194174758
8783,2024-08-01,1182,113.86,113.75,-0.11,-0.0009660987177235201
8784,2024-08-01,1183,126.18,136.12,9.94,0.07877635124425424
8785,2024-08-01,1184,94.6,102.1,7.5,0.07928118393234672
8786,2024-08-01,1185,83.51,84.26,0.75,0.00898096036402826
8787,2024-08-01,1186,85.59,89.56,3.97,0.04638392335553219
8788,2024-08-01,1187,125.35,133.54,8.19,0.06533705624252094
8789,2024-08-01,1188,91.4,91.62,0.22,0.0024070021881838076
8790,2024-08-01,1189,87.74,83.56,-4.18,-0.04764075678139959
8791,2024-08-01,1190,60.83,61.08,0.25,0.004109814236396515
8792,2024-08-01,1191,74.52,73.93,-0.59,-0.007917337627482555
8793,2024-08-01,1192,111.38,116.89,5.51,0.049470281917759026
8794,2024-08-01,1193,103.33,107.69,4.36,0.0421949095132101
8795,2024-08-01,1194,133.97,139.73,5.76,0.04299470030603866
8796,2024-08-01,1195,83.03,85.7,2.67,0.032157051668071784
8797,2024-08-01,1196,105.06,106.52,1.46,0.013896820864268038
8798,2024-08-01,1197,104.24,103.41,-0.83,-0.0079623944742901
8799,2024-08-01,1198,119.26,121.63,2.37,0.01987254737548214
8800,2024-08-01,1199,113.07,119.35,6.28,0.05554081542407358
8801,2024-09-01,1000,800.74,806.63,5.89,0.007355695981217374
8802,2024-09-01,1001,772.51,806.85,34.34,0.04445249899677674
8803,2024-09-01,1002,794.13,842.71,48.58,0.061173863221386925
8804,2024-09-01,1003,818.66,868.88,50.22,0.0613441477536462
8805,2024-09-01,1004,864.72,869.3,4.58,0.0052965121657877695
8806,2024-09-01,1005,884.02,898.24,14.22,0.01608560892287505
8807,2024-09-01,1006,738.61,736.17,-2.44,-0.0033035025250132003
8808,2024-09-01,1007,1055.41,1044.9,-10.51,-0.009958215290740091
8809,2024-09-01,1008,743.55,790.19,46.64,0.06272611122318607
8810,2024-09-01,1009,597.96,614.17,16.21,0.02710883671148572
8811,2024-09-01,1010,572.92,545.68,-27.24,-0.04754590518746073
8812,2024-09-01,1011,747.93,764.41,16.48,0.022034147580655944
8813,2024-09-01,1012,793.99,765.92,-28.07,-0.03535309008929584
8814,2024-09-01,1013,592.37,635.11,42.74,0.07215085166365616
8815,2024-09-01,1014,650.82,632.52,-18.3,-0.02811837374389232
8816,2024-09-01,1015,576.8,570.38,-6.42,-0.011130374479889044
8817,2024-09-01,1016,742.06,751.08,9.02,0.012155351319300326
8818,2024-09-01,1017,822.63,796.84,-25.79,-0.031350667979529075
8819,2024-09-01,1018,596.01,583.13,-12.88,-0.02161037566483784
8820,2024-09-01,1019,687.62,671.18,-16.44,-0.02390855414327681
8821,2024-09-01,1020,578.2,611.77,33.57,0.058059494984434454
8822,2024-09-01,1021,417.04,403.67,-13.37,-0.03205927488969883
8823,2024-09-01,1022,553.45,531.29,-22.16,-0.04003975065498238
8824,2024-09-01,1023,482.89,507.86,24.97,0.051709499057756424
8825,2024-09-01,1024,434.12,433.51,-0.61,-0.0014051414355477749
8826,2024-09-01,1025,440.31,438.3,-2.01,-0.00456496559242352
8827,2024-09-01,1026,458.07,441.84,-16.23,-0.03543126596371734
8828,2024-09-01,1027,637.64,640.03,2.39,0.003748196474499718
8829,2024-09-01,1028,520.1,503.0,-17.1,-0.03287829263603153
8830,2024-09-01,1029,523.93,563.33,39.4,0.07520088561449048
8831,2024-09-01,1030,428.77,448.2,19.43,0.0453156704060452
8832,2024-09-01,1031,560.32,549.59,-10.73,-0.01914977155910908
8833,2024-09-01,1032,494.16,505.42,11.26,0.022786142140197505
8834,2024-09-01,1033,562.34,545.92,-16.42,-0.02919941672297898
8835,2024-09-01,1034,528.85,536.19,7.34,0.013879171787841543
8836,2024-09-01,1035,563.27,561.39,-1.88,-0.0033376533456424095
8837,2024-09-01,1036,466.71,496.99,30.28,0.06487968974309528
8838,2024-09-01,1037,595.2,566.39,-28.81,-0.04840389784946236
8839,2024-09-01,1038,389.79,388.41,-1.38,-0.0035403678904025243
8840,2024-09-01,1039,676.12,697.13,21.01,0.03107436549724901
8841,2024-09-01,1040,296.81,306.42,9.61,0.03237761530945723
8842,2024-09-01,1041,263.25,259.01,-4.24,-0.016106362773029438
8843,2024-09-01,1042,353.85,378.25,24.4,0.06895577221986718
8844,2024-09-01,1043,343.24,360.72,17.48,0.05092646544691761
8845,2024-09-01,1044,294.99,281.1,-13.89,-0.04708634190989525
8846,2024-09-01,1045,298.09,304.13,6.04,0.020262336878124055
8847,2024-09-01,1046,364.73,370.57,5.84,0.016011844378033064
8848,2024-09-01,1047,275.82,269.23,-6.59,-0.023892393590022477
8849,2024-09-01,1048,308.24,329.1,20.86,0.06767453932001039
8850,2024-09-01,1049,423.26,446.6,23.34,0.0551434106695648
8851,2024-09-01,1050,307.75,317.38,9.63,0.03129163281884647
8852,2024-09-01,1051,318.3,316.74,-1.56,-0.0049010367577756835
8853,2024-09-01,1052,311.2,331.58,20.38,0.06548843187660669
8854,2024-09-01,1053,410.01,419.67,9.66,0.023560400965830102
8855,2024-09-01,1054,334.25,327.05,-7.2,-0.021540762902019447
8856,2024-09-01,1055,318.6,327.22,8.62,0.027055869428750785
8857,2024-09-01,1056,304.67,314.51,9.84,0.03229723963632783
8858,2024-09-01,1057,319.75,322.61,2.86,0.008944487881157153
8859,2024-09-01,1058,276.79,276.76,-0.03,-0.0001083854185483579
8860,2024-09-01,1059,318.84,337.54,18.7,0.05865010663655752
8861,2024-09-01,1060,76.26,81.6,5.34,0.07002360346184107
8862,2024-09-01,1061,156.67,166.32,9.65,0.0615944341609753
8863,2024-09-01,1062,122.18,121.1,-1.08,-0.008839417253232935
8864,2024-09-01,1063,94.88,100.1,5.22,0.055016863406408094
8865,2024-09-01,1064,90.26,94.62,4.36,0.04830489696432528
8866,2024-09-01,1065,91.32,97.05,5.73,0.06274638633377136
8867,2024-09-01,1066,103.77,104.87,1.1,0.010600366194468537
8868,2024-09-01,1067,100.62,101.74,1.12,0.011130987875173921
8869,2024-09-01,1068,121.14,123.8,2.66,0.021958065048703977
8870,2024-09-01,1069,114.09,113.74,-0.35,-0.003067753527916557
8871,2024-09-01,1070,137.51,131.75,-5.76,-0.04188786270089448
8872,2024-09-01,1071,107.44,103.29,-4.15,-0.03862620997766195
8873,2024-09-01,1072,133.03,138.52,5.49,0.041268886717281815
8874,2024-09-01,1073,92.72,96.52,3.8,0.040983606557377046
8875,2024-09-01,1074,104.99,106.85,1.86,0.017715972949804742
8876,2024-09-01,1075,162.6,157.83,-4.77,-0.02933579335793358
8877,2024-09-01,1076,119.0,121.91,2.91,0.024453781512605043
8878,2024-09-01,1077,154.71,165.64,10.93,0.07064830974080538
8879,2024-09-01,1078,115.01,120.87,5.86,0.05095209112251108
8880,2024-09-01,1079,95.12,98.68,3.56,0.037426408746846086
8881,2024-09-01,1080,610.79,589.81,-20.98,-0.034348957906972934
8882,2024-09-01,1081,537.97,554.7,16.73,0.031098388385969476
8883,2024-09-01,1082,570.21,575.67,5.46,0.009575419582259168
8884,2024-09-01,1083,625.34,610.36,-14.98,-0.023954968497137557
8885,2024-09-01,1084,437.3,455.08,17.78,0.040658586782529156
8886,2024-09-01,1085,464.8,447.21,-17.59,-0.03784423407917384
8887,2024-09-01,1086,431.5,457.26,25.76,0.05969872537659328
8888,2024-09-01,1087,331.2,329.52,-1.68,-0.005072463768115942
8889,2024-09-01,1088,744.18,742.27,-1.91,-0.002566583353489747
8890,2024-09-01,1089,332.17,327.5,-4.67,-0.014059066140831501
8891,2024-09-01,1090,428.75,448.5,19.75,0.046064139941690965
8892,2024-09-01,1091,486.01,511.34,25.33,0.05211826917141622
8893,2024-09-01,1092,469.82,447.22,-22.6,-0.04810352901111064
8894,2024-09-01,1093,435.86,451.32,15.46,0.03547010507961272
8895,2024-09-01,1094,498.45,499.46,1.01,0.002026281472564951
8896,2024-09-01,1095,541.66,579.46,37.8,0.0697854742827604
8897,2024-09-01,1096,572.45,589.05,16.6,0.028998165778670627
8898,2024-09-01,1097,448.6,435.06,-13.54,-0.030182790905037896
8899,2024-09-01,1098,399.93,427.11,27.18,0.06796189333133298
8900,2024-09-01,1099,585.24,579.53,-5.71,-0.00975668101975258
8901,2024-09-01,1100,933.28,904.69,-28.59,-0.03063389336533516
8902,2024-09-01,1101,855.0,920.63,65.63,0.07676023391812865
8903,2024-09-01,1102,1162.83,1147.12,-15.71,-0.013510143357154529
8904,2024-09-01,1103,1252.69,1292.93,40.24,0.03212287158035907
8905,2024-09-01,1104,936.4,940.36,3.96,0.004228961982058949
8906,2024-09-01,1105,949.46,906.07,-43.39,-0.04569966085985718
8907,2024-09-01,1106,974.19,935.87,-38.32,-0.03933524261181084
8908,2024-09-01,1107,877.4,933.48,56.08,0.06391611579667199
8909,2024-09-01,1108,1054.67,1095.26,40.59,0.03848597191538586
8910,2024-09-01,1109,1005.76,1033.49,27.73,0.02757118994591155
8911,2024-09-01,1110,867.15,868.89,1.74,0.002006573257221934
8912,2024-09-01,1111,1254.27,1252.73,-1.54,-0.0012278058153348162
8913,2024-09-01,1112,930.09,891.82,-38.27,-0.041146555709662504
8914,2024-09-01,1113,990.36,987.88,-2.48,-0.0025041399087200613
8915,2024-09-01,1114,1236.77,1231.89,-4.88,-0.0039457619444197385
8916,2024-09-01,1115,985.58,978.96,-6.62,-0.006716857079080338
8917,2024-09-01,1116,1045.81,1096.5,50.69,0.048469607290043126
8918,2024-09-01,1117,1057.97,1093.68,35.71,0.03375332003743017
8919,2024-09-01,1118,926.0,938.59,12.59,0.013596112311015119
8920,2024-09-01,1119,803.55,864.45,60.9,0.07578868769833862
8921,2024-09-01,1120,67.59,71.01,3.42,0.05059920106524634
8922,2024-09-01,1121,69.6,66.65,-2.95,-0.042385057471264365
8923,2024-09-01,1122,53.15,54.4,1.25,0.023518344308560677
8924,2024-09-01,1123,61.34,62.05,0.71,0.011574828822954027
8925,2024-09-01,1124,54.81,56.45,1.64,0.029921547162926474
8926,2024-09-01,1125,65.19,69.64,4.45,0.06826200337475073
8927,2024-09-01,1126,56.8,60.18,3.38,0.059507042253521124
8928,2024-09-01,1127,47.22,48.73,1.51,0.03197797543413808
8929,2024-09-01,1128,72.63,76.13,3.5,0.04818945339391436
8930,2024-09-01,1129,40.0,38.0,-2.0,-0.05
8931,2024-09-01,1130,54.86,55.81,0.95,0.017316806416332483
8932,2024-09-01,1131,63.06,62.62,-0.44,-0.006977481763399937
8933,2024-09-01,1132,74.95,78.64,3.69,0.04923282188125417
8934,2024-09-01,1133,56.87,60.42,3.55,0.06242307016001407
8935,2024-09-01,1134,80.88,84.38,3.5,0.04327398615232443
8936,2024-09-01,1135,58.97,57.07,-1.9,-0.03221977276581312
8937,2024-09-01,1136,56.74,59.83,3.09,0.05445893549524145
8938,2024-09-01,1137,50.06,54.01,3.95,0.07890531362365162
8939,2024-09-01,1138,51.45,53.53,2.08,0.04042759961127308
8940,2024-09-01,1139,60.76,64.4,3.64,0.059907834101382486
8941,2024-09-01,1140,721.6,762.54,40.94,0.0567350332594235
8942,2024-09-01,1141,650.5,636.16,-14.34,-0.0220445810914681
8943,2024-09-01,1142,644.08,688.25,44.17,0.06857843746118494
8944,2024-09-01,1143,657.92,635.5,-22.42,-0.03407709143968871
8945,2024-09-01,1144,753.5,803.62,50.12,0.06651625746516257
8946,2024-09-01,1145,692.09,660.42,-31.67,-0.045759944515886664
8947,2024-09-01,1146,536.13,528.95,-7.18,-0.01339227426183948
8948,2024-09-01,1147,771.54,765.93,-5.61,-0.007271171941830625
8949,2024-09-01,1148,670.21,708.39,38.18,0.05696721922979365
8950,2024-09-01,1149,707.93,752.3,44.37,0.06267568827426441
8951,2024-09-01,1150,605.61,609.01,3.4,0.005614174138471954
8952,2024-09-01,1151,547.86,520.68,-27.18,-0.04961121454386157
8953,2024-09-01,1152,733.77,702.08,-31.69,-0.04318791992041103
8954,2024-09-01,1153,588.62,635.33,46.71,0.0793551017634467
8955,2024-09-01,1154,775.31,781.81,6.5,0.008383743276882795
8956,2024-09-01,1155,629.28,620.41,-8.87,-0.014095474192728196
8957,2024-09-01,1156,499.83,498.89,-0.94,-0.0018806394174019166
8958,2024-09-01,1157,550.81,531.94,-18.87,-0.034258637279642706
8959,2024-09-01,1158,768.6,790.78,22.18,0.028857663283892793
8960,2024-09-01,1159,611.62,610.4,-1.22,-0.001994702593113371
8961,2024-09-01,1160,49.0,50.12,1.12,0.022857142857142857
8962,2024-09-01,1161,44.33,45.57,1.24,0.027972027972027972
8963,2024-09-01,1162,48.5,49.66,1.16,0.023917525773195877
8964,2024-09-01,1163,45.33,45.9,0.57,0.01257445400397088
8965,2024-09-01,1164,35.4,34.65,-0.75,-0.0211864406779661
8966,2024-09-01,1165,43.09,45.95,2.86,0.06637270828498491
8967,2024-09-01,1166,42.63,44.23,1.6,0.037532254281022755
8968,2024-09-01,1167,63.92,68.38,4.46,0.0697747183979975
8969,2024-09-01,1168,49.63,50.99,1.36,0.027402780576264357
8970,2024-09-01,1169,56.61,56.99,0.38,0.0067125949478890655
8971,2024-09-01,1170,41.2,39.77,-1.43,-0.03470873786407767
8972,2024-09-01,1171,34.12,35.4,1.28,0.03751465416178194
8973,2024-09-01,1172,52.2,52.14,-0.06,-0.0011494252873563218
8974,2024-09-01,1173,50.25,48.58,-1.67,-0.033233830845771146
8975,2024-09-01,1174,47.92,48.19,0.27,0.005634390651085142
8976,2024-09-01,1175,45.66,47.72,2.06,0.045116075339465614
8977,2024-09-01,1176,42.58,45.81,3.23,0.07585720995772663
8978,2024-09-01,1177,61.07,63.51,2.44,0.039954150974291794
8979,2024-09-01,1178,42.7,42.52,-0.18,-0.004215456674473068
8980,2024-09-01,1179,47.02,46.69,-0.33,-0.007018290089323692
8981,2024-09-01,1180,80.01,78.77,-1.24,-0.01549806274215723
8982,2024-09-01,1181,88.88,86.42,-2.46,-0.02767776777677768
8983,2024-09-01,1182,106.95,112.49,5.54,0.05179990649836372
8984,2024-09-01,1183,120.73,120.51,-0.22,-0.0018222479913857367
8985,2024-09-01,1184,95.82,92.93,-2.89,-0.030160718012940933
8986,2024-09-01,1185,85.03,85.49,0.46,0.0054098553451722925
8987,2024-09-01,1186,83.77,79.91,-3.86,-0.04607854840635072
8988,2024-09-01,1187,128.38,135.0,6.62,0.05156566443371242
8989,2024-09-01,1188,91.32,94.84,3.52,0.038545773105562856
8990,2024-09-01,1189,89.82,87.68,-2.14,-0.023825428635047875
8991,2024-09-01,1190,58.93,56.04,-2.89,-0.04904123536399117
8992,2024-09-01,1191,72.38,77.32,4.94,0.06825089803813209
8993,2024-09-01,1192,109.1,108.98,-0.12,-0.0010999083409715857
8994,2024-09-01,1193,106.8,106.58,-0.22,-0.002059925093632959
8995,2024-09-01,1194,128.91,133.39,4.48,0.03475292839965868
8996,2024-09-01,1195,89.12,95.61,6.49,0.07282315978456014
8997,2024-09-01,1196,102.51,101.3,-1.21,-0.011803726465710662
8998,2024-09-01,1197,103.59,110.44,6.85,0.06612607394536152
8999,2024-09-01,1198,114.61,118.59,3.98,0.03472646365936655
9000,2024-09-01,1199,113.9,108.48,-5.42,-0.047585601404741
9001,2024-10-01,1000,742.79,777.07,34.28,0.046150325125540195
9002,2024-10-01,1001,765.32,782.26,16.94,0.022134531960487116
9003,2024-10-01,1002,793.31,801.09,7.78,0.00980701113057947
9004,2024-10-01,1003,822.63,810.88,-11.75,-0.01428345671808711
9005,2024-10-01,1004,862.36,842.24,-20.12,-0.023331323345238648
9006,2024-10-01,1005,902.62,921.05,18.43,0.02041833772794753
9007,2024-10-01,1006,766.4,812.14,45.74,0.059681628392484344
9008,2024-10-01,1007,1030.03,1050.18,20.15,0.019562537013485044
9009,2024-10-01,1008,741.68,764.63,22.95,0.030943263941322404
9010,2024-10-01,1009,612.82,585.17,-27.65,-0.04511928461864822
9011,2024-10-01,1010,574.33,591.63,17.3,0.030122055264395035
9012,2024-10-01,1011,723.37,704.92,-18.45,-0.025505619530807194
9013,2024-10-01,1012,787.41,848.08,60.67,0.07705007556419147
9014,2024-10-01,1013,602.09,601.86,-0.23,-0.000382002690627647
9015,2024-10-01,1014,597.12,605.16,8.04,0.013464630225080387
9016,2024-10-01,1015,605.38,607.6,2.22,0.0036671181737090754
9017,2024-10-01,1016,787.7,832.3,44.6,0.0566205408150311
9018,2024-10-01,1017,875.06,862.49,-12.57,-0.014364729275706808
9019,2024-10-01,1018,612.27,610.68,-1.59,-0.002596893527365378
9020,2024-10-01,1019,656.31,706.21,49.9,0.07603114381923176
9021,2024-10-01,1020,566.06,588.35,22.29,0.039377451153587956
9022,2024-10-01,1021,410.19,415.2,5.01,0.01221385211731149
9023,2024-10-01,1022,529.96,545.32,15.36,0.028983319495811004
9024,2024-10-01,1023,480.9,515.32,34.42,0.07157413183614057
9025,2024-10-01,1024,442.43,437.28,-5.15,-0.011640259476075311
9026,2024-10-01,1025,422.86,452.34,29.48,0.06971574516388403
9027,2024-10-01,1026,446.41,426.77,-19.64,-0.043995430209896734
9028,2024-10-01,1027,623.59,641.02,17.43,0.027951057585913822
9029,2024-10-01,1028,491.04,500.85,9.81,0.01997800586510264
9030,2024-10-01,1029,534.76,543.88,9.12,0.01705437953474456
9031,2024-10-01,1030,426.61,445.79,19.18,0.04495909612995476
9032,2024-10-01,1031,556.09,582.77,26.68,0.047977845312809075
9033,2024-10-01,1032,484.35,474.26,-10.09,-0.020832042944151957
9034,2024-10-01,1033,564.8,597.82,33.02,0.05846317280453258
9035,2024-10-01,1034,506.25,498.06,-8.19,-0.016177777777777777
9036,2024-10-01,1035,590.52,633.82,43.3,0.07332520490415227
9037,2024-10-01,1036,441.44,448.39,6.95,0.015743928959768033
9038,2024-10-01,1037,593.27,609.53,16.26,0.02740741989313466
9039,2024-10-01,1038,406.76,394.1,-12.66,-0.031124004326875798
9040,2024-10-01,1039,669.18,677.82,8.64,0.012911324307361248
9041,2024-10-01,1040,276.36,283.44,7.08,0.025618758141554496
9042,2024-10-01,1041,267.0,278.16,11.16,0.041797752808988765
9043,2024-10-01,1042,345.5,352.28,6.78,0.019623733719247468
9044,2024-10-01,1043,355.69,353.85,-1.84,-0.005173043942759144
9045,2024-10-01,1044,289.48,310.98,21.5,0.07427110681221501
9046,2024-10-01,1045,316.74,336.01,19.27,0.06083854265328029
9047,2024-10-01,1046,358.35,370.98,12.63,0.03524487233151946
9048,2024-10-01,1047,295.56,290.2,-5.36,-0.018135065638110705
9049,2024-10-01,1048,339.67,357.4,17.73,0.05219772131774958
9050,2024-10-01,1049,427.42,419.38,-8.04,-0.01881053764447148
9051,2024-10-01,1050,316.18,310.16,-6.02,-0.019039787462837625
9052,2024-10-01,1051,309.73,311.86,2.13,0.0068769573499499565
9053,2024-10-01,1052,298.34,288.14,-10.2,-0.03418918013005296
9054,2024-10-01,1053,417.31,404.83,-12.48,-0.029905825405573794
9055,2024-10-01,1054,353.11,358.76,5.65,0.016000679674888846
9056,2024-10-01,1055,326.38,325.5,-0.88,-0.0026962436423800477
9057,2024-10-01,1056,287.36,304.6,17.24,0.05999443207126949
9058,2024-10-01,1057,316.89,315.5,-1.39,-0.004386380131906971
9059,2024-10-01,1058,284.56,298.96,14.4,0.050604441945459655
9060,2024-10-01,1059,314.88,335.01,20.13,0.06392911585365854
9061,2024-10-01,1060,79.51,75.88,-3.63,-0.04565463463715256
9062,2024-10-01,1061,161.12,166.48,5.36,0.03326713008937438
9063,2024-10-01,1062,120.87,129.06,8.19,0.06775874906924795
9064,2024-10-01,1063,98.25,105.48,7.23,0.07358778625954199
9065,2024-10-01,1064,87.6,88.4,0.8,0.0091324200913242
9066,2024-10-01,1065,94.31,94.26,-0.05,-0.0005301664722722935
9067,2024-10-01,1066,102.81,101.79,-1.02,-0.009921213889699446
9068,2024-10-01,1067,99.64,98.89,-0.75,-0.007527097551184263
9069,2024-10-01,1068,123.73,117.96,-5.77,-0.04663379940192354
9070,2024-10-01,1069,110.9,105.81,-5.09,-0.04589720468890893
9071,2024-10-01,1070,142.62,139.75,-2.87,-0.02012340485205441
9072,2024-10-01,1071,105.38,105.97,0.59,0.005598785348263428
9073,2024-10-01,1072,129.94,127.49,-2.45,-0.018854856087424966
9074,2024-10-01,1073,91.17,88.81,-2.36,-0.025885708017988375
9075,2024-10-01,1074,102.61,107.16,4.55,0.04434265666114414
9076,2024-10-01,1075,153.31,156.72,3.41,0.022242515165351247
9077,2024-10-01,1076,115.27,122.19,6.92,0.06003296607963911
9078,2024-10-01,1077,162.69,157.74,-4.95,-0.030425963488843813
9079,2024-10-01,1078,113.42,108.18,-5.24,-0.04619996473285135
9080,2024-10-01,1079,100.02,96.77,-3.25,-0.03249350129974005
9081,2024-10-01,1080,619.3,628.39,9.09,0.014677862102373648
9082,2024-10-01,1081,526.56,519.01,-7.55,-0.014338347006988756
9083,2024-10-01,1082,580.26,600.01,19.75,0.03403646641160859
9084,2024-10-01,1083,585.33,609.32,23.99,0.04098542702407189
9085,2024-10-01,1084,433.18,419.91,-13.27,-0.03063391661664897
9086,2024-10-01,1085,475.45,465.3,-10.15,-0.02134819644547271
9087,2024-10-01,1086,446.75,464.0,17.25,0.03861219921656407
9088,2024-10-01,1087,325.83,313.88,-11.95,-0.036675567013473284
9089,2024-10-01,1088,762.19,787.92,25.73,0.03375798685367166
9090,2024-10-01,1089,330.78,327.39,-3.39,-0.01024850353709414
9091,2024-10-01,1090,424.64,413.9,-10.74,-0.025292012057272044
9092,2024-10-01,1091,524.38,538.19,13.81,0.02633586330523666
9093,2024-10-01,1092,452.89,464.54,11.65,0.025723685663185322
9094,2024-10-01,1093,428.73,409.52,-19.21,-0.04480675483404473
9095,2024-10-01,1094,486.85,522.7,35.85,0.07363664373010168
9096,2024-10-01,1095,528.3,533.08,4.78,0.00904788945674806
9097,2024-10-01,1096,567.63,585.06,17.43,0.03070662227155013
9098,2024-10-01,1097,474.99,454.53,-20.46,-0.04307459104402198
9099,2024-10-01,1098,392.99,382.19,-10.8,-0.027481615308277564
9100,2024-10-01,1099,559.73,532.57,-27.16,-0.048523395208404055
9101,2024-10-01,1100,934.6,995.17,60.57,0.06480847421356731
9102,2024-10-01,1101,893.8,941.45,47.65,0.053311702841799063
9103,2024-10-01,1102,1233.47,1311.32,77.85,0.06311462783853682
9104,2024-10-01,1103,1265.46,1329.14,63.68,0.0503216221769159
9105,2024-10-01,1104,908.59,915.7,7.11,0.007825311746772472
9106,2024-10-01,1105,970.87,1000.31,29.44,0.03032331826094122
9107,2024-10-01,1106,986.71,989.02,2.31,0.0023411133970467515
9108,2024-10-01,1107,914.16,890.94,-23.22,-0.0254003675505382
9109,2024-10-01,1108,1009.23,999.93,-9.3,-0.00921494604797717
9110,2024-10-01,1109,1033.99,1021.15,-12.84,-0.012417915066876856
9111,2024-10-01,1110,860.4,899.84,39.44,0.04583914458391446
9112,2024-10-01,1111,1301.29,1254.48,-46.81,-0.03597199701834334
9113,2024-10-01,1112,927.69,891.66,-36.03,-0.03883840507065938
9114,2024-10-01,1113,986.73,944.26,-42.47,-0.0430411561420044
9115,2024-10-01,1114,1244.22,1255.17,10.95,0.008800694410956262
9116,2024-10-01,1115,984.28,961.57,-22.71,-0.02307270288942171
9117,2024-10-01,1116,976.23,1016.09,39.86,0.04083054198293435
9118,2024-10-01,1117,1088.07,1086.02,-2.05,-0.0018840699587342727
9119,2024-10-01,1118,917.6,886.75,-30.85,-0.03362031386224935
9120,2024-10-01,1119,840.77,899.03,58.26,0.06929362370208261
9121,2024-10-01,1120,68.49,70.8,2.31,0.0337275514673675
9122,2024-10-01,1121,69.97,72.41,2.44,0.03487208803773045
9123,2024-10-01,1122,51.85,50.36,-1.49,-0.028736740597878497
9124,2024-10-01,1123,61.6,61.41,-0.19,-0.0030844155844155846
9125,2024-10-01,1124,50.43,49.24,-1.19,-0.023597065238945072
9126,2024-10-01,1125,68.27,71.94,3.67,0.053757140764611105
9127,2024-10-01,1126,58.03,58.12,0.09,0.0015509219369291745
9128,2024-10-01,1127,48.63,46.41,-2.22,-0.04565083281924738
9129,2024-10-01,1128,72.53,75.39,2.86,0.03943195918930098
9130,2024-10-01,1129,40.72,43.68,2.96,0.07269155206286837
9131,2024-10-01,1130,56.47,54.06,-2.41,-0.04267752789091553
9132,2024-10-01,1131,66.95,65.65,-1.3,-0.019417475728155338
9133,2024-10-01,1132,76.03,74.49,-1.54,-0.020255162435880575
9134,2024-10-01,1133,58.86,58.27,-0.59,-0.010023785253143052
9135,2024-10-01,1134,81.79,80.52,-1.27,-0.015527570607653748
9136,2024-10-01,1135,57.32,57.8,0.48,0.00837404047452896
9137,2024-10-01,1136,56.91,54.22,-2.69,-0.04726761553329819
9138,2024-10-01,1137,55.74,57.59,1.85,0.033189809831359884
9139,2024-10-01,1138,50.45,51.22,0.77,0.015262636273538157
9140,2024-10-01,1139,60.96,59.77,-1.19,-0.019520997375328083
9141,2024-10-01,1140,718.05,734.57,16.52,0.023006754404289394
9142,2024-10-01,1141,642.98,644.45,1.47,0.0022862297427602724
9143,2024-10-01,1142,673.25,692.53,19.28,0.02863720757519495
9144,2024-10-01,1143,662.64,678.75,16.11,0.024311843534951104
9145,2024-10-01,1144,719.69,700.78,-18.91,-0.02627520182300713
9146,2024-10-01,1145,690.03,729.78,39.75,0.05760619103517239
9147,2024-10-01,1146,557.53,575.97,18.44,0.03307445339264255
9148,2024-10-01,1147,778.25,781.49,3.24,0.00416318663668487
9149,2024-10-01,1148,658.29,642.02,-16.27,-0.02471555089702107
9150,2024-10-01,1149,672.24,681.85,9.61,0.01429548970605736
9151,2024-10-01,1150,609.92,615.67,5.75,0.009427465897166842
9152,2024-10-01,1151,564.95,589.37,24.42,0.04322506416497035
9153,2024-10-01,1152,727.2,700.08,-27.12,-0.0372937293729373
9154,2024-10-01,1153,621.2,637.22,16.02,0.02578879587894398
9155,2024-10-01,1154,783.64,774.81,-8.83,-0.01126792915114083
9156,2024-10-01,1155,597.5,582.61,-14.89,-0.02492050209205021
9157,2024-10-01,1156,534.78,568.22,33.44,0.06253038632708778
9158,2024-10-01,1157,525.8,500.66,-25.14,-0.047812856599467476
9159,2024-10-01,1158,720.25,720.37,0.12,0.0001666088163832002
9160,2024-10-01,1159,621.53,666.96,45.43,0.07309381687126928
9161,2024-10-01,1160,53.59,57.7,4.11,0.07669341295017727
9162,2024-10-01,1161,45.94,47.51,1.57,0.03417501088376143
9163,2024-10-01,1162,47.94,46.53,-1.41,-0.029411764705882353
9164,2024-10-01,1163,46.89,48.1,1.21,0.02580507570910642
9165,2024-10-01,1164,35.88,38.53,2.65,0.07385730211817168
9166,2024-10-01,1165,45.27,43.1,-2.17,-0.047934614535012146
9167,2024-10-01,1166,40.49,40.71,0.22,0.005433440355643368
9168,2024-10-01,1167,64.32,65.73,1.41,0.021921641791044777
9169,2024-10-01,1168,49.57,49.6,0.03,0.0006052047609441194
9170,2024-10-01,1169,55.36,55.82,0.46,0.008309248554913294
9171,2024-10-01,1170,41.3,39.28,-2.02,-0.04891041162227603
9172,2024-10-01,1171,33.88,34.16,0.28,0.008264462809917356
9173,2024-10-01,1172,53.09,52.54,-0.55,-0.010359766434356753
9174,2024-10-01,1173,51.72,52.15,0.43,0.008313998453209591
9175,2024-10-01,1174,47.77,48.12,0.35,0.007326774126020515
9176,2024-10-01,1175,45.51,47.73,2.22,0.04878048780487805
9177,2024-10-01,1176,42.11,44.11,2.0,0.04749465685110425
9178,2024-10-01,1177,61.04,58.94,-2.1,-0.034403669724770644
9179,2024-10-01,1178,42.37,41.8,-0.57,-0.013452914798206279
9180,2024-10-01,1179,47.5,49.95,2.45,0.05157894736842105
9181,2024-10-01,1180,78.29,77.94,-0.35,-0.0044705581811214715
9182,2024-10-01,1181,84.73,90.98,6.25,0.07376372005192966
9183,2024-10-01,1182,108.93,113.96,5.03,0.04617644358762508
9184,2024-10-01,1183,123.12,131.8,8.68,0.0705003248862898
9185,2024-10-01,1184,97.89,101.04,3.15,0.032178976402083975
9186,2024-10-01,1185,83.37,82.1,-1.27,-0.015233297349166368
9187,2024-10-01,1186,86.96,93.74,6.78,0.07796688132474701
9188,2024-10-01,1187,125.91,132.93,7.02,0.05575411007862759
9189,2024-10-01,1188,90.63,92.33,1.7,0.018757585788370296
9190,2024-10-01,1189,89.45,86.52,-2.93,-0.03275572945779765
9191,2024-10-01,1190,59.74,57.54,-2.2,-0.03682624707063944
9192,2024-10-01,1191,70.39,73.37,2.98,0.04233555902827106
9193,2024-10-01,1192,108.62,109.57,0.95,0.008746087276744615
9194,2024-10-01,1193,100.87,101.89,1.02,0.010112025379200952
9195,2024-10-01,1194,127.88,124.46,-3.42,-0.026743822333437597
9196,2024-10-01,1195,90.5,92.37,1.87,0.020662983425414366
9197,2024-10-01,1196,107.93,106.08,-1.85,-0.01714073936810896
9198,2024-10-01,1197,106.1,112.34,6.24,0.0588124410933082
9199,2024-10-01,1198,112.64,114.77,2.13,0.018909801136363636
9200,2024-10-01,1199,112.67,109.03,-3.64,-0.03230673648708618
9201,2024-11-01,1000,771.32,783.0,11.68,0.015142871959757298
9202,2024-11-01,1001,754.16,726.38,-27.78,-0.036835684735334676
9203,2024-11-01,1002,803.02,779.0,-24.02,-0.029912081890861995
9204,2024-11-01,1003,838.22,858.78,20.56,0.02452816682971058
9205,2024-11-01,1004,859.35,852.13,-7.22,-0.008401698958515157
9206,2024-11-01,1005,892.71,889.54,-3.17,-0.003550985202361349
9207,2024-11-01,1006,753.9,743.94,-9.96,-0.013211301233585356
9208,2024-11-01,1007,1061.97,1067.33,5.36,0.005047223556220986
9209,2024-11-01,1008,728.38,755.48,27.1,0.03720585408715231
9210,2024-11-01,1009,597.41,580.91,-16.5,-0.02761922297919352
9211,2024-11-01,1010,582.68,590.8,8.12,0.013935607880826525
9212,2024-11-01,1011,731.84,707.48,-24.36,-0.033285964145168344
9213,2024-11-01,1012,800.4,822.32,21.92,0.02738630684657671
9214,2024-11-01,1013,581.44,581.41,-0.03,-5.15960374243258e-05
9215,2024-11-01,1014,613.18,647.98,34.8,0.056753318764473724
9216,2024-11-01,1015,580.57,563.91,-16.66,-0.028695936751812874
9217,2024-11-01,1016,770.06,808.42,38.36,0.049814300184401215
9218,2024-11-01,1017,879.15,891.79,12.64,0.014377523744525963
9219,2024-11-01,1018,615.59,589.77,-25.82,-0.041943501356422296
9220,2024-11-01,1019,658.48,698.01,39.53,0.060032195359008625
9221,2024-11-01,1020,559.85,596.57,36.72,0.065588997052782
9222,2024-11-01,1021,386.4,393.14,6.74,0.017443064182194618
9223,2024-11-01,1022,543.6,521.31,-22.29,-0.04100441501103753
9224,2024-11-01,1023,489.6,523.74,34.14,0.06973039215686275
9225,2024-11-01,1024,423.58,425.8,2.22,0.005241040653477501
9226,2024-11-01,1025,423.6,433.14,9.54,0.022521246458923512
9227,2024-11-01,1026,448.59,434.66,-13.93,-0.031052854499654472
9228,2024-11-01,1027,640.84,690.3,49.46,0.0771799513139005
9229,2024-11-01,1028,498.5,492.79,-5.71,-0.011454363089267804
9230,2024-11-01,1029,524.32,540.61,16.29,0.031068812938663412
9231,2024-11-01,1030,428.68,410.64,-18.04,-0.042082672389661284
9232,2024-11-01,1031,534.11,545.9,11.79,0.022074104585197804
9233,2024-11-01,1032,492.24,492.44,0.2,0.0004063058670567202
9234,2024-11-01,1033,569.34,557.12,-12.22,-0.02146344890575052
9235,2024-11-01,1034,519.06,554.05,34.99,0.06741031865294957
9236,2024-11-01,1035,568.46,594.07,25.61,0.045051542764662424
9237,2024-11-01,1036,472.05,455.24,-16.81,-0.03561063446668785
9238,2024-11-01,1037,555.99,534.97,-21.02,-0.03780643536754258
9239,2024-11-01,1038,408.03,438.24,30.21,0.0740386736269392
9240,2024-11-01,1039,682.02,690.96,8.94,0.013108119996481041
9241,2024-11-01,1040,275.54,271.09,-4.45,-0.016150105247876897
9242,2024-11-01,1041,266.71,284.81,18.1,0.06786397210453302
9243,2024-11-01,1042,333.37,328.84,-4.53,-0.013588505264420913
9244,2024-11-01,1043,373.47,390.14,16.67,0.04463544595282084
9245,2024-11-01,1044,289.13,308.89,19.76,0.06834295991422544
9246,2024-11-01,1045,304.36,294.43,-9.93,-0.03262583782362991
9247,2024-11-01,1046,372.65,358.89,-13.76,-0.036924728297329935
9248,2024-11-01,1047,305.33,315.59,10.26,0.03360298693217175
9249,2024-11-01,1048,324.06,325.94,1.88,0.005801394803431463
9250,2024-11-01,1049,419.38,415.38,-4.0,-0.009537889265105633
9251,2024-11-01,1050,318.46,310.29,-8.17,-0.02565471330779376
9252,2024-11-01,1051,309.44,313.64,4.2,0.013572905894519132
9253,2024-11-01,1052,310.34,304.71,-5.63,-0.01814139331056261
9254,2024-11-01,1053,416.94,432.09,15.15,0.03633616347675925
9255,2024-11-01,1054,363.16,367.06,3.9,0.010739068179314902
9256,2024-11-01,1055,320.63,316.11,-4.52,-0.014097246046845273
9257,2024-11-01,1056,307.19,309.36,2.17,0.007064032032292718
9258,2024-11-01,1057,311.38,303.66,-7.72,-0.02479285760164429
9259,2024-11-01,1058,279.43,288.78,9.35,0.03346097412589915
9260,2024-11-01,1059,307.71,315.78,8.07,0.026225992005459685
9261,2024-11-01,1060,78.86,82.47,3.61,0.04577732690844535
9262,2024-11-01,1061,158.5,154.73,-3.77,-0.023785488958990537
9263,2024-11-01,1062,119.52,126.8,7.28,0.06091030789825971
9264,2024-11-01,1063,95.17,100.63,5.46,0.05737102027949984
9265,2024-11-01,1064,88.69,92.35,3.66,0.041267335663547185
9266,2024-11-01,1065,93.55,97.96,4.41,0.047140566541956176
9267,2024-11-01,1066,98.9,102.29,3.39,0.03427704752275025
9268,2024-11-01,1067,98.56,103.72,5.16,0.052353896103896104
9269,2024-11-01,1068,125.36,120.06,-5.3,-0.04227823867262285
9270,2024-11-01,1069,112.68,110.47,-2.21,-0.019613063542776
9271,2024-11-01,1070,131.17,131.81,0.64,0.004879164443089121
9272,2024-11-01,1071,106.61,111.69,5.08,0.04765031422943439
9273,2024-11-01,1072,134.2,130.25,-3.95,-0.029433681073025336
9274,2024-11-01,1073,95.1,90.35,-4.75,-0.049947423764458466
9275,2024-11-01,1074,99.89,107.84,7.95,0.07958754630093103
9276,2024-11-01,1075,169.42,164.53,-4.89,-0.028863180262070593
9277,2024-11-01,1076,114.69,117.75,3.06,0.02668061731624379
9278,2024-11-01,1077,167.75,161.78,-5.97,-0.03558867362146051
9279,2024-11-01,1078,113.19,116.36,3.17,0.028006007597844332
9280,2024-11-01,1079,98.02,101.81,3.79,0.03866557845337686
9281,2024-11-01,1080,638.35,615.01,-23.34,-0.03656301402052166
9282,2024-11-01,1081,525.24,519.45,-5.79,-0.011023532099611606
9283,2024-11-01,1082,591.83,571.33,-20.5,-0.034638325194734976
9284,2024-11-01,1083,630.87,657.22,26.35,0.04176771759633522
9285,2024-11-01,1084,432.35,442.36,10.01,0.023152538452642535
9286,2024-11-01,1085,481.27,489.87,8.6,0.017869387246244314
9287,2024-11-01,1086,442.09,464.8,22.71,0.051369630618199914
9288,2024-11-01,1087,348.18,349.09,0.91,0.002613590671491757
9289,2024-11-01,1088,752.16,799.23,47.07,0.06257977026164646
9290,2024-11-01,1089,347.16,369.37,22.21,0.06397626454660675
9291,2024-11-01,1090,420.67,405.66,-15.01,-0.03568117526802482
9292,2024-11-01,1091,494.39,507.78,13.39,0.027083881146463318
9293,2024-11-01,1092,464.14,494.35,30.21,0.06508811996380402
9294,2024-11-01,1093,441.07,426.18,-14.89,-0.03375881379372889
9295,2024-11-01,1094,487.76,498.36,10.6,0.021731999343939642
9296,2024-11-01,1095,513.84,526.96,13.12,0.025533239919040947
9297,2024-11-01,1096,552.3,578.21,25.91,0.04691290965055223
9298,2024-11-01,1097,430.05,437.69,7.64,0.017765376119055924
9299,2024-11-01,1098,415.52,414.07,-1.45,-0.0034896033885252215
9300,2024-11-01,1099,581.65,612.25,30.6,0.052608957276712796
9301,2024-11-01,1100,956.88,1008.14,51.26,0.0535699356241117
9302,2024-11-01,1101,925.02,909.9,-15.12,-0.01634559252772913
9303,2024-11-01,1102,1179.8,1189.76,9.96,0.008442108832005425
9304,2024-11-01,1103,1198.57,1259.45,60.88,0.05079386268636792
9305,2024-11-01,1104,931.15,924.34,-6.81,-0.007313537024109971
9306,2024-11-01,1105,921.66,969.07,47.41,0.051439793416227245
9307,2024-11-01,1106,904.22,894.25,-9.97,-0.011026077724447591
9308,2024-11-01,1107,879.58,837.31,-42.27,-0.048057027217535644
9309,2024-11-01,1108,1041.16,1062.94,21.78,0.02091897498943486
9310,2024-11-01,1109,1002.67,1035.54,32.87,0.032782470802956105
9311,2024-11-01,1110,847.38,819.83,-27.55,-0.0325119780971937
9312,2024-11-01,1111,1194.92,1172.05,-22.87,-0.01913935660964751
9313,2024-11-01,1112,876.66,861.09,-15.57,-0.017760591335295325
9314,2024-11-01,1113,1012.05,1011.78,-0.27,-0.0002667852378835037
9315,2024-11-01,1114,1236.54,1258.17,21.63,0.017492357707797564
9316,2024-11-01,1115,966.34,927.75,-38.59,-0.03993418465550427
9317,2024-11-01,1116,1027.68,1067.3,39.62,0.03855285692044216
9318,2024-11-01,1117,1078.45,1123.59,45.14,0.041856367935462935
9319,2024-11-01,1118,912.58,939.15,26.57,0.02911525564881983
9320,2024-11-01,1119,816.36,860.42,44.06,0.053971287177225734
9321,2024-11-01,1120,67.42,68.96,1.54,0.022841886680510234
9322,2024-11-01,1121,71.04,67.79,-3.25,-0.04574887387387387
9323,2024-11-01,1122,50.1,53.51,3.41,0.06806387225548902
9324,2024-11-01,1123,64.05,65.71,1.66,0.02591725214676034
9325,2024-11-01,1124,54.51,58.42,3.91,0.07172995780590717
9326,2024-11-01,1125,66.99,66.26,-0.73,-0.01089714882818331
9327,2024-11-01,1126,59.85,62.86,3.01,0.050292397660818715
9328,2024-11-01,1127,48.05,49.28,1.23,0.025598335067637878
9329,2024-11-01,1128,71.7,76.35,4.65,0.06485355648535565
9330,2024-11-01,1129,39.46,42.24,2.78,0.07045108971109985
9331,2024-11-01,1130,55.33,53.61,-1.72,-0.031086210012651366
9332,2024-11-01,1131,65.81,63.22,-2.59,-0.0393557210150433
9333,2024-11-01,1132,75.0,76.76,1.76,0.023466666666666667
9334,2024-11-01,1133,59.1,57.8,-1.3,-0.021996615905245348
9335,2024-11-01,1134,80.79,77.45,-3.34,-0.04134175021661097
9336,2024-11-01,1135,58.44,58.78,0.34,0.005817932922655715
9337,2024-11-01,1136,57.19,59.48,2.29,0.04004196537856269
9338,2024-11-01,1137,52.56,53.44,0.88,0.0167427701674277
9339,2024-11-01,1138,49.9,50.82,0.92,0.01843687374749499
9340,2024-11-01,1139,59.49,62.65,3.16,0.05311817112119684
9341,2024-11-01,1140,752.2,714.9,-37.3,-0.04958787556500931
9342,2024-11-01,1141,620.8,627.74,6.94,0.011179123711340206
9343,2024-11-01,1142,647.53,615.81,-31.72,-0.048986147359967876
9344,2024-11-01,1143,667.19,650.3,-16.89,-0.02531512762481452
9345,2024-11-01,1144,719.15,702.22,-16.93,-0.023541681151359243
9346,2024-11-01,1145,706.92,688.84,-18.08,-0.025575736999943418
9347,2024-11-01,1146,548.85,577.17,28.32,0.05159879748565182
9348,2024-11-01,1147,749.07,755.18,6.11,0.008156781075199914
9349,2024-11-01,1148,658.62,633.52,-25.1,-0.03810998754972518
9350,2024-11-01,1149,682.4,661.58,-20.82,-0.030509964830011723
9351,2024-11-01,1150,580.71,552.21,-28.5,-0.049077852973084674
9352,2024-11-01,1151,552.21,589.69,37.48,0.0678727295775158
9353,2024-11-01,1152,722.22,764.78,42.56,0.05892941209049874
9354,2024-11-01,1153,590.63,617.94,27.31,0.04623876199989841
9355,2024-11-01,1154,790.65,777.43,-13.22,-0.016720419907670904
9356,2024-11-01,1155,601.87,620.04,18.17,0.03018924352434911
9357,2024-11-01,1156,537.07,513.79,-23.28,-0.04334630495093749
9358,2024-11-01,1157,543.17,557.87,14.7,0.027063350332308486
9359,2024-11-01,1158,789.53,787.23,-2.3,-0.0029131255303788328
9360,2024-11-01,1159,643.09,682.24,39.15,0.06087794865415416
9361,2024-11-01,1160,51.49,51.54,0.05,0.0009710623422023693
9362,2024-11-01,1161,43.93,44.01,0.08,0.0018210789893011608
9363,2024-11-01,1162,47.26,48.04,0.78,0.016504443504020312
9364,2024-11-01,1163,49.02,47.35,-1.67,-0.03406772745818033
9365,2024-11-01,1164,34.88,34.78,-0.1,-0.00286697247706422
9366,2024-11-01,1165,44.19,44.42,0.23,0.00520479746548993
9367,2024-11-01,1166,40.81,38.91,-1.9,-0.04655721636853712
9368,2024-11-01,1167,63.07,66.73,3.66,0.058030759473600764
9369,2024-11-01,1168,46.86,45.28,-1.58,-0.03371745625266752
9370,2024-11-01,1169,59.02,57.33,-1.69,-0.028634361233480177
9371,2024-11-01,1170,41.72,40.11,-1.61,-0.03859060402684564
9372,2024-11-01,1171,33.59,32.91,-0.68,-0.02024412027389104
9373,2024-11-01,1172,50.28,53.17,2.89,0.057478122513922036
9374,2024-11-01,1173,52.16,53.11,0.95,0.01821319018404908
9375,2024-11-01,1174,48.09,48.06,-0.03,-0.0006238303181534621
9376,2024-11-01,1175,47.33,48.03,0.7,0.01478977392774139
9377,2024-11-01,1176,41.42,40.19,-1.23,-0.02969579913085466
9378,2024-11-01,1177,59.75,60.26,0.51,0.008535564853556485
9379,2024-11-01,1178,40.75,40.69,-0.06,-0.00147239263803681
9380,2024-11-01,1179,45.83,48.2,2.37,0.05171285184377045
9381,2024-11-01,1180,82.96,89.22,6.26,0.07545805207328833
9382,2024-11-01,1181,86.58,86.4,-0.18,-0.002079002079002079
9383,2024-11-01,1182,105.94,102.33,-3.61,-0.03407589201434774
9384,2024-11-01,1183,125.54,132.09,6.55,0.05217460570336148
9385,2024-11-01,1184,98.83,96.61,-2.22,-0.022462814934736414
9386,2024-11-01,1185,84.75,90.94,6.19,0.07303834808259586
9387,2024-11-01,1186,83.44,80.28,-3.16,-0.03787152444870566
9388,2024-11-01,1187,122.39,127.63,5.24,0.04281395538851213
9389,2024-11-01,1188,95.09,100.5,5.41,0.056893469344831214
9390,2024-11-01,1189,89.4,90.7,1.3,0.0145413870246085
9391,2024-11-01,1190,59.7,63.79,4.09,0.06850921273031826
9392,2024-11-01,1191,71.01,71.55,0.54,0.0076045627376425855
9393,2024-11-01,1192,108.92,112.06,3.14,0.02882849798016893
9394,2024-11-01,1193,103.08,110.96,7.88,0.07644547923942568
9395,2024-11-01,1194,118.9,116.21,-2.69,-0.022624053826745164
9396,2024-11-01,1195,89.16,85.25,-3.91,-0.04385374607447286
9397,2024-11-01,1196,106.42,114.24,7.82,0.07348242811501597
9398,2024-11-01,1197,106.99,103.63,-3.36,-0.03140480418730723
9399,2024-11-01,1198,120.99,128.44,7.45,0.061575336804694604
9400,2024-11-01,1199,116.04,119.54,3.5,0.030162013098931403
9401,2024-12-01,1000,724.11,776.1,51.99,0.07179848365579815
9402,2024-12-01,1001,757.06,781.7,24.64,0.03254695796898528
9403,2024-12-01,1002,816.9,827.4,10.5,0.012853470437017995
9404,2024-12-01,1003,825.69,862.46,36.77,0.044532451646501714
9405,2024-12-01,1004,830.0,833.69,3.69,0.004445783132530121
9406,2024-12-01,1005,897.31,968.28,70.97,0.07909195261392384
9407,2024-12-01,1006,807.98,817.55,9.57,0.011844352582984727
9408,2024-12-01,1007,1050.96,1039.43,-11.53,-0.010970921823856283
9409,2024-12-01,1008,733.37,722.79,-10.58,-0.014426551399702742
9410,2024-12-01,1009,629.51,618.61,-10.9,-0.01731505456624994
9411,2024-12-01,1010,593.34,633.46,40.12,0.06761721778406984
9412,2024-12-01,1011,722.09,763.44,41.35,0.05726432993117202
9413,2024-12-01,1012,811.73,786.7,-25.03,-0.030835376295073484
9414,2024-12-01,1013,598.67,613.97,15.3,0.02555665057544223
9415,2024-12-01,1014,587.88,627.85,39.97,0.06799006599986392
9416,2024-12-01,1015,563.24,555.92,-7.32,-0.012996236062779632
9417,2024-12-01,1016,723.64,748.22,24.58,0.033967165994140736
9418,2024-12-01,1017,856.11,854.45,-1.66,-0.0019390031654810712
9419,2024-12-01,1018,586.9,614.78,27.88,0.04750383370250469
9420,2024-12-01,1019,634.74,632.1,-2.64,-0.004159183287645335
9421,2024-12-01,1020,562.75,596.85,34.1,0.06059529098178587
9422,2024-12-01,1021,415.08,417.6,2.52,0.006071118820468344
9423,2024-12-01,1022,513.29,544.66,31.37,0.06111554871515128
9424,2024-12-01,1023,496.09,471.66,-24.43,-0.04924509665584874
9425,2024-12-01,1024,423.02,413.06,-9.96,-0.023544986052668904
9426,2024-12-01,1025,448.88,466.4,17.52,0.03903047585100695
9427,2024-12-01,1026,447.75,468.3,20.55,0.04589614740368509
9428,2024-12-01,1027,635.61,654.37,18.76,0.029514954138544075
9429,2024-12-01,1028,509.31,519.66,10.35,0.02032161159215409
9430,2024-12-01,1029,537.43,568.72,31.29,0.05822153582792178
9431,2024-12-01,1030,405.52,387.86,-17.66,-0.043549023476030777
9432,2024-12-01,1031,562.91,581.43,18.52,0.03290046366204189
9433,2024-12-01,1032,491.69,470.41,-21.28,-0.04327930199922716
9434,2024-12-01,1033,559.11,580.09,20.98,0.03752392194738066
9435,2024-12-01,1034,510.63,538.45,27.82,0.05448171866126158
9436,2024-12-01,1035,580.75,585.64,4.89,0.008420146362462333
9437,2024-12-01,1036,460.8,456.35,-4.45,-0.009657118055555556
9438,2024-12-01,1037,593.06,583.51,-9.55,-0.01610292381883789
9439,2024-12-01,1038,387.26,407.77,20.51,0.0529618344264835
9440,2024-12-01,1039,668.75,666.12,-2.63,-0.003932710280373832
9441,2024-12-01,1040,275.92,289.11,13.19,0.04780371122064366
9442,2024-12-01,1041,262.9,278.23,15.33,0.058311144922023585
9443,2024-12-01,1042,355.66,338.22,-17.44,-0.04903559579373559
9444,2024-12-01,1043,353.29,344.8,-8.49,-0.024031249115457558
9445,2024-12-01,1044,292.76,302.81,10.05,0.034328460172154664
9446,2024-12-01,1045,300.75,298.52,-2.23,-0.007414796342477141
9447,2024-12-01,1046,388.13,401.96,13.83,0.03563239120913096
9448,2024-12-01,1047,278.89,294.05,15.16,0.054358349169923624
9449,2024-12-01,1048,330.14,344.88,14.74,0.044647725207487735
9450,2024-12-01,1049,429.56,409.73,-19.83,-0.046163516156066675
9451,2024-12-01,1050,324.06,327.44,3.38,0.010430167252977844
9452,2024-12-01,1051,307.12,305.12,-2.0,-0.006512112529304506
9453,2024-12-01,1052,303.89,311.18,7.29,0.02398894336766593
9454,2024-12-01,1053,420.04,435.2,15.16,0.03609180078087801
9455,2024-12-01,1054,351.49,378.0,26.51,0.07542177586844576
9456,2024-12-01,1055,318.34,317.44,-0.9,-0.0028271659232267385
9457,2024-12-01,1056,303.7,293.68,-10.02,-0.03299308528152782
9458,2024-12-01,1057,309.23,322.34,13.11,0.042395627849820525
9459,2024-12-01,1058,283.52,279.04,-4.48,-0.01580135440180587
9460,2024-12-01,1059,302.51,297.07,-5.44,-0.01798287659912069
9461,2024-12-01,1060,75.05,76.05,1.0,0.013324450366422385
9462,2024-12-01,1061,157.26,155.68,-1.58,-0.01004705583110772
9463,2024-12-01,1062,118.13,117.31,-0.82,-0.00694150512147634
9464,2024-12-01,1063,94.67,97.61,2.94,0.03105524453364318
9465,2024-12-01,1064,91.84,93.28,1.44,0.0156794425087108
9466,2024-12-01,1065,92.84,95.39,2.55,0.027466609220163724
9467,2024-12-01,1066,99.88,99.05,-0.83,-0.008309971966359632
9468,2024-12-01,1067,102.95,99.49,-3.46,-0.03360854783875668
9469,2024-12-01,1068,122.22,120.69,-1.53,-0.012518409425625921
9470,2024-12-01,1069,113.13,107.9,-5.23,-0.04623000088393883
9471,2024-12-01,1070,130.35,136.9,6.55,0.05024932873034139
9472,2024-12-01,1071,104.26,110.42,6.16,0.05908306157682716
9473,2024-12-01,1072,130.91,129.98,-0.93,-0.007104117332518524
9474,2024-12-01,1073,89.68,89.15,-0.53,-0.0059099018733273865
9475,2024-12-01,1074,104.22,106.67,2.45,0.023507963922471696
9476,2024-12-01,1075,161.13,173.81,12.68,0.07869422205672438
9477,2024-12-01,1076,122.19,127.68,5.49,0.04493002700712006
9478,2024-12-01,1077,158.85,162.13,3.28,0.020648410450110167
9479,2024-12-01,1078,113.52,117.41,3.89,0.034267089499647636
9480,2024-12-01,1079,103.22,99.19,-4.03,-0.03904282115869018
9481,2024-12-01,1080,647.94,666.3,18.36,0.028335957033058617
9482,2024-12-01,1081,525.77,553.51,27.74,0.052760712859235025
9483,2024-12-01,1082,559.46,545.01,-14.45,-0.025828477460408252
9484,2024-12-01,1083,645.85,696.77,50.92,0.07884183633970736
9485,2024-12-01,1084,434.21,428.14,-6.07,-0.013979410884134406
9486,2024-12-01,1085,496.36,535.89,39.53,0.07963977758078813
9487,2024-12-01,1086,428.52,449.97,21.45,0.0500560067208065
9488,2024-12-01,1087,335.4,341.74,6.34,0.018902802623732857
9489,2024-12-01,1088,751.48,741.03,-10.45,-0.01390589237238516
9490,2024-12-01,1089,348.56,356.24,7.68,0.022033509295386732
9491,2024-12-01,1090,404.01,399.49,-4.52,-0.011187841885101853
9492,2024-12-01,1091,496.54,488.43,-8.11,-0.016333024529745842
9493,2024-12-01,1092,465.71,450.48,-15.23,-0.03270275493332761
9494,2024-12-01,1093,440.96,463.28,22.32,0.05061683599419448
9495,2024-12-01,1094,487.85,486.53,-1.32,-0.002705749718151071
9496,2024-12-01,1095,519.92,557.97,38.05,0.07318433605170026
9497,2024-12-01,1096,554.52,575.59,21.07,0.03799682608382024
9498,2024-12-01,1097,439.18,440.07,0.89,0.0020265039391593426
9499,2024-12-01,1098,410.23,436.73,26.5,0.06459790849035907
9500,2024-12-01,1099,600.26,587.33,-12.93,-0.021540665711525006
9501,2024-12-01,1100,942.76,962.57,19.81,0.021012771012771013
9502,2024-12-01,1101,948.39,916.25,-32.14,-0.03388901190438533
9503,2024-12-01,1102,1167.01,1138.45,-28.56,-0.024472798005158482
9504,2024-12-01,1103,1186.42,1229.11,42.69,0.03598219854688896
9505,2024-12-01,1104,935.45,938.65,3.2,0.0034208135122133733
9506,2024-12-01,1105,946.4,900.91,-45.49,-0.048066356720202874
9507,2024-12-01,1106,943.67,974.62,30.95,0.03279748217067407
9508,2024-12-01,1107,890.57,915.33,24.76,0.027802418675679622
9509,2024-12-01,1108,1040.22,1062.08,21.86,0.02101478533387168
9510,2024-12-01,1109,1041.64,1055.78,14.14,0.013574747513536347
9511,2024-12-01,1110,842.86,870.8,27.94,0.03314904017274518
9512,2024-12-01,1111,1240.84,1301.41,60.57,0.048813706843751005
9513,2024-12-01,1112,896.61,887.1,-9.51,-0.010606618262120655
9514,2024-12-01,1113,954.02,999.95,45.93,0.04814364478732102
9515,2024-12-01,1114,1293.74,1371.97,78.23,0.06046810023652357
9516,2024-12-01,1115,938.96,973.65,34.69,0.036945130782993954
9517,2024-12-01,1116,1025.19,978.25,-46.94,-0.045786634672597276
9518,2024-12-01,1117,1134.37,1164.08,29.71,0.026190749050133553
9519,2024-12-01,1118,930.04,923.58,-6.46,-0.006945937809126489
9520,2024-12-01,1119,862.29,908.73,46.44,0.053856591170024004
9521,2024-12-01,1120,68.53,70.52,1.99,0.029038377352984094
9522,2024-12-01,1121,74.03,73.13,-0.9,-0.012157233553964608
9523,2024-12-01,1122,52.43,52.94,0.51,0.009727255388136563
9524,2024-12-01,1123,60.83,64.81,3.98,0.06542824264343251
9525,2024-12-01,1124,54.11,51.48,-2.63,-0.04860469414156348
9526,2024-12-01,1125,65.31,67.9,2.59,0.03965702036441586
9527,2024-12-01,1126,57.36,60.7,3.34,0.05822873082287308
9528,2024-12-01,1127,51.08,52.15,1.07,0.020947533281127643
9529,2024-12-01,1128,74.7,79.53,4.83,0.06465863453815261
9530,2024-12-01,1129,40.76,42.36,1.6,0.03925417075564279
9531,2024-12-01,1130,56.68,56.72,0.04,0.0007057163020465772
9532,2024-12-01,1131,64.01,62.47,-1.54,-0.024058740821746603
9533,2024-12-01,1132,74.81,76.94,2.13,0.02847212939446598
9534,2024-12-01,1133,58.22,60.26,2.04,0.03503950532463071
9535,2024-12-01,1134,80.39,77.5,-2.89,-0.03594974499315835
9536,2024-12-01,1135,57.07,56.77,-0.3,-0.005256702295426669
9537,2024-12-01,1136,57.26,56.58,-0.68,-0.011875654907439748
9538,2024-12-01,1137,51.35,54.29,2.94,0.0572541382667965
9539,2024-12-01,1138,50.7,53.96,3.26,0.06429980276134123
9540,2024-12-01,1139,59.63,61.89,2.26,0.037900385711889986
9541,2024-12-01,1140,720.73,704.0,-16.73,-0.02321257613808222
9542,2024-12-01,1141,613.48,637.58,24.1,0.03928408424072504
9543,2024-12-01,1142,662.87,666.01,3.14,0.004736977084496206
9544,2024-12-01,1143,682.11,675.7,-6.41,-0.009397311284103737
9545,2024-12-01,1144,717.16,712.16,-5.0,-0.00697194489374756
9546,2024-12-01,1145,714.42,756.51,42.09,0.058914923994289076
9547,2024-12-01,1146,557.0,577.59,20.59,0.03696588868940754
9548,2024-12-01,1147,748.43,716.88,-31.55,-0.04215491094691554
9549,2024-12-01,1148,674.47,662.39,-12.08,-0.017910359245036842
9550,2024-12-01,1149,693.94,743.7,49.76,0.07170648759258726
9551,2024-12-01,1150,604.95,632.38,27.43,0.045342590296718735
9552,2024-12-01,1151,543.64,541.09,-2.55,-0.004690604076226915
9553,2024-12-01,1152,690.16,742.84,52.68,0.07633012634751361
9554,2024-12-01,1153,598.1,625.2,27.1,0.045310148804547735
9555,2024-12-01,1154,764.52,789.08,24.56,0.03212473185789776
9556,2024-12-01,1155,587.29,603.65,16.36,0.027856765822677043
9557,2024-12-01,1156,493.78,471.41,-22.37,-0.04530357649155494
9558,2024-12-01,1157,561.15,583.45,22.3,0.039739820012474385
9559,2024-12-01,1158,777.3,747.24,-30.06,-0.03867232728676187
9560,2024-12-01,1159,647.66,646.05,-1.61,-0.002485872216903931
9561,2024-12-01,1160,52.73,55.41,2.68,0.05082495732979329
9562,2024-12-01,1161,47.43,45.83,-1.6,-0.03373392367699768
9563,2024-12-01,1162,51.41,52.78,1.37,0.02664851196265318
9564,2024-12-01,1163,48.09,49.88,1.79,0.037221875649823245
9565,2024-12-01,1164,35.16,37.66,2.5,0.07110352673492605
9566,2024-12-01,1165,44.35,43.9,-0.45,-0.010146561443066516
9567,2024-12-01,1166,42.22,40.78,-1.44,-0.03410705826622454
9568,2024-12-01,1167,65.59,64.01,-1.58,-0.024089037963104132
9569,2024-12-01,1168,49.99,47.95,-2.04,-0.040808161632326465
9570,2024-12-01,1169,57.88,60.62,2.74,0.04733932273669662
9571,2024-12-01,1170,42.61,45.23,2.62,0.061487913635296876
9572,2024-12-01,1171,35.04,36.84,1.8,0.05136986301369863
9573,2024-12-01,1172,51.28,51.62,0.34,0.006630265210608425
9574,2024-12-01,1173,50.57,51.98,1.41,0.027882143563377496
9575,2024-12-01,1174,45.82,45.04,-0.78,-0.017023134002618942
9576,2024-12-01,1175,48.35,46.61,-1.74,-0.0359875904860393
9577,2024-12-01,1176,44.55,44.31,-0.24,-0.0053872053872053875
9578,2024-12-01,1177,61.03,58.35,-2.68,-0.04391282975585777
9579,2024-12-01,1178,40.47,42.55,2.08,0.051396095873486536
9580,2024-12-01,1179,47.71,50.79,3.08,0.06455669670928527
9581,2024-12-01,1180,79.47,78.23,-1.24,-0.015603372341764187
9582,2024-12-01,1181,81.2,85.8,4.6,0.05665024630541872
9583,2024-12-01,1182,107.24,106.25,-0.99,-0.009231629988810145
9584,2024-12-01,1183,122.55,118.82,-3.73,-0.03043655650754794
9585,2024-12-01,1184,94.77,99.5,4.73,0.04991030916956843
9586,2024-12-01,1185,83.18,83.05,-0.13,-0.0015628756912719403
9587,2024-12-01,1186,86.86,83.53,-3.33,-0.03833755468570113
9588,2024-12-01,1187,127.59,130.78,3.19,0.025001959401206992
9589,2024-12-01,1188,92.76,91.2,-1.56,-0.016817593790426907
9590,2024-12-01,1189,90.28,97.17,6.89,0.07631812140008862
9591,2024-12-01,1190,58.96,57.4,-1.56,-0.026458616010854818
9592,2024-12-01,1191,68.26,72.03,3.77,0.05523000292997363
9593,2024-12-01,1192,111.88,108.53,-3.35,-0.029942795852699322
9594,2024-12-01,1193,104.09,107.67,3.58,0.034393313478720336
9595,2024-12-01,1194,135.0,129.72,-5.28,-0.03911111111111111
9596,2024-12-01,1195,89.52,86.63,-2.89,-0.032283288650580874
9597,2024-12-01,1196,102.61,106.67,4.06,0.039567293636097844
9598,2024-12-01,1197,102.77,100.16,-2.61,-0.025396516493140023
9599,2024-12-01,1198,116.37,125.61,9.24,0.07940190770817221
9600,2024-12-01,1199,114.27,116.53,2.26,0.01977771943642251
9601,2025-01-01,1000,777.34,743.9,-33.44,-0.04301849898371369
9602,2025-01-01,1001,773.05,750.68,-22.37,-0.02893732617553845
9603,2025-01-01,1002,806.03,866.88,60.85,0.0754934679850626
9604,2025-01-01,1003,844.82,836.96,-7.86,-0.009303757013328282
9605,2025-01-01,1004,880.24,887.06,6.82,0.007747886939925475
9606,2025-01-01,1005,930.18,897.16,-33.02,-0.035498505665570106
9607,2025-01-01,1006,811.64,788.39,-23.25,-0.028645704992361146
9608,2025-01-01,1007,1069.44,1105.46,36.02,0.0336811789347696
9609,2025-01-01,1008,760.38,799.22,38.84,0.05107972329624661
9610,2025-01-01,1009,628.43,610.06,-18.37,-0.02923157710484859
9611,2025-01-01,1010,587.34,587.14,-0.2,-0.0003405182688051213
9612,2025-01-01,1011,732.85,749.96,17.11,0.023347206113120012
9613,2025-01-01,1012,820.57,802.67,-17.9,-0.021814104829569688
9614,2025-01-01,1013,583.96,572.52,-11.44,-0.019590382902938557
9615,2025-01-01,1014,634.63,609.88,-24.75,-0.03899910183886674
9616,2025-01-01,1015,554.4,559.58,5.18,0.009343434343434343
9617,2025-01-01,1016,787.97,823.75,35.78,0.04540782009467365
9618,2025-01-01,1017,860.86,883.25,22.39,0.02600887484608415
9619,2025-01-01,1018,638.9,676.31,37.41,0.05855376428236031
9620,2025-01-01,1019,688.34,717.58,29.24,0.042479007467240024
9621,2025-01-01,1020,572.92,607.71,34.79,0.06072401033303079
9622,2025-01-01,1021,416.7,410.5,-6.2,-0.014878809695224381
9623,2025-01-01,1022,530.32,541.5,11.18,0.02108161110273043
9624,2025-01-01,1023,481.23,463.3,-17.93,-0.03725869127028656
9625,2025-01-01,1024,455.4,446.8,-8.6,-0.018884497145366712
9626,2025-01-01,1025,451.76,430.9,-20.86,-0.04617496015583496
9627,2025-01-01,1026,453.87,464.78,10.91,0.02403772005199727
9628,2025-01-01,1027,637.07,621.06,-16.01,-0.02513067637779208
9629,2025-01-01,1028,528.12,538.77,10.65,0.020165871392865256
9630,2025-01-01,1029,548.15,536.78,-11.37,-0.02074249749156253
9631,2025-01-01,1030,435.38,421.72,-13.66,-0.03137489089990353
9632,2025-01-01,1031,569.34,598.54,29.2,0.05128745565040222
9633,2025-01-01,1032,479.45,500.41,20.96,0.04371675878610908
9634,2025-01-01,1033,580.56,602.82,22.26,0.038342290202563044
9635,2025-01-01,1034,521.11,522.2,1.09,0.002091688894859051
9636,2025-01-01,1035,597.45,593.65,-3.8,-0.0063603648840907185
9637,2025-01-01,1036,472.47,481.74,9.27,0.019620293351958855
9638,2025-01-01,1037,611.96,649.0,37.04,0.06052683181907314
9639,2025-01-01,1038,411.14,402.03,-9.11,-0.02215790241766795
9640,2025-01-01,1039,681.6,723.19,41.59,0.06101819248826291
9641,2025-01-01,1040,288.59,279.83,-8.76,-0.030354482137288193
9642,2025-01-01,1041,270.71,273.57,2.86,0.010564811052417716
9643,2025-01-01,1042,367.43,350.37,-17.06,-0.04643061263369894
9644,2025-01-01,1043,346.61,371.19,24.58,0.07091543810045872
9645,2025-01-01,1044,298.82,312.73,13.91,0.04654976239876849
9646,2025-01-01,1045,316.81,328.2,11.39,0.035952147975127045
9647,2025-01-01,1046,367.76,359.63,-8.13,-0.02210680878834022
9648,2025-01-01,1047,293.84,304.32,10.48,0.03566566839096107
9649,2025-01-01,1048,325.7,322.16,-3.54,-0.010868897758673626
9650,2025-01-01,1049,437.83,459.25,21.42,0.048923098006075416
9651,2025-01-01,1050,347.23,345.9,-1.33,-0.003830314200961898
9652,2025-01-01,1051,310.24,329.33,19.09,0.06153300670448685
9653,2025-01-01,1052,309.7,306.89,-2.81,-0.009073296738779464
9654,2025-01-01,1053,427.51,460.34,32.83,0.07679352529765386
9655,2025-01-01,1054,380.88,376.32,-4.56,-0.011972274732199117
9656,2025-01-01,1055,318.28,329.16,10.88,0.034183737589543794
9657,2025-01-01,1056,322.86,324.35,1.49,0.004615003407049495
9658,2025-01-01,1057,322.52,332.96,10.44,0.0323700855760883
9659,2025-01-01,1058,295.07,285.05,-10.02,-0.033958043854000745
9660,2025-01-01,1059,315.76,317.91,2.15,0.0068089688370914616
9661,2025-01-01,1060,75.39,77.06,1.67,0.022151478975991512
9662,2025-01-01,1061,161.94,167.72,5.78,0.035692231690749664
9663,2025-01-01,1062,120.28,129.13,8.85,0.0735783172597273
9664,2025-01-01,1063,95.93,102.11,6.18,0.06442197435630147
9665,2025-01-01,1064,94.25,90.31,-3.94,-0.041803713527851456
9666,2025-01-01,1065,92.11,92.11,0.0,0.0
9667,2025-01-01,1066,102.47,99.7,-2.77,-0.02703230213721089
9668,2025-01-01,1067,102.9,103.88,0.98,0.009523809523809523
9669,2025-01-01,1068,120.75,121.41,0.66,0.00546583850931677
9670,2025-01-01,1069,115.87,122.66,6.79,0.05860015534650902
9671,2025-01-01,1070,143.04,140.05,-2.99,-0.02090324384787472
9672,2025-01-01,1071,106.07,111.45,5.38,0.0507212218346375
9673,2025-01-01,1072,135.74,138.78,3.04,0.02239575659348755
9674,2025-01-01,1073,88.61,92.29,3.68,0.04153030132039273
9675,2025-01-01,1074,107.71,116.03,8.32,0.07724445269705692
9676,2025-01-01,1075,170.31,169.44,-0.87,-0.005108331865421878
9677,2025-01-01,1076,117.88,113.56,-4.32,-0.03664743807261622
9678,2025-01-01,1077,159.6,151.96,-7.64,-0.04786967418546366
9679,2025-01-01,1078,118.59,114.64,-3.95,-0.033308036090732775
9680,2025-01-01,1079,100.27,103.06,2.79,0.027824872843323026
9681,2025-01-01,1080,648.79,630.63,-18.16,-0.0279905670555958
9682,2025-01-01,1081,557.93,595.59,37.66,0.06749950710662628
9683,2025-01-01,1082,592.76,580.6,-12.16,-0.020514204737161753
9684,2025-01-01,1083,637.91,633.96,-3.95,-0.006192096063708047
9685,2025-01-01,1084,449.39,469.83,20.44,0.045483878145931154
9686,2025-01-01,1085,482.84,480.71,-2.13,-0.004411399221274128
9687,2025-01-01,1086,438.55,428.99,-9.56,-0.021799110705734807
9688,2025-01-01,1087,342.42,362.03,19.61,0.057268851118509434
9689,2025-01-01,1088,764.17,806.42,42.25,0.05528874465105932
9690,2025-01-01,1089,354.48,381.84,27.36,0.07718348002708192
9691,2025-01-01,1090,423.62,430.19,6.57,0.015509182758132288
9692,2025-01-01,1091,510.44,516.84,6.4,0.012538202335240185
9693,2025-01-01,1092,465.48,499.74,34.26,0.07360144367104923
9694,2025-01-01,1093,433.92,455.9,21.98,0.05065449852507375
9695,2025-01-01,1094,489.18,528.27,39.09,0.0799092358640991
9696,2025-01-01,1095,542.37,549.26,6.89,0.012703504987370245
9697,2025-01-01,1096,552.79,595.14,42.35,0.07661137140686336
9698,2025-01-01,1097,461.98,457.33,-4.65,-0.010065370795272522
9699,2025-01-01,1098,413.91,442.47,28.56,0.06900050735667174
9700,2025-01-01,1099,581.93,577.94,-3.99,-0.006856494767411888
9701,2025-01-01,1100,937.57,918.51,-19.06,-0.020329148756892818
9702,2025-01-01,1101,919.99,966.65,46.66,0.05071794258633246
9703,2025-01-01,1102,1192.53,1231.11,38.58,0.03235138738648084
9704,2025-01-01,1103,1221.13,1199.86,-21.27,-0.017418292892648613
9705,2025-01-01,1104,963.11,975.44,12.33,0.012802275960170697
9706,2025-01-01,1105,965.42,1013.25,47.83,0.04954320399411655
9707,2025-01-01,1106,960.15,1016.84,56.69,0.05904285788678852
9708,2025-01-01,1107,965.86,956.38,-9.48,-0.009815087072660635
9709,2025-01-01,1108,1072.99,1120.6,47.61,0.04437133617275091
9710,2025-01-01,1109,1070.63,1076.34,5.71,0.005333308425880089
9711,2025-01-01,1110,851.44,843.55,-7.89,-0.009266654138870619
9712,2025-01-01,1111,1274.01,1272.29,-1.72,-0.0013500678958563903
9713,2025-01-01,1112,939.37,905.45,-33.92,-0.036109307301702205
9714,2025-01-01,1113,961.81,965.64,3.83,0.003982075461889562
9715,2025-01-01,1114,1246.64,1263.73,17.09,0.013708849387152666
9716,2025-01-01,1115,1004.54,983.62,-20.92,-0.020825452445895634
9717,2025-01-01,1116,1050.45,1005.2,-45.25,-0.043076776619544004
9718,2025-01-01,1117,1133.97,1203.34,69.37,0.06117445787807438
9719,2025-01-01,1118,951.63,1026.74,75.11,0.07892773451866797
9720,2025-01-01,1119,833.12,871.16,38.04,0.04565968888035337
9721,2025-01-01,1120,71.16,76.8,5.64,0.07925801011804384
9722,2025-01-01,1121,72.22,72.63,0.41,0.005677097756854057
9723,2025-01-01,1122,53.27,50.64,-2.63,-0.04937112821475502
9724,2025-01-01,1123,62.38,66.09,3.71,0.05947419044565566
9725,2025-01-01,1124,54.33,58.53,4.2,0.07730535615681944
9726,2025-01-01,1125,67.29,69.61,2.32,0.03447763412096894
9727,2025-01-01,1126,57.62,62.21,4.59,0.07965984033321763
9728,2025-01-01,1127,48.76,52.21,3.45,0.07075471698113207
9729,2025-01-01,1128,71.66,70.66,-1.0,-0.013954786491766676
9730,2025-01-01,1129,41.32,39.79,-1.53,-0.03702807357212004
9731,2025-01-01,1130,56.07,58.49,2.42,0.04316033529516675
9732,2025-01-01,1131,66.39,67.26,0.87,0.013104383190239493
9733,2025-01-01,1132,78.87,75.67,-3.2,-0.04057309496640041
9734,2025-01-01,1133,56.98,55.48,-1.5,-0.026325026325026327
9735,2025-01-01,1134,82.54,81.94,-0.6,-0.00726920281075842
9736,2025-01-01,1135,59.32,60.68,1.36,0.022926500337154418
9737,2025-01-01,1136,55.25,55.72,0.47,0.008506787330316743
9738,2025-01-01,1137,55.89,56.69,0.8,0.014313830738951512
9739,2025-01-01,1138,52.55,52.48,-0.07,-0.0013320647002854425
9740,2025-01-01,1139,62.07,66.92,4.85,0.07813758659577896
9741,2025-01-01,1140,760.76,758.61,-2.15,-0.0028261212471738786
9742,2025-01-01,1141,627.07,637.88,10.81,0.017238904747476358
9743,2025-01-01,1142,684.79,670.13,-14.66,-0.02140802289753063
9744,2025-01-01,1143,692.91,741.77,48.86,0.0705142081944264
9745,2025-01-01,1144,740.41,767.08,26.67,0.036020583190394515
9746,2025-01-01,1145,719.26,731.94,12.68,0.017629230041987597
9747,2025-01-01,1146,545.56,559.77,14.21,0.026046630984676297
9748,2025-01-01,1147,804.24,842.11,37.87,0.04708793395006466
9749,2025-01-01,1148,658.49,676.05,17.56,0.02666707163358593
9750,2025-01-01,1149,694.86,745.8,50.94,0.07330973145669631
9751,2025-01-01,1150,612.78,634.26,21.48,0.03505336336042299
9752,2025-01-01,1151,561.68,561.26,-0.42,-0.0007477567298105682
9753,2025-01-01,1152,711.23,720.14,8.91,0.012527593043038117
9754,2025-01-01,1153,609.6,584.97,-24.63,-0.04040354330708661
9755,2025-01-01,1154,817.56,817.1,-0.46,-0.0005626498360976564
9756,2025-01-01,1155,606.44,598.69,-7.75,-0.012779500032979355
9757,2025-01-01,1156,514.12,523.16,9.04,0.017583443554034076
9758,2025-01-01,1157,547.67,552.23,4.56,0.008326181824821517
9759,2025-01-01,1158,793.84,838.24,44.4,0.0559306661291948
9760,2025-01-01,1159,664.96,713.86,48.9,0.07353825794032724
9761,2025-01-01,1160,52.31,54.22,1.91,0.036513095010514245
9762,2025-01-01,1161,44.96,43.29,-1.67,-0.037144128113879
9763,2025-01-01,1162,49.5,52.72,3.22,0.06505050505050505
9764,2025-01-01,1163,47.11,47.37,0.26,0.005518998089577585
9765,2025-01-01,1164,34.13,33.45,-0.68,-0.019923820685613828
9766,2025-01-01,1165,45.4,48.63,3.23,0.0711453744493392
9767,2025-01-01,1166,42.88,46.17,3.29,0.07672574626865672
9768,2025-01-01,1167,65.98,69.14,3.16,0.047893301000303125
9769,2025-01-01,1168,51.59,54.72,3.13,0.060670672610971116
9770,2025-01-01,1169,56.12,56.15,0.03,0.0005345687811831789
9771,2025-01-01,1170,43.83,45.31,1.48,0.03376682637462925
9772,2025-01-01,1171,34.76,33.29,-1.47,-0.042289988492520136
9773,2025-01-01,1172,53.23,50.57,-2.66,-0.04997182040202893
9774,2025-01-01,1173,51.23,52.28,1.05,0.020495803240288893
9775,2025-01-01,1174,49.08,51.08,2.0,0.040749796251018745
9776,2025-01-01,1175,46.67,46.97,0.3,0.0064281122776944505
9777,2025-01-01,1176,45.77,46.81,1.04,0.022722307188114486
9778,2025-01-01,1177,62.53,66.25,3.72,0.059491444106828724
9779,2025-01-01,1178,42.68,45.68,3.0,0.07029053420805999
9780,2025-01-01,1179,48.03,49.26,1.23,0.02560899437851343
9781,2025-01-01,1180,88.55,87.17,-1.38,-0.015584415584415584
9782,2025-01-01,1181,84.27,82.51,-1.76,-0.020885249792334165
9783,2025-01-01,1182,111.24,117.51,6.27,0.056364617044228696
9784,2025-01-01,1183,130.85,138.59,7.74,0.05915170042032862
9785,2025-01-01,1184,101.29,100.49,-0.8,-0.007898114325204857
9786,2025-01-01,1185,84.36,90.49,6.13,0.07266477003319109
9787,2025-01-01,1186,90.62,96.82,6.2,0.06841756786581328
9788,2025-01-01,1187,132.19,138.38,6.19,0.04682653755957334
9789,2025-01-01,1188,93.15,94.85,1.7,0.01825013419216318
9790,2025-01-01,1189,93.35,88.84,-4.51,-0.048312801285484736
9791,2025-01-01,1190,59.5,63.1,3.6,0.06050420168067227
9792,2025-01-01,1191,74.31,77.79,3.48,0.046830843762616065
9793,2025-01-01,1192,112.44,111.36,-1.08,-0.0096051227321238
9794,2025-01-01,1193,108.21,114.34,6.13,0.05664910821550689
9795,2025-01-01,1194,135.09,140.52,5.43,0.04019542527204086
9796,2025-01-01,1195,88.46,91.54,3.08,0.03481799683472756
9797,2025-01-01,1196,104.59,111.13,6.54,0.06252987857347739
9798,2025-01-01,1197,105.34,107.71,2.37,0.02249857603949117
9799,2025-01-01,1198,123.96,121.41,-2.55,-0.02057115198451113
9800,2025-01-01,1199,119.38,123.28,3.9,0.0326687887418328
9801,2025-02-01,1000,808.9,769.7,-39.2,-0.04846087279020893
9802,2025-02-01,1001,775.83,791.62,15.79,0.020352396787956126
9803,2025-02-01,1002,813.72,809.97,-3.75,-0.004608464828196431
9804,2025-02-01,1003,868.14,864.95,-3.19,-0.0036745225424470707
9805,2025-02-01,1004,884.53,848.01,-36.52,-0.04128746339864109
9806,2025-02-01,1005,933.63,904.81,-28.82,-0.030868759572850058
9807,2025-02-01,1006,814.78,860.02,45.24,0.055524190579052016
9808,2025-02-01,1007,1079.32,1068.74,-10.58,-0.009802468220731572
9809,2025-02-01,1008,774.98,834.92,59.94,0.07734393145629564
9810,2025-02-01,1009,633.59,679.68,46.09,0.07274420366483057
9811,2025-02-01,1010,589.11,606.06,16.95,0.02877221571523145
9812,2025-02-01,1011,750.4,782.26,31.86,0.04245735607675906
9813,2025-02-01,1012,787.83,754.67,-33.16,-0.04209029866849447
9814,2025-02-01,1013,586.16,625.8,39.64,0.06762658659751604
9815,2025-02-01,1014,639.69,679.24,39.55,0.061826822367084054
9816,2025-02-01,1015,585.6,577.18,-8.42,-0.014378415300546447
9817,2025-02-01,1016,781.91,747.32,-34.59,-0.04423782788300444
9818,2025-02-01,1017,856.99,879.15,22.16,0.025857944666798912
9819,2025-02-01,1018,615.15,631.98,16.83,0.027359180687637163
9820,2025-02-01,1019,666.31,645.79,-20.52,-0.030796476114721374
9821,2025-02-01,1020,595.65,580.18,-15.47,-0.025971627633677496
9822,2025-02-01,1021,415.58,423.21,7.63,0.018359882573752345
9823,2025-02-01,1022,540.95,542.83,1.88,0.0034753674091875402
9824,2025-02-01,1023,499.87,490.67,-9.2,-0.01840478524416348
9825,2025-02-01,1024,451.65,432.79,-18.86,-0.04175799845012731
9826,2025-02-01,1025,456.83,448.77,-8.06,-0.017643324650307553
9827,2025-02-01,1026,431.49,410.03,-21.46,-0.049734640431991474
9828,2025-02-01,1027,668.8,657.47,-11.33,-0.01694078947368421
9829,2025-02-01,1028,518.16,513.21,-4.95,-0.009553033811949977
9830,2025-02-01,1029,544.41,560.22,15.81,0.029040612773461177
9831,2025-02-01,1030,424.07,442.16,18.09,0.04265805173674157
9832,2025-02-01,1031,574.78,556.87,-17.91,-0.031159748077525314
9833,2025-02-01,1032,486.26,517.57,31.31,0.06438942129724838
9834,2025-02-01,1033,588.87,583.72,-5.15,-0.008745563536943638
9835,2025-02-01,1034,506.48,505.97,-0.51,-0.0010069499289211813
9836,2025-02-01,1035,605.76,640.56,34.8,0.05744849445324881
9837,2025-02-01,1036,448.62,479.82,31.2,0.06954660960278186
9838,2025-02-01,1037,624.4,668.05,43.65,0.06990711082639334
9839,2025-02-01,1038,402.0,429.48,27.48,0.06835820895522388
9840,2025-02-01,1039,685.53,729.0,43.47,0.06341079165025601
9841,2025-02-01,1040,289.78,294.78,5.0,0.01725446890744703
9842,2025-02-01,1041,293.23,315.48,22.25,0.07587900283054258
9843,2025-02-01,1042,353.06,350.09,-2.97,-0.008412167903472498
9844,2025-02-01,1043,357.27,347.93,-9.34,-0.026142693201220365
9845,2025-02-01,1044,302.4,324.08,21.68,0.0716931216931217
9846,2025-02-01,1045,304.33,318.85,14.52,0.0477113659514343
9847,2025-02-01,1046,386.03,410.04,24.01,0.06219723855658887
9848,2025-02-01,1047,311.23,335.32,24.09,0.077402564020178
9849,2025-02-01,1048,326.84,341.32,14.48,0.04430302288581569
9850,2025-02-01,1049,438.77,420.32,-18.45,-0.04204936527109875
9851,2025-02-01,1050,321.34,322.61,1.27,0.003952200161822369
9852,2025-02-01,1051,318.61,312.14,-6.47,-0.020306958350334265
9853,2025-02-01,1052,300.69,317.96,17.27,0.05743456716219362
9854,2025-02-01,1053,401.3,426.66,25.36,0.06319461749314727
9855,2025-02-01,1054,382.1,395.24,13.14,0.03438890342842188
9856,2025-02-01,1055,329.24,317.08,-12.16,-0.03693354391932936
9857,2025-02-01,1056,330.6,334.3,3.7,0.01119177253478524
9858,2025-02-01,1057,338.42,344.98,6.56,0.01938419715146859
9859,2025-02-01,1058,287.78,306.34,18.56,0.0644937104732782
9860,2025-02-01,1059,318.89,329.79,10.9,0.0341810655712001
9861,2025-02-01,1060,77.74,79.96,2.22,0.028556727553383073
9862,2025-02-01,1061,166.17,159.43,-6.74,-0.04056087139676235
9863,2025-02-01,1062,125.27,131.3,6.03,0.04813602618344376
9864,2025-02-01,1063,95.79,92.38,-3.41,-0.03559870550161812
9865,2025-02-01,1064,91.58,93.75,2.17,0.023695129941035162
9866,2025-02-01,1065,94.97,91.19,-3.78,-0.039802042750342215
9867,2025-02-01,1066,104.19,109.29,5.1,0.0489490354160668
9868,2025-02-01,1067,101.8,102.88,1.08,0.010609037328094302
9869,2025-02-01,1068,126.47,133.06,6.59,0.05210721910334467
9870,2025-02-01,1069,117.81,117.3,-0.51,-0.004329004329004329
9871,2025-02-01,1070,137.71,136.31,-1.4,-0.010166291482100066
9872,2025-02-01,1071,101.3,109.17,7.87,0.07769002961500493
9873,2025-02-01,1072,132.79,132.59,-0.2,-0.0015061375103546952
9874,2025-02-01,1073,93.69,99.54,5.85,0.06243996157540826
9875,2025-02-01,1074,101.98,106.9,4.92,0.04824475387330849
9876,2025-02-01,1075,171.95,168.18,-3.77,-0.02192497819133469
9877,2025-02-01,1076,117.98,122.36,4.38,0.037124936429903374
9878,2025-02-01,1077,164.94,168.58,3.64,0.02206863101733964
9879,2025-02-01,1078,116.74,124.84,8.1,0.06938495802638342
9880,2025-02-01,1079,100.89,104.02,3.13,0.03102388740212112
9881,2025-02-01,1080,644.98,629.26,-15.72,-0.024372848770504513
9882,2025-02-01,1081,541.08,567.08,26.0,0.04805204406002809
9883,2025-02-01,1082,597.23,627.14,29.91,0.050081208244729836
9884,2025-02-01,1083,628.54,601.43,-27.11,-0.04313170203964744
9885,2025-02-01,1084,439.53,425.78,-13.75,-0.03128341637658408
9886,2025-02-01,1085,506.45,546.37,39.92,0.07882318096554447
9887,2025-02-01,1086,446.25,432.2,-14.05,-0.03148459383753501
9888,2025-02-01,1087,332.02,357.83,25.81,0.07773628094693091
9889,2025-02-01,1088,772.24,802.28,30.04,0.038899823888946444
9890,2025-02-01,1089,345.62,371.44,25.82,0.07470632486545918
9891,2025-02-01,1090,427.74,417.62,-10.12,-0.023659232243886472
9892,2025-02-01,1091,511.43,535.78,24.35,0.047611598850282544
9893,2025-02-01,1092,485.21,490.11,4.9,0.010098720141794275
9894,2025-02-01,1093,445.22,465.4,20.18,0.04532590629351781
9895,2025-02-01,1094,491.36,525.22,33.86,0.06891077824812765
9896,2025-02-01,1095,564.29,572.45,8.16,0.014460649665951904
9897,2025-02-01,1096,581.89,592.68,10.79,0.018543023595524927
9898,2025-02-01,1097,451.55,485.9,34.35,0.07607130993245488
9899,2025-02-01,1098,428.1,450.05,21.95,0.05127306704041112
9900,2025-02-01,1099,619.97,661.33,41.36,0.06671290546316758
9901,2025-02-01,1100,953.07,926.14,-26.93,-0.028256056742946477
9902,2025-02-01,1101,925.65,903.5,-22.15,-0.023929130881002538
9903,2025-02-01,1102,1244.94,1201.94,-43.0,-0.034539817179944414
9904,2025-02-01,1103,1237.09,1303.88,66.79,0.05398960463668771
9905,2025-02-01,1104,924.77,992.62,67.85,0.07336959460190101
9906,2025-02-01,1105,983.08,971.99,-11.09,-0.0112808723603369
9907,2025-02-01,1106,1023.37,1052.4,29.03,0.02836706176651651
9908,2025-02-01,1107,931.58,942.84,11.26,0.012086991992099444
9909,2025-02-01,1108,1033.11,1049.64,16.53,0.016000232308273077
9910,2025-02-01,1109,1059.92,1071.52,11.6,0.010944222205449468
9911,2025-02-01,1110,868.84,832.91,-35.93,-0.04135398922701533
9912,2025-02-01,1111,1255.38,1339.99,84.61,0.06739791935509566
9913,2025-02-01,1112,906.69,925.83,19.14,0.021109750852000134
9914,2025-02-01,1113,966.01,1024.4,58.39,0.06044450885601598
9915,2025-02-01,1114,1295.61,1391.46,95.85,0.073980596012689
9916,2025-02-01,1115,1011.24,1021.45,10.21,0.010096515169494877
9917,2025-02-01,1116,1038.06,1062.38,24.32,0.023428318208966726
9918,2025-02-01,1117,1136.86,1104.88,-31.98,-0.028130112766743487
9919,2025-02-01,1118,964.18,1040.77,76.59,0.07943537513742248
9920,2025-02-01,1119,832.1,865.01,32.91,0.039550534791491405
9921,2025-02-01,1120,70.65,74.19,3.54,0.05010615711252654
9922,2025-02-01,1121,78.14,76.29,-1.85,-0.02367545431277195
9923,2025-02-01,1122,52.67,53.66,0.99,0.018796278716536927
9924,2025-02-01,1123,64.22,66.19,1.97,0.03067580193086266
9925,2025-02-01,1124,56.48,54.96,-1.52,-0.026912181303116147
9926,2025-02-01,1125,67.73,66.21,-1.52,-0.022442049313450466
9927,2025-02-01,1126,57.5,58.73,1.23,0.021391304347826087
9928,2025-02-01,1127,47.83,48.68,0.85,0.01777127325946059
9929,2025-02-01,1128,75.82,77.78,1.96,0.02585069902400422
9930,2025-02-01,1129,40.75,39.98,-0.77,-0.018895705521472392
9931,2025-02-01,1130,56.85,55.66,-1.19,-0.020932277924362357
9932,2025-02-01,1131,66.83,71.26,4.43,0.06628759539129134
9933,2025-02-01,1132,72.54,76.97,4.43,0.061069754618141715
9934,2025-02-01,1133,57.03,56.18,-0.85,-0.014904436261616694
9935,2025-02-01,1134,85.76,88.48,2.72,0.03171641791044776
9936,2025-02-01,1135,60.86,62.84,1.98,0.032533683864607296
9937,2025-02-01,1136,55.66,53.65,-2.01,-0.03611210923463888
9938,2025-02-01,1137,54.92,53.91,-1.01,-0.018390386016023306
9939,2025-02-01,1138,50.95,48.43,-2.52,-0.04946025515210991
9940,2025-02-01,1139,62.31,63.27,0.96,0.015406836783822821
9941,2025-02-01,1140,727.81,767.61,39.8,0.05468460175045685
9942,2025-02-01,1141,648.92,633.52,-15.4,-0.023731738889231337
9943,2025-02-01,1142,666.66,701.81,35.15,0.052725527255272554
9944,2025-02-01,1143,716.66,710.19,-6.47,-0.009027990958055425
9945,2025-02-01,1144,750.24,746.36,-3.88,-0.005171678396246535
9946,2025-02-01,1145,692.57,692.03,-0.54,-0.0007797045785985532
9947,2025-02-01,1146,538.09,530.53,-7.56,-0.014049694289059451
9948,2025-02-01,1147,798.92,816.2,17.28,0.02162919941921594
9949,2025-02-01,1148,656.65,675.18,18.53,0.0282189903297038
9950,2025-02-01,1149,737.29,730.65,-6.64,-0.00900595423781687
9951,2025-02-01,1150,625.9,659.06,33.16,0.05297970921872504
9952,2025-02-01,1151,575.89,590.64,14.75,0.02561253017069232
9953,2025-02-01,1152,721.39,767.0,45.61,0.06322516253344239
9954,2025-02-01,1153,600.8,590.15,-10.65,-0.01772636484687084
9955,2025-02-01,1154,803.39,852.15,48.76,0.06069281419982823
9956,2025-02-01,1155,620.31,595.46,-24.85,-0.04006061485386339
9957,2025-02-01,1156,494.33,503.05,8.72,0.017640038031274653
9958,2025-02-01,1157,555.82,573.77,17.95,0.032294627757187576
9959,2025-02-01,1158,773.0,746.56,-26.44,-0.034204398447606726
9960,2025-02-01,1159,642.01,646.37,4.36,0.006791171477079796
9961,2025-02-01,1160,52.69,50.31,-2.38,-0.0451698614537863
9962,2025-02-01,1161,47.95,51.62,3.67,0.07653806047966633
9963,2025-02-01,1162,49.65,47.87,-1.78,-0.03585095669687815
9964,2025-02-01,1163,49.9,47.67,-2.23,-0.04468937875751503
9965,2025-02-01,1164,35.77,35.41,-0.36,-0.010064299692479732
9966,2025-02-01,1165,45.21,45.88,0.67,0.014819730148197301
9967,2025-02-01,1166,43.97,45.7,1.73,0.03934500795997271
9968,2025-02-01,1167,62.09,64.62,2.53,0.04074730230310839
9969,2025-02-01,1168,52.45,53.78,1.33,0.025357483317445185
9970,2025-02-01,1169,61.21,64.63,3.42,0.05587322332952132
9971,2025-02-01,1170,41.28,43.21,1.93,0.04675387596899225
9972,2025-02-01,1171,34.65,35.59,0.94,0.027128427128427127
9973,2025-02-01,1172,50.89,53.52,2.63,0.05168009432108469
9974,2025-02-01,1173,51.89,55.12,3.23,0.06224706109076893
9975,2025-02-01,1174,49.59,49.46,-0.13,-0.002621496269409155
9976,2025-02-01,1175,48.71,47.24,-1.47,-0.030178608088688153
9977,2025-02-01,1176,44.99,48.54,3.55,0.07890642364969994
9978,2025-02-01,1177,60.97,65.35,4.38,0.07183860915204199
9979,2025-02-01,1178,42.62,42.46,-0.16,-0.003754106053496011
9980,2025-02-01,1179,50.52,50.21,-0.31,-0.00613618368962787
9981,2025-02-01,1180,79.26,76.1,-3.16,-0.03986878627302549
9982,2025-02-01,1181,82.34,87.96,5.62,0.06825358270585377
9983,2025-02-01,1182,112.43,108.59,-3.84,-0.034154585075157874
9984,2025-02-01,1183,126.18,127.09,0.91,0.007211919480107782
9985,2025-02-01,1184,97.03,103.55,6.52,0.06719571266618572
9986,2025-02-01,1185,82.3,83.31,1.01,0.01227217496962333
9987,2025-02-01,1186,84.65,88.77,4.12,0.048670998227997635
9988,2025-02-01,1187,131.75,126.33,-5.42,-0.04113851992409867
9989,2025-02-01,1188,93.41,91.35,-2.06,-0.02205331334974842
9990,2025-02-01,1189,91.47,95.22,3.75,0.0409970482125287
9991,2025-02-01,1190,64.0,68.61,4.61,0.07203125
9992,2025-02-01,1191,76.0,81.98,5.98,0.07868421052631579
9993,2025-02-01,1192,114.26,111.64,-2.62,-0.022930159285839313
9994,2025-02-01,1193,108.06,114.63,6.57,0.06079955580233204
9995,2025-02-01,1194,137.64,140.67,3.03,0.022013949433304272
9996,2025-02-01,1195,90.69,95.9,5.21,0.057448450766346894
9997,2025-02-01,1196,104.26,108.26,4.0,0.03836562440053712
9998,2025-02-01,1197,107.24,103.24,-4.0,-0.03729951510630362
9999,2025-02-01,1198,121.64,118.98,-2.66,-0.021867806642551793
10000,2025-02-01,1199,117.89,119.77,1.88,0.015947069301891593
10001,2025-03-01,1000,805.71,835.31,29.6,0.036737784066227304
10002,2025-03-01,1001,762.33,726.64,-35.69,-0.04681699526451799
10003,2025-03-01,1002,793.3,801.55,8.25,0.010399596621706794
10004,2025-03-01,1003,841.08,898.87,57.79,0.06870927854663052
10005,2025-03-01,1004,845.86,813.05,-32.81,-0.03878892488118601
10006,2025-03-01,1005,936.13,917.8,-18.33,-0.019580613803638385
10007,2025-03-01,1006,804.68,837.18,32.5,0.04038872595317393
10008,2025-03-01,1007,1069.34,1094.75,25.41,0.02376232068378626
10009,2025-03-01,1008,740.69,782.34,41.65,0.05623135184760156
10010,2025-03-01,1009,621.4,654.03,32.63,0.052510460251046026
10011,2025-03-01,1010,590.69,626.84,36.15,0.06119961401073321
10012,2025-03-01,1011,755.59,725.13,-30.46,-0.040312868089837084
10013,2025-03-01,1012,824.22,883.27,59.05,0.07164349324209555
10014,2025-03-01,1013,579.68,589.35,9.67,0.016681617444107094
10015,2025-03-01,1014,635.78,653.67,17.89,0.028138664317845796
10016,2025-03-01,1015,575.43,576.01,0.58,0.0010079418869367255
10017,2025-03-01,1016,821.77,824.63,2.86,0.0034802925392749796
10018,2025-03-01,1017,873.95,904.25,30.3,0.034670175639338635
10019,2025-03-01,1018,646.12,692.31,46.19,0.0714882684331084
10020,2025-03-01,1019,662.58,640.42,-22.16,-0.033445017960095386
10021,2025-03-01,1020,557.62,569.46,11.84,0.021233097808543454
10022,2025-03-01,1021,435.11,417.95,-17.16,-0.03943830295787272
10023,2025-03-01,1022,576.74,566.45,-10.29,-0.017841661753996603
10024,2025-03-01,1023,489.76,474.09,-15.67,-0.0319952629859523
10025,2025-03-01,1024,429.3,411.73,-17.57,-0.04092709061262521
10026,2025-03-01,1025,459.08,470.37,11.29,0.024592663588045658
10027,2025-03-01,1026,442.32,446.71,4.39,0.009924941219026949
10028,2025-03-01,1027,649.55,650.94,1.39,0.0021399430374874915
10029,2025-03-01,1028,505.82,526.73,20.91,0.041338816179668655
10030,2025-03-01,1029,536.34,537.15,0.81,0.0015102360443002571
10031,2025-03-01,1030,455.45,434.09,-21.36,-0.046898671643429576
10032,2025-03-01,1031,584.96,589.95,4.99,0.008530497811816192
10033,2025-03-01,1032,484.15,463.68,-20.47,-0.04228028503562945
10034,2025-03-01,1033,586.73,621.75,35.02,0.059686738363472124
10035,2025-03-01,1034,519.82,527.97,8.15,0.015678504097572238
10036,2025-03-01,1035,588.21,601.39,13.18,0.022406963499430475
10037,2025-03-01,1036,465.18,480.07,14.89,0.03200911475127907
10038,2025-03-01,1037,628.45,652.91,24.46,0.038921155223168115
10039,2025-03-01,1038,416.54,424.53,7.99,0.019181831276708118
10040,2025-03-01,1039,709.33,692.61,-16.72,-0.02357153933994051
10041,2025-03-01,1040,296.11,292.96,-3.15,-0.010637938603897201
10042,2025-03-01,1041,280.52,273.9,-6.62,-0.02359903037216598
10043,2025-03-01,1042,350.6,369.09,18.49,0.05273816314888762
10044,2025-03-01,1043,354.11,343.15,-10.96,-0.03095083448645901
10045,2025-03-01,1044,300.87,303.7,2.83,0.009406055771595706
10046,2025-03-01,1045,327.21,345.62,18.41,0.056263561627089634
10047,2025-03-01,1046,391.12,377.21,-13.91,-0.03556453262425854
10048,2025-03-01,1047,296.12,287.12,-9.0,-0.030393083884911524
10049,2025-03-01,1048,322.3,345.98,23.68,0.07347192057089667
10050,2025-03-01,1049,434.34,449.17,14.83,0.03414375834599622
10051,2025-03-01,1050,336.49,353.03,16.54,0.04915450682041071
10052,2025-03-01,1051,311.23,320.09,8.86,0.028467692703145583
10053,2025-03-01,1052,313.55,313.14,-0.41,-0.0013076064423536914
10054,2025-03-01,1053,420.32,402.0,-18.32,-0.043585839360487245
10055,2025-03-01,1054,352.73,361.8,9.07,0.025713718708360502
10056,2025-03-01,1055,333.59,350.06,16.47,0.04937198357264906
10057,2025-03-01,1056,293.54,306.36,12.82,0.04367377529467875
10058,2025-03-01,1057,331.54,325.17,-6.37,-0.019213367919406407
10059,2025-03-01,1058,288.8,285.63,-3.17,-0.010976454293628809
10060,2025-03-01,1059,331.28,324.38,-6.9,-0.020828302342429366
10061,2025-03-01,1060,75.25,73.68,-1.57,-0.020863787375415284
10062,2025-03-01,1061,164.64,156.79,-7.85,-0.04767978620019436
10063,2025-03-01,1062,122.91,121.56,-1.35,-0.010983646570661459
10064,2025-03-01,1063,97.59,100.68,3.09,0.03166308023363049
10065,2025-03-01,1064,89.07,89.06,-0.01,-0.0001122712473335578
10066,2025-03-01,1065,96.6,104.0,7.4,0.07660455486542443
10067,2025-03-01,1066,103.22,102.83,-0.39,-0.003778337531486146
10068,2025-03-01,1067,103.68,108.23,4.55,0.04388503086419753
10069,2025-03-01,1068,127.87,134.88,7.01,0.054821302885743335
10070,2025-03-01,1069,115.8,119.84,4.04,0.034887737478411056
10071,2025-03-01,1070,140.54,133.99,-6.55,-0.04660594848441725
10072,2025-03-01,1071,108.49,108.73,0.24,0.0022121854548806342
10073,2025-03-01,1072,140.28,135.48,-4.8,-0.03421727972626176
10074,2025-03-01,1073,96.06,100.04,3.98,0.04143243805954612
10075,2025-03-01,1074,105.93,111.39,5.46,0.051543472104219765
10076,2025-03-01,1075,169.17,167.6,-1.57,-0.009280605308269787
10077,2025-03-01,1076,115.74,113.43,-2.31,-0.0199585277345775
10078,2025-03-01,1077,164.22,166.59,2.37,0.0144318597004019
10079,2025-03-01,1078,125.36,133.89,8.53,0.06804403318442885
10080,2025-03-01,1079,101.28,100.88,-0.4,-0.0039494470774091624
10081,2025-03-01,1080,658.03,635.96,-22.07,-0.03353950427792046
10082,2025-03-01,1081,551.13,589.52,38.39,0.06965688675992959
10083,2025-03-01,1082,577.36,594.64,17.28,0.029929333518082305
10084,2025-03-01,1083,619.92,623.76,3.84,0.006194347657762292
10085,2025-03-01,1084,459.37,469.77,10.4,0.02263970220084028
10086,2025-03-01,1085,515.27,541.04,25.77,0.05001261474566732
10087,2025-03-01,1086,450.71,466.89,16.18,0.035898915045150984
10088,2025-03-01,1087,343.78,334.76,-9.02,-0.026237710163476643
10089,2025-03-01,1088,802.43,777.61,-24.82,-0.030931046944904853
10090,2025-03-01,1089,349.09,346.65,-2.44,-0.006989601535420665
10091,2025-03-01,1090,416.27,410.97,-5.3,-0.012732120979172172
10092,2025-03-01,1091,540.08,570.72,30.64,0.0567323359502296
10093,2025-03-01,1092,478.04,480.23,2.19,0.0045812065935904945
10094,2025-03-01,1093,439.36,460.57,21.21,0.04827476329206118
10095,2025-03-01,1094,514.0,512.56,-1.44,-0.002801556420233463
10096,2025-03-01,1095,524.44,511.61,-12.83,-0.0244641903744947
10097,2025-03-01,1096,594.58,638.48,43.9,0.0738336304618386
10098,2025-03-01,1097,460.05,440.08,-19.97,-0.04340832518204543
10099,2025-03-01,1098,423.81,415.93,-7.88,-0.018593237535688163
10100,2025-03-01,1099,620.09,604.03,-16.06,-0.02589946620651841
10101,2025-03-01,1100,950.25,921.69,-28.56,-0.03005524861878453
10102,2025-03-01,1101,867.39,855.07,-12.32,-0.01420353013062175
10103,2025-03-01,1102,1163.21,1121.71,-41.5,-0.03567713482518204
10104,2025-03-01,1103,1190.37,1158.87,-31.5,-0.026462360442551475
10105,2025-03-01,1104,925.89,989.82,63.93,0.06904707902666624
10106,2025-03-01,1105,1028.15,1009.15,-19.0,-0.01847979380440597
10107,2025-03-01,1106,973.42,1045.87,72.45,0.0744283043290666
10108,2025-03-01,1107,956.58,966.41,9.83,0.010276192268289113
10109,2025-03-01,1108,1049.47,1013.18,-36.29,-0.03457935910507209
10110,2025-03-01,1109,1047.69,1123.69,76.0,0.07254054157241169
10111,2025-03-01,1110,869.13,902.57,33.44,0.038475256866061465
10112,2025-03-01,1111,1255.93,1199.1,-56.83,-0.04524933714458609
10113,2025-03-01,1112,952.49,991.56,39.07,0.04101880334701677
10114,2025-03-01,1113,940.75,914.88,-25.87,-0.02749933563646027
10115,2025-03-01,1114,1266.09,1214.36,-51.73,-0.04085807486039697
10116,2025-03-01,1115,978.15,978.99,0.84,0.0008587639932525686
10117,2025-03-01,1116,1082.14,1074.63,-7.51,-0.006939952316705787
10118,2025-03-01,1117,1097.14,1178.63,81.49,0.07427493300763804
10119,2025-03-01,1118,942.13,933.13,-9.0,-0.009552821797416492
10120,2025-03-01,1119,848.22,849.23,1.01,0.0011907288203532101
10121,2025-03-01,1120,67.91,69.9,1.99,0.029303489913120307
10122,2025-03-01,1121,71.82,68.48,-3.34,-0.04650515176830966
10123,2025-03-01,1122,51.69,49.22,-2.47,-0.04778487134842329
10124,2025-03-01,1123,65.51,67.77,2.26,0.034498549839719124
10125,2025-03-01,1124,55.59,58.38,2.79,0.05018888289260658
10126,2025-03-01,1125,69.19,67.75,-1.44,-0.020812256106373755
10127,2025-03-01,1126,58.77,60.18,1.41,0.02399183256763655
10128,2025-03-01,1127,49.08,50.24,1.16,0.023634881825590873
10129,2025-03-01,1128,74.98,75.22,0.24,0.0032008535609495863
10130,2025-03-01,1129,42.72,45.88,3.16,0.07397003745318352
10131,2025-03-01,1130,55.49,58.86,3.37,0.060731663362768064
10132,2025-03-01,1131,63.63,62.97,-0.66,-0.010372465818010372
10133,2025-03-01,1132,75.4,78.11,2.71,0.035941644562334216
10134,2025-03-01,1133,59.16,59.22,0.06,0.0010141987829614604
10135,2025-03-01,1134,83.3,85.32,2.02,0.024249699879951982
10136,2025-03-01,1135,58.4,57.92,-0.48,-0.00821917808219178
10137,2025-03-01,1136,56.59,58.49,1.9,0.03357483654355893
10138,2025-03-01,1137,53.93,54.65,0.72,0.013350639718153161
10139,2025-03-01,1138,51.39,52.77,1.38,0.026853473438412143
10140,2025-03-01,1139,64.27,68.56,4.29,0.06674964991442353
10141,2025-03-01,1140,767.26,737.25,-30.01,-0.03911320803899591
10142,2025-03-01,1141,661.16,699.19,38.03,0.05752011615947728
10143,2025-03-01,1142,669.94,655.33,-14.61,-0.021807923097590828
10144,2025-03-01,1143,683.16,698.74,15.58,0.022805784882018853
10145,2025-03-01,1144,746.62,749.77,3.15,0.0042190136883555225
10146,2025-03-01,1145,701.52,713.89,12.37,0.017633139468582505
10147,2025-03-01,1146,557.93,590.17,32.24,0.05778502679547613
10148,2025-03-01,1147,771.5,806.63,35.13,0.045534672715489305
10149,2025-03-01,1148,671.56,686.11,14.55,0.021665971767228544
10150,2025-03-01,1149,712.16,686.55,-25.61,-0.035961019995506625
10151,2025-03-01,1150,603.91,646.0,42.09,0.0696958156016625
10152,2025-03-01,1151,555.83,530.34,-25.49,-0.04585934548333123
10153,2025-03-01,1152,718.61,771.84,53.23,0.07407355867577685
10154,2025-03-01,1153,630.51,631.75,1.24,0.001966661908613662
10155,2025-03-01,1154,761.8,736.5,-25.3,-0.033210816487267
10156,2025-03-01,1155,614.92,618.22,3.3,0.005366551746568659
10157,2025-03-01,1156,528.66,516.06,-12.6,-0.02383384405856316
10158,2025-03-01,1157,547.03,586.76,39.73,0.07262855784874687
10159,2025-03-01,1158,801.55,782.9,-18.65,-0.023267419374961015
10160,2025-03-01,1159,650.17,665.78,15.61,0.024009105310918682
10161,2025-03-01,1160,50.78,51.2,0.42,0.008270972823946435
10162,2025-03-01,1161,46.98,45.92,-1.06,-0.022562792677735206
10163,2025-03-01,1162,47.57,46.97,-0.6,-0.012612991381122556
10164,2025-03-01,1163,51.39,52.59,1.2,0.023350846468184472
10165,2025-03-01,1164,36.43,35.01,-1.42,-0.03897886357397749
10166,2025-03-01,1165,45.22,46.27,1.05,0.02321981424148607
10167,2025-03-01,1166,41.52,44.29,2.77,0.06671483622350674
10168,2025-03-01,1167,67.3,69.57,2.27,0.033729569093610696
10169,2025-03-01,1168,51.7,51.17,-0.53,-0.010251450676982592
10170,2025-03-01,1169,57.67,59.13,1.46,0.02531645569620253
10171,2025-03-01,1170,41.37,41.35,-0.02,-0.00048344210780759
10172,2025-03-01,1171,35.47,36.46,0.99,0.02791091062870031
10173,2025-03-01,1172,53.86,55.97,2.11,0.03917564054957297
10174,2025-03-01,1173,53.79,55.68,1.89,0.03513664249860569
10175,2025-03-01,1174,47.9,50.73,2.83,0.05908141962421712
10176,2025-03-01,1175,47.44,48.36,0.92,0.0193929173693086
10177,2025-03-01,1176,46.31,47.16,0.85,0.018354567048153747
10178,2025-03-01,1177,62.12,64.98,2.86,0.04603992273019961
10179,2025-03-01,1178,43.04,43.16,0.12,0.0027881040892193307
10180,2025-03-01,1179,45.76,44.2,-1.56,-0.03409090909090909
10181,2025-03-01,1180,83.83,83.24,-0.59,-0.0070380532029106525
10182,2025-03-01,1181,82.3,79.03,-3.27,-0.039732685297691375
10183,2025-03-01,1182,111.65,111.6,-0.05,-0.0004478280340349305
10184,2025-03-01,1183,125.02,126.77,1.75,0.013997760358342664
10185,2025-03-01,1184,99.07,99.73,0.66,0.006661956192591097
10186,2025-03-01,1185,84.62,90.94,6.32,0.07468683526353108
10187,2025-03-01,1186,89.73,89.29,-0.44,-0.0049035996879527475
10188,2025-03-01,1187,131.48,141.29,9.81,0.07461210830544569
10189,2025-03-01,1188,98.3,98.43,0.13,0.0013224821973550356
10190,2025-03-01,1189,95.14,102.38,7.24,0.07609838133277276
10191,2025-03-01,1190,58.91,56.12,-2.79,-0.04736038024104566
10192,2025-03-01,1191,72.24,75.42,3.18,0.04401993355481727
10193,2025-03-01,1192,116.88,119.94,3.06,0.026180698151950718
10194,2025-03-01,1193,108.23,103.52,-4.71,-0.0435184329668299
10195,2025-03-01,1194,143.42,141.26,-2.16,-0.015060660995677032
10196,2025-03-01,1195,90.29,91.86,1.57,0.017388415106877837
10197,2025-03-01,1196,103.99,110.74,6.75,0.06491008750841427
10198,2025-03-01,1197,106.48,106.34,-0.14,-0.001314800901577761
10199,2025-03-01,1198,116.63,120.79,4.16,0.03566835291091486
10200,2025-03-01,1199,123.7,121.78,-1.92,-0.015521422797089733
10201,2025-04-01,1000,756.74,776.0,19.26,0.025451277849723817
10202,2025-04-01,1001,771.51,829.89,58.38,0.07566979041101217
10203,2025-04-01,1002,816.02,785.19,-30.83,-0.037780936741746526
10204,2025-04-01,1003,813.04,822.85,9.81,0.012065827019580833
10205,2025-04-01,1004,851.24,813.07,-38.17,-0.044840468023119216
10206,2025-04-01,1005,914.02,957.6,43.58,0.04767948184941249
10207,2025-04-01,1006,815.8,826.34,10.54,0.012919833292473646
10208,2025-04-01,1007,1117.28,1196.06,78.78,0.07051052556207933
10209,2025-04-01,1008,778.71,840.66,61.95,0.07955464807181108
10210,2025-04-01,1009,605.15,646.36,41.21,0.06809881847475832
10211,2025-04-01,1010,636.72,621.38,-15.34,-0.024092222641035305
10212,2025-04-01,1011,739.79,765.59,25.8,0.034874761756714744
10213,2025-04-01,1012,816.51,803.09,-13.42,-0.01643580605258968
10214,2025-04-01,1013,587.33,621.82,34.49,0.05872337527454753
10215,2025-04-01,1014,648.24,634.48,-13.76,-0.021226706158213007
10216,2025-04-01,1015,600.84,626.17,25.33,0.04215764596231942
10217,2025-04-01,1016,829.43,847.54,18.11,0.021834271728777593
10218,2025-04-01,1017,855.01,845.65,-9.36,-0.010947240383153414
10219,2025-04-01,1018,599.22,574.15,-25.07,-0.04183772237241747
10220,2025-04-01,1019,680.28,677.71,-2.57,-0.003777856176868348
10221,2025-04-01,1020,573.51,589.96,16.45,0.028683022092029782
10222,2025-04-01,1021,408.41,426.18,17.77,0.04351019808525746
10223,2025-04-01,1022,538.95,567.24,28.29,0.05249095463401058
10224,2025-04-01,1023,470.91,462.3,-8.61,-0.01828374848697203
10225,2025-04-01,1024,434.02,418.53,-15.49,-0.035689599557624074
10226,2025-04-01,1025,446.92,457.74,10.82,0.024210149467466212
10227,2025-04-01,1026,450.48,433.09,-17.39,-0.038603267625643756
10228,2025-04-01,1027,650.26,699.45,49.19,0.07564666441115861
10229,2025-04-01,1028,506.06,526.41,20.35,0.04021262300912935
10230,2025-04-01,1029,556.75,584.6,27.85,0.05002245172878311
10231,2025-04-01,1030,441.38,459.05,17.67,0.040033531197607504
10232,2025-04-01,1031,563.39,572.31,8.92,0.015832726885461227
10233,2025-04-01,1032,477.47,512.64,35.17,0.07365907805726014
10234,2025-04-01,1033,577.69,559.21,-18.48,-0.031989475324135784
10235,2025-04-01,1034,526.83,564.99,38.16,0.07243323273162121
10236,2025-04-01,1035,579.75,568.09,-11.66,-0.02011211729193618
10237,2025-04-01,1036,456.8,471.11,14.31,0.03132661996497373
10238,2025-04-01,1037,604.64,648.12,43.48,0.07191055834876951
10239,2025-04-01,1038,392.18,422.97,30.79,0.07850986791779285
10240,2025-04-01,1039,659.63,664.29,4.66,0.00706456649940118
10241,2025-04-01,1040,298.59,287.5,-11.09,-0.037141230449780634
10242,2025-04-01,1041,267.83,270.71,2.88,0.010753089646417503
10243,2025-04-01,1042,363.54,366.83,3.29,0.009049898223029103
10244,2025-04-01,1043,360.58,386.68,26.1,0.0723833823284708
10245,2025-04-01,1044,294.87,298.34,3.47,0.011767897717638282
10246,2025-04-01,1045,317.83,305.04,-12.79,-0.040241638611836515
10247,2025-04-01,1046,380.59,363.16,-17.43,-0.04579731469560419
10248,2025-04-01,1047,287.06,288.85,1.79,0.006235630181843517
10249,2025-04-01,1048,308.27,325.68,17.41,0.05647646543614364
10250,2025-04-01,1049,465.15,458.79,-6.36,-0.013673008706868751
10251,2025-04-01,1050,331.57,322.28,-9.29,-0.02801821636456857
10252,2025-04-01,1051,310.07,301.96,-8.11,-0.0261553842680685
10253,2025-04-01,1052,320.23,338.0,17.77,0.05549136558098867
10254,2025-04-01,1053,411.1,443.12,32.02,0.07788859158355631
10255,2025-04-01,1054,366.82,363.66,-3.16,-0.008614579357723133
10256,2025-04-01,1055,325.07,337.04,11.97,0.03682283815793522
10257,2025-04-01,1056,316.02,316.62,0.6,0.0018986140117714068
10258,2025-04-01,1057,305.06,321.19,16.13,0.05287484429292598
10259,2025-04-01,1058,301.95,313.94,11.99,0.03970856102003643
10260,2025-04-01,1059,321.57,310.97,-10.6,-0.03296327393724539
10261,2025-04-01,1060,74.15,78.88,4.73,0.06378961564396493
10262,2025-04-01,1061,162.06,163.63,1.57,0.009687769961742565
10263,2025-04-01,1062,126.43,134.35,7.92,0.06264335996203432
10264,2025-04-01,1063,94.25,94.69,0.44,0.0046684350132626
10265,2025-04-01,1064,87.78,94.08,6.3,0.07177033492822966
10266,2025-04-01,1065,95.75,92.23,-3.52,-0.03676240208877284
10267,2025-04-01,1066,108.97,113.4,4.43,0.040653390841516014
10268,2025-04-01,1067,101.48,103.85,2.37,0.023354355538037053
10269,2025-04-01,1068,120.99,123.7,2.71,0.02239854533432515
10270,2025-04-01,1069,118.16,117.41,-0.75,-0.006347325660121869
10271,2025-04-01,1070,141.45,140.64,-0.81,-0.005726405090137858
10272,2025-04-01,1071,107.99,113.69,5.7,0.052782665061579775
10273,2025-04-01,1072,136.26,147.05,10.79,0.07918684867165712
10274,2025-04-01,1073,96.02,94.74,-1.28,-0.013330556134138721
10275,2025-04-01,1074,108.83,111.25,2.42,0.022236515666636036
10276,2025-04-01,1075,173.79,167.8,-5.99,-0.03446688532136487
10277,2025-04-01,1076,118.38,117.91,-0.47,-0.003970265247508025
10278,2025-04-01,1077,158.06,169.55,11.49,0.07269391370365684
10279,2025-04-01,1078,119.75,123.57,3.82,0.031899791231732776
10280,2025-04-01,1079,101.2,105.36,4.16,0.04110671936758893
10281,2025-04-01,1080,658.89,707.75,48.86,0.07415501828833342
10282,2025-04-01,1081,568.84,555.97,-12.87,-0.022624991210182126
10283,2025-04-01,1082,576.98,591.33,14.35,0.024870879406565218
10284,2025-04-01,1083,670.54,716.4,45.86,0.06839263876875354
10285,2025-04-01,1084,459.13,456.91,-2.22,-0.004835231851545314
10286,2025-04-01,1085,516.6,514.68,-1.92,-0.003716608594657375
10287,2025-04-01,1086,453.58,448.2,-5.38,-0.011861193174302218
10288,2025-04-01,1087,347.22,339.25,-7.97,-0.022953746903980186
10289,2025-04-01,1088,786.8,824.87,38.07,0.04838586680223691
10290,2025-04-01,1089,327.76,332.46,4.7,0.014339760800585794
10291,2025-04-01,1090,435.51,454.78,19.27,0.04424697481114096
10292,2025-04-01,1091,516.01,534.05,18.04,0.034960562779791086
10293,2025-04-01,1092,495.14,526.11,30.97,0.06254796623177283
10294,2025-04-01,1093,422.52,412.95,-9.57,-0.022649815393354162
10295,2025-04-01,1094,522.14,515.91,-6.23,-0.011931665836748765
10296,2025-04-01,1095,535.44,559.53,24.09,0.044991035410129984
10297,2025-04-01,1096,566.42,575.8,9.38,0.016560149712227676
10298,2025-04-01,1097,470.07,494.0,23.93,0.05090731167698428
10299,2025-04-01,1098,430.05,443.43,13.38,0.03111266131845134
10300,2025-04-01,1099,603.81,648.2,44.39,0.07351650353588049
10301,2025-04-01,1100,921.95,950.6,28.65,0.031075437930473453
10302,2025-04-01,1101,982.13,963.22,-18.91,-0.01925407023510126
10303,2025-04-01,1102,1232.44,1255.53,23.09,0.01873519197689137
10304,2025-04-01,1103,1199.96,1208.47,8.51,0.007091903063435448
10305,2025-04-01,1104,988.78,1040.57,51.79,0.05237767754202148
10306,2025-04-01,1105,975.4,992.85,17.45,0.017890096370719706
10307,2025-04-01,1106,960.47,967.63,7.16,0.00745468364446573
10308,2025-04-01,1107,962.53,980.95,18.42,0.01913706585768755
10309,2025-04-01,1108,1080.1,1071.67,-8.43,-0.007804832885843904
10310,2025-04-01,1109,1069.04,1052.84,-16.2,-0.015153782833196138
10311,2025-04-01,1110,871.16,838.49,-32.67,-0.03750172184214151
10312,2025-04-01,1111,1255.68,1197.5,-58.18,-0.04633346075433231
10313,2025-04-01,1112,873.96,898.19,24.23,0.027724380978534486
10314,2025-04-01,1113,1038.87,1028.14,-10.73,-0.01032853003744453
10315,2025-04-01,1114,1260.1,1280.82,20.72,0.016443139433378304
10316,2025-04-01,1115,1009.37,1080.72,71.35,0.07068765665712276
10317,2025-04-01,1116,1028.26,1079.09,50.83,0.04943302277634062
10318,2025-04-01,1117,1090.96,1099.8,8.84,0.008102955195424213
10319,2025-04-01,1118,907.16,875.42,-31.74,-0.03498831518144539
10320,2025-04-01,1119,853.5,837.71,-15.79,-0.018500292911540716
10321,2025-04-01,1120,70.59,67.71,-2.88,-0.040798980025499365
10322,2025-04-01,1121,71.21,75.93,4.72,0.06628282544586435
10323,2025-04-01,1122,51.28,54.01,2.73,0.053237129485179405
10324,2025-04-01,1123,62.99,65.54,2.55,0.04048261628829973
10325,2025-04-01,1124,53.38,54.16,0.78,0.014612214312476583
10326,2025-04-01,1125,69.7,74.03,4.33,0.06212338593974175
10327,2025-04-01,1126,60.07,62.78,2.71,0.04511403362743466
10328,2025-04-01,1127,48.79,52.42,3.63,0.0744004919040787
10329,2025-04-01,1128,73.88,75.02,1.14,0.015430427720628045
10330,2025-04-01,1129,42.2,40.66,-1.54,-0.036492890995260666
10331,2025-04-01,1130,57.92,58.24,0.32,0.0055248618784530384
10332,2025-04-01,1131,66.07,64.32,-1.75,-0.026487059179657938
10333,2025-04-01,1132,77.31,81.02,3.71,0.04798861725520631
10334,2025-04-01,1133,57.62,60.01,2.39,0.041478653245400905
10335,2025-04-01,1134,86.78,87.7,0.92,0.010601521087808251
10336,2025-04-01,1135,59.01,59.28,0.27,0.004575495678698526
10337,2025-04-01,1136,59.81,56.89,-2.92,-0.04882126734659756
10338,2025-04-01,1137,54.83,52.32,-2.51,-0.04577785883640343
10339,2025-04-01,1138,52.12,53.06,0.94,0.018035303146584806
10340,2025-04-01,1139,63.82,68.7,4.88,0.07646505797555625
10341,2025-04-01,1140,738.53,797.2,58.67,0.07944159343560857
10342,2025-04-01,1141,622.96,594.35,-28.61,-0.045925902144599975
10343,2025-04-01,1142,668.9,649.78,-19.12,-0.028584242786664674
10344,2025-04-01,1143,682.59,661.39,-21.2,-0.031058175478691455
10345,2025-04-01,1144,743.07,724.08,-18.99,-0.025556138721789332
10346,2025-04-01,1145,726.22,704.59,-21.63,-0.029784362865247445
10347,2025-04-01,1146,593.6,582.56,-11.04,-0.018598382749326146
10348,2025-04-01,1147,749.13,781.21,32.08,0.042823008022639594
10349,2025-04-01,1148,670.31,683.04,12.73,0.018991213020841103
10350,2025-04-01,1149,695.72,701.85,6.13,0.00881101592594722
10351,2025-04-01,1150,625.71,602.69,-23.02,-0.036790206325614104
10352,2025-04-01,1151,559.1,576.55,17.45,0.03121087461992488
10353,2025-04-01,1152,740.39,725.23,-15.16,-0.020475695241696942
10354,2025-04-01,1153,625.14,595.92,-29.22,-0.04674152989730301
10355,2025-04-01,1154,757.15,816.22,59.07,0.07801624512976292
10356,2025-04-01,1155,623.81,617.33,-6.48,-0.010387778329940206
10357,2025-04-01,1156,502.99,524.87,21.88,0.04349987077277878
10358,2025-04-01,1157,551.1,545.99,-5.11,-0.009272364362184721
10359,2025-04-01,1158,768.99,820.07,51.08,0.06642479095957035
10360,2025-04-01,1159,662.1,648.75,-13.35,-0.020163117353874035
10361,2025-04-01,1160,53.8,56.66,2.86,0.053159851301115245
10362,2025-04-01,1161,45.76,43.6,-2.16,-0.0472027972027972
10363,2025-04-01,1162,50.1,50.98,0.88,0.017564870259481037
10364,2025-04-01,1163,48.81,50.14,1.33,0.027248514648637576
10365,2025-04-01,1164,33.72,34.47,0.75,0.02224199288256228
10366,2025-04-01,1165,46.1,49.08,2.98,0.06464208242950109
10367,2025-04-01,1166,42.58,42.27,-0.31,-0.007280413339596055
10368,2025-04-01,1167,63.2,64.71,1.51,0.023892405063291138
10369,2025-04-01,1168,50.95,53.24,2.29,0.04494602551521099
10370,2025-04-01,1169,58.78,63.11,4.33,0.07366451173868663
10371,2025-04-01,1170,40.66,42.6,1.94,0.04771273979340875
10372,2025-04-01,1171,35.68,38.46,2.78,0.07791479820627803
10373,2025-04-01,1172,53.54,51.69,-1.85,-0.0345536047814718
10374,2025-04-01,1173,52.83,51.28,-1.55,-0.029339390497823206
10375,2025-04-01,1174,50.28,51.41,1.13,0.02247414478918059
10376,2025-04-01,1175,47.24,44.98,-2.26,-0.04784081287044877
10377,2025-04-01,1176,44.79,45.38,0.59,0.013172583165885243
10378,2025-04-01,1177,62.97,66.37,3.4,0.05399396538033984
10379,2025-04-01,1178,42.41,42.25,-0.16,-0.00377269511907569
10380,2025-04-01,1179,47.38,45.31,-2.07,-0.043689320388349516
10381,2025-04-01,1180,83.58,83.27,-0.31,-0.0037090212969609956
10382,2025-04-01,1181,88.71,87.0,-1.71,-0.01927629354075076
10383,2025-04-01,1182,112.03,108.57,-3.46,-0.030884584486298314
10384,2025-04-01,1183,130.54,135.31,4.77,0.036540523977324955
10385,2025-04-01,1184,98.88,104.22,5.34,0.054004854368932036
10386,2025-04-01,1185,88.27,90.66,2.39,0.027076016766738417
10387,2025-04-01,1186,85.13,88.73,3.6,0.042288265006460705
10388,2025-04-01,1187,129.6,131.76,2.16,0.016666666666666666
10389,2025-04-01,1188,90.96,90.11,-0.85,-0.00934476693051891
10390,2025-04-01,1189,91.17,95.87,4.7,0.05155204562904464
10391,2025-04-01,1190,60.04,60.24,0.2,0.0033311125916055963
10392,2025-04-01,1191,75.74,81.12,5.38,0.07103247953525219
10393,2025-04-01,1192,109.64,106.85,-2.79,-0.02544691718350967
10394,2025-04-01,1193,110.79,110.55,-0.24,-0.002166260492824262
10395,2025-04-01,1194,136.11,129.86,-6.25,-0.045918742193813825
10396,2025-04-01,1195,89.91,91.91,2.0,0.022244466688911134
10397,2025-04-01,1196,100.15,105.06,4.91,0.0490264603095357
10398,2025-04-01,1197,106.85,104.19,-2.66,-0.024894712213383248
10399,2025-04-01,1198,117.7,114.13,-3.57,-0.030331350892098555
10400,2025-04-01,1199,112.72,119.04,6.32,0.056068133427963095
10401,2025-05-01,1000,817.48,783.15,-34.33,-0.041994911190487844
10402,2025-05-01,1001,740.69,741.53,0.84,0.001134077684321376
10403,2025-05-01,1002,801.82,849.52,47.7,0.05948966102117682
10404,2025-05-01,1003,835.53,836.49,0.96,0.001148971311622563
10405,2025-05-01,1004,878.21,858.43,-19.78,-0.02252308673324148
10406,2025-05-01,1005,870.74,830.88,-39.86,-0.0457771550635092
10407,2025-05-01,1006,779.11,798.67,19.56,0.025105569175084393
10408,2025-05-01,1007,1063.66,1039.95,-23.71,-0.02229095763683884
10409,2025-05-01,1008,776.88,823.29,46.41,0.05973895582329317
10410,2025-05-01,1009,605.8,626.62,20.82,0.03436777814460218
10411,2025-05-01,1010,581.68,563.8,-17.88,-0.03073855040572136
10412,2025-05-01,1011,737.12,755.01,17.89,0.024270132407206425
10413,2025-05-01,1012,859.99,820.14,-39.85,-0.046337748113350154
10414,2025-05-01,1013,599.96,588.82,-11.14,-0.018567904526968465
10415,2025-05-01,1014,653.31,704.82,51.51,0.07884465261514442
10416,2025-05-01,1015,585.34,603.8,18.46,0.031537226227491715
10417,2025-05-01,1016,753.53,732.3,-21.23,-0.028174060754050934
10418,2025-05-01,1017,850.23,848.49,-1.74,-0.0020465050633358033
10419,2025-05-01,1018,615.94,625.63,9.69,0.015732051823229537
10420,2025-05-01,1019,671.81,713.41,41.6,0.06192226968934669
10421,2025-05-01,1020,608.28,614.84,6.56,0.010784507134872098
10422,2025-05-01,1021,419.56,417.06,-2.5,-0.005958623319668224
10423,2025-05-01,1022,540.56,532.17,-8.39,-0.01552094124611514
10424,2025-05-01,1023,487.51,526.32,38.81,0.07960862341285307
10425,2025-05-01,1024,437.61,452.5,14.89,0.03402573067343068
10426,2025-05-01,1025,459.12,439.95,-19.17,-0.04175378985886043
10427,2025-05-01,1026,443.97,468.01,24.04,0.05414780277946708
10428,2025-05-01,1027,649.17,666.0,16.83,0.02592541244974352
10429,2025-05-01,1028,521.94,561.43,39.49,0.07566003755220907
10430,2025-05-01,1029,540.8,580.3,39.5,0.07303994082840237
10431,2025-05-01,1030,448.86,469.31,20.45,0.045559862763445175
10432,2025-05-01,1031,585.48,612.45,26.97,0.04606476737036278
10433,2025-05-01,1032,499.58,514.32,14.74,0.029504784018575602
10434,2025-05-01,1033,595.8,574.34,-21.46,-0.0360187982544478
10435,2025-05-01,1034,502.46,509.86,7.4,0.014727540500736377
10436,2025-05-01,1035,614.2,591.45,-22.75,-0.03704005210029306
10437,2025-05-01,1036,471.95,499.88,27.93,0.05917999788113148
10438,2025-05-01,1037,577.22,587.03,9.81,0.016995253109732857
10439,2025-05-01,1038,409.61,441.88,32.27,0.07878225629257098
10440,2025-05-01,1039,656.52,637.37,-19.15,-0.02916895144093097
10441,2025-05-01,1040,294.85,313.76,18.91,0.06413430557910801
10442,2025-05-01,1041,260.91,249.55,-11.36,-0.04353991797937986
10443,2025-05-01,1042,365.56,370.26,4.7,0.012856986541197067
10444,2025-05-01,1043,376.22,375.62,-0.6,-0.001594811546435596
10445,2025-05-01,1044,298.76,306.81,8.05,0.026944704779756325
10446,2025-05-01,1045,309.19,322.49,13.3,0.04301562146253113
10447,2025-05-01,1046,388.94,387.71,-1.23,-0.003162441507687561
10448,2025-05-01,1047,298.93,315.99,17.06,0.057070217107684076
10449,2025-05-01,1048,321.18,307.64,-13.54,-0.042157045893268574
10450,2025-05-01,1049,427.44,431.42,3.98,0.009311248362343252
10451,2025-05-01,1050,336.42,348.08,11.66,0.034659057130967244
10452,2025-05-01,1051,318.98,326.42,7.44,0.023324346354003385
10453,2025-05-01,1052,323.61,327.94,4.33,0.013380303451685671
10454,2025-05-01,1053,406.66,407.52,0.86,0.0021147887670289675
10455,2025-05-01,1054,371.79,400.33,28.54,0.07676376449070713
10456,2025-05-01,1055,326.97,329.29,2.32,0.007095452182157384
10457,2025-05-01,1056,309.28,324.98,15.7,0.05076306259699948
10458,2025-05-01,1057,328.63,319.71,-8.92,-0.027142987554392477
10459,2025-05-01,1058,288.7,301.2,12.5,0.04329754069968826
10460,2025-05-01,1059,314.56,332.89,18.33,0.05827187182095626
10461,2025-05-01,1060,80.47,83.17,2.7,0.033552876848514976
10462,2025-05-01,1061,158.56,170.63,12.07,0.0761226034308779
10463,2025-05-01,1062,124.35,127.59,3.24,0.02605548854041013
10464,2025-05-01,1063,97.23,96.26,-0.97,-0.009976344749562892
10465,2025-05-01,1064,90.85,88.09,-2.76,-0.030379746835443037
10466,2025-05-01,1065,96.65,95.67,-0.98,-0.010139679255043972
10467,2025-05-01,1066,104.11,100.56,-3.55,-0.03409854961098838
10468,2025-05-01,1067,99.45,106.85,7.4,0.07440925087983911
10469,2025-05-01,1068,121.82,127.36,5.54,0.04547693318010179
10470,2025-05-01,1069,112.77,116.15,3.38,0.029972510419437794
10471,2025-05-01,1070,139.26,146.35,7.09,0.05091196323423811
10472,2025-05-01,1071,108.51,111.32,2.81,0.025896230762141738
10473,2025-05-01,1072,135.13,145.18,10.05,0.07437282616739437
10474,2025-05-01,1073,95.17,97.46,2.29,0.024062204476200482
10475,2025-05-01,1074,102.89,109.01,6.12,0.059480999125279425
10476,2025-05-01,1075,170.47,171.97,1.5,0.008799202205666686
10477,2025-05-01,1076,117.81,120.7,2.89,0.024531024531024532
10478,2025-05-01,1077,171.08,169.17,-1.91,-0.01116436754734627
10479,2025-05-01,1078,119.11,116.52,-2.59,-0.02174460582654689
10480,2025-05-01,1079,98.37,104.51,6.14,0.06241740367998373
10481,2025-05-01,1080,655.53,659.76,4.23,0.006452793922474944
10482,2025-05-01,1081,534.95,531.4,-3.55,-0.006636134218151229
10483,2025-05-01,1082,557.89,554.28,-3.61,-0.006470809657817849
10484,2025-05-01,1083,629.8,656.95,27.15,0.04310892346776755
10485,2025-05-01,1084,445.17,463.45,18.28,0.04106296471011074
10486,2025-05-01,1085,500.05,513.32,13.27,0.026537346265373463
10487,2025-05-01,1086,437.73,428.01,-9.72,-0.02220546912480296
10488,2025-05-01,1087,345.44,371.41,25.97,0.07517948124131542
10489,2025-05-01,1088,760.97,806.64,45.67,0.06001550652456733
10490,2025-05-01,1089,347.16,342.65,-4.51,-0.012991128010139416
10491,2025-05-01,1090,442.66,436.11,-6.55,-0.014796909592011928
10492,2025-05-01,1091,521.7,534.49,12.79,0.0245160053670692
10493,2025-05-01,1092,471.05,508.65,37.6,0.07982167498142448
10494,2025-05-01,1093,458.2,442.86,-15.34,-0.03347883020515059
10495,2025-05-01,1094,480.27,463.59,-16.68,-0.03473046411393591
10496,2025-05-01,1095,530.0,541.21,11.21,0.021150943396226415
10497,2025-05-01,1096,581.92,581.4,-0.52,-0.0008935936211163046
10498,2025-05-01,1097,463.81,444.97,-18.84,-0.04062008149888963
10499,2025-05-01,1098,416.09,435.75,19.66,0.04724939316013362
10500,2025-05-01,1099,591.69,629.69,38.0,0.06422281938177087
10501,2025-05-01,1100,946.54,906.78,-39.76,-0.042005620470344625
10502,2025-05-01,1101,934.83,969.05,34.22,0.03660558604238204
10503,2025-05-01,1102,1263.38,1339.04,75.66,0.05988696987446374
10504,2025-05-01,1103,1225.08,1316.61,91.53,0.0747134880987364
10505,2025-05-01,1104,990.36,975.31,-15.05,-0.015196494204127792
10506,2025-05-01,1105,1000.5,1047.9,47.4,0.04737631184407796
10507,2025-05-01,1106,983.59,1026.29,42.7,0.04341239744202361
10508,2025-05-01,1107,952.29,949.85,-2.44,-0.002562244694368312
10509,2025-05-01,1108,1079.88,1135.56,55.68,0.051561284587176355
10510,2025-05-01,1109,997.02,1014.05,17.03,0.017080901085233996
10511,2025-05-01,1110,833.4,836.27,2.87,0.003443724502039837
10512,2025-05-01,1111,1274.97,1265.98,-8.99,-0.007051146301481603
10513,2025-05-01,1112,892.51,959.65,67.14,0.07522604788741863
10514,2025-05-01,1113,1041.51,1077.06,35.55,0.034133133623296945
10515,2025-05-01,1114,1294.12,1332.29,38.17,0.029494946372824776
10516,2025-05-01,1115,979.84,949.74,-30.1,-0.03071930111038537
10517,2025-05-01,1116,1064.41,1015.06,-49.35,-0.04636371323080392
10518,2025-05-01,1117,1086.36,1124.08,37.72,0.034721455134577854
10519,2025-05-01,1118,955.38,950.51,-4.87,-0.005097448135820302
10520,2025-05-01,1119,842.66,862.49,19.83,0.023532622884674722
10521,2025-05-01,1120,73.37,73.7,0.33,0.004497751124437781
10522,2025-05-01,1121,72.08,72.23,0.15,0.002081021087680355
10523,2025-05-01,1122,49.79,49.95,0.16,0.0032134966860815424
10524,2025-05-01,1123,62.58,63.17,0.59,0.009427932246724193
10525,2025-05-01,1124,54.33,54.78,0.45,0.008282716731087797
10526,2025-05-01,1125,68.59,68.12,-0.47,-0.0068523108324828694
10527,2025-05-01,1126,59.02,59.17,0.15,0.002541511352084039
10528,2025-05-01,1127,49.69,47.33,-2.36,-0.04749446568726102
10529,2025-05-01,1128,74.36,73.4,-0.96,-0.012910166756320602
10530,2025-05-01,1129,42.92,45.87,2.95,0.06873252562907735
10531,2025-05-01,1130,54.38,52.96,-1.42,-0.0261125413755057
10532,2025-05-01,1131,64.25,61.08,-3.17,-0.04933852140077821
10533,2025-05-01,1132,73.3,77.74,4.44,0.06057298772169168
10534,2025-05-01,1133,57.08,57.62,0.54,0.0094604064470918
10535,2025-05-01,1134,82.49,87.72,5.23,0.06340162443932598
10536,2025-05-01,1135,58.9,58.85,-0.05,-0.0008488964346349745
10537,2025-05-01,1136,58.74,61.44,2.7,0.045965270684371805
10538,2025-05-01,1137,54.02,58.28,4.26,0.07885968159940762
10539,2025-05-01,1138,50.79,50.0,-0.79,-0.015554242961212838
10540,2025-05-01,1139,61.63,66.23,4.6,0.07463897452539348
10541,2025-05-01,1140,771.76,769.47,-2.29,-0.0029672437027055045
10542,2025-05-01,1141,660.72,655.67,-5.05,-0.007643177140089599
10543,2025-05-01,1142,657.51,666.19,8.68,0.013201320132013201
10544,2025-05-01,1143,698.95,743.86,44.91,0.06425352314185565
10545,2025-05-01,1144,751.86,715.56,-36.3,-0.048280264942941506
10546,2025-05-01,1145,702.32,747.51,45.19,0.06434388882560656
10547,2025-05-01,1146,574.57,602.16,27.59,0.0480185181962163
10548,2025-05-01,1147,795.33,842.08,46.75,0.05878063193894358
10549,2025-05-01,1148,651.83,672.66,20.83,0.031956184894834545
10550,2025-05-01,1149,716.12,707.41,-8.71,-0.012162766016868682
10551,2025-05-01,1150,598.91,607.37,8.46,0.014125661618607135
10552,2025-05-01,1151,589.13,572.78,-16.35,-0.027752788009437646
10553,2025-05-01,1152,727.42,764.58,37.16,0.05108465535729015
10554,2025-05-01,1153,593.21,572.11,-21.1,-0.035569191348763504
10555,2025-05-01,1154,805.95,841.24,35.29,0.04378683541162603
10556,2025-05-01,1155,626.89,662.3,35.41,0.056485188789101755
10557,2025-05-01,1156,507.92,522.2,14.28,0.028114663726571114
10558,2025-05-01,1157,549.62,591.21,41.59,0.07567046322914013
10559,2025-05-01,1158,779.43,751.56,-27.87,-0.03575689927254532
10560,2025-05-01,1159,674.43,692.72,18.29,0.027119196951499783
10561,2025-05-01,1160,53.61,56.6,2.99,0.05577317664614811
10562,2025-05-01,1161,47.6,48.43,0.83,0.017436974789915967
10563,2025-05-01,1162,48.62,48.39,-0.23,-0.004730563554092966
10564,2025-05-01,1163,46.83,49.36,2.53,0.05402519752295537
10565,2025-05-01,1164,35.5,36.35,0.85,0.023943661971830985
10566,2025-05-01,1165,45.91,44.08,-1.83,-0.03986059681986495
10567,2025-05-01,1166,43.47,45.12,1.65,0.03795721187025535
10568,2025-05-01,1167,66.19,63.98,-2.21,-0.033388729415319535
10569,2025-05-01,1168,50.66,52.4,1.74,0.03434662455586261
10570,2025-05-01,1169,60.4,64.41,4.01,0.06639072847682119
10571,2025-05-01,1170,42.02,40.53,-1.49,-0.03545930509281295
10572,2025-05-01,1171,35.74,37.65,1.91,0.05344152210408506
10573,2025-05-01,1172,52.45,51.21,-1.24,-0.023641563393708293
10574,2025-05-01,1173,51.12,53.31,2.19,0.04284037558685446
10575,2025-05-01,1174,50.72,50.99,0.27,0.0053233438485804415
10576,2025-05-01,1175,47.76,46.06,-1.7,-0.03559463986599665
10577,2025-05-01,1176,45.57,47.19,1.62,0.03554970375246873
10578,2025-05-01,1177,61.5,64.79,3.29,0.053495934959349595
10579,2025-05-01,1178,41.49,41.41,-0.08,-0.001928175463967221
10580,2025-05-01,1179,48.96,50.92,1.96,0.04003267973856209
10581,2025-05-01,1180,83.55,85.77,2.22,0.026570915619389585
10582,2025-05-01,1181,83.9,84.61,0.71,0.008462455303933254
10583,2025-05-01,1182,110.42,111.76,1.34,0.012135482702408985
10584,2025-05-01,1183,126.77,129.59,2.82,0.022245010649207225
10585,2025-05-01,1184,104.03,108.37,4.34,0.041718734980294145
10586,2025-05-01,1185,83.45,82.44,-1.01,-0.012103055721989215
10587,2025-05-01,1186,88.34,86.46,-1.88,-0.02128141272356803
10588,2025-05-01,1187,133.25,127.22,-6.03,-0.04525328330206379
10589,2025-05-01,1188,93.83,98.57,4.74,0.05051689225194501
10590,2025-05-01,1189,91.85,89.27,-2.58,-0.02808927599346761
10591,2025-05-01,1190,64.25,63.33,-0.92,-0.014319066147859922
10592,2025-05-01,1191,75.19,79.8,4.61,0.06131134459369597
10593,2025-05-01,1192,111.65,116.26,4.61,0.0412897447380206
10594,2025-05-01,1193,104.53,111.8,7.27,0.06954941165215728
10595,2025-05-01,1194,135.97,139.37,3.4,0.025005515922629992
10596,2025-05-01,1195,93.44,89.45,-3.99,-0.04270119863013699
10597,2025-05-01,1196,104.56,110.93,6.37,0.06092195868400918
10598,2025-05-01,1197,108.2,103.07,-5.13,-0.04741219963031423
10599,2025-05-01,1198,122.37,127.33,4.96,0.04053281032932909
10600,2025-05-01,1199,115.16,117.42,2.26,0.019624869746439736
10601,2025-06-01,1000,790.83,810.34,19.51,0.02467028312026605
10602,2025-06-01,1001,772.42,826.35,53.93,0.06981952823593382
10603,2025-06-01,1002,831.63,808.9,-22.73,-0.027331866334788308
10604,2025-06-01,1003,844.82,861.38,16.56,0.019601808669302338
10605,2025-06-01,1004,856.04,894.38,38.34,0.04478762674641372
10606,2025-06-01,1005,902.99,867.43,-35.56,-0.039380281066235506
10607,2025-06-01,1006,786.25,828.85,42.6,0.054181240063593004
10608,2025-06-01,1007,1077.64,1158.39,80.75,0.07493225938161167
10609,2025-06-01,1008,753.65,740.45,-13.2,-0.01751476149406223
10610,2025-06-01,1009,616.79,614.66,-2.13,-0.0034533633813777784
10611,2025-06-01,1010,613.23,643.38,30.15,0.04916589207964385
10612,2025-06-01,1011,749.8,809.53,59.73,0.07966124299813283
10613,2025-06-01,1012,859.34,843.42,-15.92,-0.01852584541624968
10614,2025-06-01,1013,619.58,633.15,13.57,0.021901933567900836
10615,2025-06-01,1014,608.56,613.18,4.62,0.007591691862757986
10616,2025-06-01,1015,578.23,553.37,-24.86,-0.042993272573197516
10617,2025-06-01,1016,791.41,792.62,1.21,0.001528916743533693
10618,2025-06-01,1017,878.42,929.54,51.12,0.05819539627968398
10619,2025-06-01,1018,617.24,593.83,-23.41,-0.03792690039530815
10620,2025-06-01,1019,699.8,682.19,-17.61,-0.025164332666476136
10621,2025-06-01,1020,594.42,591.8,-2.62,-0.00440765788499714
10622,2025-06-01,1021,414.74,416.88,2.14,0.005159859188889424
10623,2025-06-01,1022,540.53,546.16,5.63,0.010415703106210572
10624,2025-06-01,1023,504.07,533.76,29.69,0.05890054952685143
10625,2025-06-01,1024,455.63,438.67,-16.96,-0.037223185479446044
10626,2025-06-01,1025,450.76,480.87,30.11,0.0667982962108439
10627,2025-06-01,1026,467.39,474.03,6.64,0.014206551274096578
10628,2025-06-01,1027,668.71,680.43,11.72,0.01752628194583601
10629,2025-06-01,1028,509.8,494.08,-15.72,-0.03083562181247548
10630,2025-06-01,1029,531.19,508.49,-22.7,-0.042734238219846
10631,2025-06-01,1030,426.92,432.86,5.94,0.013913613791811111
10632,2025-06-01,1031,572.23,550.04,-22.19,-0.038778113695542
10633,2025-06-01,1032,493.4,504.77,11.37,0.023044183218483987
10634,2025-06-01,1033,560.9,554.47,-6.43,-0.011463719022998751
10635,2025-06-01,1034,515.25,522.81,7.56,0.014672489082969432
10636,2025-06-01,1035,582.16,558.2,-23.96,-0.04115707022124502
10637,2025-06-01,1036,449.98,464.64,14.66,0.03257922574336637
10638,2025-06-01,1037,611.71,634.42,22.71,0.03712543525526802
10639,2025-06-01,1038,415.66,418.61,2.95,0.007097146706442766
10640,2025-06-01,1039,682.49,656.44,-26.05,-0.03816905742208677
10641,2025-06-01,1040,281.58,297.35,15.77,0.05600539811066127
10642,2025-06-01,1041,273.09,271.95,-1.14,-0.004174447984181039
10643,2025-06-01,1042,357.54,355.07,-2.47,-0.006908317950439112
10644,2025-06-01,1043,359.66,366.63,6.97,0.01937941389089696
10645,2025-06-01,1044,300.44,296.26,-4.18,-0.013912927706031154
10646,2025-06-01,1045,317.3,320.96,3.66,0.011534825086668768
10647,2025-06-01,1046,375.48,364.52,-10.96,-0.029189304357089593
10648,2025-06-01,1047,295.28,292.86,-2.42,-0.008195610945543214
10649,2025-06-01,1048,320.57,334.27,13.7,0.04273637583055183
10650,2025-06-01,1049,444.0,427.51,-16.49,-0.03713963963963964
10651,2025-06-01,1050,333.01,359.53,26.52,0.07963724813068676
10652,2025-06-01,1051,317.48,326.72,9.24,0.02910419553987653
10653,2025-06-01,1052,311.48,326.96,15.48,0.04969821497367407
10654,2025-06-01,1053,419.07,426.3,7.23,0.017252487651227718
10655,2025-06-01,1054,368.61,350.43,-18.18,-0.04932041995605111
10656,2025-06-01,1055,329.14,331.97,2.83,0.008598164914625995
10657,2025-06-01,1056,296.52,318.46,21.94,0.07399163631458248
10658,2025-06-01,1057,326.48,328.77,2.29,0.007014212202891448
10659,2025-06-01,1058,286.16,293.25,7.09,0.024776348895722673
10660,2025-06-01,1059,312.7,322.08,9.38,0.02999680204669012
10661,2025-06-01,1060,79.24,83.01,3.77,0.04757698132256436
10662,2025-06-01,1061,168.96,178.64,9.68,0.057291666666666664
10663,2025-06-01,1062,118.47,123.35,4.88,0.04119186291888242
10664,2025-06-01,1063,97.67,94.48,-3.19,-0.032661001331012594
10665,2025-06-01,1064,91.68,93.46,1.78,0.019415357766143105
10666,2025-06-01,1065,96.82,103.08,6.26,0.06465606279694278
10667,2025-06-01,1066,105.12,108.12,3.0,0.028538812785388126
10668,2025-06-01,1067,104.72,107.1,2.38,0.022727272727272728
10669,2025-06-01,1068,118.28,126.39,8.11,0.0685661143050389
10670,2025-06-01,1069,115.32,121.69,6.37,0.05523759972251127
10671,2025-06-01,1070,134.74,144.05,9.31,0.06909603681163723
10672,2025-06-01,1071,104.75,112.15,7.4,0.07064439140811456
10673,2025-06-01,1072,134.3,141.6,7.3,0.054355919583023084
10674,2025-06-01,1073,98.27,94.11,-4.16,-0.042332349648926425
10675,2025-06-01,1074,107.28,115.43,8.15,0.07596942580164057
10676,2025-06-01,1075,166.38,165.8,-0.58,-0.0034859959129703087
10677,2025-06-01,1076,120.2,120.84,0.64,0.005324459234608985
10678,2025-06-01,1077,165.34,173.8,8.46,0.05116729164146607
10679,2025-06-01,1078,118.01,126.92,8.91,0.07550207609524616
10680,2025-06-01,1079,98.94,98.54,-0.4,-0.004042854255104103
10681,2025-06-01,1080,643.0,626.42,-16.58,-0.02578538102643857
10682,2025-06-01,1081,551.59,554.47,2.88,0.0052212694211280115
10683,2025-06-01,1082,573.33,584.17,10.84,0.018907086669108543
10684,2025-06-01,1083,646.61,625.51,-21.1,-0.032631725460478496
10685,2025-06-01,1084,448.61,465.17,16.56,0.03691402331646642
10686,2025-06-01,1085,506.61,509.08,2.47,0.004875545291249679
10687,2025-06-01,1086,453.19,457.96,4.77,0.01052538670314879
10688,2025-06-01,1087,343.65,357.77,14.12,0.041088316601193074
10689,2025-06-01,1088,771.63,769.43,-2.2,-0.0028511073960317767
10690,2025-06-01,1089,340.74,336.36,-4.38,-0.01285437577038211
10691,2025-06-01,1090,436.48,458.32,21.84,0.0500366568914956
10692,2025-06-01,1091,495.5,521.45,25.95,0.052371342078708374
10693,2025-06-01,1092,471.94,454.56,-17.38,-0.03682671526041446
10694,2025-06-01,1093,441.99,465.6,23.61,0.05341749813344193
10695,2025-06-01,1094,510.43,547.82,37.39,0.07325196403032737
10696,2025-06-01,1095,559.81,543.21,-16.6,-0.029652917954305927
10697,2025-06-01,1096,570.4,590.26,19.86,0.03481767180925666
10698,2025-06-01,1097,452.06,444.11,-7.95,-0.017586161129053667
10699,2025-06-01,1098,405.53,422.94,17.41,0.04293147239415086
10700,2025-06-01,1099,609.25,641.93,32.68,0.053639720968403776
10701,2025-06-01,1100,943.59,925.11,-18.48,-0.019584777286745302
10702,2025-06-01,1101,891.99,888.79,-3.2,-0.0035874841646206797
10703,2025-06-01,1102,1131.25,1081.61,-49.64,-0.04388066298342541
10704,2025-06-01,1103,1254.52,1278.04,23.52,0.01874820648534898
10705,2025-06-01,1104,953.48,1013.29,59.81,0.06272811175903008
10706,2025-06-01,1105,1031.61,1103.98,72.37,0.07015248010391524
10707,2025-06-01,1106,984.99,1047.57,62.58,0.06353363993543082
10708,2025-06-01,1107,948.19,916.51,-31.68,-0.03341102521646505
10709,2025-06-01,1108,1024.69,999.41,-25.28,-0.024670876069835757
10710,2025-06-01,1109,1044.39,1070.72,26.33,0.025210888652706365
10711,2025-06-01,1110,848.55,808.58,-39.97,-0.04710388309469094
10712,2025-06-01,1111,1325.03,1403.05,78.02,0.05888168569768232
10713,2025-06-01,1112,947.91,920.02,-27.89,-0.02942262451076579
10714,2025-06-01,1113,975.78,1023.64,47.86,0.04904794113427207
10715,2025-06-01,1114,1265.45,1312.64,47.19,0.03729108222371488
10716,2025-06-01,1115,987.13,1023.92,36.79,0.037269660531034414
10717,2025-06-01,1116,1041.97,1094.07,52.1,0.050001439580794074
10718,2025-06-01,1117,1109.05,1192.51,83.46,0.07525359541950317
10719,2025-06-01,1118,917.34,985.15,67.81,0.07392024767261866
10720,2025-06-01,1119,849.17,906.9,57.73,0.06798403146601976
10721,2025-06-01,1120,70.67,68.08,-2.59,-0.03664921465968586
10722,2025-06-01,1121,71.16,74.12,2.96,0.041596402473299605
10723,2025-06-01,1122,52.49,51.87,-0.62,-0.011811773671175462
10724,2025-06-01,1123,64.02,68.44,4.42,0.06904092471102781
10725,2025-06-01,1124,57.24,54.9,-2.34,-0.040880503144654086
10726,2025-06-01,1125,67.69,72.29,4.6,0.06795686216575565
10727,2025-06-01,1126,57.82,57.51,-0.31,-0.0053614666205465235
10728,2025-06-01,1127,50.71,51.6,0.89,0.017550778939065273
10729,2025-06-01,1128,76.35,80.97,4.62,0.06051080550098232
10730,2025-06-01,1129,41.43,41.08,-0.35,-0.008447984552256819
10731,2025-06-01,1130,57.2,61.64,4.44,0.07762237762237763
10732,2025-06-01,1131,64.09,62.27,-1.82,-0.028397565922920892
10733,2025-06-01,1132,71.8,73.1,1.3,0.018105849582172703
10734,2025-06-01,1133,59.35,57.02,-2.33,-0.039258635214827295
10735,2025-06-01,1134,86.51,90.77,4.26,0.049242862096867415
10736,2025-06-01,1135,58.36,57.46,-0.9,-0.015421521590130226
10737,2025-06-01,1136,58.1,60.8,2.7,0.04647160068846816
10738,2025-06-01,1137,54.12,57.02,2.9,0.05358462675535846
10739,2025-06-01,1138,52.35,50.16,-2.19,-0.04183381088825215
10740,2025-06-01,1139,64.42,68.22,3.8,0.05898789195901894
10741,2025-06-01,1140,738.2,768.55,30.35,0.04111351937144405
10742,2025-06-01,1141,640.68,657.4,16.72,0.02609727164887307
10743,2025-06-01,1142,689.93,741.35,51.42,0.07452930007392054
10744,2025-06-01,1143,661.83,696.64,34.81,0.05259658824773734
10745,2025-06-01,1144,732.59,766.97,34.38,0.0469293875155271
10746,2025-06-01,1145,715.34,695.71,-19.63,-0.027441496351385354
10747,2025-06-01,1146,552.12,526.72,-25.4,-0.046004491777149895
10748,2025-06-01,1147,792.42,756.54,-35.88,-0.045279018702203376
10749,2025-06-01,1148,667.55,656.2,-11.35,-0.017002471724964423
10750,2025-06-01,1149,693.07,675.44,-17.63,-0.025437545991025438
10751,2025-06-01,1150,610.19,623.97,13.78,0.02258312984480244
10752,2025-06-01,1151,547.55,568.59,21.04,0.038425714546616745
10753,2025-06-01,1152,690.92,710.98,20.06,0.029033752098651073
10754,2025-06-01,1153,592.25,617.49,25.24,0.042617138032925286
10755,2025-06-01,1154,765.99,819.97,53.98,0.07047089387589917
10756,2025-06-01,1155,606.26,635.59,29.33,0.04837858344604625
10757,2025-06-01,1156,492.46,503.49,11.03,0.022397758193558867
10758,2025-06-01,1157,568.75,567.92,-0.83,-0.0014593406593406593
10759,2025-06-01,1158,781.26,765.75,-15.51,-0.019852545887412643
10760,2025-06-01,1159,656.52,643.68,-12.84,-0.019557667702431
10761,2025-06-01,1160,54.14,51.52,-2.62,-0.04839305504248245
10762,2025-06-01,1161,46.96,49.15,2.19,0.04663543441226576
10763,2025-06-01,1162,50.6,50.12,-0.48,-0.009486166007905139
10764,2025-06-01,1163,47.68,46.32,-1.36,-0.028523489932885907
10765,2025-06-01,1164,34.85,33.65,-1.2,-0.03443328550932568
10766,2025-06-01,1165,46.06,43.76,-2.3,-0.04993486756404689
10767,2025-06-01,1166,41.71,43.98,2.27,0.05442339966434908
10768,2025-06-01,1167,66.58,64.62,-1.96,-0.02943826975067588
10769,2025-06-01,1168,50.69,50.92,0.23,0.004537384099427895
10770,2025-06-01,1169,58.37,62.73,4.36,0.07469590543087203
10771,2025-06-01,1170,42.84,45.41,2.57,0.059990662931839404
10772,2025-06-01,1171,35.87,35.93,0.06,0.0016727069974909396
10773,2025-06-01,1172,50.57,50.64,0.07,0.0013842198932173225
10774,2025-06-01,1173,51.41,52.09,0.68,0.013226998638397198
10775,2025-06-01,1174,47.85,51.28,3.43,0.07168234064785789
10776,2025-06-01,1175,48.86,49.73,0.87,0.01780597625869832
10777,2025-06-01,1176,44.22,42.33,-1.89,-0.042740841248303935
10778,2025-06-01,1177,61.83,66.56,4.73,0.0765000808668931
10779,2025-06-01,1178,40.36,43.0,2.64,0.06541129831516353
10780,2025-06-01,1179,47.84,48.37,0.53,0.011078595317725752
10781,2025-06-01,1180,83.97,87.95,3.98,0.04739788019530785
10782,2025-06-01,1181,83.13,83.86,0.73,0.008781426681101889
10783,2025-06-01,1182,107.23,113.21,5.98,0.055767975380024246
10784,2025-06-01,1183,128.54,131.58,3.04,0.023650225610704838
10785,2025-06-01,1184,98.52,104.4,5.88,0.05968331303288672
10786,2025-06-01,1185,87.62,84.73,-2.89,-0.03298333713763981
10787,2025-06-01,1186,87.52,85.84,-1.68,-0.019195612431444242
10788,2025-06-01,1187,130.3,137.29,6.99,0.05364543361473523
10789,2025-06-01,1188,95.77,93.51,-2.26,-0.023598204030489716
10790,2025-06-01,1189,89.2,94.23,5.03,0.056390134529147984
10791,2025-06-01,1190,60.2,62.62,2.42,0.04019933554817276
10792,2025-06-01,1191,75.13,78.29,3.16,0.04206042859044323
10793,2025-06-01,1192,112.82,118.91,6.09,0.053979790817230984
10794,2025-06-01,1193,108.02,113.33,5.31,0.04915756341418256
10795,2025-06-01,1194,131.25,129.99,-1.26,-0.0096
10796,2025-06-01,1195,90.76,88.29,-2.47,-0.02721463199647422
10797,2025-06-01,1196,101.69,104.53,2.84,0.027928016520798505
10798,2025-06-01,1197,107.94,107.4,-0.54,-0.005002779321845469
10799,2025-06-01,1198,120.04,129.03,8.99,0.07489170276574475
10800,2025-06-01,1199,118.23,113.28,-4.95,-0.041867546308043645
10801,2025-07-01,1000,782.02,821.46,39.44,0.05043349274954605
10802,2025-07-01,1001,786.22,801.08,14.86,0.01890056218361273
10803,2025-07-01,1002,808.7,785.25,-23.45,-0.028997155929269196
10804,2025-07-01,1003,881.33,919.2,37.87,0.042969148899958017
10805,2025-07-01,1004,863.25,885.54,22.29,0.02582102519548219
10806,2025-07-01,1005,940.69,950.07,9.38,0.009971403969426697
10807,2025-07-01,1006,789.56,764.39,-25.17,-0.03187851461573535
10808,2025-07-01,1007,1024.09,986.6,-37.49,-0.03660811061527795
10809,2025-07-01,1008,771.08,745.19,-25.89,-0.033576282616589716
10810,2025-07-01,1009,606.0,594.29,-11.71,-0.019323432343234324
10811,2025-07-01,1010,609.65,607.78,-1.87,-0.0030673337160665956
10812,2025-07-01,1011,741.28,720.24,-21.04,-0.028383336930714438
10813,2025-07-01,1012,821.51,875.33,53.82,0.06551350561770398
10814,2025-07-01,1013,602.66,641.32,38.66,0.0641489397006604
10815,2025-07-01,1014,642.68,640.52,-2.16,-0.0033609261218646917
10816,2025-07-01,1015,568.84,606.41,37.57,0.06604669151255187
10817,2025-07-01,1016,806.27,858.48,52.21,0.06475498282213155
10818,2025-07-01,1017,857.27,920.15,62.88,0.07334911988055105
10819,2025-07-01,1018,629.68,667.39,37.71,0.05988756193622157
10820,2025-07-01,1019,656.68,646.04,-10.64,-0.016202716696107695
10821,2025-07-01,1020,574.26,604.85,30.59,0.053268554313377216
10822,2025-07-01,1021,416.43,428.81,12.38,0.02972888600725212
10823,2025-07-01,1022,539.04,576.14,37.1,0.06882606114574058
10824,2025-07-01,1023,504.62,531.35,26.73,0.052970552098608854
10825,2025-07-01,1024,444.12,441.11,-3.01,-0.006777447536701792
10826,2025-07-01,1025,446.85,463.27,16.42,0.03674611167058297
10827,2025-07-01,1026,452.14,466.9,14.76,0.03264475604901137
10828,2025-07-01,1027,646.67,635.11,-11.56,-0.017876196514450958
10829,2025-07-01,1028,519.75,512.61,-7.14,-0.013737373737373737
10830,2025-07-01,1029,514.13,490.86,-23.27,-0.04526092622488476
10831,2025-07-01,1030,437.36,419.2,-18.16,-0.041521858423266875
10832,2025-07-01,1031,551.34,565.31,13.97,0.025338266768237385
10833,2025-07-01,1032,482.64,495.98,13.34,0.02763964859937013
10834,2025-07-01,1033,578.06,600.48,22.42,0.0387849012213265
10835,2025-07-01,1034,526.53,517.51,-9.02,-0.017131027671737603
10836,2025-07-01,1035,604.47,579.2,-25.27,-0.04180521779410062
10837,2025-07-01,1036,458.76,475.77,17.01,0.037078210829191736
10838,2025-07-01,1037,607.13,596.31,-10.82,-0.01782155386819956
10839,2025-07-01,1038,412.03,432.05,20.02,0.04858869499793704
10840,2025-07-01,1039,683.0,667.4,-15.6,-0.022840409956076134
10841,2025-07-01,1040,284.11,303.72,19.61,0.06902256168385484
10842,2025-07-01,1041,275.6,288.54,12.94,0.04695210449927431
10843,2025-07-01,1042,349.03,334.15,-14.88,-0.04263243847233762
10844,2025-07-01,1043,366.47,373.82,7.35,0.02005621196823751
10845,2025-07-01,1044,290.15,295.31,5.16,0.017783904876787868
10846,2025-07-01,1045,323.59,335.0,11.41,0.03526066936555518
10847,2025-07-01,1046,380.74,389.73,8.99,0.023611913641855335
10848,2025-07-01,1047,294.64,290.24,-4.4,-0.014933478142818354
10849,2025-07-01,1048,335.9,327.41,-8.49,-0.025275379577255137
10850,2025-07-01,1049,422.95,442.86,19.91,0.047074122236671
10851,2025-07-01,1050,334.67,344.23,9.56,0.028565452535333314
10852,2025-07-01,1051,324.6,346.83,22.23,0.06848428835489834
10853,2025-07-01,1052,308.73,325.46,16.73,0.05418974508470184
10854,2025-07-01,1053,409.39,423.5,14.11,0.034465912699382005
10855,2025-07-01,1054,356.13,365.56,9.43,0.02647909471260495
10856,2025-07-01,1055,337.7,352.11,14.41,0.04267100977198697
10857,2025-07-01,1056,308.46,310.47,2.01,0.006516241976269209
10858,2025-07-01,1057,312.53,326.49,13.96,0.04466771189965763
10859,2025-07-01,1058,296.47,303.77,7.3,0.024623064728303033
10860,2025-07-01,1059,308.67,294.35,-14.32,-0.04639258755305018
10861,2025-07-01,1060,82.66,80.53,-2.13,-0.025768207113476892
10862,2025-07-01,1061,158.61,160.57,1.96,0.012357354517369648
10863,2025-07-01,1062,120.57,119.85,-0.72,-0.005971634735008708
10864,2025-07-01,1063,100.03,103.58,3.55,0.03548935319404179
10865,2025-07-01,1064,93.7,89.91,-3.79,-0.04044823906083245
10866,2025-07-01,1065,94.48,91.95,-2.53,-0.026778154106689246
10867,2025-07-01,1066,102.07,100.17,-1.9,-0.018614676202606054
10868,2025-07-01,1067,104.15,107.74,3.59,0.03446951512241959
10869,2025-07-01,1068,121.77,125.17,3.4,0.02792149133612548
10870,2025-07-01,1069,109.28,105.13,-4.15,-0.03797584187408492
10871,2025-07-01,1070,139.44,133.5,-5.94,-0.042598967297762476
10872,2025-07-01,1071,100.65,97.53,-3.12,-0.030998509687034277
10873,2025-07-01,1072,136.32,136.79,0.47,0.003447769953051643
10874,2025-07-01,1073,94.65,101.57,6.92,0.07311146328578975
10875,2025-07-01,1074,105.21,105.82,0.61,0.005797927953616576
10876,2025-07-01,1075,170.54,169.78,-0.76,-0.004456432508502404
10877,2025-07-01,1076,114.04,123.09,9.05,0.0793581199579095
10878,2025-07-01,1077,156.43,158.47,2.04,0.013040976794732468
10879,2025-07-01,1078,114.1,112.65,-1.45,-0.012708150744960562
10880,2025-07-01,1079,95.9,102.84,6.94,0.07236704900938477
10881,2025-07-01,1080,660.95,639.49,-21.46,-0.03246841667297072
10882,2025-07-01,1081,529.31,519.52,-9.79,-0.018495777521679167
10883,2025-07-01,1082,604.98,625.96,20.98,0.034678832358094484
10884,2025-07-01,1083,647.11,672.78,25.67,0.039668680749795245
10885,2025-07-01,1084,438.59,441.84,3.25,0.00741010966962311
10886,2025-07-01,1085,494.33,474.05,-20.28,-0.04102522606356078
10887,2025-07-01,1086,451.35,439.13,-12.22,-0.02707433255788191
10888,2025-07-01,1087,330.99,341.19,10.2,0.030816640986132512
10889,2025-07-01,1088,739.73,735.99,-3.74,-0.005055898773876955
10890,2025-07-01,1089,342.59,341.29,-1.3,-0.0037946233106628917
10891,2025-07-01,1090,434.41,446.37,11.96,0.027531594576552104
10892,2025-07-01,1091,508.24,538.17,29.93,0.058889501023138675
10893,2025-07-01,1092,475.07,456.83,-18.24,-0.038394341886458835
10894,2025-07-01,1093,447.07,438.59,-8.48,-0.01896794685396023
10895,2025-07-01,1094,508.59,518.06,9.47,0.018620106569142137
10896,2025-07-01,1095,529.44,569.11,39.67,0.07492822605016622
10897,2025-07-01,1096,585.94,601.72,15.78,0.02693108509403693
10898,2025-07-01,1097,474.52,458.97,-15.55,-0.03276995700918823
10899,2025-07-01,1098,424.75,419.84,-4.91,-0.011559741024131842
10900,2025-07-01,1099,569.32,571.48,2.16,0.0037939998594814866
10901,2025-07-01,1100,950.96,909.98,-40.98,-0.043093295196433075
10902,2025-07-01,1101,948.84,988.66,39.82,0.04196703343029383
10903,2025-07-01,1102,1200.36,1267.58,67.22,0.05599986670665467
10904,2025-07-01,1103,1266.34,1308.62,42.28,0.033387557843865
10905,2025-07-01,1104,957.03,1027.23,70.2,0.07335193254129965
10906,2025-07-01,1105,959.2,919.46,-39.74,-0.04143035863219349
10907,2025-07-01,1106,1002.17,1032.07,29.9,0.029835257491244
10908,2025-07-01,1107,926.95,921.59,-5.36,-0.005782404660445547
10909,2025-07-01,1108,1088.4,1067.84,-20.56,-0.018890113928702684
10910,2025-07-01,1109,1062.26,1030.1,-32.16,-0.03027507389904543
10911,2025-07-01,1110,872.84,897.13,24.29,0.027828697126621144
10912,2025-07-01,1111,1284.46,1275.54,-8.92,-0.006944552574622799
10913,2025-07-01,1112,926.62,939.32,12.7,0.013705726187649737
10914,2025-07-01,1113,1060.76,1084.68,23.92,0.022549869904596703
10915,2025-07-01,1114,1304.19,1240.53,-63.66,-0.048811906240655116
10916,2025-07-01,1115,991.71,945.56,-46.15,-0.046535781629710296
10917,2025-07-01,1116,1007.31,973.09,-34.22,-0.033971667113401036
10918,2025-07-01,1117,1138.12,1130.97,-7.15,-0.006282290092433135
10919,2025-07-01,1118,892.34,932.75,40.41,0.045285429320662526
10920,2025-07-01,1119,876.5,860.52,-15.98,-0.01823160296634341
10921,2025-07-01,1120,71.24,75.84,4.6,0.06457046603032005
10922,2025-07-01,1121,75.12,75.42,0.3,0.003993610223642172
10923,2025-07-01,1122,55.2,55.88,0.68,0.012318840579710146
10924,2025-07-01,1123,62.32,61.1,-1.22,-0.01957637997432606
10925,2025-07-01,1124,55.17,54.74,-0.43,-0.0077940909914808775
10926,2025-07-01,1125,67.64,72.68,5.04,0.07451212300413956
10927,2025-07-01,1126,58.43,55.75,-2.68,-0.04586684922129043
10928,2025-07-01,1127,47.52,50.68,3.16,0.0664983164983165
10929,2025-07-01,1128,75.43,74.71,-0.72,-0.009545273763754475
10930,2025-07-01,1129,42.11,44.6,2.49,0.059130847779624796
10931,2025-07-01,1130,56.75,61.2,4.45,0.07841409691629955
10932,2025-07-01,1131,68.59,65.53,-3.06,-0.044612917334888466
10933,2025-07-01,1132,75.06,76.63,1.57,0.020916600053290702
10934,2025-07-01,1133,58.64,61.57,2.93,0.049965893587994546
10935,2025-07-01,1134,86.1,82.31,-3.79,-0.044018583042973285
10936,2025-07-01,1135,58.74,62.45,3.71,0.06315968675519237
10937,2025-07-01,1136,59.7,58.04,-1.66,-0.02780569514237856
10938,2025-07-01,1137,50.85,54.66,3.81,0.07492625368731563
10939,2025-07-01,1138,51.98,53.04,1.06,0.020392458637937667
10940,2025-07-01,1139,60.81,59.2,-1.61,-0.026475908567669793
10941,2025-07-01,1140,783.38,795.56,12.18,0.015548009905792847
10942,2025-07-01,1141,655.99,662.83,6.84,0.010426988216283784
10943,2025-07-01,1142,677.39,713.86,36.47,0.053838999689986566
10944,2025-07-01,1143,710.01,740.52,30.51,0.0429712257573837
10945,2025-07-01,1144,720.34,754.12,33.78,0.046894522031263014
10946,2025-07-01,1145,705.94,677.46,-28.48,-0.040343371957956765
10947,2025-07-01,1146,565.7,598.29,32.59,0.057610040657592364
10948,2025-07-01,1147,791.14,800.11,8.97,0.01133806911545365
10949,2025-07-01,1148,657.45,636.64,-20.81,-0.03165259715567724
10950,2025-07-01,1149,719.92,687.27,-32.65,-0.045352261362373594
10951,2025-07-01,1150,613.77,620.17,6.4,0.010427358782605861
10952,2025-07-01,1151,550.91,581.92,31.01,0.05628868599226734
10953,2025-07-01,1152,716.13,742.59,26.46,0.03694859871810984
10954,2025-07-01,1153,589.93,579.83,-10.1,-0.017120675334361703
10955,2025-07-01,1154,816.52,840.91,24.39,0.0298706706510557
10956,2025-07-01,1155,607.23,620.79,13.56,0.022330912504322908
10957,2025-07-01,1156,541.86,537.15,-4.71,-0.008692282139297973
10958,2025-07-01,1157,549.33,575.01,25.68,0.04674785647971165
10959,2025-07-01,1158,769.99,792.26,22.27,0.02892245353835764
10960,2025-07-01,1159,682.4,681.03,-1.37,-0.002007620164126612
10961,2025-07-01,1160,55.35,56.56,1.21,0.021860885275519423
10962,2025-07-01,1161,45.34,48.71,3.37,0.07432730480811646
10963,2025-07-01,1162,48.59,46.71,-1.88,-0.038691088701378884
10964,2025-07-01,1163,46.54,47.9,1.36,0.02922217447357112
10965,2025-07-01,1164,34.45,37.06,2.61,0.07576197387518142
10966,2025-07-01,1165,44.4,42.83,-1.57,-0.03536036036036036
10967,2025-07-01,1166,41.24,43.05,1.81,0.0438894277400582
10968,2025-07-01,1167,62.65,66.04,3.39,0.054110135674381485
10969,2025-07-01,1168,50.4,52.52,2.12,0.04206349206349207
10970,2025-07-01,1169,59.1,61.22,2.12,0.03587140439932318
10971,2025-07-01,1170,42.21,43.51,1.3,0.030798389007344232
10972,2025-07-01,1171,36.81,36.42,-0.39,-0.010594947025264874
10973,2025-07-01,1172,54.12,56.69,2.57,0.047487065779748705
10974,2025-07-01,1173,52.87,52.63,-0.24,-0.004539436353319463
10975,2025-07-01,1174,48.76,52.39,3.63,0.07444626743232158
10976,2025-07-01,1175,46.57,49.33,2.76,0.05926562164483573
10977,2025-07-01,1176,45.1,46.17,1.07,0.023725055432372504
10978,2025-07-01,1177,60.79,63.76,2.97,0.04885671985523935
10979,2025-07-01,1178,43.02,43.88,0.86,0.0199907019990702
10980,2025-07-01,1179,49.41,47.91,-1.5,-0.030358227079538554
10981,2025-07-01,1180,88.24,91.97,3.73,0.04227107887579329
10982,2025-07-01,1181,85.85,82.35,-3.5,-0.040768782760629
10983,2025-07-01,1182,116.99,111.35,-5.64,-0.048209248653731086
10984,2025-07-01,1183,125.29,120.61,-4.68,-0.037353340250618566
10985,2025-07-01,1184,99.12,99.9,0.78,0.007869249394673124
10986,2025-07-01,1185,85.76,85.04,-0.72,-0.008395522388059701
10987,2025-07-01,1186,89.1,93.16,4.06,0.04556677890011223
10988,2025-07-01,1187,130.85,130.46,-0.39,-0.002980512036683225
10989,2025-07-01,1188,93.95,89.51,-4.44,-0.04725918041511442
10990,2025-07-01,1189,91.33,95.56,4.23,0.04631555896200591
10991,2025-07-01,1190,60.7,62.39,1.69,0.027841845140032948
10992,2025-07-01,1191,73.4,70.61,-2.79,-0.03801089918256131
10993,2025-07-01,1192,118.43,125.2,6.77,0.057164569788060456
10994,2025-07-01,1193,111.07,109.71,-1.36,-0.012244530476276222
10995,2025-07-01,1194,139.39,139.36,-0.03,-0.0002152234737068656
10996,2025-07-01,1195,91.14,93.08,1.94,0.021285933728330042
10997,2025-07-01,1196,108.07,109.58,1.51,0.013972425279911169
10998,2025-07-01,1197,108.2,108.97,0.77,0.0071164510166358596
10999,2025-07-01,1198,121.47,121.16,-0.31,-0.0025520704700749157
11000,2025-07-01,1199,117.4,121.71,4.31,0.03671209540034071
11001,2025-08-01,1000,785.4,781.93,-3.47,-0.004418130888719124
11002,2025-08-01,1001,775.89,773.84,-2.05,-0.002642127105646419
11003,2025-08-01,1002,812.15,840.34,28.19,0.034710336760450655
11004,2025-08-01,1003,846.68,806.13,-40.55,-0.047892946567770586
11005,2025-08-01,1004,855.81,890.73,34.92,0.040803449363760645
11006,2025-08-01,1005,926.32,933.75,7.43,0.008020986268244235
11007,2025-08-01,1006,797.77,832.54,34.77,0.043583990373165196
11008,2025-08-01,1007,1063.25,1075.07,11.82,0.011116858687984952
11009,2025-08-01,1008,738.43,738.69,0.26,0.0003520983708679224
11010,2025-08-01,1009,617.97,657.99,40.02,0.0647604252633623
11011,2025-08-01,1010,598.73,602.35,3.62,0.006046130977235148
11012,2025-08-01,1011,748.55,790.45,41.9,0.055974884777235986
11013,2025-08-01,1012,809.52,793.65,-15.87,-0.019604209902164247
11014,2025-08-01,1013,593.35,630.15,36.8,0.06202072975478217
11015,2025-08-01,1014,631.14,612.95,-18.19,-0.028820863833697752
11016,2025-08-01,1015,571.36,551.53,-19.83,-0.03470666479977597
11017,2025-08-01,1016,798.01,825.98,27.97,0.03504968609415922
11018,2025-08-01,1017,856.06,825.22,-30.84,-0.03602551223045114
11019,2025-08-01,1018,648.81,681.29,32.48,0.05006088068926188
11020,2025-08-01,1019,688.64,655.78,-32.86,-0.04771723977695167
11021,2025-08-01,1020,583.07,605.65,22.58,0.03872605347556897
11022,2025-08-01,1021,404.86,396.62,-8.24,-0.020352714518599022
11023,2025-08-01,1022,542.51,567.64,25.13,0.046321726788446295
11024,2025-08-01,1023,497.75,503.34,5.59,0.011230537418382721
11025,2025-08-01,1024,457.08,452.13,-4.95,-0.010829614071934892
11026,2025-08-01,1025,445.35,443.8,-1.55,-0.003480408667340294
11027,2025-08-01,1026,461.1,451.14,-9.96,-0.021600520494469748
11028,2025-08-01,1027,631.78,616.6,-15.18,-0.024027351293171673
11029,2025-08-01,1028,510.8,500.25,-10.55,-0.020653876272513704
11030,2025-08-01,1029,542.24,576.96,34.72,0.06403068751844201
11031,2025-08-01,1030,434.16,417.84,-16.32,-0.037589828634604756
11032,2025-08-01,1031,582.58,586.62,4.04,0.006934669916577981
11033,2025-08-01,1032,504.15,500.62,-3.53,-0.007001884359813548
11034,2025-08-01,1033,593.89,579.68,-14.21,-0.02392698984660459
11035,2025-08-01,1034,515.82,502.41,-13.41,-0.025997440967779457
11036,2025-08-01,1035,613.71,617.86,4.15,0.006762151504782389
11037,2025-08-01,1036,478.16,504.41,26.25,0.05489794211142714
11038,2025-08-01,1037,625.66,607.86,-17.8,-0.028449956845571077
11039,2025-08-01,1038,411.63,429.97,18.34,0.04455457571119695
11040,2025-08-01,1039,703.24,713.7,10.46,0.014874011717194699
11041,2025-08-01,1040,291.46,304.34,12.88,0.0441913127015714
11042,2025-08-01,1041,280.51,289.42,8.91,0.03176357349114114
11043,2025-08-01,1042,344.53,360.92,16.39,0.047572054683191596
11044,2025-08-01,1043,362.7,346.23,-16.47,-0.04540942928039702
11045,2025-08-01,1044,292.99,292.61,-0.38,-0.00129697259292126
11046,2025-08-01,1045,301.61,296.94,-4.67,-0.015483571499618713
11047,2025-08-01,1046,383.72,371.3,-12.42,-0.03236735119357865
11048,2025-08-01,1047,292.35,292.23,-0.12,-0.0004104669061056952
11049,2025-08-01,1048,326.96,346.41,19.45,0.05948739907022266
11050,2025-08-01,1049,436.41,462.97,26.56,0.06086020027038794
11051,2025-08-01,1050,331.64,348.17,16.53,0.049843203473646125
11052,2025-08-01,1051,312.53,304.03,-8.5,-0.02719738905065114
11053,2025-08-01,1052,322.79,327.78,4.99,0.015458967130332414
11054,2025-08-01,1053,391.62,375.61,-16.01,-0.040881466727950566
11055,2025-08-01,1054,384.45,408.64,24.19,0.06292105605410327
11056,2025-08-01,1055,325.17,333.68,8.51,0.026170925977181167
11057,2025-08-01,1056,318.21,311.13,-7.08,-0.02224945790515697
11058,2025-08-01,1057,344.42,362.59,18.17,0.05275535683177516
11059,2025-08-01,1058,288.2,302.89,14.69,0.050971547536433036
11060,2025-08-01,1059,312.59,315.57,2.98,0.009533254422726255
11061,2025-08-01,1060,75.11,78.65,3.54,0.04713087471708161
11062,2025-08-01,1061,160.49,159.63,-0.86,-0.005358589320206867
11063,2025-08-01,1062,123.45,121.89,-1.56,-0.012636695018226002
11064,2025-08-01,1063,100.11,107.07,6.96,0.06952352412346419
11065,2025-08-01,1064,94.66,95.58,0.92,0.009718994295372914
11066,2025-08-01,1065,95.44,97.83,2.39,0.025041911148365466
11067,2025-08-01,1066,102.52,107.13,4.61,0.04496683573936793
11068,2025-08-01,1067,104.58,102.32,-2.26,-0.021610250525913175
11069,2025-08-01,1068,125.07,133.43,8.36,0.06684256816182937
11070,2025-08-01,1069,118.84,125.78,6.94,0.058397845843150456
11071,2025-08-01,1070,141.58,143.79,2.21,0.015609549371380139
11072,2025-08-01,1071,107.79,102.85,-4.94,-0.045829854346414324
11073,2025-08-01,1072,135.54,134.91,-0.63,-0.004648074369189907
11074,2025-08-01,1073,95.48,98.6,3.12,0.032677000418935905
11075,2025-08-01,1074,105.87,106.4,0.53,0.00500613960517616
11076,2025-08-01,1075,177.2,176.37,-0.83,-0.004683972911963883
11077,2025-08-01,1076,118.72,126.34,7.62,0.06418463611859838
11078,2025-08-01,1077,160.68,169.46,8.78,0.05464276823500124
11079,2025-08-01,1078,118.7,127.24,8.54,0.07194608256107834
11080,2025-08-01,1079,100.52,101.88,1.36,0.013529645841623557
11081,2025-08-01,1080,635.76,636.13,0.37,0.0005819806216182207
11082,2025-08-01,1081,559.04,595.24,36.2,0.06475386376645678
11083,2025-08-01,1082,578.25,620.08,41.83,0.07233895373973195
11084,2025-08-01,1083,624.43,626.16,1.73,0.0027705267203689764
11085,2025-08-01,1084,440.05,425.1,-14.95,-0.033973412112259974
11086,2025-08-01,1085,514.14,532.13,17.99,0.0349904695219201
11087,2025-08-01,1086,458.69,441.6,-17.09,-0.03725827901196887
11088,2025-08-01,1087,340.48,332.63,-7.85,-0.023055686090225565
11089,2025-08-01,1088,768.6,822.4,53.8,0.06999739786625032
11090,2025-08-01,1089,326.62,312.49,-14.13,-0.043261282223991185
11091,2025-08-01,1090,431.48,429.5,-1.98,-0.0045888569574487805
11092,2025-08-01,1091,494.22,523.48,29.26,0.05920440289749504
11093,2025-08-01,1092,477.81,477.04,-0.77,-0.0016115192231221614
11094,2025-08-01,1093,453.67,447.86,-5.81,-0.012806665638018824
11095,2025-08-01,1094,496.63,480.19,-16.44,-0.03310311499506675
11096,2025-08-01,1095,567.62,549.3,-18.32,-0.03227511363235968
11097,2025-08-01,1096,565.84,539.41,-26.43,-0.04670931712144776
11098,2025-08-01,1097,461.78,486.55,24.77,0.0536402615964312
11099,2025-08-01,1098,430.65,432.31,1.66,0.003854638337396958
11100,2025-08-01,1099,607.32,623.52,16.2,0.026674570243034972
11101,2025-08-01,1100,958.47,935.4,-23.07,-0.024069610942439514
11102,2025-08-01,1101,968.79,969.39,0.6,0.0006193292664044839
11103,2025-08-01,1102,1177.55,1132.14,-45.41,-0.038563118338924035
11104,2025-08-01,1103,1233.48,1255.75,22.27,0.018054609722087105
11105,2025-08-01,1104,942.07,914.13,-27.94,-0.029658093347628096
11106,2025-08-01,1105,934.07,907.31,-26.76,-0.02864881646985772
11107,2025-08-01,1106,985.14,1009.85,24.71,0.0250827293582638
11108,2025-08-01,1107,924.71,977.43,52.72,0.05701246877399401
11109,2025-08-01,1108,1044.24,1110.08,65.84,0.0630506396996859
11110,2025-08-01,1109,1056.24,1032.91,-23.33,-0.02208778307960312
11111,2025-08-01,1110,859.11,925.22,66.11,0.07695172911501437
11112,2025-08-01,1111,1237.04,1304.01,66.97,0.054137295479531784
11113,2025-08-01,1112,957.56,961.15,3.59,0.0037491123271648774
11114,2025-08-01,1113,992.83,1040.62,47.79,0.048135128874026774
11115,2025-08-01,1114,1293.83,1251.12,-42.71,-0.033010519156303375
11116,2025-08-01,1115,987.46,1053.46,66.0,0.0668381504060924
11117,2025-08-01,1116,1059.14,1107.51,48.37,0.04566912778291821
11118,2025-08-01,1117,1093.57,1097.98,4.41,0.004032663661219675
11119,2025-08-01,1118,945.41,1013.24,67.83,0.07174664960176008
11120,2025-08-01,1119,830.77,886.58,55.81,0.06717864150125787
11121,2025-08-01,1120,66.69,69.92,3.23,0.04843304843304843
11122,2025-08-01,1121,75.03,78.3,3.27,0.04358256697321072
11123,2025-08-01,1122,53.46,54.42,0.96,0.017957351290684626
11124,2025-08-01,1123,64.93,67.44,2.51,0.03865701524718928
11125,2025-08-01,1124,54.54,54.19,-0.35,-0.006417308397506418
11126,2025-08-01,1125,66.4,64.45,-1.95,-0.029367469879518073
11127,2025-08-01,1126,58.92,59.39,0.47,0.007976917854718261
11128,2025-08-01,1127,50.81,49.73,-1.08,-0.02125565833497343
11129,2025-08-01,1128,75.39,76.06,0.67,0.00888712030773312
11130,2025-08-01,1129,42.52,42.47,-0.05,-0.0011759172154280338
11131,2025-08-01,1130,57.0,60.43,3.43,0.06017543859649123
11132,2025-08-01,1131,63.33,65.82,2.49,0.039317858834675506
11133,2025-08-01,1132,77.36,75.99,-1.37,-0.017709410548086866
11134,2025-08-01,1133,56.65,58.02,1.37,0.02418358340688438
11135,2025-08-01,1134,80.89,83.11,2.22,0.027444677957720362
11136,2025-08-01,1135,59.75,59.71,-0.04,-0.0006694560669456066
11137,2025-08-01,1136,57.58,54.77,-2.81,-0.048801667245571376
11138,2025-08-01,1137,53.48,55.14,1.66,0.031039640987284966
11139,2025-08-01,1138,52.92,53.63,0.71,0.013416477702191988
11140,2025-08-01,1139,61.04,58.22,-2.82,-0.04619921363040629
11141,2025-08-01,1140,776.75,740.7,-36.05,-0.04641132925651754
11142,2025-08-01,1141,649.05,635.05,-14.0,-0.021569986903936522
11143,2025-08-01,1142,690.32,683.97,-6.35,-0.009198632518252405
11144,2025-08-01,1143,645.92,676.56,30.64,0.04743621501114689
11145,2025-08-01,1144,741.42,752.28,10.86,0.014647568179978959
11146,2025-08-01,1145,739.15,721.3,-17.85,-0.024149360752215382
11147,2025-08-01,1146,550.97,558.92,7.95,0.014429097773018495
11148,2025-08-01,1147,750.12,745.62,-4.5,-0.005999040153575428
11149,2025-08-01,1148,667.46,637.63,-29.83,-0.04469181673808168
11150,2025-08-01,1149,740.18,759.74,19.56,0.026426004485395446
11151,2025-08-01,1150,580.15,576.82,-3.33,-0.005739894854778937
11152,2025-08-01,1151,563.63,571.77,8.14,0.014442098539822224
11153,2025-08-01,1152,720.09,690.23,-29.86,-0.041467038842366924
11154,2025-08-01,1153,620.04,655.57,35.53,0.057302754660989615
11155,2025-08-01,1154,751.12,778.24,27.12,0.03610608158483332
11156,2025-08-01,1155,602.46,632.32,29.86,0.04956345649503702
11157,2025-08-01,1156,519.4,555.58,36.18,0.06965729688101656
11158,2025-08-01,1157,572.06,606.89,34.83,0.06088522182987798
11159,2025-08-01,1158,778.76,765.3,-13.46,-0.017283887205300736
11160,2025-08-01,1159,667.13,701.25,34.12,0.051144454604050184
11161,2025-08-01,1160,51.1,48.88,-2.22,-0.04344422700587084
11162,2025-08-01,1161,44.47,44.13,-0.34,-0.007645603777827749
11163,2025-08-01,1162,49.17,49.49,0.32,0.006508033353670938
11164,2025-08-01,1163,47.64,46.24,-1.4,-0.02938706968933669
11165,2025-08-01,1164,35.48,36.79,1.31,0.036922209695603156
11166,2025-08-01,1165,44.06,42.0,-2.06,-0.04675442578302315
11167,2025-08-01,1166,43.35,43.09,-0.26,-0.0059976931949250285
11168,2025-08-01,1167,66.95,65.08,-1.87,-0.02793129200896191
11169,2025-08-01,1168,50.81,54.87,4.06,0.07990553040740012
11170,2025-08-01,1169,61.35,63.59,2.24,0.036511817440912794
11171,2025-08-01,1170,41.46,42.66,1.2,0.02894356005788712
11172,2025-08-01,1171,36.64,36.64,0.0,0.0
11173,2025-08-01,1172,52.82,51.92,-0.9,-0.01703900037864445
11174,2025-08-01,1173,54.33,52.11,-2.22,-0.04086140254003313
11175,2025-08-01,1174,48.46,47.52,-0.94,-0.01939744118860916
11176,2025-08-01,1175,47.98,51.6,3.62,0.07544810337640684
11177,2025-08-01,1176,43.87,46.12,2.25,0.05128789605653066
11178,2025-08-01,1177,62.34,66.3,3.96,0.06352261790182868
11179,2025-08-01,1178,42.11,43.38,1.27,0.0301591071004512
11180,2025-08-01,1179,46.2,44.41,-1.79,-0.03874458874458874
11181,2025-08-01,1180,83.65,84.51,0.86,0.010280932456664674
11182,2025-08-01,1181,82.84,85.74,2.9,0.0350072428778368
11183,2025-08-01,1182,109.62,108.2,-1.42,-0.012953840540047437
11184,2025-08-01,1183,125.92,134.8,8.88,0.07052096569250317
11185,2025-08-01,1184,102.22,107.47,5.25,0.05135981216982978
11186,2025-08-01,1185,85.23,90.5,5.27,0.061832688020650006
11187,2025-08-01,1186,85.79,88.82,3.03,0.03531880172514279
11188,2025-08-01,1187,129.6,132.58,2.98,0.022993827160493828
11189,2025-08-01,1188,98.65,106.05,7.4,0.07501267105930055
11190,2025-08-01,1189,93.7,96.28,2.58,0.027534685165421558
11191,2025-08-01,1190,61.81,65.17,3.36,0.05436013590033975
11192,2025-08-01,1191,73.71,70.51,-3.2,-0.04341337674671008
11193,2025-08-01,1192,114.31,120.22,5.91,0.05170151342839647
11194,2025-08-01,1193,108.23,106.49,-1.74,-0.016076873325325695
11195,2025-08-01,1194,131.05,130.61,-0.44,-0.0033574971384967567
11196,2025-08-01,1195,92.04,87.86,-4.18,-0.04541503694046067
11197,2025-08-01,1196,107.65,113.65,6.0,0.0557361820715281
11198,2025-08-01,1197,105.48,112.01,6.53,0.06190747061054228
11199,2025-08-01,1198,119.73,126.36,6.63,0.05537459283387622
11200,2025-08-01,1199,118.95,114.11,-4.84,-0.04068936527952921
11201,2025-09-01,1000,752.28,749.72,-2.56,-0.0034029882490562023
11202,2025-09-01,1001,753.67,811.74,58.07,0.07704963710907957
11203,2025-09-01,1002,783.58,756.22,-27.36,-0.034916664539676866
11204,2025-09-01,1003,856.11,817.82,-38.29,-0.044725560967632666
11205,2025-09-01,1004,887.59,948.16,60.57,0.06824096711319415
11206,2025-09-01,1005,889.45,882.28,-7.17,-0.008061161391871382
11207,2025-09-01,1006,766.25,774.61,8.36,0.010910277324632952
11208,2025-09-01,1007,1038.95,1025.92,-13.03,-0.012541508253525194
11209,2025-09-01,1008,761.7,752.22,-9.48,-0.012445844820795589
11210,2025-09-01,1009,631.91,648.29,16.38,0.025921412859426184
11211,2025-09-01,1010,600.19,589.07,-11.12,-0.018527466302337592
11212,2025-09-01,1011,724.86,697.37,-27.49,-0.037924564743536684
11213,2025-09-01,1012,823.21,815.47,-7.74,-0.009402218146038071
11214,2025-09-01,1013,577.67,600.89,23.22,0.04019595963093116
11215,2025-09-01,1014,644.1,626.0,-18.1,-0.028101226517621487
11216,2025-09-01,1015,589.82,562.57,-27.25,-0.046200535756671525
11217,2025-09-01,1016,767.78,754.63,-13.15,-0.017127302091745032
11218,2025-09-01,1017,866.45,913.4,46.95,0.054186623578971665
11219,2025-09-01,1018,622.17,597.32,-24.85,-0.039940852178665
11220,2025-09-01,1019,689.36,743.92,54.56,0.07914587443425786
11221,2025-09-01,1020,578.16,550.37,-27.79,-0.04806627923066279
11222,2025-09-01,1021,416.48,398.66,-17.82,-0.0427871686515559
11223,2025-09-01,1022,543.73,537.84,-5.89,-0.010832582347856473
11224,2025-09-01,1023,498.51,535.22,36.71,0.07363944554773225
11225,2025-09-01,1024,447.93,429.53,-18.4,-0.04107784698501998
11226,2025-09-01,1025,464.46,496.51,32.05,0.06900486586573655
11227,2025-09-01,1026,463.28,451.36,-11.92,-0.02572958038335348
11228,2025-09-01,1027,662.03,667.78,5.75,0.008685407005724816
11229,2025-09-01,1028,514.7,491.8,-22.9,-0.04449193705070915
11230,2025-09-01,1029,520.74,535.75,15.01,0.028824365326266466
11231,2025-09-01,1030,433.73,458.62,24.89,0.05738593133977359
11232,2025-09-01,1031,607.81,589.02,-18.79,-0.03091426597127392
11233,2025-09-01,1032,480.18,493.04,12.86,0.02678162355783248
11234,2025-09-01,1033,589.86,561.44,-28.42,-0.048180924287118974
11235,2025-09-01,1034,517.69,518.17,0.48,0.0009271958121655817
11236,2025-09-01,1035,594.04,615.37,21.33,0.03590667295131641
11237,2025-09-01,1036,477.43,503.48,26.05,0.05456297258236809
11238,2025-09-01,1037,612.99,632.29,19.3,0.031485016068777634
11239,2025-09-01,1038,416.02,411.11,-4.91,-0.01180231719628864
11240,2025-09-01,1039,686.49,661.67,-24.82,-0.03615493306530321
11241,2025-09-01,1040,293.32,290.8,-2.52,-0.008591299604527479
11242,2025-09-01,1041,282.07,301.1,19.03,0.06746552274258164
11243,2025-09-01,1042,360.61,351.03,-9.58,-0.02656609633676271
11244,2025-09-01,1043,362.44,350.92,-11.52,-0.03178457123937755
11245,2025-09-01,1044,301.7,291.31,-10.39,-0.03443818362611866
11246,2025-09-01,1045,303.46,322.36,18.9,0.062281684571277925
11247,2025-09-01,1046,384.2,395.15,10.95,0.028500780843310775
11248,2025-09-01,1047,290.29,312.45,22.16,0.07633745564780048
11249,2025-09-01,1048,338.72,353.92,15.2,0.04487482286254133
11250,2025-09-01,1049,449.3,474.0,24.7,0.054974404629423546
11251,2025-09-01,1050,344.1,329.24,-14.86,-0.04318512060447544
11252,2025-09-01,1051,324.43,325.04,0.61,0.0018802206947569583
11253,2025-09-01,1052,329.93,343.24,13.31,0.040341890704088744
11254,2025-09-01,1053,415.08,437.39,22.31,0.053748674954225695
11255,2025-09-01,1054,358.66,384.08,25.42,0.07087492332571238
11256,2025-09-01,1055,334.22,350.74,16.52,0.04942852013643708
11257,2025-09-01,1056,293.64,283.75,-9.89,-0.033680697452663125
11258,2025-09-01,1057,331.66,318.77,-12.89,-0.03886510281613701
11259,2025-09-01,1058,294.78,290.93,-3.85,-0.013060587556822037
11260,2025-09-01,1059,319.17,311.43,-7.74,-0.02425039947363474
11261,2025-09-01,1060,78.96,84.08,5.12,0.06484295845997974
11262,2025-09-01,1061,158.36,161.52,3.16,0.019954533973225563
11263,2025-09-01,1062,121.21,119.51,-1.7,-0.014025245441795231
11264,2025-09-01,1063,94.37,100.86,6.49,0.06877185546254107
11265,2025-09-01,1064,99.38,98.23,-1.15,-0.011571744817870799
11266,2025-09-01,1065,100.4,101.1,0.7,0.0069721115537848604
11267,2025-09-01,1066,106.05,103.27,-2.78,-0.026214049976426214
11268,2025-09-01,1067,95.97,93.35,-2.62,-0.02730019797853496
11269,2025-09-01,1068,129.53,129.46,-0.07,-0.0005404153477958774
11270,2025-09-01,1069,118.4,120.69,2.29,0.019341216216216216
11271,2025-09-01,1070,140.54,150.79,10.25,0.07293297281912622
11272,2025-09-01,1071,103.11,98.99,-4.12,-0.039957327126369895
11273,2025-09-01,1072,139.66,140.93,1.27,0.009093512816840899
11274,2025-09-01,1073,99.12,102.39,3.27,0.032990314769975784
11275,2025-09-01,1074,107.47,110.84,3.37,0.031357588164138826
11276,2025-09-01,1075,163.03,156.45,-6.58,-0.040360669815371404
11277,2025-09-01,1076,120.87,125.77,4.9,0.04053942252006288
11278,2025-09-01,1077,161.59,173.78,12.19,0.0754378364997834
11279,2025-09-01,1078,117.21,125.33,8.12,0.06927736541250747
11280,2025-09-01,1079,97.84,103.1,5.26,0.05376124284546198
11281,2025-09-01,1080,642.2,631.99,-10.21,-0.015898473995639987
11282,2025-09-01,1081,530.95,551.1,20.15,0.03795084282889161
11283,2025-09-01,1082,584.25,559.89,-24.36,-0.04169448010269576
11284,2025-09-01,1083,639.39,628.59,-10.8,-0.016891099329048
11285,2025-09-01,1084,441.54,434.29,-7.25,-0.01641980341531911
11286,2025-09-01,1085,486.99,476.31,-10.68,-0.021930635125977947
11287,2025-09-01,1086,453.61,451.47,-2.14,-0.004717709045215053
11288,2025-09-01,1087,361.27,377.88,16.61,0.04597669333185706
11289,2025-09-01,1088,781.71,778.42,-3.29,-0.004208721904542605
11290,2025-09-01,1089,330.68,321.57,-9.11,-0.027549292367243256
11291,2025-09-01,1090,432.34,454.86,22.52,0.05208863394550585
11292,2025-09-01,1091,515.49,496.77,-18.72,-0.03631496246289938
11293,2025-09-01,1092,482.21,475.23,-6.98,-0.014475021256299122
11294,2025-09-01,1093,421.47,446.38,24.91,0.059102664483830405
11295,2025-09-01,1094,491.31,499.78,8.47,0.01723962467688425
11296,2025-09-01,1095,560.31,571.18,10.87,0.01939997501383163
11297,2025-09-01,1096,586.33,603.7,17.37,0.029624955229989938
11298,2025-09-01,1097,467.03,479.88,12.85,0.02751429244374023
11299,2025-09-01,1098,418.86,441.98,23.12,0.05519744067230101
11300,2025-09-01,1099,607.56,591.32,-16.24,-0.026729870300875633
11301,2025-09-01,1100,953.86,1001.2,47.34,0.04962992472689912
11302,2025-09-01,1101,929.45,921.81,-7.64,-0.008219915003496692
11303,2025-09-01,1102,1221.89,1223.82,1.93,0.0015795202514137933
11304,2025-09-01,1103,1242.05,1240.87,-1.18,-0.0009500422688297572
11305,2025-09-01,1104,993.46,944.76,-48.7,-0.04902059468926781
11306,2025-09-01,1105,1037.21,1045.65,8.44,0.0081372142574792
11307,2025-09-01,1106,1009.4,994.95,-14.45,-0.014315434911828809
11308,2025-09-01,1107,971.32,939.32,-32.0,-0.03294485854301363
11309,2025-09-01,1108,1074.28,1143.42,69.14,0.06435938489034516
11310,2025-09-01,1109,1086.26,1039.28,-46.98,-0.04324931416051406
11311,2025-09-01,1110,887.85,950.92,63.07,0.07103677422988118
11312,2025-09-01,1111,1278.64,1365.68,87.04,0.06807232684727522
11313,2025-09-01,1112,891.02,934.64,43.62,0.048955130075643644
11314,2025-09-01,1113,1020.49,1094.25,73.76,0.07227900322394144
11315,2025-09-01,1114,1222.76,1166.82,-55.94,-0.04574896136608983
11316,2025-09-01,1115,1031.52,1000.89,-30.63,-0.02969404374127501
11317,2025-09-01,1116,1051.95,1009.45,-42.5,-0.040401159750938734
11318,2025-09-01,1117,1115.36,1081.87,-33.49,-0.030026179888107875
11319,2025-09-01,1118,960.47,939.4,-21.07,-0.021937176590627504
11320,2025-09-01,1119,840.98,839.31,-1.67,-0.0019857784965159695
11321,2025-09-01,1120,69.28,73.86,4.58,0.06610854503464203
11322,2025-09-01,1121,72.46,72.95,0.49,0.006762351642285399
11323,2025-09-01,1122,52.59,54.92,2.33,0.04430500095075109
11324,2025-09-01,1123,63.02,59.92,-3.1,-0.049190733100602985
11325,2025-09-01,1124,54.86,57.12,2.26,0.04119577105359096
11326,2025-09-01,1125,67.76,65.14,-2.62,-0.03866587957497048
11327,2025-09-01,1126,57.11,59.63,2.52,0.04412537208895115
11328,2025-09-01,1127,49.36,47.18,-2.18,-0.044165316045380876
11329,2025-09-01,1128,74.6,73.05,-1.55,-0.020777479892761394
11330,2025-09-01,1129,42.68,42.56,-0.12,-0.0028116213683223993
11331,2025-09-01,1130,56.36,53.78,-2.58,-0.04577714691270404
11332,2025-09-01,1131,65.37,67.07,1.7,0.026005813064096682
11333,2025-09-01,1132,78.33,78.15,-0.18,-0.0022979701263883567
11334,2025-09-01,1133,59.1,58.8,-0.3,-0.005076142131979695
11335,2025-09-01,1134,83.55,80.48,-3.07,-0.03674446439257929
11336,2025-09-01,1135,59.27,57.98,-1.29,-0.021764805129070357
11337,2025-09-01,1136,55.7,55.45,-0.25,-0.004488330341113106
11338,2025-09-01,1137,54.65,57.78,3.13,0.05727355901189387
11339,2025-09-01,1138,52.51,50.84,-1.67,-0.031803466006474955
11340,2025-09-01,1139,63.36,60.53,-2.83,-0.04466540404040404
11341,2025-09-01,1140,758.14,732.6,-25.54,-0.033687709394043315
11342,2025-09-01,1141,629.1,661.26,32.16,0.05112064854554125
11343,2025-09-01,1142,672.37,682.17,9.8,0.014575308238023707
11344,2025-09-01,1143,676.79,672.01,-4.78,-0.0070627521092214715
11345,2025-09-01,1144,763.82,794.79,30.97,0.040546201984760805
11346,2025-09-01,1145,714.92,703.63,-11.29,-0.015791976724668495
11347,2025-09-01,1146,552.15,561.77,9.62,0.017422801774880016
11348,2025-09-01,1147,767.02,772.77,5.75,0.007496545070532711
11349,2025-09-01,1148,686.2,681.12,-5.08,-0.007403089478286214
11350,2025-09-01,1149,694.67,725.9,31.23,0.04495659809693812
11351,2025-09-01,1150,603.54,642.6,39.06,0.06471816283924843
11352,2025-09-01,1151,590.54,577.63,-12.91,-0.021861347241507772
11353,2025-09-01,1152,690.77,744.95,54.18,0.07843421109776047
11354,2025-09-01,1153,630.71,631.51,0.8,0.001268411789887587
11355,2025-09-01,1154,780.14,781.59,1.45,0.0018586407567872433
11356,2025-09-01,1155,604.8,634.25,29.45,0.04869378306878307
11357,2025-09-01,1156,512.52,548.3,35.78,0.06981190977913057
11358,2025-09-01,1157,562.18,565.18,3.0,0.005336369134440926
11359,2025-09-01,1158,767.17,821.37,54.2,0.07064926939270305
11360,2025-09-01,1159,665.99,698.29,32.3,0.04849922671511584
11361,2025-09-01,1160,54.33,51.77,-2.56,-0.047119455181299466
11362,2025-09-01,1161,44.77,47.2,2.43,0.05427741791378155
11363,2025-09-01,1162,48.49,49.35,0.86,0.01773561559084347
11364,2025-09-01,1163,49.73,51.75,2.02,0.04061934446008446
11365,2025-09-01,1164,35.52,35.84,0.32,0.009009009009009009
11366,2025-09-01,1165,45.69,48.38,2.69,0.058875027358284086
11367,2025-09-01,1166,43.22,45.11,1.89,0.043729754743174455
11368,2025-09-01,1167,63.44,68.11,4.67,0.07361286254728877
11369,2025-09-01,1168,48.88,48.98,0.1,0.00204582651391162
11370,2025-09-01,1169,56.75,55.31,-1.44,-0.025374449339207048
11371,2025-09-01,1170,40.84,41.71,0.87,0.021302644466209598
11372,2025-09-01,1171,34.61,34.58,-0.03,-0.0008668015024559375
11373,2025-09-01,1172,52.44,51.76,-0.68,-0.012967200610221205
11374,2025-09-01,1173,55.54,57.58,2.04,0.036730284479654304
11375,2025-09-01,1174,51.12,52.15,1.03,0.02014866979655712
11376,2025-09-01,1175,47.57,45.71,-1.86,-0.03910027328147993
11377,2025-09-01,1176,45.1,46.09,0.99,0.02195121951219512
11378,2025-09-01,1177,61.58,64.85,3.27,0.05310165638194219
11379,2025-09-01,1178,42.56,45.16,2.6,0.06109022556390977
11380,2025-09-01,1179,47.37,46.86,-0.51,-0.010766307789740342
11381,2025-09-01,1180,84.85,85.91,1.06,0.01249263406010607
11382,2025-09-01,1181,85.53,85.48,-0.05,-0.00058459020226821
11383,2025-09-01,1182,112.44,116.54,4.1,0.03646389185343294
11384,2025-09-01,1183,131.98,125.6,-6.38,-0.048340657675405366
11385,2025-09-01,1184,98.4,105.92,7.52,0.07642276422764227
11386,2025-09-01,1185,89.04,91.41,2.37,0.026617250673854446
11387,2025-09-01,1186,86.63,85.33,-1.3,-0.015006348839893801
11388,2025-09-01,1187,133.04,137.78,4.74,0.035628382441371016
11389,2025-09-01,1188,94.88,101.33,6.45,0.06798060708263069
11390,2025-09-01,1189,92.16,87.71,-4.45,-0.048285590277777776
11391,2025-09-01,1190,61.56,62.71,1.15,0.018680961663417803
11392,2025-09-01,1191,77.11,80.39,3.28,0.042536635974581766
11393,2025-09-01,1192,111.18,117.46,6.28,0.05648497931282605
11394,2025-09-01,1193,116.13,113.77,-2.36,-0.020322052871781623
11395,2025-09-01,1194,135.99,141.91,5.92,0.043532612692109715
11396,2025-09-01,1195,90.3,88.59,-1.71,-0.01893687707641196
11397,2025-09-01,1196,101.02,108.15,7.13,0.07058008315185112
11398,2025-09-01,1197,107.54,113.05,5.51,0.05123674911660778
11399,2025-09-01,1198,116.32,113.26,-3.06,-0.026306740027510316
11400,2025-09-01,1199,119.57,127.79,8.22,0.06874634105544869
11401,2025-10-01,1000,760.54,787.94,27.4,0.03602703342362006
11402,2025-10-01,1001,795.28,814.83,19.55,0.02458253696811186
11403,2025-10-01,1002,756.35,735.4,-20.95,-0.027698816685396973
11404,2025-10-01,1003,840.79,839.08,-1.71,-0.002033801543786201
11405,2025-10-01,1004,812.31,799.35,-12.96,-0.015954500129260998
11406,2025-10-01,1005,880.54,867.29,-13.25,-0.015047584436822858
11407,2025-10-01,1006,761.16,798.47,37.31,0.04901728940038888
11408,2025-10-01,1007,1027.87,1035.48,7.61,0.00740365999591388
11409,2025-10-01,1008,749.99,788.79,38.8,0.05173402312030827
11410,2025-10-01,1009,607.97,619.75,11.78,0.019375956050463015
11411,2025-10-01,1010,601.4,635.52,34.12,0.056734286664449615
11412,2025-10-01,1011,748.22,796.22,48.0,0.0641522546844511
11413,2025-10-01,1012,806.54,794.08,-12.46,-0.015448706821732338
11414,2025-10-01,1013,615.16,611.46,-3.7,-0.00601469536380779
11415,2025-10-01,1014,638.14,618.68,-19.46,-0.030494875732597862
11416,2025-10-01,1015,593.5,602.02,8.52,0.014355518112889638
11417,2025-10-01,1016,793.03,824.12,31.09,0.0392040654199715
11418,2025-10-01,1017,868.53,922.65,54.12,0.06231218265344893
11419,2025-10-01,1018,628.41,623.39,-5.02,-0.007988415206632613
11420,2025-10-01,1019,682.32,663.87,-18.45,-0.02704009848751319
11421,2025-10-01,1020,578.56,613.75,35.19,0.06082342367256637
11422,2025-10-01,1021,427.39,414.51,-12.88,-0.03013640936849248
11423,2025-10-01,1022,581.43,567.79,-13.64,-0.02345940181965155
11424,2025-10-01,1023,482.89,475.49,-7.4,-0.015324401002298661
11425,2025-10-01,1024,427.24,453.89,26.65,0.06237711824735512
11426,2025-10-01,1025,431.55,450.99,19.44,0.04504692387904067
11427,2025-10-01,1026,451.51,434.62,-16.89,-0.037407809350844944
11428,2025-10-01,1027,682.06,695.62,13.56,0.019880948890126968
11429,2025-10-01,1028,541.2,572.37,31.17,0.057594235033259424
11430,2025-10-01,1029,527.43,525.78,-1.65,-0.003128377225413799
11431,2025-10-01,1030,444.9,429.12,-15.78,-0.035468644639244776
11432,2025-10-01,1031,563.17,585.9,22.73,0.0403608146740771
11433,2025-10-01,1032,507.23,504.17,-3.06,-0.006032766200737338
11434,2025-10-01,1033,565.13,585.82,20.69,0.036611045246226534
11435,2025-10-01,1034,486.88,483.85,-3.03,-0.006223299375616168
11436,2025-10-01,1035,612.3,636.81,24.51,0.04002939735423812
11437,2025-10-01,1036,467.27,477.88,10.61,0.02270635820831639
11438,2025-10-01,1037,628.97,667.3,38.33,0.06094090338171932
11439,2025-10-01,1038,413.65,393.79,-19.86,-0.048011604013054515
11440,2025-10-01,1039,672.33,656.36,-15.97,-0.023753216426457245
11441,2025-10-01,1040,293.33,288.54,-4.79,-0.01632973101967068
11442,2025-10-01,1041,272.85,274.46,1.61,0.005900678028220634
11443,2025-10-01,1042,355.22,342.98,-12.24,-0.03445751928382411
11444,2025-10-01,1043,355.77,374.49,18.72,0.052618264609157604
11445,2025-10-01,1044,302.44,296.74,-5.7,-0.01884671339769872
11446,2025-10-01,1045,316.08,332.44,16.36,0.05175904834219185
11447,2025-10-01,1046,383.92,397.04,13.12,0.034173786205459473
11448,2025-10-01,1047,309.34,327.8,18.46,0.059675438029352816
11449,2025-10-01,1048,326.37,337.72,11.35,0.03477648068143518
11450,2025-10-01,1049,454.29,453.82,-0.47,-0.0010345814347663385
11451,2025-10-01,1050,331.05,355.55,24.5,0.07400694759099834
11452,2025-10-01,1051,324.03,347.09,23.06,0.07116625003857667
11453,2025-10-01,1052,316.1,324.93,8.83,0.02793419803859538
11454,2025-10-01,1053,412.11,396.56,-15.55,-0.03773264419693771
11455,2025-10-01,1054,365.36,390.74,25.38,0.0694657324282899
11456,2025-10-01,1055,332.42,328.42,-4.0,-0.012032970338728115
11457,2025-10-01,1056,303.03,312.44,9.41,0.031053031053031054
11458,2025-10-01,1057,334.33,332.69,-1.64,-0.004905333054168038
11459,2025-10-01,1058,290.87,291.41,0.54,0.0018564994671158937
11460,2025-10-01,1059,317.34,320.05,2.71,0.008539736560156299
11461,2025-10-01,1060,77.92,83.6,5.68,0.0728952772073922
11462,2025-10-01,1061,171.15,181.51,10.36,0.06053169734151329
11463,2025-10-01,1062,125.35,135.19,9.84,0.07850019944156363
11464,2025-10-01,1063,98.75,101.44,2.69,0.027240506329113925
11465,2025-10-01,1064,93.95,100.76,6.81,0.07248536455561469
11466,2025-10-01,1065,93.93,97.63,3.7,0.039391035877781325
11467,2025-10-01,1066,103.16,105.24,2.08,0.02016285381930981
11468,2025-10-01,1067,100.57,107.74,7.17,0.07129362632991947
11469,2025-10-01,1068,129.57,139.01,9.44,0.07285637107355097
11470,2025-10-01,1069,116.53,117.43,0.9,0.007723333047283961
11471,2025-10-01,1070,138.23,135.99,-2.24,-0.01620487593141865
11472,2025-10-01,1071,105.05,107.36,2.31,0.02198952879581152
11473,2025-10-01,1072,132.92,136.19,3.27,0.02460126391814625
11474,2025-10-01,1073,93.71,97.98,4.27,0.045566108206167966
11475,2025-10-01,1074,105.27,109.67,4.4,0.04179728317659352
11476,2025-10-01,1075,166.23,159.36,-6.87,-0.04132828009384588
11477,2025-10-01,1076,120.74,124.27,3.53,0.0292363756832864
11478,2025-10-01,1077,165.71,167.88,2.17,0.01309516625429968
11479,2025-10-01,1078,118.69,126.11,7.42,0.0625157974555565
11480,2025-10-01,1079,100.65,101.67,1.02,0.010134128166915052
11481,2025-10-01,1080,635.61,654.07,18.46,0.02904296659901512
11482,2025-10-01,1081,557.49,588.48,30.99,0.055588441048269925
11483,2025-10-01,1082,590.08,577.96,-12.12,-0.020539587852494576
11484,2025-10-01,1083,604.25,627.81,23.56,0.038990484071162596
11485,2025-10-01,1084,452.54,484.66,32.12,0.07097715119105494
11486,2025-10-01,1085,495.2,519.19,23.99,0.04844507269789984
11487,2025-10-01,1086,449.92,470.84,20.92,0.04649715504978663
11488,2025-10-01,1087,347.67,346.43,-1.24,-0.0035666005119797508
11489,2025-10-01,1088,775.44,755.24,-20.2,-0.026049726606829672
11490,2025-10-01,1089,347.89,361.81,13.92,0.040012647675989534
11491,2025-10-01,1090,433.35,427.22,-6.13,-0.014145609784239068
11492,2025-10-01,1091,517.95,501.8,-16.15,-0.03118061588956463
11493,2025-10-01,1092,481.9,486.39,4.49,0.009317285743930277
11494,2025-10-01,1093,438.89,435.41,-3.48,-0.007929093850395315
11495,2025-10-01,1094,473.84,470.45,-3.39,-0.007154313692385616
11496,2025-10-01,1095,537.41,544.0,6.59,0.012262518375169796
11497,2025-10-01,1096,572.75,610.15,37.4,0.06529899607158446
11498,2025-10-01,1097,459.05,482.32,23.27,0.05069164579021893
11499,2025-10-01,1098,418.76,441.34,22.58,0.05392110039163244
11500,2025-10-01,1099,611.17,658.02,46.85,0.07665624948868563
11501,2025-10-01,1100,923.13,885.09,-38.04,-0.04120763056124273
11502,2025-10-01,1101,922.3,897.18,-25.12,-0.027236257183129133
11503,2025-10-01,1102,1199.37,1280.22,80.85,0.06741039045498887
11504,2025-10-01,1103,1191.5,1248.93,57.43,0.04819974821653378
11505,2025-10-01,1104,997.48,999.24,1.76,0.00176444640494045
11506,2025-10-01,1105,984.86,1055.58,70.72,0.071807160408586
11507,2025-10-01,1106,988.81,1015.21,26.4,0.026698759114491155
11508,2025-10-01,1107,904.44,917.96,13.52,0.01494847640528946
11509,2025-10-01,1108,1034.65,1091.66,57.01,0.05510075871067511
11510,2025-10-01,1109,1053.98,1022.51,-31.47,-0.02985825157972637
11511,2025-10-01,1110,852.15,824.16,-27.99,-0.032846329871501496
11512,2025-10-01,1111,1275.57,1343.39,67.82,0.053168387465995594
11513,2025-10-01,1112,923.6,885.73,-37.87,-0.041002598527501086
11514,2025-10-01,1113,1011.28,999.73,-11.55,-0.011421169211296574
11515,2025-10-01,1114,1265.51,1235.37,-30.14,-0.02381648505345671
11516,2025-10-01,1115,1004.24,991.54,-12.7,-0.012646379351549431
11517,2025-10-01,1116,1037.23,1037.67,0.44,0.0004242067815238664
11518,2025-10-01,1117,1068.84,1023.07,-45.77,-0.04282212492047453
11519,2025-10-01,1118,957.55,985.14,27.59,0.02881311680852175
11520,2025-10-01,1119,885.47,893.3,7.83,0.008842761471309022
11521,2025-10-01,1120,70.81,70.26,-0.55,-0.007767264510662336
11522,2025-10-01,1121,73.33,77.32,3.99,0.05441156416200736
11523,2025-10-01,1122,55.8,53.26,-2.54,-0.04551971326164875
11524,2025-10-01,1123,64.68,63.05,-1.63,-0.02520098948670377
11525,2025-10-01,1124,56.76,55.43,-1.33,-0.02343199436222692
11526,2025-10-01,1125,68.77,65.56,-3.21,-0.04667733023120547
11527,2025-10-01,1126,58.11,58.79,0.68,0.011701944587850628
11528,2025-10-01,1127,46.06,44.97,-1.09,-0.023664785062961356
11529,2025-10-01,1128,76.67,81.25,4.58,0.05973653319420895
11530,2025-10-01,1129,41.99,43.01,1.02,0.024291497975708502
11531,2025-10-01,1130,56.49,60.08,3.59,0.06355107098601523
11532,2025-10-01,1131,68.16,72.41,4.25,0.062353286384976524
11533,2025-10-01,1132,77.44,80.57,3.13,0.04041838842975207
11534,2025-10-01,1133,56.91,54.48,-2.43,-0.042698998418555616
11535,2025-10-01,1134,79.88,78.13,-1.75,-0.021907861792689033
11536,2025-10-01,1135,60.06,61.18,1.12,0.018648018648018648
11537,2025-10-01,1136,60.4,63.0,2.6,0.04304635761589404
11538,2025-10-01,1137,54.92,58.73,3.81,0.06937363437727603
11539,2025-10-01,1138,53.48,54.54,1.06,0.019820493642483172
11540,2025-10-01,1139,62.73,64.07,1.34,0.02136139008448908
11541,2025-10-01,1140,790.28,763.89,-26.39,-0.033393227716758615
11542,2025-10-01,1141,642.3,635.56,-6.74,-0.010493538844776584
11543,2025-10-01,1142,682.43,663.85,-18.58,-0.02722623565786967
11544,2025-10-01,1143,689.2,719.77,30.57,0.04435577481137551
11545,2025-10-01,1144,743.97,782.61,38.64,0.05193757812815033
11546,2025-10-01,1145,736.56,705.19,-31.37,-0.04258987726729662
11547,2025-10-01,1146,559.68,555.24,-4.44,-0.007933104631217838
11548,2025-10-01,1147,785.22,808.44,23.22,0.02957133032780622
11549,2025-10-01,1148,647.23,671.59,24.36,0.03763731594641781
11550,2025-10-01,1149,718.45,705.4,-13.05,-0.018164103277889903
11551,2025-10-01,1150,616.16,622.98,6.82,0.011068553622435732
11552,2025-10-01,1151,575.58,595.72,20.14,0.034990791896869246
11553,2025-10-01,1152,724.35,699.22,-25.13,-0.034693173189756336
11554,2025-10-01,1153,622.69,668.22,45.53,0.07311824503364435
11555,2025-10-01,1154,755.94,723.77,-32.17,-0.042556287536047836
11556,2025-10-01,1155,628.1,666.66,38.56,0.061391498169081356
11557,2025-10-01,1156,518.6,555.4,36.8,0.07096027767065176
11558,2025-10-01,1157,506.41,527.7,21.29,0.04204103394482731
11559,2025-10-01,1158,783.76,795.82,12.06,0.015387363478615903
11560,2025-10-01,1159,650.7,658.17,7.47,0.011479944674965421
11561,2025-10-01,1160,51.45,48.89,-2.56,-0.049757045675413024
11562,2025-10-01,1161,45.72,44.37,-1.35,-0.02952755905511811
11563,2025-10-01,1162,50.0,53.75,3.75,0.075
11564,2025-10-01,1163,49.92,49.78,-0.14,-0.0028044871794871795
11565,2025-10-01,1164,35.52,35.43,-0.09,-0.0025337837837837835
11566,2025-10-01,1165,45.08,45.1,0.02,0.0004436557231588287
11567,2025-10-01,1166,43.06,46.31,3.25,0.07547607988852764
11568,2025-10-01,1167,65.56,65.24,-0.32,-0.004881025015253203
11569,2025-10-01,1168,53.78,53.0,-0.78,-0.014503532911863145
11570,2025-10-01,1169,59.23,58.16,-1.07,-0.01806516967752828
11571,2025-10-01,1170,43.51,46.15,2.64,0.060675706734084116
11572,2025-10-01,1171,34.4,36.52,2.12,0.06162790697674419
11573,2025-10-01,1172,51.45,52.75,1.3,0.025267249757045675
11574,2025-10-01,1173,53.73,55.97,2.24,0.04168993113716732
11575,2025-10-01,1174,49.6,48.67,-0.93,-0.01875
11576,2025-10-01,1175,46.62,45.79,-0.83,-0.017803517803517802
11577,2025-10-01,1176,47.17,45.12,-2.05,-0.04345982616069536
11578,2025-10-01,1177,63.55,67.28,3.73,0.05869394177812746
11579,2025-10-01,1178,43.34,45.89,2.55,0.05883710198431011
11580,2025-10-01,1179,50.14,52.87,2.73,0.05444754686876745
11581,2025-10-01,1180,85.86,85.11,-0.75,-0.008735150244584208
11582,2025-10-01,1181,88.06,92.88,4.82,0.05473540767658415
11583,2025-10-01,1182,113.18,108.4,-4.78,-0.042233610178476766
11584,2025-10-01,1183,124.78,118.85,-5.93,-0.047523641609232246
11585,2025-10-01,1184,101.01,103.53,2.52,0.02494802494802495
11586,2025-10-01,1185,85.64,82.14,-3.5,-0.04086875291919664
11587,2025-10-01,1186,86.95,83.91,-3.04,-0.03496262219666475
11588,2025-10-01,1187,133.11,127.61,-5.5,-0.04131920967620765
11589,2025-10-01,1188,93.28,91.36,-1.92,-0.02058319039451115
11590,2025-10-01,1189,90.16,88.2,-1.96,-0.021739130434782608
11591,2025-10-01,1190,61.95,62.26,0.31,0.005004035512510089
11592,2025-10-01,1191,72.52,71.63,-0.89,-0.012272476558190843
11593,2025-10-01,1192,114.45,121.49,7.04,0.06151157710790738
11594,2025-10-01,1193,109.75,106.95,-2.8,-0.0255125284738041
11595,2025-10-01,1194,128.91,122.78,-6.13,-0.04755255604685439
11596,2025-10-01,1195,92.5,91.81,-0.69,-0.007459459459459459
11597,2025-10-01,1196,107.35,110.22,2.87,0.026734979040521658
11598,2025-10-01,1197,109.07,116.01,6.94,0.06362886219858806
11599,2025-10-01,1198,118.0,122.25,4.25,0.036016949152542374
11600,2025-10-01,1199,117.93,117.71,-0.22,-0.0018655134401763759
11601,2025-11-01,1000,780.74,774.95,-5.79,-0.007416041191689935
11602,2025-11-01,1001,784.95,766.11,-18.84,-0.024001528759793618
11603,2025-11-01,1002,787.37,773.54,-13.83,-0.01756480434865438
11604,2025-11-01,1003,852.57,911.96,59.39,0.0696599692693855
11605,2025-11-01,1004,817.42,804.72,-12.7,-0.015536688605612782
11606,2025-11-01,1005,933.15,895.89,-37.26,-0.039929271821250605
11607,2025-11-01,1006,779.25,787.78,8.53,0.01094642284247674
11608,2025-11-01,1007,1050.11,998.51,-51.6,-0.049137709382826564
11609,2025-11-01,1008,743.86,758.67,14.81,0.0199096604199715
11610,2025-11-01,1009,606.71,606.76,0.05,8.24116958678775e-05
11611,2025-11-01,1010,602.44,627.75,25.31,0.042012482570878425
11612,2025-11-01,1011,768.82,784.51,15.69,0.02040789781743451
11613,2025-11-01,1012,839.37,833.19,-6.18,-0.007362664855784695
11614,2025-11-01,1013,570.98,611.85,40.87,0.0715786892710778
11615,2025-11-01,1014,620.4,626.4,6.0,0.009671179883945842
11616,2025-11-01,1015,581.27,612.19,30.92,0.053193868598069745
11617,2025-11-01,1016,780.4,815.35,34.95,0.044784725781650436
11618,2025-11-01,1017,819.18,840.07,20.89,0.025501110866964525
11619,2025-11-01,1018,625.07,666.31,41.24,0.0659766106196106
11620,2025-11-01,1019,662.75,637.53,-25.22,-0.03805356469256884
11621,2025-11-01,1020,586.44,619.22,32.78,0.055896596412250185
11622,2025-11-01,1021,425.8,457.16,31.36,0.07364960075152654
11623,2025-11-01,1022,503.49,480.93,-22.56,-0.0448072454269201
11624,2025-11-01,1023,476.78,453.15,-23.63,-0.049561642686354296
11625,2025-11-01,1024,443.2,460.43,17.23,0.038876353790613716
11626,2025-11-01,1025,443.45,464.73,21.28,0.04798737174427782
11627,2025-11-01,1026,473.34,472.39,-0.95,-0.002007013985718511
11628,2025-11-01,1027,649.16,681.67,32.51,0.050080103518393
11629,2025-11-01,1028,511.64,542.96,31.32,0.06121491673833164
11630,2025-11-01,1029,551.0,562.55,11.55,0.020961887477313975
11631,2025-11-01,1030,441.6,419.75,-21.85,-0.049479166666666664
11632,2025-11-01,1031,557.13,591.77,34.64,0.06217579380036975
11633,2025-11-01,1032,497.13,495.04,-2.09,-0.004204131716050128
11634,2025-11-01,1033,573.43,591.13,17.7,0.030866888722250317
11635,2025-11-01,1034,501.72,531.53,29.81,0.05941561030056605
11636,2025-11-01,1035,576.92,598.29,21.37,0.03704153088816474
11637,2025-11-01,1036,472.48,492.98,20.5,0.043388079918726716
11638,2025-11-01,1037,594.98,587.64,-7.34,-0.012336549127701772
11639,2025-11-01,1038,422.07,432.42,10.35,0.02452199872059137
11640,2025-11-01,1039,662.34,659.22,-3.12,-0.00471057160974726
11641,2025-11-01,1040,299.43,313.69,14.26,0.04762381858865177
11642,2025-11-01,1041,262.7,261.99,-0.71,-0.002702702702702703
11643,2025-11-01,1042,346.31,349.4,3.09,0.008922641563916723
11644,2025-11-01,1043,357.22,340.56,-16.66,-0.046637926207939086
11645,2025-11-01,1044,312.22,307.14,-5.08,-0.0162705784382807
11646,2025-11-01,1045,310.45,315.84,5.39,0.017361894024802704
11647,2025-11-01,1046,395.37,397.51,2.14,0.005412651440422895
11648,2025-11-01,1047,302.02,305.61,3.59,0.01188663002450169
11649,2025-11-01,1048,345.65,340.24,-5.41,-0.01565167076522494
11650,2025-11-01,1049,444.88,430.67,-14.21,-0.031941197626326204
11651,2025-11-01,1050,328.43,337.9,9.47,0.02883415035167311
11652,2025-11-01,1051,315.27,333.26,17.99,0.05706220065340819
11653,2025-11-01,1052,310.92,327.57,16.65,0.053550752605171746
11654,2025-11-01,1053,415.07,436.13,21.06,0.05073842966246657
11655,2025-11-01,1054,362.38,356.94,-5.44,-0.015011865997019702
11656,2025-11-01,1055,325.21,335.13,9.92,0.030503367055133606
11657,2025-11-01,1056,320.49,317.32,-3.17,-0.00989110424662236
11658,2025-11-01,1057,322.8,328.36,5.56,0.017224287484510534
11659,2025-11-01,1058,300.84,317.55,16.71,0.055544475468687675
11660,2025-11-01,1059,318.46,308.78,-9.68,-0.030396282107643034
11661,2025-11-01,1060,77.9,77.9,0.0,0.0
11662,2025-11-01,1061,153.45,149.18,-4.27,-0.027826653633105245
11663,2025-11-01,1062,126.91,123.8,-3.11,-0.024505555117800015
11664,2025-11-01,1063,99.41,101.62,2.21,0.022231163866814205
11665,2025-11-01,1064,94.1,100.09,5.99,0.0636556854410202
11666,2025-11-01,1065,97.38,92.88,-4.5,-0.04621072088724584
11667,2025-11-01,1066,100.2,101.77,1.57,0.0156686626746507
11668,2025-11-01,1067,101.43,109.51,8.08,0.07966084984718524
11669,2025-11-01,1068,123.03,119.63,-3.4,-0.027635536048118345
11670,2025-11-01,1069,118.06,112.25,-5.81,-0.04921226495002541
11671,2025-11-01,1070,140.36,150.08,9.72,0.06925049871758336
11672,2025-11-01,1071,106.59,103.91,-2.68,-0.025143071582700065
11673,2025-11-01,1072,128.85,133.18,4.33,0.033604967015909974
11674,2025-11-01,1073,91.98,93.1,1.12,0.0121765601217656
11675,2025-11-01,1074,104.59,109.91,5.32,0.05086528348790515
11676,2025-11-01,1075,166.24,171.54,5.3,0.031881616939364775
11677,2025-11-01,1076,115.16,123.49,8.33,0.07233414379993053
11678,2025-11-01,1077,168.45,175.03,6.58,0.03906203621252597
11679,2025-11-01,1078,114.52,113.56,-0.96,-0.008382815228781
11680,2025-11-01,1079,99.04,104.41,5.37,0.054220516962843295
11681,2025-11-01,1080,634.0,676.14,42.14,0.06646687697160883
11682,2025-11-01,1081,533.15,562.49,29.34,0.0550314170496108
11683,2025-11-01,1082,585.33,607.97,22.64,0.03867903575760682
11684,2025-11-01,1083,641.75,641.52,-0.23,-0.0003583950136345929
11685,2025-11-01,1084,449.5,446.93,-2.57,-0.005717463848720801
11686,2025-11-01,1085,475.87,473.95,-1.92,-0.004034715363439595
11687,2025-11-01,1086,438.72,448.88,10.16,0.023158278628738146
11688,2025-11-01,1087,352.2,357.25,5.05,0.014338444065871665
11689,2025-11-01,1088,788.33,762.46,-25.87,-0.03281620641102077
11690,2025-11-01,1089,350.48,377.1,26.62,0.07595297877196987
11691,2025-11-01,1090,421.02,401.71,-19.31,-0.045864804522350484
11692,2025-11-01,1091,539.97,549.7,9.73,0.018019519602940903
11693,2025-11-01,1092,473.52,476.2,2.68,0.005659739820915695
11694,2025-11-01,1093,434.12,459.02,24.9,0.057357412696950154
11695,2025-11-01,1094,506.66,515.43,8.77,0.01730943828208266
11696,2025-11-01,1095,529.82,531.62,1.8,0.0033973802423464573
11697,2025-11-01,1096,582.04,560.57,-21.47,-0.03688749914095251
11698,2025-11-01,1097,474.3,475.56,1.26,0.0026565464895635673
11699,2025-11-01,1098,406.4,394.25,-12.15,-0.029896653543307086
11700,2025-11-01,1099,594.47,583.81,-10.66,-0.017931939374568943
11701,2025-11-01,1100,915.06,870.66,-44.4,-0.04852140843223395
11702,2025-11-01,1101,981.68,953.95,-27.73,-0.028247494091761062
11703,2025-11-01,1102,1245.2,1209.16,-36.04,-0.02894314166398972
11704,2025-11-01,1103,1231.08,1276.76,45.68,0.03710563082821588
11705,2025-11-01,1104,1009.99,1084.43,74.44,0.07370370003663403
11706,2025-11-01,1105,974.76,1009.33,34.57,0.03546514013705938
11707,2025-11-01,1106,1002.64,974.17,-28.47,-0.028395037102050585
11708,2025-11-01,1107,971.67,995.24,23.57,0.024257206664814186
11709,2025-11-01,1108,1068.61,1067.81,-0.8,-0.00074863607864422
11710,2025-11-01,1109,1055.06,1063.42,8.36,0.007923719978010729
11711,2025-11-01,1110,868.51,904.56,36.05,0.0415078698000023
11712,2025-11-01,1111,1233.54,1231.32,-2.22,-0.001799698428911912
11713,2025-11-01,1112,937.37,960.42,23.05,0.024590076490606697
11714,2025-11-01,1113,998.95,1073.97,75.02,0.07509885379648631
11715,2025-11-01,1114,1285.56,1270.86,-14.7,-0.011434705497993093
11716,2025-11-01,1115,1039.81,1075.94,36.13,0.03474673257614372
11717,2025-11-01,1116,1046.99,1049.14,2.15,0.002053505764142924
11718,2025-11-01,1117,1110.25,1191.52,81.27,0.07319972979058771
11719,2025-11-01,1118,897.76,958.06,60.3,0.06716717162716093
11720,2025-11-01,1119,825.85,858.51,32.66,0.03954713325664467
11721,2025-11-01,1120,73.17,72.51,-0.66,-0.009020090200902008
11722,2025-11-01,1121,71.15,76.21,5.06,0.07111735769501054
11723,2025-11-01,1122,51.33,51.89,0.56,0.010909799337619326
11724,2025-11-01,1123,62.02,61.76,-0.26,-0.00419219606578523
11725,2025-11-01,1124,55.91,57.5,1.59,0.02843856197460204
11726,2025-11-01,1125,71.64,69.79,-1.85,-0.02582356225572306
11727,2025-11-01,1126,60.17,63.15,2.98,0.04952634203091241
11728,2025-11-01,1127,50.31,50.82,0.51,0.010137149672033392
11729,2025-11-01,1128,76.53,76.46,-0.07,-0.0009146739840585392
11730,2025-11-01,1129,41.57,43.94,2.37,0.057012268462833776
11731,2025-11-01,1130,58.66,60.82,2.16,0.03682236617797477
11732,2025-11-01,1131,66.72,69.93,3.21,0.048111510791366906
11733,2025-11-01,1132,74.36,80.14,5.78,0.07772996234534696
11734,2025-11-01,1133,59.9,57.32,-2.58,-0.04307178631051753
11735,2025-11-01,1134,80.68,86.34,5.66,0.07015369360436291
11736,2025-11-01,1135,58.28,62.69,4.41,0.07566918325326012
11737,2025-11-01,1136,57.88,60.04,2.16,0.03731859018659295
11738,2025-11-01,1137,52.95,56.17,3.22,0.060812086874409824
11739,2025-11-01,1138,49.45,47.19,-2.26,-0.04570273003033367
11740,2025-11-01,1139,62.49,64.91,2.42,0.03872619619139062
11741,2025-11-01,1140,763.89,756.88,-7.01,-0.009176713924779745
11742,2025-11-01,1141,681.42,671.8,-9.62,-0.014117577998884683
11743,2025-11-01,1142,659.93,691.73,31.8,0.04818692891670329
11744,2025-11-01,1143,691.83,698.85,7.02,0.01014700143098738
11745,2025-11-01,1144,738.18,775.2,37.02,0.05015036982849711
11746,2025-11-01,1145,677.47,649.57,-27.9,-0.04118263539344916
11747,2025-11-01,1146,556.17,593.43,37.26,0.06699390474135607
11748,2025-11-01,1147,790.77,794.05,3.28,0.0041478558872997204
11749,2025-11-01,1148,679.24,660.08,-19.16,-0.028207997173311346
11750,2025-11-01,1149,735.35,791.3,55.95,0.07608621744747399
11751,2025-11-01,1150,575.9,580.38,4.48,0.007779128320889043
11752,2025-11-01,1151,568.02,605.73,37.71,0.06638850744692089
11753,2025-11-01,1152,728.87,708.56,-20.31,-0.027865051380904688
11754,2025-11-01,1153,590.31,600.04,9.73,0.01648286493537294
11755,2025-11-01,1154,825.34,821.07,-4.27,-0.005173625414980493
11756,2025-11-01,1155,602.98,578.63,-24.35,-0.040382765597532254
11757,2025-11-01,1156,536.55,515.8,-20.75,-0.038673003447954525
11758,2025-11-01,1157,555.05,576.79,21.74,0.039167642554724796
11759,2025-11-01,1158,751.58,808.79,57.21,0.0761196412890178
11760,2025-11-01,1159,658.7,645.13,-13.57,-0.020601184150599666
11761,2025-11-01,1160,55.3,56.91,1.61,0.02911392405063291
11762,2025-11-01,1161,45.9,49.53,3.63,0.07908496732026143
11763,2025-11-01,1162,49.13,47.57,-1.56,-0.03175249338489721
11764,2025-11-01,1163,48.47,47.16,-1.31,-0.02702702702702703
11765,2025-11-01,1164,35.18,37.51,2.33,0.06623081296191018
11766,2025-11-01,1165,44.41,44.8,0.39,0.008781805899572169
11767,2025-11-01,1166,43.05,43.59,0.54,0.012543554006968641
11768,2025-11-01,1167,62.97,63.27,0.3,0.004764173415912339
11769,2025-11-01,1168,51.03,52.78,1.75,0.03429355281207133
11770,2025-11-01,1169,59.13,60.68,1.55,0.026213428039912057
11771,2025-11-01,1170,41.3,40.71,-0.59,-0.014285714285714285
11772,2025-11-01,1171,34.19,34.02,-0.17,-0.004972214097689383
11773,2025-11-01,1172,52.01,52.65,0.64,0.012305325898865602
11774,2025-11-01,1173,50.67,50.11,-0.56,-0.011051904479968424
11775,2025-11-01,1174,51.37,51.27,-0.1,-0.0019466614755693985
11776,2025-11-01,1175,47.84,48.41,0.57,0.011914715719063546
11777,2025-11-01,1176,44.62,45.62,1.0,0.022411474675033616
11778,2025-11-01,1177,62.23,59.6,-2.63,-0.04226257432106701
11779,2025-11-01,1178,44.52,43.29,-1.23,-0.027628032345013476
11780,2025-11-01,1179,46.46,46.98,0.52,0.011192423590185106
11781,2025-11-01,1180,85.0,88.18,3.18,0.03741176470588235
11782,2025-11-01,1181,84.86,80.72,-4.14,-0.04878623615366486
11783,2025-11-01,1182,112.03,119.8,7.77,0.06935642238686066
11784,2025-11-01,1183,126.5,135.04,8.54,0.0675098814229249
11785,2025-11-01,1184,99.29,97.21,-2.08,-0.02094873602578306
11786,2025-11-01,1185,85.89,82.88,-3.01,-0.03504482477587612
11787,2025-11-01,1186,89.07,90.17,1.1,0.012349837206691366
11788,2025-11-01,1187,123.51,131.73,8.22,0.06655331552101044
11789,2025-11-01,1188,92.14,91.43,-0.71,-0.007705665291947037
11790,2025-11-01,1189,95.06,91.12,-3.94,-0.04144750683778666
11791,2025-11-01,1190,58.72,58.03,-0.69,-0.011750681198910082
11792,2025-11-01,1191,74.53,71.23,-3.3,-0.044277472158862206
11793,2025-11-01,1192,116.13,117.86,1.73,0.014897098079738224
11794,2025-11-01,1193,108.74,105.62,-3.12,-0.028692293544233954
11795,2025-11-01,1194,142.15,137.56,-4.59,-0.03228983468167429
11796,2025-11-01,1195,88.48,87.05,-1.43,-0.016161844484629293
11797,2025-11-01,1196,105.6,110.49,4.89,0.046306818181818185
11798,2025-11-01,1197,107.74,110.88,3.14,0.02914423612400223
11799,2025-11-01,1198,118.6,118.28,-0.32,-0.0026981450252951096
11800,2025-11-01,1199,120.1,129.62,9.52,0.07926727726894255
11801,2025-12-01,1000,795.62,845.03,49.41,0.06210251124908876
11802,2025-12-01,1001,803.57,801.17,-2.4,-0.0029866719763057357
11803,2025-12-01,1002,816.95,846.22,29.27,0.03582838607013893
11804,2025-12-01,1003,862.72,924.57,61.85,0.07169185830860535
11805,2025-12-01,1004,837.71,885.86,48.15,0.05747812488808776
11806,2025-12-01,1005,897.0,898.93,1.93,0.002151616499442586
11807,2025-12-01,1006,771.93,742.13,-29.8,-0.038604536680787116
11808,2025-12-01,1007,1066.28,1102.89,36.61,0.03433432119143189
11809,2025-12-01,1008,784.32,755.55,-28.77,-0.03668145654834761
11810,2025-12-01,1009,622.71,666.27,43.56,0.06995230524642289
11811,2025-12-01,1010,580.22,555.77,-24.45,-0.042139188583640685
11812,2025-12-01,1011,771.3,802.09,30.79,0.03991961623233502
11813,2025-12-01,1012,831.38,837.71,6.33,0.007613846857032885
11814,2025-12-01,1013,611.18,583.31,-27.87,-0.045600314146405314
11815,2025-12-01,1014,633.59,642.23,8.64,0.01363657886014615
11816,2025-12-01,1015,591.84,576.66,-15.18,-0.02564882400648824
11817,2025-12-01,1016,793.4,820.26,26.86,0.033854297958154776
11818,2025-12-01,1017,835.18,885.02,49.84,0.05967575851912162
11819,2025-12-01,1018,647.33,664.69,17.36,0.026817851791203867
11820,2025-12-01,1019,676.78,645.91,-30.87,-0.045613050031029286
11821,2025-12-01,1020,571.0,564.17,-6.83,-0.011961471103327495
11822,2025-12-01,1021,420.57,403.62,-16.95,-0.04030244667950639
11823,2025-12-01,1022,535.07,548.61,13.54,0.02530510026725475
11824,2025-12-01,1023,501.65,503.39,1.74,0.003468553772550583
11825,2025-12-01,1024,469.39,481.09,11.7,0.024925967745371654
11826,2025-12-01,1025,443.14,425.68,-17.46,-0.039400640880985695
11827,2025-12-01,1026,444.03,459.16,15.13,0.03407427426074815
11828,2025-12-01,1027,654.5,686.29,31.79,0.04857142857142857
11829,2025-12-01,1028,528.78,556.98,28.2,0.05333030750028367
11830,2025-12-01,1029,525.41,514.57,-10.84,-0.0206315068232428
11831,2025-12-01,1030,443.36,457.03,13.67,0.030832731865752437
11832,2025-12-01,1031,576.09,600.05,23.96,0.041590723671648525
11833,2025-12-01,1032,490.58,518.84,28.26,0.05760528354192996
11834,2025-12-01,1033,583.05,620.72,37.67,0.06460852414029672
11835,2025-12-01,1034,503.77,539.71,35.94,0.07134208071143577
11836,2025-12-01,1035,602.96,587.56,-15.4,-0.025540666047499005
11837,2025-12-01,1036,443.64,425.95,-17.69,-0.03987467315841674
11838,2025-12-01,1037,602.97,623.72,20.75,0.03441298903759723
11839,2025-12-01,1038,424.57,441.03,16.46,0.03876863650281461
11840,2025-12-01,1039,708.34,700.85,-7.49,-0.010574018126888218
11841,2025-12-01,1040,294.81,308.35,13.54,0.04592788575692819
11842,2025-12-01,1041,272.14,278.28,6.14,0.02256191666054237
11843,2025-12-01,1042,354.61,354.65,0.04,0.0001127999774400045
11844,2025-12-01,1043,359.01,343.05,-15.96,-0.0444555861953706
11845,2025-12-01,1044,295.83,284.64,-11.19,-0.03782577831862894
11846,2025-12-01,1045,315.26,306.02,-9.24,-0.02930914166085136
11847,2025-12-01,1046,363.95,381.91,17.96,0.049347437834867426
11848,2025-12-01,1047,283.22,290.83,7.61,0.026869571357954945
11849,2025-12-01,1048,329.12,331.24,2.12,0.006441419543023821
11850,2025-12-01,1049,433.66,467.74,34.08,0.07858691140524836
11851,2025-12-01,1050,332.47,354.92,22.45,0.067524889463711
11852,2025-12-01,1051,313.18,322.46,9.28,0.029631521808544607
11853,2025-12-01,1052,314.98,332.69,17.71,0.056225792113785
11854,2025-12-01,1053,413.06,401.32,-11.74,-0.028422021013896286
11855,2025-12-01,1054,371.91,389.35,17.44,0.0468930655266059
11856,2025-12-01,1055,314.89,321.87,6.98,0.02216647083108387
11857,2025-12-01,1056,311.47,296.57,-14.9,-0.047837672970109484
11858,2025-12-01,1057,328.93,332.33,3.4,0.010336545769616635
11859,2025-12-01,1058,294.59,291.2,-3.39,-0.011507518924607081
11860,2025-12-01,1059,325.05,340.68,15.63,0.048084910013844025
11861,2025-12-01,1060,81.16,80.95,-0.21,-0.002587481517989157
11862,2025-12-01,1061,161.58,160.1,-1.48,-0.009159549449189256
11863,2025-12-01,1062,123.37,118.21,-5.16,-0.04182540325849072
11864,2025-12-01,1063,98.49,96.87,-1.62,-0.016448370392933294
11865,2025-12-01,1064,95.05,94.78,-0.27,-0.0028406102051551814
11866,2025-12-01,1065,96.86,98.5,1.64,0.016931653933512286
11867,2025-12-01,1066,104.99,100.35,-4.64,-0.04419468520811506
11868,2025-12-01,1067,99.66,106.85,7.19,0.07214529399959864
11869,2025-12-01,1068,127.79,123.1,-4.69,-0.03670083731121371
11870,2025-12-01,1069,115.58,123.19,7.61,0.06584184114898771
11871,2025-12-01,1070,136.21,139.41,3.2,0.02349313559944204
11872,2025-12-01,1071,106.59,112.34,5.75,0.053945022985270666
11873,2025-12-01,1072,134.23,141.84,7.61,0.05669373463458243
11874,2025-12-01,1073,93.45,89.32,-4.13,-0.044194756554307116
11875,2025-12-01,1074,105.78,104.96,-0.82,-0.007751937984496124
11876,2025-12-01,1075,164.08,163.58,-0.5,-0.0030472940029254024
11877,2025-12-01,1076,114.21,117.13,2.92,0.025566938096488925
11878,2025-12-01,1077,165.43,159.33,-6.1,-0.03687360212778819
11879,2025-12-01,1078,116.76,123.26,6.5,0.05566974991435423
11880,2025-12-01,1079,101.19,109.16,7.97,0.07876272358928747
11881,2025-12-01,1080,651.81,681.57,29.76,0.04565747687209463
11882,2025-12-01,1081,558.4,548.21,-10.19,-0.018248567335243552
11883,2025-12-01,1082,581.24,626.98,45.74,0.07869382699057188
11884,2025-12-01,1083,661.73,635.86,-25.87,-0.03909449473350158
11885,2025-12-01,1084,417.68,408.23,-9.45,-0.022624976058226394
11886,2025-12-01,1085,509.21,542.08,32.87,0.06455097111211484
11887,2025-12-01,1086,443.28,427.76,-15.52,-0.03501173073452445
11888,2025-12-01,1087,348.46,365.05,16.59,0.04760948171956609
11889,2025-12-01,1088,765.63,759.35,-6.28,-0.008202395412927915
11890,2025-12-01,1089,349.83,340.58,-9.25,-0.026441414401280623
11891,2025-12-01,1090,424.58,423.31,-1.27,-0.0029911912949267512
11892,2025-12-01,1091,531.17,548.25,17.08,0.032155430464822936
11893,2025-12-01,1092,478.72,479.28,0.56,0.0011697860962566844
11894,2025-12-01,1093,434.19,419.98,-14.21,-0.032727607729335084
11895,2025-12-01,1094,470.81,463.68,-7.13,-0.015144113336590131
11896,2025-12-01,1095,523.26,556.37,33.11,0.06327638267782747
11897,2025-12-01,1096,574.67,598.23,23.56,0.04099744201019716
11898,2025-12-01,1097,454.67,471.94,17.27,0.03798359249565619
11899,2025-12-01,1098,408.8,402.43,-6.37,-0.015582191780821918
11900,2025-12-01,1099,609.1,644.66,35.56,0.05838121819077327
11901,2025-12-01,1100,959.77,944.74,-15.03,-0.015660001875449327
11902,2025-12-01,1101,984.8,1024.51,39.71,0.04032290820471161
11903,2025-12-01,1102,1187.71,1178.6,-9.11,-0.007670222529068543
11904,2025-12-01,1103,1264.01,1303.43,39.42,0.031186462132419837
11905,2025-12-01,1104,1024.03,998.31,-25.72,-0.025116451666455084
11906,2025-12-01,1105,953.2,1010.69,57.49,0.06031263113722199
11907,2025-12-01,1106,973.53,966.56,-6.97,-0.0071595122903249
11908,2025-12-01,1107,920.02,955.8,35.78,0.038890458903067325
11909,2025-12-01,1108,1050.61,1090.3,39.69,0.03777805275030696
11910,2025-12-01,1109,1030.07,1018.88,-11.19,-0.010863339384702011
11911,2025-12-01,1110,865.35,928.23,62.88,0.07266423990292945
11912,2025-12-01,1111,1272.3,1308.09,35.79,0.02813015798160811
11913,2025-12-01,1112,878.54,863.01,-15.53,-0.017677055114166687
11914,2025-12-01,1113,1018.32,1013.66,-4.66,-0.0045761646633671145
11915,2025-12-01,1114,1298.48,1261.67,-36.81,-0.02834853058961247
11916,2025-12-01,1115,957.8,998.53,40.73,0.042524535393610355
11917,2025-12-01,1116,1016.61,1010.09,-6.52,-0.006413472226320811
11918,2025-12-01,1117,1129.68,1216.04,86.36,0.07644642730684796
11919,2025-12-01,1118,942.11,967.02,24.91,0.0264406491810935
11920,2025-12-01,1119,837.55,852.05,14.5,0.017312399259745686
11921,2025-12-01,1120,70.36,67.37,-2.99,-0.042495736213757816
11922,2025-12-01,1121,72.87,73.79,0.92,0.01262522299986277
11923,2025-12-01,1122,55.65,56.42,0.77,0.013836477987421384
11924,2025-12-01,1123,61.05,58.43,-2.62,-0.04291564291564291
11925,2025-12-01,1124,56.02,58.68,2.66,0.047483041770796146
11926,2025-12-01,1125,66.4,65.04,-1.36,-0.020481927710843374
11927,2025-12-01,1126,59.17,63.44,4.27,0.07216494845360824
11928,2025-12-01,1127,48.9,49.29,0.39,0.007975460122699387
11929,2025-12-01,1128,75.08,77.95,2.87,0.03822589238145978
11930,2025-12-01,1129,42.28,40.23,-2.05,-0.04848628192999054
11931,2025-12-01,1130,55.42,55.74,0.32,0.00577408877661494
11932,2025-12-01,1131,65.57,70.37,4.8,0.07320420924203141
11933,2025-12-01,1132,74.36,72.33,-2.03,-0.027299623453469608
11934,2025-12-01,1133,57.86,58.32,0.46,0.007950224680262703
11935,2025-12-01,1134,82.61,82.13,-0.48,-0.005810434572085704
11936,2025-12-01,1135,58.67,58.53,-0.14,-0.002386228055224135
11937,2025-12-01,1136,55.73,57.32,1.59,0.02853041449847479
11938,2025-12-01,1137,57.24,60.4,3.16,0.05520614954577219
11939,2025-12-01,1138,53.27,56.63,3.36,0.06307490144546649
11940,2025-12-01,1139,62.28,59.24,-3.04,-0.048811817597944764
11941,2025-12-01,1140,740.73,727.12,-13.61,-0.018373766419613084
11942,2025-12-01,1141,684.46,710.79,26.33,0.038468281565029364
11943,2025-12-01,1142,669.6,709.74,40.14,0.05994623655913978
11944,2025-12-01,1143,686.25,655.17,-31.08,-0.0452896174863388
11945,2025-12-01,1144,740.6,799.09,58.49,0.07897650553605184
11946,2025-12-01,1145,698.81,671.29,-27.52,-0.03938123381176572
11947,2025-12-01,1146,533.1,516.78,-16.32,-0.030613393359594822
11948,2025-12-01,1147,801.58,823.01,21.43,0.02673469896953517
11949,2025-12-01,1148,657.75,678.94,21.19,0.03221588749524895
11950,2025-12-01,1149,723.31,758.07,34.76,0.04805684976013051
11951,2025-12-01,1150,617.06,628.93,11.87,0.019236378958286067
11952,2025-12-01,1151,535.1,534.25,-0.85,-0.0015884881330592412
11953,2025-12-01,1152,711.06,760.41,49.35,0.06940342587123449
11954,2025-12-01,1153,648.81,630.33,-18.48,-0.028482914874924863
11955,2025-12-01,1154,824.91,867.82,42.91,0.05201779588076275
11956,2025-12-01,1155,608.24,626.68,18.44,0.03031698013941865
11957,2025-12-01,1156,509.23,490.87,-18.36,-0.03605443512754551
11958,2025-12-01,1157,559.58,575.45,15.87,0.028360556131384253
11959,2025-12-01,1158,765.79,825.83,60.04,0.07840269525587955
11960,2025-12-01,1159,660.68,687.55,26.87,0.040670218562692984
11961,2025-12-01,1160,51.24,49.59,-1.65,-0.032201405152224825
11962,2025-12-01,1161,47.94,47.28,-0.66,-0.01376720901126408
11963,2025-12-01,1162,50.74,50.34,-0.4,-0.007883326763894364
11964,2025-12-01,1163,47.98,51.74,3.76,0.0783659858274281
11965,2025-12-01,1164,35.33,34.36,-0.97,-0.02745542032267195
11966,2025-12-01,1165,44.25,43.32,-0.93,-0.02101694915254237
11967,2025-12-01,1166,42.28,43.95,1.67,0.03949858088930937
11968,2025-12-01,1167,66.64,65.59,-1.05,-0.015756302521008403
11969,2025-12-01,1168,49.3,47.08,-2.22,-0.04503042596348884
11970,2025-12-01,1169,56.84,57.29,0.45,0.007916959887403237
11971,2025-12-01,1170,42.17,42.43,0.26,0.006165520512212474
11972,2025-12-01,1171,35.0,35.09,0.09,0.0025714285714285713
11973,2025-12-01,1172,53.77,53.05,-0.72,-0.013390366375302214
11974,2025-12-01,1173,53.8,57.51,3.71,0.06895910780669146
11975,2025-12-01,1174,45.47,45.72,0.25,0.005498130635583901
11976,2025-12-01,1175,48.86,50.49,1.63,0.03336062218583709
11977,2025-12-01,1176,45.36,47.53,2.17,0.047839506172839504
11978,2025-12-01,1177,62.69,64.19,1.5,0.023927261126176425
11979,2025-12-01,1178,41.01,43.31,2.3,0.05608388198000488
11980,2025-12-01,1179,47.18,48.03,0.85,0.01801610852055956
11981,2025-12-01,1180,84.66,82.79,-1.87,-0.02208835341365462
11982,2025-12-01,1181,86.16,83.08,-3.08,-0.03574744661095636
11983,2025-12-01,1182,113.62,111.57,-2.05,-0.018042598134131314
11984,2025-12-01,1183,128.96,133.14,4.18,0.03241315136476427
11985,2025-12-01,1184,101.88,104.69,2.81,0.02758146839418924
11986,2025-12-01,1185,86.96,87.07,0.11,0.001264949402023919
11987,2025-12-01,1186,93.85,91.78,-2.07,-0.022056473095364945
11988,2025-12-01,1187,138.92,149.31,10.39,0.0747912467607256
11989,2025-12-01,1188,92.65,99.58,6.93,0.07479762547220724
11990,2025-12-01,1189,97.28,95.74,-1.54,-0.015830592105263157
11991,2025-12-01,1190,62.01,61.74,-0.27,-0.0043541364296081275
11992,2025-12-01,1191,72.37,70.02,-2.35,-0.03247201879231726
11993,2025-12-01,1192,116.84,111.59,-5.25,-0.04493324204039712
11994,2025-12-01,1193,105.72,108.95,3.23,0.0305524025728339
11995,2025-12-01,1194,134.76,136.59,1.83,0.013579697239536954
11996,2025-12-01,1195,87.96,90.57,2.61,0.029672578444747612
11997,2025-12-01,1196,105.87,111.24,5.37,0.05072258430150184
11998,2025-12-01,1197,105.23,102.35,-2.88,-0.02736862111565143
11999,2025-12-01,1198,121.45,120.4,-1.05,-0.008645533141210375
12000,2025-12-01,1199,126.17,129.84,3.67,0.02908773876515812
