DateKey,Date,Year,Quarter,QuarterName,Month,MonthName,MonthShortName,YearMonth,YearMonthKey,MonthStartDate,MonthEndDate,Day,DayOfWeek,DayName,WeekOfYear,ISOWeek,IsWeekend
20200101,2020-01-01,2020,1,Q1,1,January,Jan,2020-01,202001,2020-01-01,2020-01-31,1,4,Wednesday,1,1,False
20200102,2020-01-02,2020,1,Q1,1,January,Jan,2020-01,202001,2020-01-01,2020-01-31,2,5,Thursday,1,1,False
20200103,2020-01-03,2020,1,Q1,1,January,Jan,2020-01,202001,2020-01-01,2020-01-31,3,6,Friday,1,1,False
20200104,2020-01-04,2020,1,Q1,1,January,Jan,2020-01,202001,2020-01-01,2020-01-31,4,7,Saturday,1,1,True
20200105,2020-01-05,2020,1,Q1,1,January,Jan,2020-01,202001,2020-01-01,2020-01-31,5,1,Sunday,2,1,True
20200106,2020-01-06,2020,1,Q1,1,January,Jan,2020-01,202001,2020-01-01,2020-01-31,6,2,Monday,2,2,False
20200107,2020-01-07,2020,1,Q1,1,January,Jan,2020-01,202001,2020-01-01,2020-01-31,7,3,Tuesday,2,2,False
20200108,2020-01-08,2020,1,Q1,1,January,Jan,2020-01,202001,2020-01-01,2020-01-31,8,4,Wednesday,2,2,False
20200109,2020-01-09,2020,1,Q1,1,January,Jan,2020-01,202001,2020-01-01,2020-01-31,9,5,Thursday,2,2,False
20200110,2020-01-10,2020,1,Q1,1,January,Jan,2020-01,202001,2020-01-01,2020-01-31,10,6,Friday,2,2,False
20200111,2020-01-11,2020,1,Q1,1,January,Jan,2020-01,202001,2020-01-01,2020-01-31,11,7,Saturday,2,2,True
20200112,2020-01-12,2020,1,Q1,1,January,Jan,2020-01,202001,2020-01-01,2020-01-31,12,1,Sunday,3,2,True
20200113,2020-01-13,2020,1,Q1,1,January,Jan,2020-01,202001,2020-01-01,2020-01-31,13,2,Monday,3,3,False
20200114,2020-01-14,2020,1,Q1,1,January,Jan,2020-01,202001,2020-01-01,2020-01-31,14,3,Tuesday,3,3,False
20200115,2020-01-15,2020,1,Q1,1,January,Jan,2020-01,202001,2020-01-01,2020-01-31,15,4,Wednesday,3,3,False
20200116,2020-01-16,2020,1,Q1,1,January,Jan,2020-01,202001,2020-01-01,2020-01-31,16,5,Thursday,3,3,False
20200117,2020-01-17,2020,1,Q1,1,January,Jan,2020-01,202001,2020-01-01,2020-01-31,17,6,Friday,3,3,False
20200118,2020-01-18,2020,1,Q1,1,January,Jan,2020-01,202001,2020-01-01,2020-01-31,18,7,Saturday,3,3,True
20200119,2020-01-19,2020,1,Q1,1,January,Jan,2020-01,202001,2020-01-01,2020-01-31,19,1,Sunday,4,3,True
20200120,2020-01-20,2020,1,Q1,1,January,Jan,2020-01,202001,2020-01-01,2020-01-31,20,2,Monday,4,4,False
20200121,2020-01-21,2020,1,Q1,1,January,Jan,2020-01,202001,2020-01-01,2020-01-31,21,3,Tuesday,4,4,False
20200122,2020-01-22,2020,1,Q1,1,January,Jan,2020-01,202001,2020-01-01,2020-01-31,22,4,Wednesday,4,4,False
20200123,2020-01-23,2020,1,Q1,1,January,Jan,2020-01,202001,2020-01-01,2020-01-31,23,5,Thursday,4,4,False
20200124,2020-01-24,2020,1,Q1,1,January,Jan,2020-01,202001,2020-01-01,2020-01-31,24,6,Friday,4,4,False
20200125,2020-01-25,2020,1,Q1,1,January,Jan,2020-01,202001,2020-01-01,2020-01-31,25,7,Saturday,4,4,True
20200126,2020-01-26,2020,1,Q1,1,January,Jan,2020-01,202001,2020-01-01,2020-01-31,26,1,Sunday,5,4,True
20200127,2020-01-27,2020,1,Q1,1,January,Jan,2020-01,202001,2020-01-01,2020-01-31,27,2,Monday,5,5,False
20200128,2020-01-28,2020,1,Q1,1,January,Jan,2020-01,202001,2020-01-01,2020-01-31,28,3,Tuesday,5,5,False
20200129,2020-01-29,2020,1,Q1,1,January,Jan,2020-01,202001,2020-01-01,2020-01-31,29,4,Wednesday,5,5,False
20200130,2020-01-30,2020,1,Q1,1,January,Jan,2020-01,202001,2020-01-01,2020-01-31,30,5,Thursday,5,5,False
20200131,2020-01-31,2020,1,Q1,1,January,Jan,2020-01,202001,2020-01-01,2020-01-31,31,6,Friday,5,5,False
20200201,2020-02-01,2020,1,Q1,2,February,Feb,2020-02,202002,2020-02-01,2020-02-29,1,7,Saturday,5,5,True
20200202,2020-02-02,2020,1,Q1,2,February,Feb,2020-02,202002,2020-02-01,2020-02-29,2,1,Sunday,6,5,True
20200203,2020-02-03,2020,1,Q1,2,February,Feb,2020-02,202002,2020-02-01,2020-02-29,3,2,Monday,6,6,False
20200204,2020-02-04,2020,1,Q1,2,February,Feb,2020-02,202002,2020-02-01,2020-02-29,4,3,Tuesday,6,6,False
20200205,2020-02-05,2020,1,Q1,2,February,Feb,2020-02,202002,2020-02-01,2020-02-29,5,4,Wednesday,6,6,False
20200206,2020-02-06,2020,1,Q1,2,February,Feb,2020-02,202002,2020-02-01,2020-02-29,6,5,Thursday,6,6,False
20200207,2020-02-07,2020,1,Q1,2,February,Feb,2020-02,202002,2020-02-01,2020-02-29,7,6,Friday,6,6,False
20200208,2020-02-08,2020,1,Q1,2,February,Feb,2020-02,202002,2020-02-01,2020-02-29,8,7,Saturday,6,6,True
20200209,2020-02-09,2020,1,Q1,2,February,Feb,2020-02,202002,2020-02-01,2020-02-29,9,1,Sunday,7,6,True
20200210,2020-02-10,2020,1,Q1,2,February,Feb,2020-02,202002,2020-02-01,2020-02-29,10,2,Monday,7,7,False
20200211,2020-02-11,2020,1,Q1,2,February,Feb,2020-02,202002,2020-02-01,2020-02-29,11,3,Tuesday,7,7,False
20200212,2020-02-12,2020,1,Q1,2,February,Feb,2020-02,202002,2020-02-01,2020-02-29,12,4,Wednesday,7,7,False
20200213,2020-02-13,2020,1,Q1,2,February,Feb,2020-02,202002,2020-02-01,2020-02-29,13,5,Thursday,7,7,False
20200214,2020-02-14,2020,1,Q1,2,February,Feb,2020-02,202002,2020-02-01,2020-02-29,14,6,Friday,7,7,False
20200215,2020-02-15,2020,1,Q1,2,February,Feb,2020-02,202002,2020-02-01,2020-02-29,15,7,Saturday,7,7,True
20200216,2020-02-16,2020,1,Q1,2,February,Feb,2020-02,202002,2020-02-01,2020-02-29,16,1,Sunday,8,7,True
20200217,2020-02-17,2020,1,Q1,2,February,Feb,2020-02,202002,2020-02-01,2020-02-29,17,2,Monday,8,8,False
20200218,2020-02-18,2020,1,Q1,2,February,Feb,2020-02,202002,2020-02-01,2020-02-29,18,3,Tuesday,8,8,False
20200219,2020-02-19,2020,1,Q1,2,February,Feb,2020-02,202002,2020-02-01,2020-02-29,19,4,Wednesday,8,8,False
20200220,2020-02-20,2020,1,Q1,2,February,Feb,2020-02,202002,2020-02-01,2020-02-29,20,5,Thursday,8,8,False
20200221,2020-02-21,2020,1,Q1,2,February,Feb,2020-02,202002,2020-02-01,2020-02-29,21,6,Friday,8,8,False
20200222,2020-02-22,2020,1,Q1,2,February,Feb,2020-02,202002,2020-02-01,2020-02-29,22,7,Saturday,8,8,True
20200223,2020-02-23,2020,1,Q1,2,February,Feb,2020-02,202002,2020-02-01,2020-02-29,23,1,Sunday,9,8,True
20200224,2020-02-24,2020,1,Q1,2,February,Feb,2020-02,202002,2020-02-01,2020-02-29,24,2,Monday,9,9,False
20200225,2020-02-25,2020,1,Q1,2,February,Feb,2020-02,202002,2020-02-01,2020-02-29,25,3,Tuesday,9,9,False
20200226,2020-02-26,2020,1,Q1,2,February,Feb,2020-02,202002,2020-02-01,2020-02-29,26,4,Wednesday,9,9,False
20200227,2020-02-27,2020,1,Q1,2,February,Feb,2020-02,202002,2020-02-01,2020-02-29,27,5,Thursday,9,9,False
20200228,2020-02-28,2020,1,Q1,2,February,Feb,2020-02,202002,2020-02-01,2020-02-29,28,6,Friday,9,9,False
20200229,2020-02-29,2020,1,Q1,2,February,Feb,2020-02,202002,2020-02-01,2020-02-29,29,7,Saturday,9,9,True
20200301,2020-03-01,2020,1,Q1,3,March,Mar,2020-03,202003,2020-03-01,2020-03-31,1,1,Sunday,10,9,True
20200302,2020-03-02,2020,1,Q1,3,March,Mar,2020-03,202003,2020-03-01,2020-03-31,2,2,Monday,10,10,False
20200303,2020-03-03,2020,1,Q1,3,March,Mar,2020-03,202003,2020-03-01,2020-03-31,3,3,Tuesday,10,10,False
20200304,2020-03-04,2020,1,Q1,3,March,Mar,2020-03,202003,2020-03-01,2020-03-31,4,4,Wednesday,10,10,False
20200305,2020-03-05,2020,1,Q1,3,March,Mar,2020-03,202003,2020-03-01,2020-03-31,5,5,Thursday,10,10,False
20200306,2020-03-06,2020,1,Q1,3,March,Mar,2020-03,202003,2020-03-01,2020-03-31,6,6,Friday,10,10,False
20200307,2020-03-07,2020,1,Q1,3,March,Mar,2020-03,202003,2020-03-01,2020-03-31,7,7,Saturday,10,10,True
20200308,2020-03-08,2020,1,Q1,3,March,Mar,2020-03,202003,2020-03-01,2020-03-31,8,1,Sunday,11,10,True
20200309,2020-03-09,2020,1,Q1,3,March,Mar,2020-03,202003,2020-03-01,2020-03-31,9,2,Monday,11,11,False
20200310,2020-03-10,2020,1,Q1,3,March,Mar,2020-03,202003,2020-03-01,2020-03-31,10,3,Tuesday,11,11,False
20200311,2020-03-11,2020,1,Q1,3,March,Mar,2020-03,202003,2020-03-01,2020-03-31,11,4,Wednesday,11,11,False
20200312,2020-03-12,2020,1,Q1,3,March,Mar,2020-03,202003,2020-03-01,2020-03-31,12,5,Thursday,11,11,False
20200313,2020-03-13,2020,1,Q1,3,March,Mar,2020-03,202003,2020-03-01,2020-03-31,13,6,Friday,11,11,False
20200314,2020-03-14,2020,1,Q1,3,March,Mar,2020-03,202003,2020-03-01,2020-03-31,14,7,Saturday,11,11,True
20200315,2020-03-15,2020,1,Q1,3,March,Mar,2020-03,202003,2020-03-01,2020-03-31,15,1,Sunday,12,11,True
20200316,2020-03-16,2020,1,Q1,3,March,Mar,2020-03,202003,2020-03-01,2020-03-31,16,2,Monday,12,12,False
20200317,2020-03-17,2020,1,Q1,3,March,Mar,2020-03,202003,2020-03-01,2020-03-31,17,3,Tuesday,12,12,False
20200318,2020-03-18,2020,1,Q1,3,March,Mar,2020-03,202003,2020-03-01,2020-03-31,18,4,Wednesday,12,12,False
20200319,2020-03-19,2020,1,Q1,3,March,Mar,2020-03,202003,2020-03-01,2020-03-31,19,5,Thursday,12,12,False
20200320,2020-03-20,2020,1,Q1,3,March,Mar,2020-03,202003,2020-03-01,2020-03-31,20,6,Friday,12,12,False
20200321,2020-03-21,2020,1,Q1,3,March,Mar,2020-03,202003,2020-03-01,2020-03-31,21,7,Saturday,12,12,True
20200322,2020-03-22,2020,1,Q1,3,March,Mar,2020-03,202003,2020-03-01,2020-03-31,22,1,Sunday,13,12,True
20200323,2020-03-23,2020,1,Q1,3,March,Mar,2020-03,202003,2020-03-01,2020-03-31,23,2,Monday,13,13,False
20200324,2020-03-24,2020,1,Q1,3,March,Mar,2020-03,202003,2020-03-01,2020-03-31,24,3,Tuesday,13,13,False
20200325,2020-03-25,2020,1,Q1,3,March,Mar,2020-03,202003,2020-03-01,2020-03-31,25,4,Wednesday,13,13,False
20200326,2020-03-26,2020,1,Q1,3,March,Mar,2020-03,202003,2020-03-01,2020-03-31,26,5,Thursday,13,13,False
20200327,2020-03-27,2020,1,Q1,3,March,Mar,2020-03,202003,2020-03-01,2020-03-31,27,6,Friday,13,13,False
20200328,2020-03-28,2020,1,Q1,3,March,Mar,2020-03,202003,2020-03-01,2020-03-31,28,7,Saturday,13,13,True
20200329,2020-03-29,2020,1,Q1,3,March,Mar,2020-03,202003,2020-03-01,2020-03-31,29,1,Sunday,14,13,True
20200330,2020-03-30,2020,1,Q1,3,March,Mar,2020-03,202003,2020-03-01,2020-03-31,30,2,Monday,14,14,False
20200331,2020-03-31,2020,1,Q1,3,March,Mar,2020-03,202003,2020-03-01,2020-03-31,31,3,Tuesday,14,14,False
20200401,2020-04-01,2020,2,Q2,4,April,Apr,2020-04,202004,2020-04-01,2020-04-30,1,4,Wednesday,14,14,False
20200402,2020-04-02,2020,2,Q2,4,April,Apr,2020-04,202004,2020-04-01,2020-04-30,2,5,Thursday,14,14,False
20200403,2020-04-03,2020,2,Q2,4,April,Apr,2020-04,202004,2020-04-01,2020-04-30,3,6,Friday,14,14,False
20200404,2020-04-04,2020,2,Q2,4,April,Apr,2020-04,202004,2020-04-01,2020-04-30,4,7,Saturday,14,14,True
20200405,2020-04-05,2020,2,Q2,4,April,Apr,2020-04,202004,2020-04-01,2020-04-30,5,1,Sunday,15,14,True
20200406,2020-04-06,2020,2,Q2,4,April,Apr,2020-04,202004,2020-04-01,2020-04-30,6,2,Monday,15,15,False
20200407,2020-04-07,2020,2,Q2,4,April,Apr,2020-04,202004,2020-04-01,2020-04-30,7,3,Tuesday,15,15,False
20200408,2020-04-08,2020,2,Q2,4,April,Apr,2020-04,202004,2020-04-01,2020-04-30,8,4,Wednesday,15,15,False
20200409,2020-04-09,2020,2,Q2,4,April,Apr,2020-04,202004,2020-04-01,2020-04-30,9,5,Thursday,15,15,False
20200410,2020-04-10,2020,2,Q2,4,April,Apr,2020-04,202004,2020-04-01,2020-04-30,10,6,Friday,15,15,False
20200411,2020-04-11,2020,2,Q2,4,April,Apr,2020-04,202004,2020-04-01,2020-04-30,11,7,Saturday,15,15,True
20200412,2020-04-12,2020,2,Q2,4,April,Apr,2020-04,202004,2020-04-01,2020-04-30,12,1,Sunday,16,15,True
20200413,2020-04-13,2020,2,Q2,4,April,Apr,2020-04,202004,2020-04-01,2020-04-30,13,2,Monday,16,16,False
20200414,2020-04-14,2020,2,Q2,4,April,Apr,2020-04,202004,2020-04-01,2020-04-30,14,3,Tuesday,16,16,False
20200415,2020-04-15,2020,2,Q2,4,April,Apr,2020-04,202004,2020-04-01,2020-04-30,15,4,Wednesday,16,16,False
20200416,2020-04-16,2020,2,Q2,4,April,Apr,2020-04,202004,2020-04-01,2020-04-30,16,5,Thursday,16,16,False
20200417,2020-04-17,2020,2,Q2,4,April,Apr,2020-04,202004,2020-04-01,2020-04-30,17,6,Friday,16,16,False
20200418,2020-04-18,2020,2,Q2,4,April,Apr,2020-04,202004,2020-04-01,2020-04-30,18,7,Saturday,16,16,True
20200419,2020-04-19,2020,2,Q2,4,April,Apr,2020-04,202004,2020-04-01,2020-04-30,19,1,Sunday,17,16,True
20200420,2020-04-20,2020,2,Q2,4,April,Apr,2020-04,202004,2020-04-01,2020-04-30,20,2,Monday,17,17,False
20200421,2020-04-21,2020,2,Q2,4,April,Apr,2020-04,202004,2020-04-01,2020-04-30,21,3,Tuesday,17,17,False
20200422,2020-04-22,2020,2,Q2,4,April,Apr,2020-04,202004,2020-04-01,2020-04-30,22,4,Wednesday,17,17,False
20200423,2020-04-23,2020,2,Q2,4,April,Apr,2020-04,202004,2020-04-01,2020-04-30,23,5,Thursday,17,17,False
20200424,2020-04-24,2020,2,Q2,4,April,Apr,2020-04,202004,2020-04-01,2020-04-30,24,6,Friday,17,17,False
20200425,2020-04-25,2020,2,Q2,4,April,Apr,2020-04,202004,2020-04-01,2020-04-30,25,7,Saturday,17,17,True
20200426,2020-04-26,2020,2,Q2,4,April,Apr,2020-04,202004,2020-04-01,2020-04-30,26,1,Sunday,18,17,True
20200427,2020-04-27,2020,2,Q2,4,April,Apr,2020-04,202004,2020-04-01,2020-04-30,27,2,Monday,18,18,False
20200428,2020-04-28,2020,2,Q2,4,April,Apr,2020-04,202004,2020-04-01,2020-04-30,28,3,Tuesday,18,18,False
20200429,2020-04-29,2020,2,Q2,4,April,Apr,2020-04,202004,2020-04-01,2020-04-30,29,4,Wednesday,18,18,False
20200430,2020-04-30,2020,2,Q2,4,April,Apr,2020-04,202004,2020-04-01,2020-04-30,30,5,Thursday,18,18,False
20200501,2020-05-01,2020,2,Q2,5,May,May,2020-05,202005,2020-05-01,2020-05-31,1,6,Friday,18,18,False
20200502,2020-05-02,2020,2,Q2,5,May,May,2020-05,202005,2020-05-01,2020-05-31,2,7,Saturday,18,18,True
20200503,2020-05-03,2020,2,Q2,5,May,May,2020-05,202005,2020-05-01,2020-05-31,3,1,Sunday,19,18,True
20200504,2020-05-04,2020,2,Q2,5,May,May,2020-05,202005,2020-05-01,2020-05-31,4,2,Monday,19,19,False
20200505,2020-05-05,2020,2,Q2,5,May,May,2020-05,202005,2020-05-01,2020-05-31,5,3,Tuesday,19,19,False
20200506,2020-05-06,2020,2,Q2,5,May,May,2020-05,202005,2020-05-01,2020-05-31,6,4,Wednesday,19,19,False
20200507,2020-05-07,2020,2,Q2,5,May,May,2020-05,202005,2020-05-01,2020-05-31,7,5,Thursday,19,19,False
20200508,2020-05-08,2020,2,Q2,5,May,May,2020-05,202005,2020-05-01,2020-05-31,8,6,Friday,19,19,False
20200509,2020-05-09,2020,2,Q2,5,May,May,2020-05,202005,2020-05-01,2020-05-31,9,7,Saturday,19,19,True
20200510,2020-05-10,2020,2,Q2,5,May,May,2020-05,202005,2020-05-01,2020-05-31,10,1,Sunday,20,19,True
20200511,2020-05-11,2020,2,Q2,5,May,May,2020-05,202005,2020-05-01,2020-05-31,11,2,Monday,20,20,False
20200512,2020-05-12,2020,2,Q2,5,May,May,2020-05,202005,2020-05-01,2020-05-31,12,3,Tuesday,20,20,False
20200513,2020-05-13,2020,2,Q2,5,May,May,2020-05,202005,2020-05-01,2020-05-31,13,4,Wednesday,20,20,False
20200514,2020-05-14,2020,2,Q2,5,May,May,2020-05,202005,2020-05-01,2020-05-31,14,5,Thursday,20,20,False
20200515,2020-05-15,2020,2,Q2,5,May,May,2020-05,202005,2020-05-01,2020-05-31,15,6,Friday,20,20,False
20200516,2020-05-16,2020,2,Q2,5,May,May,2020-05,202005,2020-05-01,2020-05-31,16,7,Saturday,20,20,True
20200517,2020-05-17,2020,2,Q2,5,May,May,2020-05,202005,2020-05-01,2020-05-31,17,1,Sunday,21,20,True
20200518,2020-05-18,2020,2,Q2,5,May,May,2020-05,202005,2020-05-01,2020-05-31,18,2,Monday,21,21,False
20200519,2020-05-19,2020,2,Q2,5,May,May,2020-05,202005,2020-05-01,2020-05-31,19,3,Tuesday,21,21,False
20200520,2020-05-20,2020,2,Q2,5,May,May,2020-05,202005,2020-05-01,2020-05-31,20,4,Wednesday,21,21,False
20200521,2020-05-21,2020,2,Q2,5,May,May,2020-05,202005,2020-05-01,2020-05-31,21,5,Thursday,21,21,False
20200522,2020-05-22,2020,2,Q2,5,May,May,2020-05,202005,2020-05-01,2020-05-31,22,6,Friday,21,21,False
20200523,2020-05-23,2020,2,Q2,5,May,May,2020-05,202005,2020-05-01,2020-05-31,23,7,Saturday,21,21,True
20200524,2020-05-24,2020,2,Q2,5,May,May,2020-05,202005,2020-05-01,2020-05-31,24,1,Sunday,22,21,True
20200525,2020-05-25,2020,2,Q2,5,May,May,2020-05,202005,2020-05-01,2020-05-31,25,2,Monday,22,22,False
20200526,2020-05-26,2020,2,Q2,5,May,May,2020-05,202005,2020-05-01,2020-05-31,26,3,Tuesday,22,22,False
20200527,2020-05-27,2020,2,Q2,5,May,May,2020-05,202005,2020-05-01,2020-05-31,27,4,Wednesday,22,22,False
20200528,2020-05-28,2020,2,Q2,5,May,May,2020-05,202005,2020-05-01,2020-05-31,28,5,Thursday,22,22,False
20200529,2020-05-29,2020,2,Q2,5,May,May,2020-05,202005,2020-05-01,2020-05-31,29,6,Friday,22,22,False
20200530,2020-05-30,2020,2,Q2,5,May,May,2020-05,202005,2020-05-01,2020-05-31,30,7,Saturday,22,22,True
20200531,2020-05-31,2020,2,Q2,5,May,May,2020-05,202005,2020-05-01,2020-05-31,31,1,Sunday,23,22,True
20200601,2020-06-01,2020,2,Q2,6,June,Jun,2020-06,202006,2020-06-01,2020-06-30,1,2,Monday,23,23,False
20200602,2020-06-02,2020,2,Q2,6,June,Jun,2020-06,202006,2020-06-01,2020-06-30,2,3,Tuesday,23,23,False
20200603,2020-06-03,2020,2,Q2,6,June,Jun,2020-06,202006,2020-06-01,2020-06-30,3,4,Wednesday,23,23,False
20200604,2020-06-04,2020,2,Q2,6,June,Jun,2020-06,202006,2020-06-01,2020-06-30,4,5,Thursday,23,23,False
20200605,2020-06-05,2020,2,Q2,6,June,Jun,2020-06,202006,2020-06-01,2020-06-30,5,6,Friday,23,23,False
20200606,2020-06-06,2020,2,Q2,6,June,Jun,2020-06,202006,2020-06-01,2020-06-30,6,7,Saturday,23,23,True
20200607,2020-06-07,2020,2,Q2,6,June,Jun,2020-06,202006,2020-06-01,2020-06-30,7,1,Sunday,24,23,True
20200608,2020-06-08,2020,2,Q2,6,June,Jun,2020-06,202006,2020-06-01,2020-06-30,8,2,Monday,24,24,False
20200609,2020-06-09,2020,2,Q2,6,June,Jun,2020-06,202006,2020-06-01,2020-06-30,9,3,Tuesday,24,24,False
20200610,2020-06-10,2020,2,Q2,6,June,Jun,2020-06,202006,2020-06-01,2020-06-30,10,4,Wednesday,24,24,False
20200611,2020-06-11,2020,2,Q2,6,June,Jun,2020-06,202006,2020-06-01,2020-06-30,11,5,Thursday,24,24,False
20200612,2020-06-12,2020,2,Q2,6,June,Jun,2020-06,202006,2020-06-01,2020-06-30,12,6,Friday,24,24,False
20200613,2020-06-13,2020,2,Q2,6,June,Jun,2020-06,202006,2020-06-01,2020-06-30,13,7,Saturday,24,24,True
20200614,2020-06-14,2020,2,Q2,6,June,Jun,2020-06,202006,2020-06-01,2020-06-30,14,1,Sunday,25,24,True
20200615,2020-06-15,2020,2,Q2,6,June,Jun,2020-06,202006,2020-06-01,2020-06-30,15,2,Monday,25,25,False
20200616,2020-06-16,2020,2,Q2,6,June,Jun,2020-06,202006,2020-06-01,2020-06-30,16,3,Tuesday,25,25,False
20200617,2020-06-17,2020,2,Q2,6,June,Jun,2020-06,202006,2020-06-01,2020-06-30,17,4,Wednesday,25,25,False
20200618,2020-06-18,2020,2,Q2,6,June,Jun,2020-06,202006,2020-06-01,2020-06-30,18,5,Thursday,25,25,False
20200619,2020-06-19,2020,2,Q2,6,June,Jun,2020-06,202006,2020-06-01,2020-06-30,19,6,Friday,25,25,False
20200620,2020-06-20,2020,2,Q2,6,June,Jun,2020-06,202006,2020-06-01,2020-06-30,20,7,Saturday,25,25,True
20200621,2020-06-21,2020,2,Q2,6,June,Jun,2020-06,202006,2020-06-01,2020-06-30,21,1,Sunday,26,25,True
20200622,2020-06-22,2020,2,Q2,6,June,Jun,2020-06,202006,2020-06-01,2020-06-30,22,2,Monday,26,26,False
20200623,2020-06-23,2020,2,Q2,6,June,Jun,2020-06,202006,2020-06-01,2020-06-30,23,3,Tuesday,26,26,False
20200624,2020-06-24,2020,2,Q2,6,June,Jun,2020-06,202006,2020-06-01,2020-06-30,24,4,Wednesday,26,26,False
20200625,2020-06-25,2020,2,Q2,6,June,Jun,2020-06,202006,2020-06-01,2020-06-30,25,5,Thursday,26,26,False
20200626,2020-06-26,2020,2,Q2,6,June,Jun,2020-06,202006,2020-06-01,2020-06-30,26,6,Friday,26,26,False
20200627,2020-06-27,2020,2,Q2,6,June,Jun,2020-06,202006,2020-06-01,2020-06-30,27,7,Saturday,26,26,True
20200628,2020-06-28,2020,2,Q2,6,June,Jun,2020-06,202006,2020-06-01,2020-06-30,28,1,Sunday,27,26,True
20200629,2020-06-29,2020,2,Q2,6,June,Jun,2020-06,202006,2020-06-01,2020-06-30,29,2,Monday,27,27,False
20200630,2020-06-30,2020,2,Q2,6,June,Jun,2020-06,202006,2020-06-01,2020-06-30,30,3,Tuesday,27,27,False
20200701,2020-07-01,2020,3,Q3,7,July,Jul,2020-07,202007,2020-07-01,2020-07-31,1,4,Wednesday,27,27,False
20200702,2020-07-02,2020,3,Q3,7,July,Jul,2020-07,202007,2020-07-01,2020-07-31,2,5,Thursday,27,27,False
20200703,2020-07-03,2020,3,Q3,7,July,Jul,2020-07,202007,2020-07-01,2020-07-31,3,6,Friday,27,27,False
20200704,2020-07-04,2020,3,Q3,7,July,Jul,2020-07,202007,2020-07-01,2020-07-31,4,7,Saturday,27,27,True
20200705,2020-07-05,2020,3,Q3,7,July,Jul,2020-07,202007,2020-07-01,2020-07-31,5,1,Sunday,28,27,True
20200706,2020-07-06,2020,3,Q3,7,July,Jul,2020-07,202007,2020-07-01,2020-07-31,6,2,Monday,28,28,False
20200707,2020-07-07,2020,3,Q3,7,July,Jul,2020-07,202007,2020-07-01,2020-07-31,7,3,Tuesday,28,28,False
20200708,2020-07-08,2020,3,Q3,7,July,Jul,2020-07,202007,2020-07-01,2020-07-31,8,4,Wednesday,28,28,False
20200709,2020-07-09,2020,3,Q3,7,July,Jul,2020-07,202007,2020-07-01,2020-07-31,9,5,Thursday,28,28,False
20200710,2020-07-10,2020,3,Q3,7,July,Jul,2020-07,202007,2020-07-01,2020-07-31,10,6,Friday,28,28,False
20200711,2020-07-11,2020,3,Q3,7,July,Jul,2020-07,202007,2020-07-01,2020-07-31,11,7,Saturday,28,28,True
20200712,2020-07-12,2020,3,Q3,7,July,Jul,2020-07,202007,2020-07-01,2020-07-31,12,1,Sunday,29,28,True
20200713,2020-07-13,2020,3,Q3,7,July,Jul,2020-07,202007,2020-07-01,2020-07-31,13,2,Monday,29,29,False
20200714,2020-07-14,2020,3,Q3,7,July,Jul,2020-07,202007,2020-07-01,2020-07-31,14,3,Tuesday,29,29,False
20200715,2020-07-15,2020,3,Q3,7,July,Jul,2020-07,202007,2020-07-01,2020-07-31,15,4,Wednesday,29,29,False
20200716,2020-07-16,2020,3,Q3,7,July,Jul,2020-07,202007,2020-07-01,2020-07-31,16,5,Thursday,29,29,False
20200717,2020-07-17,2020,3,Q3,7,July,Jul,2020-07,202007,2020-07-01,2020-07-31,17,6,Friday,29,29,False
20200718,2020-07-18,2020,3,Q3,7,July,Jul,2020-07,202007,2020-07-01,2020-07-31,18,7,Saturday,29,29,True
20200719,2020-07-19,2020,3,Q3,7,July,Jul,2020-07,202007,2020-07-01,2020-07-31,19,1,Sunday,30,29,True
20200720,2020-07-20,2020,3,Q3,7,July,Jul,2020-07,202007,2020-07-01,2020-07-31,20,2,Monday,30,30,False
20200721,2020-07-21,2020,3,Q3,7,July,Jul,2020-07,202007,2020-07-01,2020-07-31,21,3,Tuesday,30,30,False
20200722,2020-07-22,2020,3,Q3,7,July,Jul,2020-07,202007,2020-07-01,2020-07-31,22,4,Wednesday,30,30,False
20200723,2020-07-23,2020,3,Q3,7,July,Jul,2020-07,202007,2020-07-01,2020-07-31,23,5,Thursday,30,30,False
20200724,2020-07-24,2020,3,Q3,7,July,Jul,2020-07,202007,2020-07-01,2020-07-31,24,6,Friday,30,30,False
20200725,2020-07-25,2020,3,Q3,7,July,Jul,2020-07,202007,2020-07-01,2020-07-31,25,7,Saturday,30,30,True
20200726,2020-07-26,2020,3,Q3,7,July,Jul,2020-07,202007,2020-07-01,2020-07-31,26,1,Sunday,31,30,True
20200727,2020-07-27,2020,3,Q3,7,July,Jul,2020-07,202007,2020-07-01,2020-07-31,27,2,Monday,31,31,False
20200728,2020-07-28,2020,3,Q3,7,July,Jul,2020-07,202007,2020-07-01,2020-07-31,28,3,Tuesday,31,31,False
20200729,2020-07-29,2020,3,Q3,7,July,Jul,2020-07,202007,2020-07-01,2020-07-31,29,4,Wednesday,31,31,False
20200730,2020-07-30,2020,3,Q3,7,July,Jul,2020-07,202007,2020-07-01,2020-07-31,30,5,Thursday,31,31,False
20200731,2020-07-31,2020,3,Q3,7,July,Jul,2020-07,202007,2020-07-01,2020-07-31,31,6,Friday,31,31,False
20200801,2020-08-01,2020,3,Q3,8,August,Aug,2020-08,202008,2020-08-01,2020-08-31,1,7,Saturday,31,31,True
20200802,2020-08-02,2020,3,Q3,8,August,Aug,2020-08,202008,2020-08-01,2020-08-31,2,1,Sunday,32,31,True
20200803,2020-08-03,2020,3,Q3,8,August,Aug,2020-08,202008,2020-08-01,2020-08-31,3,2,Monday,32,32,False
20200804,2020-08-04,2020,3,Q3,8,August,Aug,2020-08,202008,2020-08-01,2020-08-31,4,3,Tuesday,32,32,False
20200805,2020-08-05,2020,3,Q3,8,August,Aug,2020-08,202008,2020-08-01,2020-08-31,5,4,Wednesday,32,32,False
20200806,2020-08-06,2020,3,Q3,8,August,Aug,2020-08,202008,2020-08-01,2020-08-31,6,5,Thursday,32,32,False
20200807,2020-08-07,2020,3,Q3,8,August,Aug,2020-08,202008,2020-08-01,2020-08-31,7,6,Friday,32,32,False
20200808,2020-08-08,2020,3,Q3,8,August,Aug,2020-08,202008,2020-08-01,2020-08-31,8,7,Saturday,32,32,True
20200809,2020-08-09,2020,3,Q3,8,August,Aug,2020-08,202008,2020-08-01,2020-08-31,9,1,Sunday,33,32,True
20200810,2020-08-10,2020,3,Q3,8,August,Aug,2020-08,202008,2020-08-01,2020-08-31,10,2,Monday,33,33,False
20200811,2020-08-11,2020,3,Q3,8,August,Aug,2020-08,202008,2020-08-01,2020-08-31,11,3,Tuesday,33,33,False
20200812,2020-08-12,2020,3,Q3,8,August,Aug,2020-08,202008,2020-08-01,2020-08-31,12,4,Wednesday,33,33,False
20200813,2020-08-13,2020,3,Q3,8,August,Aug,2020-08,202008,2020-08-01,2020-08-31,13,5,Thursday,33,33,False
20200814,2020-08-14,2020,3,Q3,8,August,Aug,2020-08,202008,2020-08-01,2020-08-31,14,6,Friday,33,33,False
20200815,2020-08-15,2020,3,Q3,8,August,Aug,2020-08,202008,2020-08-01,2020-08-31,15,7,Saturday,33,33,True
20200816,2020-08-16,2020,3,Q3,8,August,Aug,2020-08,202008,2020-08-01,2020-08-31,16,1,Sunday,34,33,True
20200817,2020-08-17,2020,3,Q3,8,August,Aug,2020-08,202008,2020-08-01,2020-08-31,17,2,Monday,34,34,False
20200818,2020-08-18,2020,3,Q3,8,August,Aug,2020-08,202008,2020-08-01,2020-08-31,18,3,Tuesday,34,34,False
20200819,2020-08-19,2020,3,Q3,8,August,Aug,2020-08,202008,2020-08-01,2020-08-31,19,4,Wednesday,34,34,False
20200820,2020-08-20,2020,3,Q3,8,August,Aug,2020-08,202008,2020-08-01,2020-08-31,20,5,Thursday,34,34,False
20200821,2020-08-21,2020,3,Q3,8,August,Aug,2020-08,202008,2020-08-01,2020-08-31,21,6,Friday,34,34,False
20200822,2020-08-22,2020,3,Q3,8,August,Aug,2020-08,202008,2020-08-01,2020-08-31,22,7,Saturday,34,34,True
20200823,2020-08-23,2020,3,Q3,8,August,Aug,2020-08,202008,2020-08-01,2020-08-31,23,1,Sunday,35,34,True
20200824,2020-08-24,2020,3,Q3,8,August,Aug,2020-08,202008,2020-08-01,2020-08-31,24,2,Monday,35,35,False
20200825,2020-08-25,2020,3,Q3,8,August,Aug,2020-08,202008,2020-08-01,2020-08-31,25,3,Tuesday,35,35,False
20200826,2020-08-26,2020,3,Q3,8,August,Aug,2020-08,202008,2020-08-01,2020-08-31,26,4,Wednesday,35,35,False
20200827,2020-08-27,2020,3,Q3,8,August,Aug,2020-08,202008,2020-08-01,2020-08-31,27,5,Thursday,35,35,False
20200828,2020-08-28,2020,3,Q3,8,August,Aug,2020-08,202008,2020-08-01,2020-08-31,28,6,Friday,35,35,False
20200829,2020-08-29,2020,3,Q3,8,August,Aug,2020-08,202008,2020-08-01,2020-08-31,29,7,Saturday,35,35,True
20200830,2020-08-30,2020,3,Q3,8,August,Aug,2020-08,202008,2020-08-01,2020-08-31,30,1,Sunday,36,35,True
20200831,2020-08-31,2020,3,Q3,8,August,Aug,2020-08,202008,2020-08-01,2020-08-31,31,2,Monday,36,36,False
20200901,2020-09-01,2020,3,Q3,9,September,Sep,2020-09,202009,2020-09-01,2020-09-30,1,3,Tuesday,36,36,False
20200902,2020-09-02,2020,3,Q3,9,September,Sep,2020-09,202009,2020-09-01,2020-09-30,2,4,Wednesday,36,36,False
20200903,2020-09-03,2020,3,Q3,9,September,Sep,2020-09,202009,2020-09-01,2020-09-30,3,5,Thursday,36,36,False
20200904,2020-09-04,2020,3,Q3,9,September,Sep,2020-09,202009,2020-09-01,2020-09-30,4,6,Friday,36,36,False
20200905,2020-09-05,2020,3,Q3,9,September,Sep,2020-09,202009,2020-09-01,2020-09-30,5,7,Saturday,36,36,True
20200906,2020-09-06,2020,3,Q3,9,September,Sep,2020-09,202009,2020-09-01,2020-09-30,6,1,Sunday,37,36,True
20200907,2020-09-07,2020,3,Q3,9,September,Sep,2020-09,202009,2020-09-01,2020-09-30,7,2,Monday,37,37,False
20200908,2020-09-08,2020,3,Q3,9,September,Sep,2020-09,202009,2020-09-01,2020-09-30,8,3,Tuesday,37,37,False
20200909,2020-09-09,2020,3,Q3,9,September,Sep,2020-09,202009,2020-09-01,2020-09-30,9,4,Wednesday,37,37,False
20200910,2020-09-10,2020,3,Q3,9,September,Sep,2020-09,202009,2020-09-01,2020-09-30,10,5,Thursday,37,37,False
20200911,2020-09-11,2020,3,Q3,9,September,Sep,2020-09,202009,2020-09-01,2020-09-30,11,6,Friday,37,37,False
20200912,2020-09-12,2020,3,Q3,9,September,Sep,2020-09,202009,2020-09-01,2020-09-30,12,7,Saturday,37,37,True
20200913,2020-09-13,2020,3,Q3,9,September,Sep,2020-09,202009,2020-09-01,2020-09-30,13,1,Sunday,38,37,True
20200914,2020-09-14,2020,3,Q3,9,September,Sep,2020-09,202009,2020-09-01,2020-09-30,14,2,Monday,38,38,False
20200915,2020-09-15,2020,3,Q3,9,September,Sep,2020-09,202009,2020-09-01,2020-09-30,15,3,Tuesday,38,38,False
20200916,2020-09-16,2020,3,Q3,9,September,Sep,2020-09,202009,2020-09-01,2020-09-30,16,4,Wednesday,38,38,False
20200917,2020-09-17,2020,3,Q3,9,September,Sep,2020-09,202009,2020-09-01,2020-09-30,17,5,Thursday,38,38,False
20200918,2020-09-18,2020,3,Q3,9,September,Sep,2020-09,202009,2020-09-01,2020-09-30,18,6,Friday,38,38,False
20200919,2020-09-19,2020,3,Q3,9,September,Sep,2020-09,202009,2020-09-01,2020-09-30,19,7,Saturday,38,38,True
20200920,2020-09-20,2020,3,Q3,9,September,Sep,2020-09,202009,2020-09-01,2020-09-30,20,1,Sunday,39,38,True
20200921,2020-09-21,2020,3,Q3,9,September,Sep,2020-09,202009,2020-09-01,2020-09-30,21,2,Monday,39,39,False
20200922,2020-09-22,2020,3,Q3,9,September,Sep,2020-09,202009,2020-09-01,2020-09-30,22,3,Tuesday,39,39,False
20200923,2020-09-23,2020,3,Q3,9,September,Sep,2020-09,202009,2020-09-01,2020-09-30,23,4,Wednesday,39,39,False
20200924,2020-09-24,2020,3,Q3,9,September,Sep,2020-09,202009,2020-09-01,2020-09-30,24,5,Thursday,39,39,False
20200925,2020-09-25,2020,3,Q3,9,September,Sep,2020-09,202009,2020-09-01,2020-09-30,25,6,Friday,39,39,False
20200926,2020-09-26,2020,3,Q3,9,September,Sep,2020-09,202009,2020-09-01,2020-09-30,26,7,Saturday,39,39,True
20200927,2020-09-27,2020,3,Q3,9,September,Sep,2020-09,202009,2020-09-01,2020-09-30,27,1,Sunday,40,39,True
20200928,2020-09-28,2020,3,Q3,9,September,Sep,2020-09,202009,2020-09-01,2020-09-30,28,2,Monday,40,40,False
20200929,2020-09-29,2020,3,Q3,9,September,Sep,2020-09,202009,2020-09-01,2020-09-30,29,3,Tuesday,40,40,False
20200930,2020-09-30,2020,3,Q3,9,September,Sep,2020-09,202009,2020-09-01,2020-09-30,30,4,Wednesday,40,40,False
20201001,2020-10-01,2020,4,Q4,10,October,Oct,2020-10,202010,2020-10-01,2020-10-31,1,5,Thursday,40,40,False
20201002,2020-10-02,2020,4,Q4,10,October,Oct,2020-10,202010,2020-10-01,2020-10-31,2,6,Friday,40,40,False
20201003,2020-10-03,2020,4,Q4,10,October,Oct,2020-10,202010,2020-10-01,2020-10-31,3,7,Saturday,40,40,True
20201004,2020-10-04,2020,4,Q4,10,October,Oct,2020-10,202010,2020-10-01,2020-10-31,4,1,Sunday,41,40,True
20201005,2020-10-05,2020,4,Q4,10,October,Oct,2020-10,202010,2020-10-01,2020-10-31,5,2,Monday,41,41,False
20201006,2020-10-06,2020,4,Q4,10,October,Oct,2020-10,202010,2020-10-01,2020-10-31,6,3,Tuesday,41,41,False
20201007,2020-10-07,2020,4,Q4,10,October,Oct,2020-10,202010,2020-10-01,2020-10-31,7,4,Wednesday,41,41,False
20201008,2020-10-08,2020,4,Q4,10,October,Oct,2020-10,202010,2020-10-01,2020-10-31,8,5,Thursday,41,41,False
20201009,2020-10-09,2020,4,Q4,10,October,Oct,2020-10,202010,2020-10-01,2020-10-31,9,6,Friday,41,41,False
20201010,2020-10-10,2020,4,Q4,10,October,Oct,2020-10,202010,2020-10-01,2020-10-31,10,7,Saturday,41,41,True
20201011,2020-10-11,2020,4,Q4,10,October,Oct,2020-10,202010,2020-10-01,2020-10-31,11,1,Sunday,42,41,True
20201012,2020-10-12,2020,4,Q4,10,October,Oct,2020-10,202010,2020-10-01,2020-10-31,12,2,Monday,42,42,False
20201013,2020-10-13,2020,4,Q4,10,October,Oct,2020-10,202010,2020-10-01,2020-10-31,13,3,Tuesday,42,42,False
20201014,2020-10-14,2020,4,Q4,10,October,Oct,2020-10,202010,2020-10-01,2020-10-31,14,4,Wednesday,42,42,False
20201015,2020-10-15,2020,4,Q4,10,October,Oct,2020-10,202010,2020-10-01,2020-10-31,15,5,Thursday,42,42,False
20201016,2020-10-16,2020,4,Q4,10,October,Oct,2020-10,202010,2020-10-01,2020-10-31,16,6,Friday,42,42,False
20201017,2020-10-17,2020,4,Q4,10,October,Oct,2020-10,202010,2020-10-01,2020-10-31,17,7,Saturday,42,42,True
20201018,2020-10-18,2020,4,Q4,10,October,Oct,2020-10,202010,2020-10-01,2020-10-31,18,1,Sunday,43,42,True
20201019,2020-10-19,2020,4,Q4,10,October,Oct,2020-10,202010,2020-10-01,2020-10-31,19,2,Monday,43,43,False
20201020,2020-10-20,2020,4,Q4,10,October,Oct,2020-10,202010,2020-10-01,2020-10-31,20,3,Tuesday,43,43,False
20201021,2020-10-21,2020,4,Q4,10,October,Oct,2020-10,202010,2020-10-01,2020-10-31,21,4,Wednesday,43,43,False
20201022,2020-10-22,2020,4,Q4,10,October,Oct,2020-10,202010,2020-10-01,2020-10-31,22,5,Thursday,43,43,False
20201023,2020-10-23,2020,4,Q4,10,October,Oct,2020-10,202010,2020-10-01,2020-10-31,23,6,Friday,43,43,False
20201024,2020-10-24,2020,4,Q4,10,October,Oct,2020-10,202010,2020-10-01,2020-10-31,24,7,Saturday,43,43,True
20201025,2020-10-25,2020,4,Q4,10,October,Oct,2020-10,202010,2020-10-01,2020-10-31,25,1,Sunday,44,43,True
20201026,2020-10-26,2020,4,Q4,10,October,Oct,2020-10,202010,2020-10-01,2020-10-31,26,2,Monday,44,44,False
20201027,2020-10-27,2020,4,Q4,10,October,Oct,2020-10,202010,2020-10-01,2020-10-31,27,3,Tuesday,44,44,False
20201028,2020-10-28,2020,4,Q4,10,October,Oct,2020-10,202010,2020-10-01,2020-10-31,28,4,Wednesday,44,44,False
20201029,2020-10-29,2020,4,Q4,10,October,Oct,2020-10,202010,2020-10-01,2020-10-31,29,5,Thursday,44,44,False
20201030,2020-10-30,2020,4,Q4,10,October,Oct,2020-10,202010,2020-10-01,2020-10-31,30,6,Friday,44,44,False
20201031,2020-10-31,2020,4,Q4,10,October,Oct,2020-10,202010,2020-10-01,2020-10-31,31,7,Saturday,44,44,True
20201101,2020-11-01,2020,4,Q4,11,November,Nov,2020-11,202011,2020-11-01,2020-11-30,1,1,Sunday,45,44,True
20201102,2020-11-02,2020,4,Q4,11,November,Nov,2020-11,202011,2020-11-01,2020-11-30,2,2,Monday,45,45,False
20201103,2020-11-03,2020,4,Q4,11,November,Nov,2020-11,202011,2020-11-01,2020-11-30,3,3,Tuesday,45,45,False
20201104,2020-11-04,2020,4,Q4,11,November,Nov,2020-11,202011,2020-11-01,2020-11-30,4,4,Wednesday,45,45,False
20201105,2020-11-05,2020,4,Q4,11,November,Nov,2020-11,202011,2020-11-01,2020-11-30,5,5,Thursday,45,45,False
20201106,2020-11-06,2020,4,Q4,11,November,Nov,2020-11,202011,2020-11-01,2020-11-30,6,6,Friday,45,45,False
20201107,2020-11-07,2020,4,Q4,11,November,Nov,2020-11,202011,2020-11-01,2020-11-30,7,7,Saturday,45,45,True
20201108,2020-11-08,2020,4,Q4,11,November,Nov,2020-11,202011,2020-11-01,2020-11-30,8,1,Sunday,46,45,True
20201109,2020-11-09,2020,4,Q4,11,November,Nov,2020-11,202011,2020-11-01,2020-11-30,9,2,Monday,46,46,False
20201110,2020-11-10,2020,4,Q4,11,November,Nov,2020-11,202011,2020-11-01,2020-11-30,10,3,Tuesday,46,46,False
20201111,2020-11-11,2020,4,Q4,11,November,Nov,2020-11,202011,2020-11-01,2020-11-30,11,4,Wednesday,46,46,False
20201112,2020-11-12,2020,4,Q4,11,November,Nov,2020-11,202011,2020-11-01,2020-11-30,12,5,Thursday,46,46,False
20201113,2020-11-13,2020,4,Q4,11,November,Nov,2020-11,202011,2020-11-01,2020-11-30,13,6,Friday,46,46,False
20201114,2020-11-14,2020,4,Q4,11,November,Nov,2020-11,202011,2020-11-01,2020-11-30,14,7,Saturday,46,46,True
20201115,2020-11-15,2020,4,Q4,11,November,Nov,2020-11,202011,2020-11-01,2020-11-30,15,1,Sunday,47,46,True
20201116,2020-11-16,2020,4,Q4,11,November,Nov,2020-11,202011,2020-11-01,2020-11-30,16,2,Monday,47,47,False
20201117,2020-11-17,2020,4,Q4,11,November,Nov,2020-11,202011,2020-11-01,2020-11-30,17,3,Tuesday,47,47,False
20201118,2020-11-18,2020,4,Q4,11,November,Nov,2020-11,202011,2020-11-01,2020-11-30,18,4,Wednesday,47,47,False
20201119,2020-11-19,2020,4,Q4,11,November,Nov,2020-11,202011,2020-11-01,2020-11-30,19,5,Thursday,47,47,False
20201120,2020-11-20,2020,4,Q4,11,November,Nov,2020-11,202011,2020-11-01,2020-11-30,20,6,Friday,47,47,False
20201121,2020-11-21,2020,4,Q4,11,November,Nov,2020-11,202011,2020-11-01,2020-11-30,21,7,Saturday,47,47,True
20201122,2020-11-22,2020,4,Q4,11,November,Nov,2020-11,202011,2020-11-01,2020-11-30,22,1,Sunday,48,47,True
20201123,2020-11-23,2020,4,Q4,11,November,Nov,2020-11,202011,2020-11-01,2020-11-30,23,2,Monday,48,48,False
20201124,2020-11-24,2020,4,Q4,11,November,Nov,2020-11,202011,2020-11-01,2020-11-30,24,3,Tuesday,48,48,False
20201125,2020-11-25,2020,4,Q4,11,November,Nov,2020-11,202011,2020-11-01,2020-11-30,25,4,Wednesday,48,48,False
20201126,2020-11-26,2020,4,Q4,11,November,Nov,2020-11,202011,2020-11-01,2020-11-30,26,5,Thursday,48,48,False
20201127,2020-11-27,2020,4,Q4,11,November,Nov,2020-11,202011,2020-11-01,2020-11-30,27,6,Friday,48,48,False
20201128,2020-11-28,2020,4,Q4,11,November,Nov,2020-11,202011,2020-11-01,2020-11-30,28,7,Saturday,48,48,True
20201129,2020-11-29,2020,4,Q4,11,November,Nov,2020-11,202011,2020-11-01,2020-11-30,29,1,Sunday,49,48,True
20201130,2020-11-30,2020,4,Q4,11,November,Nov,2020-11,202011,2020-11-01,2020-11-30,30,2,Monday,49,49,False
20201201,2020-12-01,2020,4,Q4,12,December,Dec,2020-12,202012,2020-12-01,2020-12-31,1,3,Tuesday,49,49,False
20201202,2020-12-02,2020,4,Q4,12,December,Dec,2020-12,202012,2020-12-01,2020-12-31,2,4,Wednesday,49,49,False
20201203,2020-12-03,2020,4,Q4,12,December,Dec,2020-12,202012,2020-12-01,2020-12-31,3,5,Thursday,49,49,False
20201204,2020-12-04,2020,4,Q4,12,December,Dec,2020-12,202012,2020-12-01,2020-12-31,4,6,Friday,49,49,False
20201205,2020-12-05,2020,4,Q4,12,December,Dec,2020-12,202012,2020-12-01,2020-12-31,5,7,Saturday,49,49,True
20201206,2020-12-06,2020,4,Q4,12,December,Dec,2020-12,202012,2020-12-01,2020-12-31,6,1,Sunday,50,49,True
20201207,2020-12-07,2020,4,Q4,12,December,Dec,2020-12,202012,2020-12-01,2020-12-31,7,2,Monday,50,50,False
20201208,2020-12-08,2020,4,Q4,12,December,Dec,2020-12,202012,2020-12-01,2020-12-31,8,3,Tuesday,50,50,False
20201209,2020-12-09,2020,4,Q4,12,December,Dec,2020-12,202012,2020-12-01,2020-12-31,9,4,Wednesday,50,50,False
20201210,2020-12-10,2020,4,Q4,12,December,Dec,2020-12,202012,2020-12-01,2020-12-31,10,5,Thursday,50,50,False
20201211,2020-12-11,2020,4,Q4,12,December,Dec,2020-12,202012,2020-12-01,2020-12-31,11,6,Friday,50,50,False
20201212,2020-12-12,2020,4,Q4,12,December,Dec,2020-12,202012,2020-12-01,2020-12-31,12,7,Saturday,50,50,True
20201213,2020-12-13,2020,4,Q4,12,December,Dec,2020-12,202012,2020-12-01,2020-12-31,13,1,Sunday,51,50,True
20201214,2020-12-14,2020,4,Q4,12,December,Dec,2020-12,202012,2020-12-01,2020-12-31,14,2,Monday,51,51,False
20201215,2020-12-15,2020,4,Q4,12,December,Dec,2020-12,202012,2020-12-01,2020-12-31,15,3,Tuesday,51,51,False
20201216,2020-12-16,2020,4,Q4,12,December,Dec,2020-12,202012,2020-12-01,2020-12-31,16,4,Wednesday,51,51,False
20201217,2020-12-17,2020,4,Q4,12,December,Dec,2020-12,202012,2020-12-01,2020-12-31,17,5,Thursday,51,51,False
20201218,2020-12-18,2020,4,Q4,12,December,Dec,2020-12,202012,2020-12-01,2020-12-31,18,6,Friday,51,51,False
20201219,2020-12-19,2020,4,Q4,12,December,Dec,2020-12,202012,2020-12-01,2020-12-31,19,7,Saturday,51,51,True
20201220,2020-12-20,2020,4,Q4,12,December,Dec,2020-12,202012,2020-12-01,2020-12-31,20,1,Sunday,52,51,True
20201221,2020-12-21,2020,4,Q4,12,December,Dec,2020-12,202012,2020-12-01,2020-12-31,21,2,Monday,52,52,False
20201222,2020-12-22,2020,4,Q4,12,December,Dec,2020-12,202012,2020-12-01,2020-12-31,22,3,Tuesday,52,52,False
20201223,2020-12-23,2020,4,Q4,12,December,Dec,2020-12,202012,2020-12-01,2020-12-31,23,4,Wednesday,52,52,False
20201224,2020-12-24,2020,4,Q4,12,December,Dec,2020-12,202012,2020-12-01,2020-12-31,24,5,Thursday,52,52,False
20201225,2020-12-25,2020,4,Q4,12,December,Dec,2020-12,202012,2020-12-01,2020-12-31,25,6,Friday,52,52,False
20201226,2020-12-26,2020,4,Q4,12,December,Dec,2020-12,202012,2020-12-01,2020-12-31,26,7,Saturday,52,52,True
20201227,2020-12-27,2020,4,Q4,12,December,Dec,2020-12,202012,2020-12-01,2020-12-31,27,1,Sunday,53,52,True
20201228,2020-12-28,2020,4,Q4,12,December,Dec,2020-12,202012,2020-12-01,2020-12-31,28,2,Monday,53,53,False
20201229,2020-12-29,2020,4,Q4,12,December,Dec,2020-12,202012,2020-12-01,2020-12-31,29,3,Tuesday,53,53,False
20201230,2020-12-30,2020,4,Q4,12,December,Dec,2020-12,202012,2020-12-01,2020-12-31,30,4,Wednesday,53,53,False
20201231,2020-12-31,2020,4,Q4,12,December,Dec,2020-12,202012,2020-12-01,2020-12-31,31,5,Thursday,53,53,False
20210101,2021-01-01,2021,1,Q1,1,January,Jan,2021-01,202101,2021-01-01,2021-01-31,1,6,Friday,1,53,False
20210102,2021-01-02,2021,1,Q1,1,January,Jan,2021-01,202101,2021-01-01,2021-01-31,2,7,Saturday,1,53,True
20210103,2021-01-03,2021,1,Q1,1,January,Jan,2021-01,202101,2021-01-01,2021-01-31,3,1,Sunday,2,53,True
20210104,2021-01-04,2021,1,Q1,1,January,Jan,2021-01,202101,2021-01-01,2021-01-31,4,2,Monday,2,1,False
20210105,2021-01-05,2021,1,Q1,1,January,Jan,2021-01,202101,2021-01-01,2021-01-31,5,3,Tuesday,2,1,False
20210106,2021-01-06,2021,1,Q1,1,January,Jan,2021-01,202101,2021-01-01,2021-01-31,6,4,Wednesday,2,1,False
20210107,2021-01-07,2021,1,Q1,1,January,Jan,2021-01,202101,2021-01-01,2021-01-31,7,5,Thursday,2,1,False
20210108,2021-01-08,2021,1,Q1,1,January,Jan,2021-01,202101,2021-01-01,2021-01-31,8,6,Friday,2,1,False
20210109,2021-01-09,2021,1,Q1,1,January,Jan,2021-01,202101,2021-01-01,2021-01-31,9,7,Saturday,2,1,True
20210110,2021-01-10,2021,1,Q1,1,January,Jan,2021-01,202101,2021-01-01,2021-01-31,10,1,Sunday,3,1,True
20210111,2021-01-11,2021,1,Q1,1,January,Jan,2021-01,202101,2021-01-01,2021-01-31,11,2,Monday,3,2,False
20210112,2021-01-12,2021,1,Q1,1,January,Jan,2021-01,202101,2021-01-01,2021-01-31,12,3,Tuesday,3,2,False
20210113,2021-01-13,2021,1,Q1,1,January,Jan,2021-01,202101,2021-01-01,2021-01-31,13,4,Wednesday,3,2,False
20210114,2021-01-14,2021,1,Q1,1,January,Jan,2021-01,202101,2021-01-01,2021-01-31,14,5,Thursday,3,2,False
20210115,2021-01-15,2021,1,Q1,1,January,Jan,2021-01,202101,2021-01-01,2021-01-31,15,6,Friday,3,2,False
20210116,2021-01-16,2021,1,Q1,1,January,Jan,2021-01,202101,2021-01-01,2021-01-31,16,7,Saturday,3,2,True
20210117,2021-01-17,2021,1,Q1,1,January,Jan,2021-01,202101,2021-01-01,2021-01-31,17,1,Sunday,4,2,True
20210118,2021-01-18,2021,1,Q1,1,January,Jan,2021-01,202101,2021-01-01,2021-01-31,18,2,Monday,4,3,False
20210119,2021-01-19,2021,1,Q1,1,January,Jan,2021-01,202101,2021-01-01,2021-01-31,19,3,Tuesday,4,3,False
20210120,2021-01-20,2021,1,Q1,1,January,Jan,2021-01,202101,2021-01-01,2021-01-31,20,4,Wednesday,4,3,False
20210121,2021-01-21,2021,1,Q1,1,January,Jan,2021-01,202101,2021-01-01,2021-01-31,21,5,Thursday,4,3,False
20210122,2021-01-22,2021,1,Q1,1,January,Jan,2021-01,202101,2021-01-01,2021-01-31,22,6,Friday,4,3,False
20210123,2021-01-23,2021,1,Q1,1,January,Jan,2021-01,202101,2021-01-01,2021-01-31,23,7,Saturday,4,3,True
20210124,2021-01-24,2021,1,Q1,1,January,Jan,2021-01,202101,2021-01-01,2021-01-31,24,1,Sunday,5,3,True
20210125,2021-01-25,2021,1,Q1,1,January,Jan,2021-01,202101,2021-01-01,2021-01-31,25,2,Monday,5,4,False
20210126,2021-01-26,2021,1,Q1,1,January,Jan,2021-01,202101,2021-01-01,2021-01-31,26,3,Tuesday,5,4,False
20210127,2021-01-27,2021,1,Q1,1,January,Jan,2021-01,202101,2021-01-01,2021-01-31,27,4,Wednesday,5,4,False
20210128,2021-01-28,2021,1,Q1,1,January,Jan,2021-01,202101,2021-01-01,2021-01-31,28,5,Thursday,5,4,False
20210129,2021-01-29,2021,1,Q1,1,January,Jan,2021-01,202101,2021-01-01,2021-01-31,29,6,Friday,5,4,False
20210130,2021-01-30,2021,1,Q1,1,January,Jan,2021-01,202101,2021-01-01,2021-01-31,30,7,Saturday,5,4,True
20210131,2021-01-31,2021,1,Q1,1,January,Jan,2021-01,202101,2021-01-01,2021-01-31,31,1,Sunday,6,4,True
20210201,2021-02-01,2021,1,Q1,2,February,Feb,2021-02,202102,2021-02-01,2021-02-28,1,2,Monday,6,5,False
20210202,2021-02-02,2021,1,Q1,2,February,Feb,2021-02,202102,2021-02-01,2021-02-28,2,3,Tuesday,6,5,False
20210203,2021-02-03,2021,1,Q1,2,February,Feb,2021-02,202102,2021-02-01,2021-02-28,3,4,Wednesday,6,5,False
20210204,2021-02-04,2021,1,Q1,2,February,Feb,2021-02,202102,2021-02-01,2021-02-28,4,5,Thursday,6,5,False
20210205,2021-02-05,2021,1,Q1,2,February,Feb,2021-02,202102,2021-02-01,2021-02-28,5,6,Friday,6,5,False
20210206,2021-02-06,2021,1,Q1,2,February,Feb,2021-02,202102,2021-02-01,2021-02-28,6,7,Saturday,6,5,True
20210207,2021-02-07,2021,1,Q1,2,February,Feb,2021-02,202102,2021-02-01,2021-02-28,7,1,Sunday,7,5,True
20210208,2021-02-08,2021,1,Q1,2,February,Feb,2021-02,202102,2021-02-01,2021-02-28,8,2,Monday,7,6,False
20210209,2021-02-09,2021,1,Q1,2,February,Feb,2021-02,202102,2021-02-01,2021-02-28,9,3,Tuesday,7,6,False
20210210,2021-02-10,2021,1,Q1,2,February,Feb,2021-02,202102,2021-02-01,2021-02-28,10,4,Wednesday,7,6,False
20210211,2021-02-11,2021,1,Q1,2,February,Feb,2021-02,202102,2021-02-01,2021-02-28,11,5,Thursday,7,6,False
20210212,2021-02-12,2021,1,Q1,2,February,Feb,2021-02,202102,2021-02-01,2021-02-28,12,6,Friday,7,6,False
20210213,2021-02-13,2021,1,Q1,2,February,Feb,2021-02,202102,2021-02-01,2021-02-28,13,7,Saturday,7,6,True
20210214,2021-02-14,2021,1,Q1,2,February,Feb,2021-02,202102,2021-02-01,2021-02-28,14,1,Sunday,8,6,True
20210215,2021-02-15,2021,1,Q1,2,February,Feb,2021-02,202102,2021-02-01,2021-02-28,15,2,Monday,8,7,False
20210216,2021-02-16,2021,1,Q1,2,February,Feb,2021-02,202102,2021-02-01,2021-02-28,16,3,Tuesday,8,7,False
20210217,2021-02-17,2021,1,Q1,2,February,Feb,2021-02,202102,2021-02-01,2021-02-28,17,4,Wednesday,8,7,False
20210218,2021-02-18,2021,1,Q1,2,February,Feb,2021-02,202102,2021-02-01,2021-02-28,18,5,Thursday,8,7,False
20210219,2021-02-19,2021,1,Q1,2,February,Feb,2021-02,202102,2021-02-01,2021-02-28,19,6,Friday,8,7,False
20210220,2021-02-20,2021,1,Q1,2,February,Feb,2021-02,202102,2021-02-01,2021-02-28,20,7,Saturday,8,7,True
20210221,2021-02-21,2021,1,Q1,2,February,Feb,2021-02,202102,2021-02-01,2021-02-28,21,1,Sunday,9,7,True
20210222,2021-02-22,2021,1,Q1,2,February,Feb,2021-02,202102,2021-02-01,2021-02-28,22,2,Monday,9,8,False
20210223,2021-02-23,2021,1,Q1,2,February,Feb,2021-02,202102,2021-02-01,2021-02-28,23,3,Tuesday,9,8,False
20210224,2021-02-24,2021,1,Q1,2,February,Feb,2021-02,202102,2021-02-01,2021-02-28,24,4,Wednesday,9,8,False
20210225,2021-02-25,2021,1,Q1,2,February,Feb,2021-02,202102,2021-02-01,2021-02-28,25,5,Thursday,9,8,False
20210226,2021-02-26,2021,1,Q1,2,February,Feb,2021-02,202102,2021-02-01,2021-02-28,26,6,Friday,9,8,False
20210227,2021-02-27,2021,1,Q1,2,February,Feb,2021-02,202102,2021-02-01,2021-02-28,27,7,Saturday,9,8,True
20210228,2021-02-28,2021,1,Q1,2,February,Feb,2021-02,202102,2021-02-01,2021-02-28,28,1,Sunday,10,8,True
20210301,2021-03-01,2021,1,Q1,3,March,Mar,2021-03,202103,2021-03-01,2021-03-31,1,2,Monday,10,9,False
20210302,2021-03-02,2021,1,Q1,3,March,Mar,2021-03,202103,2021-03-01,2021-03-31,2,3,Tuesday,10,9,False
20210303,2021-03-03,2021,1,Q1,3,March,Mar,2021-03,202103,2021-03-01,2021-03-31,3,4,Wednesday,10,9,False
20210304,2021-03-04,2021,1,Q1,3,March,Mar,2021-03,202103,2021-03-01,2021-03-31,4,5,Thursday,10,9,False
20210305,2021-03-05,2021,1,Q1,3,March,Mar,2021-03,202103,2021-03-01,2021-03-31,5,6,Friday,10,9,False
20210306,2021-03-06,2021,1,Q1,3,March,Mar,2021-03,202103,2021-03-01,2021-03-31,6,7,Saturday,10,9,True
20210307,2021-03-07,2021,1,Q1,3,March,Mar,2021-03,202103,2021-03-01,2021-03-31,7,1,Sunday,11,9,True
20210308,2021-03-08,2021,1,Q1,3,March,Mar,2021-03,202103,2021-03-01,2021-03-31,8,2,Monday,11,10,False
20210309,2021-03-09,2021,1,Q1,3,March,Mar,2021-03,202103,2021-03-01,2021-03-31,9,3,Tuesday,11,10,False
20210310,2021-03-10,2021,1,Q1,3,March,Mar,2021-03,202103,2021-03-01,2021-03-31,10,4,Wednesday,11,10,False
20210311,2021-03-11,2021,1,Q1,3,March,Mar,2021-03,202103,2021-03-01,2021-03-31,11,5,Thursday,11,10,False
20210312,2021-03-12,2021,1,Q1,3,March,Mar,2021-03,202103,2021-03-01,2021-03-31,12,6,Friday,11,10,False
20210313,2021-03-13,2021,1,Q1,3,March,Mar,2021-03,202103,2021-03-01,2021-03-31,13,7,Saturday,11,10,True
20210314,2021-03-14,2021,1,Q1,3,March,Mar,2021-03,202103,2021-03-01,2021-03-31,14,1,Sunday,12,10,True
20210315,2021-03-15,2021,1,Q1,3,March,Mar,2021-03,202103,2021-03-01,2021-03-31,15,2,Monday,12,11,False
20210316,2021-03-16,2021,1,Q1,3,March,Mar,2021-03,202103,2021-03-01,2021-03-31,16,3,Tuesday,12,11,False
20210317,2021-03-17,2021,1,Q1,3,March,Mar,2021-03,202103,2021-03-01,2021-03-31,17,4,Wednesday,12,11,False
20210318,2021-03-18,2021,1,Q1,3,March,Mar,2021-03,202103,2021-03-01,2021-03-31,18,5,Thursday,12,11,False
20210319,2021-03-19,2021,1,Q1,3,March,Mar,2021-03,202103,2021-03-01,2021-03-31,19,6,Friday,12,11,False
20210320,2021-03-20,2021,1,Q1,3,March,Mar,2021-03,202103,2021-03-01,2021-03-31,20,7,Saturday,12,11,True
20210321,2021-03-21,2021,1,Q1,3,March,Mar,2021-03,202103,2021-03-01,2021-03-31,21,1,Sunday,13,11,True
20210322,2021-03-22,2021,1,Q1,3,March,Mar,2021-03,202103,2021-03-01,2021-03-31,22,2,Monday,13,12,False
20210323,2021-03-23,2021,1,Q1,3,March,Mar,2021-03,202103,2021-03-01,2021-03-31,23,3,Tuesday,13,12,False
20210324,2021-03-24,2021,1,Q1,3,March,Mar,2021-03,202103,2021-03-01,2021-03-31,24,4,Wednesday,13,12,False
20210325,2021-03-25,2021,1,Q1,3,March,Mar,2021-03,202103,2021-03-01,2021-03-31,25,5,Thursday,13,12,False
20210326,2021-03-26,2021,1,Q1,3,March,Mar,2021-03,202103,2021-03-01,2021-03-31,26,6,Friday,13,12,False
20210327,2021-03-27,2021,1,Q1,3,March,Mar,2021-03,202103,2021-03-01,2021-03-31,27,7,Saturday,13,12,True
20210328,2021-03-28,2021,1,Q1,3,March,Mar,2021-03,202103,2021-03-01,2021-03-31,28,1,Sunday,14,12,True
20210329,2021-03-29,2021,1,Q1,3,March,Mar,2021-03,202103,2021-03-01,2021-03-31,29,2,Monday,14,13,False
20210330,2021-03-30,2021,1,Q1,3,March,Mar,2021-03,202103,2021-03-01,2021-03-31,30,3,Tuesday,14,13,False
20210331,2021-03-31,2021,1,Q1,3,March,Mar,2021-03,202103,2021-03-01,2021-03-31,31,4,Wednesday,14,13,False
20210401,2021-04-01,2021,2,Q2,4,April,Apr,2021-04,202104,2021-04-01,2021-04-30,1,5,Thursday,14,13,False
20210402,2021-04-02,2021,2,Q2,4,April,Apr,2021-04,202104,2021-04-01,2021-04-30,2,6,Friday,14,13,False
20210403,2021-04-03,2021,2,Q2,4,April,Apr,2021-04,202104,2021-04-01,2021-04-30,3,7,Saturday,14,13,True
20210404,2021-04-04,2021,2,Q2,4,April,Apr,2021-04,202104,2021-04-01,2021-04-30,4,1,Sunday,15,13,True
20210405,2021-04-05,2021,2,Q2,4,April,Apr,2021-04,202104,2021-04-01,2021-04-30,5,2,Monday,15,14,False
20210406,2021-04-06,2021,2,Q2,4,April,Apr,2021-04,202104,2021-04-01,2021-04-30,6,3,Tuesday,15,14,False
20210407,2021-04-07,2021,2,Q2,4,April,Apr,2021-04,202104,2021-04-01,2021-04-30,7,4,Wednesday,15,14,False
20210408,2021-04-08,2021,2,Q2,4,April,Apr,2021-04,202104,2021-04-01,2021-04-30,8,5,Thursday,15,14,False
20210409,2021-04-09,2021,2,Q2,4,April,Apr,2021-04,202104,2021-04-01,2021-04-30,9,6,Friday,15,14,False
20210410,2021-04-10,2021,2,Q2,4,April,Apr,2021-04,202104,2021-04-01,2021-04-30,10,7,Saturday,15,14,True
20210411,2021-04-11,2021,2,Q2,4,April,Apr,2021-04,202104,2021-04-01,2021-04-30,11,1,Sunday,16,14,True
20210412,2021-04-12,2021,2,Q2,4,April,Apr,2021-04,202104,2021-04-01,2021-04-30,12,2,Monday,16,15,False
20210413,2021-04-13,2021,2,Q2,4,April,Apr,2021-04,202104,2021-04-01,2021-04-30,13,3,Tuesday,16,15,False
20210414,2021-04-14,2021,2,Q2,4,April,Apr,2021-04,202104,2021-04-01,2021-04-30,14,4,Wednesday,16,15,False
20210415,2021-04-15,2021,2,Q2,4,April,Apr,2021-04,202104,2021-04-01,2021-04-30,15,5,Thursday,16,15,False
20210416,2021-04-16,2021,2,Q2,4,April,Apr,2021-04,202104,2021-04-01,2021-04-30,16,6,Friday,16,15,False
20210417,2021-04-17,2021,2,Q2,4,April,Apr,2021-04,202104,2021-04-01,2021-04-30,17,7,Saturday,16,15,True
20210418,2021-04-18,2021,2,Q2,4,April,Apr,2021-04,202104,2021-04-01,2021-04-30,18,1,Sunday,17,15,True
20210419,2021-04-19,2021,2,Q2,4,April,Apr,2021-04,202104,2021-04-01,2021-04-30,19,2,Monday,17,16,False
20210420,2021-04-20,2021,2,Q2,4,April,Apr,2021-04,202104,2021-04-01,2021-04-30,20,3,Tuesday,17,16,False
20210421,2021-04-21,2021,2,Q2,4,April,Apr,2021-04,202104,2021-04-01,2021-04-30,21,4,Wednesday,17,16,False
20210422,2021-04-22,2021,2,Q2,4,April,Apr,2021-04,202104,2021-04-01,2021-04-30,22,5,Thursday,17,16,False
20210423,2021-04-23,2021,2,Q2,4,April,Apr,2021-04,202104,2021-04-01,2021-04-30,23,6,Friday,17,16,False
20210424,2021-04-24,2021,2,Q2,4,April,Apr,2021-04,202104,2021-04-01,2021-04-30,24,7,Saturday,17,16,True
20210425,2021-04-25,2021,2,Q2,4,April,Apr,2021-04,202104,2021-04-01,2021-04-30,25,1,Sunday,18,16,True
20210426,2021-04-26,2021,2,Q2,4,April,Apr,2021-04,202104,2021-04-01,2021-04-30,26,2,Monday,18,17,False
20210427,2021-04-27,2021,2,Q2,4,April,Apr,2021-04,202104,2021-04-01,2021-04-30,27,3,Tuesday,18,17,False
20210428,2021-04-28,2021,2,Q2,4,April,Apr,2021-04,202104,2021-04-01,2021-04-30,28,4,Wednesday,18,17,False
20210429,2021-04-29,2021,2,Q2,4,April,Apr,2021-04,202104,2021-04-01,2021-04-30,29,5,Thursday,18,17,False
20210430,2021-04-30,2021,2,Q2,4,April,Apr,2021-04,202104,2021-04-01,2021-04-30,30,6,Friday,18,17,False
20210501,2021-05-01,2021,2,Q2,5,May,May,2021-05,202105,2021-05-01,2021-05-31,1,7,Saturday,18,17,True
20210502,2021-05-02,2021,2,Q2,5,May,May,2021-05,202105,2021-05-01,2021-05-31,2,1,Sunday,19,17,True
20210503,2021-05-03,2021,2,Q2,5,May,May,2021-05,202105,2021-05-01,2021-05-31,3,2,Monday,19,18,False
20210504,2021-05-04,2021,2,Q2,5,May,May,2021-05,202105,2021-05-01,2021-05-31,4,3,Tuesday,19,18,False
20210505,2021-05-05,2021,2,Q2,5,May,May,2021-05,202105,2021-05-01,2021-05-31,5,4,Wednesday,19,18,False
20210506,2021-05-06,2021,2,Q2,5,May,May,2021-05,202105,2021-05-01,2021-05-31,6,5,Thursday,19,18,False
20210507,2021-05-07,2021,2,Q2,5,May,May,2021-05,202105,2021-05-01,2021-05-31,7,6,Friday,19,18,False
20210508,2021-05-08,2021,2,Q2,5,May,May,2021-05,202105,2021-05-01,2021-05-31,8,7,Saturday,19,18,True
20210509,2021-05-09,2021,2,Q2,5,May,May,2021-05,202105,2021-05-01,2021-05-31,9,1,Sunday,20,18,True
20210510,2021-05-10,2021,2,Q2,5,May,May,2021-05,202105,2021-05-01,2021-05-31,10,2,Monday,20,19,False
20210511,2021-05-11,2021,2,Q2,5,May,May,2021-05,202105,2021-05-01,2021-05-31,11,3,Tuesday,20,19,False
20210512,2021-05-12,2021,2,Q2,5,May,May,2021-05,202105,2021-05-01,2021-05-31,12,4,Wednesday,20,19,False
20210513,2021-05-13,2021,2,Q2,5,May,May,2021-05,202105,2021-05-01,2021-05-31,13,5,Thursday,20,19,False
20210514,2021-05-14,2021,2,Q2,5,May,May,2021-05,202105,2021-05-01,2021-05-31,14,6,Friday,20,19,False
20210515,2021-05-15,2021,2,Q2,5,May,May,2021-05,202105,2021-05-01,2021-05-31,15,7,Saturday,20,19,True
20210516,2021-05-16,2021,2,Q2,5,May,May,2021-05,202105,2021-05-01,2021-05-31,16,1,Sunday,21,19,True
20210517,2021-05-17,2021,2,Q2,5,May,May,2021-05,202105,2021-05-01,2021-05-31,17,2,Monday,21,20,False
20210518,2021-05-18,2021,2,Q2,5,May,May,2021-05,202105,2021-05-01,2021-05-31,18,3,Tuesday,21,20,False
20210519,2021-05-19,2021,2,Q2,5,May,May,2021-05,202105,2021-05-01,2021-05-31,19,4,Wednesday,21,20,False
20210520,2021-05-20,2021,2,Q2,5,May,May,2021-05,202105,2021-05-01,2021-05-31,20,5,Thursday,21,20,False
20210521,2021-05-21,2021,2,Q2,5,May,May,2021-05,202105,2021-05-01,2021-05-31,21,6,Friday,21,20,False
20210522,2021-05-22,2021,2,Q2,5,May,May,2021-05,202105,2021-05-01,2021-05-31,22,7,Saturday,21,20,True
20210523,2021-05-23,2021,2,Q2,5,May,May,2021-05,202105,2021-05-01,2021-05-31,23,1,Sunday,22,20,True
20210524,2021-05-24,2021,2,Q2,5,May,May,2021-05,202105,2021-05-01,2021-05-31,24,2,Monday,22,21,False
20210525,2021-05-25,2021,2,Q2,5,May,May,2021-05,202105,2021-05-01,2021-05-31,25,3,Tuesday,22,21,False
20210526,2021-05-26,2021,2,Q2,5,May,May,2021-05,202105,2021-05-01,2021-05-31,26,4,Wednesday,22,21,False
20210527,2021-05-27,2021,2,Q2,5,May,May,2021-05,202105,2021-05-01,2021-05-31,27,5,Thursday,22,21,False
20210528,2021-05-28,2021,2,Q2,5,May,May,2021-05,202105,2021-05-01,2021-05-31,28,6,Friday,22,21,False
20210529,2021-05-29,2021,2,Q2,5,May,May,2021-05,202105,2021-05-01,2021-05-31,29,7,Saturday,22,21,True
20210530,2021-05-30,2021,2,Q2,5,May,May,2021-05,202105,2021-05-01,2021-05-31,30,1,Sunday,23,21,True
20210531,2021-05-31,2021,2,Q2,5,May,May,2021-05,202105,2021-05-01,2021-05-31,31,2,Monday,23,22,False
20210601,2021-06-01,2021,2,Q2,6,June,Jun,2021-06,202106,2021-06-01,2021-06-30,1,3,Tuesday,23,22,False
20210602,2021-06-02,2021,2,Q2,6,June,Jun,2021-06,202106,2021-06-01,2021-06-30,2,4,Wednesday,23,22,False
20210603,2021-06-03,2021,2,Q2,6,June,Jun,2021-06,202106,2021-06-01,2021-06-30,3,5,Thursday,23,22,False
20210604,2021-06-04,2021,2,Q2,6,June,Jun,2021-06,202106,2021-06-01,2021-06-30,4,6,Friday,23,22,False
20210605,2021-06-05,2021,2,Q2,6,June,Jun,2021-06,202106,2021-06-01,2021-06-30,5,7,Saturday,23,22,True
20210606,2021-06-06,2021,2,Q2,6,June,Jun,2021-06,202106,2021-06-01,2021-06-30,6,1,Sunday,24,22,True
20210607,2021-06-07,2021,2,Q2,6,June,Jun,2021-06,202106,2021-06-01,2021-06-30,7,2,Monday,24,23,False
20210608,2021-06-08,2021,2,Q2,6,June,Jun,2021-06,202106,2021-06-01,2021-06-30,8,3,Tuesday,24,23,False
20210609,2021-06-09,2021,2,Q2,6,June,Jun,2021-06,202106,2021-06-01,2021-06-30,9,4,Wednesday,24,23,False
20210610,2021-06-10,2021,2,Q2,6,June,Jun,2021-06,202106,2021-06-01,2021-06-30,10,5,Thursday,24,23,False
20210611,2021-06-11,2021,2,Q2,6,June,Jun,2021-06,202106,2021-06-01,2021-06-30,11,6,Friday,24,23,False
20210612,2021-06-12,2021,2,Q2,6,June,Jun,2021-06,202106,2021-06-01,2021-06-30,12,7,Saturday,24,23,True
20210613,2021-06-13,2021,2,Q2,6,June,Jun,2021-06,202106,2021-06-01,2021-06-30,13,1,Sunday,25,23,True
20210614,2021-06-14,2021,2,Q2,6,June,Jun,2021-06,202106,2021-06-01,2021-06-30,14,2,Monday,25,24,False
20210615,2021-06-15,2021,2,Q2,6,June,Jun,2021-06,202106,2021-06-01,2021-06-30,15,3,Tuesday,25,24,False
20210616,2021-06-16,2021,2,Q2,6,June,Jun,2021-06,202106,2021-06-01,2021-06-30,16,4,Wednesday,25,24,False
20210617,2021-06-17,2021,2,Q2,6,June,Jun,2021-06,202106,2021-06-01,2021-06-30,17,5,Thursday,25,24,False
20210618,2021-06-18,2021,2,Q2,6,June,Jun,2021-06,202106,2021-06-01,2021-06-30,18,6,Friday,25,24,False
20210619,2021-06-19,2021,2,Q2,6,June,Jun,2021-06,202106,2021-06-01,2021-06-30,19,7,Saturday,25,24,True
20210620,2021-06-20,2021,2,Q2,6,June,Jun,2021-06,202106,2021-06-01,2021-06-30,20,1,Sunday,26,24,True
20210621,2021-06-21,2021,2,Q2,6,June,Jun,2021-06,202106,2021-06-01,2021-06-30,21,2,Monday,26,25,False
20210622,2021-06-22,2021,2,Q2,6,June,Jun,2021-06,202106,2021-06-01,2021-06-30,22,3,Tuesday,26,25,False
20210623,2021-06-23,2021,2,Q2,6,June,Jun,2021-06,202106,2021-06-01,2021-06-30,23,4,Wednesday,26,25,False
20210624,2021-06-24,2021,2,Q2,6,June,Jun,2021-06,202106,2021-06-01,2021-06-30,24,5,Thursday,26,25,False
20210625,2021-06-25,2021,2,Q2,6,June,Jun,2021-06,202106,2021-06-01,2021-06-30,25,6,Friday,26,25,False
20210626,2021-06-26,2021,2,Q2,6,June,Jun,2021-06,202106,2021-06-01,2021-06-30,26,7,Saturday,26,25,True
20210627,2021-06-27,2021,2,Q2,6,June,Jun,2021-06,202106,2021-06-01,2021-06-30,27,1,Sunday,27,25,True
20210628,2021-06-28,2021,2,Q2,6,June,Jun,2021-06,202106,2021-06-01,2021-06-30,28,2,Monday,27,26,False
20210629,2021-06-29,2021,2,Q2,6,June,Jun,2021-06,202106,2021-06-01,2021-06-30,29,3,Tuesday,27,26,False
20210630,2021-06-30,2021,2,Q2,6,June,Jun,2021-06,202106,2021-06-01,2021-06-30,30,4,Wednesday,27,26,False
20210701,2021-07-01,2021,3,Q3,7,July,Jul,2021-07,202107,2021-07-01,2021-07-31,1,5,Thursday,27,26,False
20210702,2021-07-02,2021,3,Q3,7,July,Jul,2021-07,202107,2021-07-01,2021-07-31,2,6,Friday,27,26,False
20210703,2021-07-03,2021,3,Q3,7,July,Jul,2021-07,202107,2021-07-01,2021-07-31,3,7,Saturday,27,26,True
20210704,2021-07-04,2021,3,Q3,7,July,Jul,2021-07,202107,2021-07-01,2021-07-31,4,1,Sunday,28,26,True
20210705,2021-07-05,2021,3,Q3,7,July,Jul,2021-07,202107,2021-07-01,2021-07-31,5,2,Monday,28,27,False
20210706,2021-07-06,2021,3,Q3,7,July,Jul,2021-07,202107,2021-07-01,2021-07-31,6,3,Tuesday,28,27,False
20210707,2021-07-07,2021,3,Q3,7,July,Jul,2021-07,202107,2021-07-01,2021-07-31,7,4,Wednesday,28,27,False
20210708,2021-07-08,2021,3,Q3,7,July,Jul,2021-07,202107,2021-07-01,2021-07-31,8,5,Thursday,28,27,False
20210709,2021-07-09,2021,3,Q3,7,July,Jul,2021-07,202107,2021-07-01,2021-07-31,9,6,Friday,28,27,False
20210710,2021-07-10,2021,3,Q3,7,July,Jul,2021-07,202107,2021-07-01,2021-07-31,10,7,Saturday,28,27,True
20210711,2021-07-11,2021,3,Q3,7,July,Jul,2021-07,202107,2021-07-01,2021-07-31,11,1,Sunday,29,27,True
20210712,2021-07-12,2021,3,Q3,7,July,Jul,2021-07,202107,2021-07-01,2021-07-31,12,2,Monday,29,28,False
20210713,2021-07-13,2021,3,Q3,7,July,Jul,2021-07,202107,2021-07-01,2021-07-31,13,3,Tuesday,29,28,False
20210714,2021-07-14,2021,3,Q3,7,July,Jul,2021-07,202107,2021-07-01,2021-07-31,14,4,Wednesday,29,28,False
20210715,2021-07-15,2021,3,Q3,7,July,Jul,2021-07,202107,2021-07-01,2021-07-31,15,5,Thursday,29,28,False
20210716,2021-07-16,2021,3,Q3,7,July,Jul,2021-07,202107,2021-07-01,2021-07-31,16,6,Friday,29,28,False
20210717,2021-07-17,2021,3,Q3,7,July,Jul,2021-07,202107,2021-07-01,2021-07-31,17,7,Saturday,29,28,True
20210718,2021-07-18,2021,3,Q3,7,July,Jul,2021-07,202107,2021-07-01,2021-07-31,18,1,Sunday,30,28,True
20210719,2021-07-19,2021,3,Q3,7,July,Jul,2021-07,202107,2021-07-01,2021-07-31,19,2,Monday,30,29,False
20210720,2021-07-20,2021,3,Q3,7,July,Jul,2021-07,202107,2021-07-01,2021-07-31,20,3,Tuesday,30,29,False
20210721,2021-07-21,2021,3,Q3,7,July,Jul,2021-07,202107,2021-07-01,2021-07-31,21,4,Wednesday,30,29,False
20210722,2021-07-22,2021,3,Q3,7,July,Jul,2021-07,202107,2021-07-01,2021-07-31,22,5,Thursday,30,29,False
20210723,2021-07-23,2021,3,Q3,7,July,Jul,2021-07,202107,2021-07-01,2021-07-31,23,6,Friday,30,29,False
20210724,2021-07-24,2021,3,Q3,7,July,Jul,2021-07,202107,2021-07-01,2021-07-31,24,7,Saturday,30,29,True
20210725,2021-07-25,2021,3,Q3,7,July,Jul,2021-07,202107,2021-07-01,2021-07-31,25,1,Sunday,31,29,True
20210726,2021-07-26,2021,3,Q3,7,July,Jul,2021-07,202107,2021-07-01,2021-07-31,26,2,Monday,31,30,False
20210727,2021-07-27,2021,3,Q3,7,July,Jul,2021-07,202107,2021-07-01,2021-07-31,27,3,Tuesday,31,30,False
20210728,2021-07-28,2021,3,Q3,7,July,Jul,2021-07,202107,2021-07-01,2021-07-31,28,4,Wednesday,31,30,False
20210729,2021-07-29,2021,3,Q3,7,July,Jul,2021-07,202107,2021-07-01,2021-07-31,29,5,Thursday,31,30,False
20210730,2021-07-30,2021,3,Q3,7,July,Jul,2021-07,202107,2021-07-01,2021-07-31,30,6,Friday,31,30,False
20210731,2021-07-31,2021,3,Q3,7,July,Jul,2021-07,202107,2021-07-01,2021-07-31,31,7,Saturday,31,30,True
20210801,2021-08-01,2021,3,Q3,8,August,Aug,2021-08,202108,2021-08-01,2021-08-31,1,1,Sunday,32,30,True
20210802,2021-08-02,2021,3,Q3,8,August,Aug,2021-08,202108,2021-08-01,2021-08-31,2,2,Monday,32,31,False
20210803,2021-08-03,2021,3,Q3,8,August,Aug,2021-08,202108,2021-08-01,2021-08-31,3,3,Tuesday,32,31,False
20210804,2021-08-04,2021,3,Q3,8,August,Aug,2021-08,202108,2021-08-01,2021-08-31,4,4,Wednesday,32,31,False
20210805,2021-08-05,2021,3,Q3,8,August,Aug,2021-08,202108,2021-08-01,2021-08-31,5,5,Thursday,32,31,False
20210806,2021-08-06,2021,3,Q3,8,August,Aug,2021-08,202108,2021-08-01,2021-08-31,6,6,Friday,32,31,False
20210807,2021-08-07,2021,3,Q3,8,August,Aug,2021-08,202108,2021-08-01,2021-08-31,7,7,Saturday,32,31,True
20210808,2021-08-08,2021,3,Q3,8,August,Aug,2021-08,202108,2021-08-01,2021-08-31,8,1,Sunday,33,31,True
20210809,2021-08-09,2021,3,Q3,8,August,Aug,2021-08,202108,2021-08-01,2021-08-31,9,2,Monday,33,32,False
20210810,2021-08-10,2021,3,Q3,8,August,Aug,2021-08,202108,2021-08-01,2021-08-31,10,3,Tuesday,33,32,False
20210811,2021-08-11,2021,3,Q3,8,August,Aug,2021-08,202108,2021-08-01,2021-08-31,11,4,Wednesday,33,32,False
20210812,2021-08-12,2021,3,Q3,8,August,Aug,2021-08,202108,2021-08-01,2021-08-31,12,5,Thursday,33,32,False
20210813,2021-08-13,2021,3,Q3,8,August,Aug,2021-08,202108,2021-08-01,2021-08-31,13,6,Friday,33,32,False
20210814,2021-08-14,2021,3,Q3,8,August,Aug,2021-08,202108,2021-08-01,2021-08-31,14,7,Saturday,33,32,True
20210815,2021-08-15,2021,3,Q3,8,August,Aug,2021-08,202108,2021-08-01,2021-08-31,15,1,Sunday,34,32,True
20210816,2021-08-16,2021,3,Q3,8,August,Aug,2021-08,202108,2021-08-01,2021-08-31,16,2,Monday,34,33,False
20210817,2021-08-17,2021,3,Q3,8,August,Aug,2021-08,202108,2021-08-01,2021-08-31,17,3,Tuesday,34,33,False
20210818,2021-08-18,2021,3,Q3,8,August,Aug,2021-08,202108,2021-08-01,2021-08-31,18,4,Wednesday,34,33,False
20210819,2021-08-19,2021,3,Q3,8,August,Aug,2021-08,202108,2021-08-01,2021-08-31,19,5,Thursday,34,33,False
20210820,2021-08-20,2021,3,Q3,8,August,Aug,2021-08,202108,2021-08-01,2021-08-31,20,6,Friday,34,33,False
20210821,2021-08-21,2021,3,Q3,8,August,Aug,2021-08,202108,2021-08-01,2021-08-31,21,7,Saturday,34,33,True
20210822,2021-08-22,2021,3,Q3,8,August,Aug,2021-08,202108,2021-08-01,2021-08-31,22,1,Sunday,35,33,True
20210823,2021-08-23,2021,3,Q3,8,August,Aug,2021-08,202108,2021-08-01,2021-08-31,23,2,Monday,35,34,False
20210824,2021-08-24,2021,3,Q3,8,August,Aug,2021-08,202108,2021-08-01,2021-08-31,24,3,Tuesday,35,34,False
20210825,2021-08-25,2021,3,Q3,8,August,Aug,2021-08,202108,2021-08-01,2021-08-31,25,4,Wednesday,35,34,False
20210826,2021-08-26,2021,3,Q3,8,August,Aug,2021-08,202108,2021-08-01,2021-08-31,26,5,Thursday,35,34,False
20210827,2021-08-27,2021,3,Q3,8,August,Aug,2021-08,202108,2021-08-01,2021-08-31,27,6,Friday,35,34,False
20210828,2021-08-28,2021,3,Q3,8,August,Aug,2021-08,202108,2021-08-01,2021-08-31,28,7,Saturday,35,34,True
20210829,2021-08-29,2021,3,Q3,8,August,Aug,2021-08,202108,2021-08-01,2021-08-31,29,1,Sunday,36,34,True
20210830,2021-08-30,2021,3,Q3,8,August,Aug,2021-08,202108,2021-08-01,2021-08-31,30,2,Monday,36,35,False
20210831,2021-08-31,2021,3,Q3,8,August,Aug,2021-08,202108,2021-08-01,2021-08-31,31,3,Tuesday,36,35,False
20210901,2021-09-01,2021,3,Q3,9,September,Sep,2021-09,202109,2021-09-01,2021-09-30,1,4,Wednesday,36,35,False
20210902,2021-09-02,2021,3,Q3,9,September,Sep,2021-09,202109,2021-09-01,2021-09-30,2,5,Thursday,36,35,False
20210903,2021-09-03,2021,3,Q3,9,September,Sep,2021-09,202109,2021-09-01,2021-09-30,3,6,Friday,36,35,False
20210904,2021-09-04,2021,3,Q3,9,September,Sep,2021-09,202109,2021-09-01,2021-09-30,4,7,Saturday,36,35,True
20210905,2021-09-05,2021,3,Q3,9,September,Sep,2021-09,202109,2021-09-01,2021-09-30,5,1,Sunday,37,35,True
20210906,2021-09-06,2021,3,Q3,9,September,Sep,2021-09,202109,2021-09-01,2021-09-30,6,2,Monday,37,36,False
20210907,2021-09-07,2021,3,Q3,9,September,Sep,2021-09,202109,2021-09-01,2021-09-30,7,3,Tuesday,37,36,False
20210908,2021-09-08,2021,3,Q3,9,September,Sep,2021-09,202109,2021-09-01,2021-09-30,8,4,Wednesday,37,36,False
20210909,2021-09-09,2021,3,Q3,9,September,Sep,2021-09,202109,2021-09-01,2021-09-30,9,5,Thursday,37,36,False
20210910,2021-09-10,2021,3,Q3,9,September,Sep,2021-09,202109,2021-09-01,2021-09-30,10,6,Friday,37,36,False
20210911,2021-09-11,2021,3,Q3,9,September,Sep,2021-09,202109,2021-09-01,2021-09-30,11,7,Saturday,37,36,True
20210912,2021-09-12,2021,3,Q3,9,September,Sep,2021-09,202109,2021-09-01,2021-09-30,12,1,Sunday,38,36,True
20210913,2021-09-13,2021,3,Q3,9,September,Sep,2021-09,202109,2021-09-01,2021-09-30,13,2,Monday,38,37,False
20210914,2021-09-14,2021,3,Q3,9,September,Sep,2021-09,202109,2021-09-01,2021-09-30,14,3,Tuesday,38,37,False
20210915,2021-09-15,2021,3,Q3,9,September,Sep,2021-09,202109,2021-09-01,2021-09-30,15,4,Wednesday,38,37,False
20210916,2021-09-16,2021,3,Q3,9,September,Sep,2021-09,202109,2021-09-01,2021-09-30,16,5,Thursday,38,37,False
20210917,2021-09-17,2021,3,Q3,9,September,Sep,2021-09,202109,2021-09-01,2021-09-30,17,6,Friday,38,37,False
20210918,2021-09-18,2021,3,Q3,9,September,Sep,2021-09,202109,2021-09-01,2021-09-30,18,7,Saturday,38,37,True
20210919,2021-09-19,2021,3,Q3,9,September,Sep,2021-09,202109,2021-09-01,2021-09-30,19,1,Sunday,39,37,True
20210920,2021-09-20,2021,3,Q3,9,September,Sep,2021-09,202109,2021-09-01,2021-09-30,20,2,Monday,39,38,False
20210921,2021-09-21,2021,3,Q3,9,September,Sep,2021-09,202109,2021-09-01,2021-09-30,21,3,Tuesday,39,38,False
20210922,2021-09-22,2021,3,Q3,9,September,Sep,2021-09,202109,2021-09-01,2021-09-30,22,4,Wednesday,39,38,False
20210923,2021-09-23,2021,3,Q3,9,September,Sep,2021-09,202109,2021-09-01,2021-09-30,23,5,Thursday,39,38,False
20210924,2021-09-24,2021,3,Q3,9,September,Sep,2021-09,202109,2021-09-01,2021-09-30,24,6,Friday,39,38,False
20210925,2021-09-25,2021,3,Q3,9,September,Sep,2021-09,202109,2021-09-01,2021-09-30,25,7,Saturday,39,38,True
20210926,2021-09-26,2021,3,Q3,9,September,Sep,2021-09,202109,2021-09-01,2021-09-30,26,1,Sunday,40,38,True
20210927,2021-09-27,2021,3,Q3,9,September,Sep,2021-09,202109,2021-09-01,2021-09-30,27,2,Monday,40,39,False
20210928,2021-09-28,2021,3,Q3,9,September,Sep,2021-09,202109,2021-09-01,2021-09-30,28,3,Tuesday,40,39,False
20210929,2021-09-29,2021,3,Q3,9,September,Sep,2021-09,202109,2021-09-01,2021-09-30,29,4,Wednesday,40,39,False
20210930,2021-09-30,2021,3,Q3,9,September,Sep,2021-09,202109,2021-09-01,2021-09-30,30,5,Thursday,40,39,False
20211001,2021-10-01,2021,4,Q4,10,October,Oct,2021-10,202110,2021-10-01,2021-10-31,1,6,Friday,40,39,False
20211002,2021-10-02,2021,4,Q4,10,October,Oct,2021-10,202110,2021-10-01,2021-10-31,2,7,Saturday,40,39,True
20211003,2021-10-03,2021,4,Q4,10,October,Oct,2021-10,202110,2021-10-01,2021-10-31,3,1,Sunday,41,39,True
20211004,2021-10-04,2021,4,Q4,10,October,Oct,2021-10,202110,2021-10-01,2021-10-31,4,2,Monday,41,40,False
20211005,2021-10-05,2021,4,Q4,10,October,Oct,2021-10,202110,2021-10-01,2021-10-31,5,3,Tuesday,41,40,False
20211006,2021-10-06,2021,4,Q4,10,October,Oct,2021-10,202110,2021-10-01,2021-10-31,6,4,Wednesday,41,40,False
20211007,2021-10-07,2021,4,Q4,10,October,Oct,2021-10,202110,2021-10-01,2021-10-31,7,5,Thursday,41,40,False
20211008,2021-10-08,2021,4,Q4,10,October,Oct,2021-10,202110,2021-10-01,2021-10-31,8,6,Friday,41,40,False
20211009,2021-10-09,2021,4,Q4,10,October,Oct,2021-10,202110,2021-10-01,2021-10-31,9,7,Saturday,41,40,True
20211010,2021-10-10,2021,4,Q4,10,October,Oct,2021-10,202110,2021-10-01,2021-10-31,10,1,Sunday,42,40,True
20211011,2021-10-11,2021,4,Q4,10,October,Oct,2021-10,202110,2021-10-01,2021-10-31,11,2,Monday,42,41,False
20211012,2021-10-12,2021,4,Q4,10,October,Oct,2021-10,202110,2021-10-01,2021-10-31,12,3,Tuesday,42,41,False
20211013,2021-10-13,2021,4,Q4,10,October,Oct,2021-10,202110,2021-10-01,2021-10-31,13,4,Wednesday,42,41,False
20211014,2021-10-14,2021,4,Q4,10,October,Oct,2021-10,202110,2021-10-01,2021-10-31,14,5,Thursday,42,41,False
20211015,2021-10-15,2021,4,Q4,10,October,Oct,2021-10,202110,2021-10-01,2021-10-31,15,6,Friday,42,41,False
20211016,2021-10-16,2021,4,Q4,10,October,Oct,2021-10,202110,2021-10-01,2021-10-31,16,7,Saturday,42,41,True
20211017,2021-10-17,2021,4,Q4,10,October,Oct,2021-10,202110,2021-10-01,2021-10-31,17,1,Sunday,43,41,True
20211018,2021-10-18,2021,4,Q4,10,October,Oct,2021-10,202110,2021-10-01,2021-10-31,18,2,Monday,43,42,False
20211019,2021-10-19,2021,4,Q4,10,October,Oct,2021-10,202110,2021-10-01,2021-10-31,19,3,Tuesday,43,42,False
20211020,2021-10-20,2021,4,Q4,10,October,Oct,2021-10,202110,2021-10-01,2021-10-31,20,4,Wednesday,43,42,False
20211021,2021-10-21,2021,4,Q4,10,October,Oct,2021-10,202110,2021-10-01,2021-10-31,21,5,Thursday,43,42,False
20211022,2021-10-22,2021,4,Q4,10,October,Oct,2021-10,202110,2021-10-01,2021-10-31,22,6,Friday,43,42,False
20211023,2021-10-23,2021,4,Q4,10,October,Oct,2021-10,202110,2021-10-01,2021-10-31,23,7,Saturday,43,42,True
20211024,2021-10-24,2021,4,Q4,10,October,Oct,2021-10,202110,2021-10-01,2021-10-31,24,1,Sunday,44,42,True
20211025,2021-10-25,2021,4,Q4,10,October,Oct,2021-10,202110,2021-10-01,2021-10-31,25,2,Monday,44,43,False
20211026,2021-10-26,2021,4,Q4,10,October,Oct,2021-10,202110,2021-10-01,2021-10-31,26,3,Tuesday,44,43,False
20211027,2021-10-27,2021,4,Q4,10,October,Oct,2021-10,202110,2021-10-01,2021-10-31,27,4,Wednesday,44,43,False
20211028,2021-10-28,2021,4,Q4,10,October,Oct,2021-10,202110,2021-10-01,2021-10-31,28,5,Thursday,44,43,False
20211029,2021-10-29,2021,4,Q4,10,October,Oct,2021-10,202110,2021-10-01,2021-10-31,29,6,Friday,44,43,False
20211030,2021-10-30,2021,4,Q4,10,October,Oct,2021-10,202110,2021-10-01,2021-10-31,30,7,Saturday,44,43,True
20211031,2021-10-31,2021,4,Q4,10,October,Oct,2021-10,202110,2021-10-01,2021-10-31,31,1,Sunday,45,43,True
20211101,2021-11-01,2021,4,Q4,11,November,Nov,2021-11,202111,2021-11-01,2021-11-30,1,2,Monday,45,44,False
20211102,2021-11-02,2021,4,Q4,11,November,Nov,2021-11,202111,2021-11-01,2021-11-30,2,3,Tuesday,45,44,False
20211103,2021-11-03,2021,4,Q4,11,November,Nov,2021-11,202111,2021-11-01,2021-11-30,3,4,Wednesday,45,44,False
20211104,2021-11-04,2021,4,Q4,11,November,Nov,2021-11,202111,2021-11-01,2021-11-30,4,5,Thursday,45,44,False
20211105,2021-11-05,2021,4,Q4,11,November,Nov,2021-11,202111,2021-11-01,2021-11-30,5,6,Friday,45,44,False
20211106,2021-11-06,2021,4,Q4,11,November,Nov,2021-11,202111,2021-11-01,2021-11-30,6,7,Saturday,45,44,True
20211107,2021-11-07,2021,4,Q4,11,November,Nov,2021-11,202111,2021-11-01,2021-11-30,7,1,Sunday,46,44,True
20211108,2021-11-08,2021,4,Q4,11,November,Nov,2021-11,202111,2021-11-01,2021-11-30,8,2,Monday,46,45,False
20211109,2021-11-09,2021,4,Q4,11,November,Nov,2021-11,202111,2021-11-01,2021-11-30,9,3,Tuesday,46,45,False
20211110,2021-11-10,2021,4,Q4,11,November,Nov,2021-11,202111,2021-11-01,2021-11-30,10,4,Wednesday,46,45,False
20211111,2021-11-11,2021,4,Q4,11,November,Nov,2021-11,202111,2021-11-01,2021-11-30,11,5,Thursday,46,45,False
20211112,2021-11-12,2021,4,Q4,11,November,Nov,2021-11,202111,2021-11-01,2021-11-30,12,6,Friday,46,45,False
20211113,2021-11-13,2021,4,Q4,11,November,Nov,2021-11,202111,2021-11-01,2021-11-30,13,7,Saturday,46,45,True
20211114,2021-11-14,2021,4,Q4,11,November,Nov,2021-11,202111,2021-11-01,2021-11-30,14,1,Sunday,47,45,True
20211115,2021-11-15,2021,4,Q4,11,November,Nov,2021-11,202111,2021-11-01,2021-11-30,15,2,Monday,47,46,False
20211116,2021-11-16,2021,4,Q4,11,November,Nov,2021-11,202111,2021-11-01,2021-11-30,16,3,Tuesday,47,46,False
20211117,2021-11-17,2021,4,Q4,11,November,Nov,2021-11,202111,2021-11-01,2021-11-30,17,4,Wednesday,47,46,False
20211118,2021-11-18,2021,4,Q4,11,November,Nov,2021-11,202111,2021-11-01,2021-11-30,18,5,Thursday,47,46,False
20211119,2021-11-19,2021,4,Q4,11,November,Nov,2021-11,202111,2021-11-01,2021-11-30,19,6,Friday,47,46,False
20211120,2021-11-20,2021,4,Q4,11,November,Nov,2021-11,202111,2021-11-01,2021-11-30,20,7,Saturday,47,46,True
20211121,2021-11-21,2021,4,Q4,11,November,Nov,2021-11,202111,2021-11-01,2021-11-30,21,1,Sunday,48,46,True
20211122,2021-11-22,2021,4,Q4,11,November,Nov,2021-11,202111,2021-11-01,2021-11-30,22,2,Monday,48,47,False
20211123,2021-11-23,2021,4,Q4,11,November,Nov,2021-11,202111,2021-11-01,2021-11-30,23,3,Tuesday,48,47,False
20211124,2021-11-24,2021,4,Q4,11,November,Nov,2021-11,202111,2021-11-01,2021-11-30,24,4,Wednesday,48,47,False
20211125,2021-11-25,2021,4,Q4,11,November,Nov,2021-11,202111,2021-11-01,2021-11-30,25,5,Thursday,48,47,False
20211126,2021-11-26,2021,4,Q4,11,November,Nov,2021-11,202111,2021-11-01,2021-11-30,26,6,Friday,48,47,False
20211127,2021-11-27,2021,4,Q4,11,November,Nov,2021-11,202111,2021-11-01,2021-11-30,27,7,Saturday,48,47,True
20211128,2021-11-28,2021,4,Q4,11,November,Nov,2021-11,202111,2021-11-01,2021-11-30,28,1,Sunday,49,47,True
20211129,2021-11-29,2021,4,Q4,11,November,Nov,2021-11,202111,2021-11-01,2021-11-30,29,2,Monday,49,48,False
20211130,2021-11-30,2021,4,Q4,11,November,Nov,2021-11,202111,2021-11-01,2021-11-30,30,3,Tuesday,49,48,False
20211201,2021-12-01,2021,4,Q4,12,December,Dec,2021-12,202112,2021-12-01,2021-12-31,1,4,Wednesday,49,48,False
20211202,2021-12-02,2021,4,Q4,12,December,Dec,2021-12,202112,2021-12-01,2021-12-31,2,5,Thursday,49,48,False
20211203,2021-12-03,2021,4,Q4,12,December,Dec,2021-12,202112,2021-12-01,2021-12-31,3,6,Friday,49,48,False
20211204,2021-12-04,2021,4,Q4,12,December,Dec,2021-12,202112,2021-12-01,2021-12-31,4,7,Saturday,49,48,True
20211205,2021-12-05,2021,4,Q4,12,December,Dec,2021-12,202112,2021-12-01,2021-12-31,5,1,Sunday,50,48,True
20211206,2021-12-06,2021,4,Q4,12,December,Dec,2021-12,202112,2021-12-01,2021-12-31,6,2,Monday,50,49,False
20211207,2021-12-07,2021,4,Q4,12,December,Dec,2021-12,202112,2021-12-01,2021-12-31,7,3,Tuesday,50,49,False
20211208,2021-12-08,2021,4,Q4,12,December,Dec,2021-12,202112,2021-12-01,2021-12-31,8,4,Wednesday,50,49,False
20211209,2021-12-09,2021,4,Q4,12,December,Dec,2021-12,202112,2021-12-01,2021-12-31,9,5,Thursday,50,49,False
20211210,2021-12-10,2021,4,Q4,12,December,Dec,2021-12,202112,2021-12-01,2021-12-31,10,6,Friday,50,49,False
20211211,2021-12-11,2021,4,Q4,12,December,Dec,2021-12,202112,2021-12-01,2021-12-31,11,7,Saturday,50,49,True
20211212,2021-12-12,2021,4,Q4,12,December,Dec,2021-12,202112,2021-12-01,2021-12-31,12,1,Sunday,51,49,True
20211213,2021-12-13,2021,4,Q4,12,December,Dec,2021-12,202112,2021-12-01,2021-12-31,13,2,Monday,51,50,False
20211214,2021-12-14,2021,4,Q4,12,December,Dec,2021-12,202112,2021-12-01,2021-12-31,14,3,Tuesday,51,50,False
20211215,2021-12-15,2021,4,Q4,12,December,Dec,2021-12,202112,2021-12-01,2021-12-31,15,4,Wednesday,51,50,False
20211216,2021-12-16,2021,4,Q4,12,December,Dec,2021-12,202112,2021-12-01,2021-12-31,16,5,Thursday,51,50,False
20211217,2021-12-17,2021,4,Q4,12,December,Dec,2021-12,202112,2021-12-01,2021-12-31,17,6,Friday,51,50,False
20211218,2021-12-18,2021,4,Q4,12,December,Dec,2021-12,202112,2021-12-01,2021-12-31,18,7,Saturday,51,50,True
20211219,2021-12-19,2021,4,Q4,12,December,Dec,2021-12,202112,2021-12-01,2021-12-31,19,1,Sunday,52,50,True
20211220,2021-12-20,2021,4,Q4,12,December,Dec,2021-12,202112,2021-12-01,2021-12-31,20,2,Monday,52,51,False
20211221,2021-12-21,2021,4,Q4,12,December,Dec,2021-12,202112,2021-12-01,2021-12-31,21,3,Tuesday,52,51,False
20211222,2021-12-22,2021,4,Q4,12,December,Dec,2021-12,202112,2021-12-01,2021-12-31,22,4,Wednesday,52,51,False
20211223,2021-12-23,2021,4,Q4,12,December,Dec,2021-12,202112,2021-12-01,2021-12-31,23,5,Thursday,52,51,False
20211224,2021-12-24,2021,4,Q4,12,December,Dec,2021-12,202112,2021-12-01,2021-12-31,24,6,Friday,52,51,False
20211225,2021-12-25,2021,4,Q4,12,December,Dec,2021-12,202112,2021-12-01,2021-12-31,25,7,Saturday,52,51,True
20211226,2021-12-26,2021,4,Q4,12,December,Dec,2021-12,202112,2021-12-01,2021-12-31,26,1,Sunday,53,51,True
20211227,2021-12-27,2021,4,Q4,12,December,Dec,2021-12,202112,2021-12-01,2021-12-31,27,2,Monday,53,52,False
20211228,2021-12-28,2021,4,Q4,12,December,Dec,2021-12,202112,2021-12-01,2021-12-31,28,3,Tuesday,53,52,False
20211229,2021-12-29,2021,4,Q4,12,December,Dec,2021-12,202112,2021-12-01,2021-12-31,29,4,Wednesday,53,52,False
20211230,2021-12-30,2021,4,Q4,12,December,Dec,2021-12,202112,2021-12-01,2021-12-31,30,5,Thursday,53,52,False
20211231,2021-12-31,2021,4,Q4,12,December,Dec,2021-12,202112,2021-12-01,2021-12-31,31,6,Friday,53,52,False
20220101,2022-01-01,2022,1,Q1,1,January,Jan,2022-01,202201,2022-01-01,2022-01-31,1,7,Saturday,1,52,True
20220102,2022-01-02,2022,1,Q1,1,January,Jan,2022-01,202201,2022-01-01,2022-01-31,2,1,Sunday,2,52,True
20220103,2022-01-03,2022,1,Q1,1,January,Jan,2022-01,202201,2022-01-01,2022-01-31,3,2,Monday,2,1,False
20220104,2022-01-04,2022,1,Q1,1,January,Jan,2022-01,202201,2022-01-01,2022-01-31,4,3,Tuesday,2,1,False
20220105,2022-01-05,2022,1,Q1,1,January,Jan,2022-01,202201,2022-01-01,2022-01-31,5,4,Wednesday,2,1,False
20220106,2022-01-06,2022,1,Q1,1,January,Jan,2022-01,202201,2022-01-01,2022-01-31,6,5,Thursday,2,1,False
20220107,2022-01-07,2022,1,Q1,1,January,Jan,2022-01,202201,2022-01-01,2022-01-31,7,6,Friday,2,1,False
20220108,2022-01-08,2022,1,Q1,1,January,Jan,2022-01,202201,2022-01-01,2022-01-31,8,7,Saturday,2,1,True
20220109,2022-01-09,2022,1,Q1,1,January,Jan,2022-01,202201,2022-01-01,2022-01-31,9,1,Sunday,3,1,True
20220110,2022-01-10,2022,1,Q1,1,January,Jan,2022-01,202201,2022-01-01,2022-01-31,10,2,Monday,3,2,False
20220111,2022-01-11,2022,1,Q1,1,January,Jan,2022-01,202201,2022-01-01,2022-01-31,11,3,Tuesday,3,2,False
20220112,2022-01-12,2022,1,Q1,1,January,Jan,2022-01,202201,2022-01-01,2022-01-31,12,4,Wednesday,3,2,False
20220113,2022-01-13,2022,1,Q1,1,January,Jan,2022-01,202201,2022-01-01,2022-01-31,13,5,Thursday,3,2,False
20220114,2022-01-14,2022,1,Q1,1,January,Jan,2022-01,202201,2022-01-01,2022-01-31,14,6,Friday,3,2,False
20220115,2022-01-15,2022,1,Q1,1,January,Jan,2022-01,202201,2022-01-01,2022-01-31,15,7,Saturday,3,2,True
20220116,2022-01-16,2022,1,Q1,1,January,Jan,2022-01,202201,2022-01-01,2022-01-31,16,1,Sunday,4,2,True
20220117,2022-01-17,2022,1,Q1,1,January,Jan,2022-01,202201,2022-01-01,2022-01-31,17,2,Monday,4,3,False
20220118,2022-01-18,2022,1,Q1,1,January,Jan,2022-01,202201,2022-01-01,2022-01-31,18,3,Tuesday,4,3,False
20220119,2022-01-19,2022,1,Q1,1,January,Jan,2022-01,202201,2022-01-01,2022-01-31,19,4,Wednesday,4,3,False
20220120,2022-01-20,2022,1,Q1,1,January,Jan,2022-01,202201,2022-01-01,2022-01-31,20,5,Thursday,4,3,False
20220121,2022-01-21,2022,1,Q1,1,January,Jan,2022-01,202201,2022-01-01,2022-01-31,21,6,Friday,4,3,False
20220122,2022-01-22,2022,1,Q1,1,January,Jan,2022-01,202201,2022-01-01,2022-01-31,22,7,Saturday,4,3,True
20220123,2022-01-23,2022,1,Q1,1,January,Jan,2022-01,202201,2022-01-01,2022-01-31,23,1,Sunday,5,3,True
20220124,2022-01-24,2022,1,Q1,1,January,Jan,2022-01,202201,2022-01-01,2022-01-31,24,2,Monday,5,4,False
20220125,2022-01-25,2022,1,Q1,1,January,Jan,2022-01,202201,2022-01-01,2022-01-31,25,3,Tuesday,5,4,False
20220126,2022-01-26,2022,1,Q1,1,January,Jan,2022-01,202201,2022-01-01,2022-01-31,26,4,Wednesday,5,4,False
20220127,2022-01-27,2022,1,Q1,1,January,Jan,2022-01,202201,2022-01-01,2022-01-31,27,5,Thursday,5,4,False
20220128,2022-01-28,2022,1,Q1,1,January,Jan,2022-01,202201,2022-01-01,2022-01-31,28,6,Friday,5,4,False
20220129,2022-01-29,2022,1,Q1,1,January,Jan,2022-01,202201,2022-01-01,2022-01-31,29,7,Saturday,5,4,True
20220130,2022-01-30,2022,1,Q1,1,January,Jan,2022-01,202201,2022-01-01,2022-01-31,30,1,Sunday,6,4,True
20220131,2022-01-31,2022,1,Q1,1,January,Jan,2022-01,202201,2022-01-01,2022-01-31,31,2,Monday,6,5,False
20220201,2022-02-01,2022,1,Q1,2,February,Feb,2022-02,202202,2022-02-01,2022-02-28,1,3,Tuesday,6,5,False
20220202,2022-02-02,2022,1,Q1,2,February,Feb,2022-02,202202,2022-02-01,2022-02-28,2,4,Wednesday,6,5,False
20220203,2022-02-03,2022,1,Q1,2,February,Feb,2022-02,202202,2022-02-01,2022-02-28,3,5,Thursday,6,5,False
20220204,2022-02-04,2022,1,Q1,2,February,Feb,2022-02,202202,2022-02-01,2022-02-28,4,6,Friday,6,5,False
20220205,2022-02-05,2022,1,Q1,2,February,Feb,2022-02,202202,2022-02-01,2022-02-28,5,7,Saturday,6,5,True
20220206,2022-02-06,2022,1,Q1,2,February,Feb,2022-02,202202,2022-02-01,2022-02-28,6,1,Sunday,7,5,True
20220207,2022-02-07,2022,1,Q1,2,February,Feb,2022-02,202202,2022-02-01,2022-02-28,7,2,Monday,7,6,False
20220208,2022-02-08,2022,1,Q1,2,February,Feb,2022-02,202202,2022-02-01,2022-02-28,8,3,Tuesday,7,6,False
20220209,2022-02-09,2022,1,Q1,2,February,Feb,2022-02,202202,2022-02-01,2022-02-28,9,4,Wednesday,7,6,False
20220210,2022-02-10,2022,1,Q1,2,February,Feb,2022-02,202202,2022-02-01,2022-02-28,10,5,Thursday,7,6,False
20220211,2022-02-11,2022,1,Q1,2,February,Feb,2022-02,202202,2022-02-01,2022-02-28,11,6,Friday,7,6,False
20220212,2022-02-12,2022,1,Q1,2,February,Feb,2022-02,202202,2022-02-01,2022-02-28,12,7,Saturday,7,6,True
20220213,2022-02-13,2022,1,Q1,2,February,Feb,2022-02,202202,2022-02-01,2022-02-28,13,1,Sunday,8,6,True
20220214,2022-02-14,2022,1,Q1,2,February,Feb,2022-02,202202,2022-02-01,2022-02-28,14,2,Monday,8,7,False
20220215,2022-02-15,2022,1,Q1,2,February,Feb,2022-02,202202,2022-02-01,2022-02-28,15,3,Tuesday,8,7,False
20220216,2022-02-16,2022,1,Q1,2,February,Feb,2022-02,202202,2022-02-01,2022-02-28,16,4,Wednesday,8,7,False
20220217,2022-02-17,2022,1,Q1,2,February,Feb,2022-02,202202,2022-02-01,2022-02-28,17,5,Thursday,8,7,False
20220218,2022-02-18,2022,1,Q1,2,February,Feb,2022-02,202202,2022-02-01,2022-02-28,18,6,Friday,8,7,False
20220219,2022-02-19,2022,1,Q1,2,February,Feb,2022-02,202202,2022-02-01,2022-02-28,19,7,Saturday,8,7,True
20220220,2022-02-20,2022,1,Q1,2,February,Feb,2022-02,202202,2022-02-01,2022-02-28,20,1,Sunday,9,7,True
20220221,2022-02-21,2022,1,Q1,2,February,Feb,2022-02,202202,2022-02-01,2022-02-28,21,2,Monday,9,8,False
20220222,2022-02-22,2022,1,Q1,2,February,Feb,2022-02,202202,2022-02-01,2022-02-28,22,3,Tuesday,9,8,False
20220223,2022-02-23,2022,1,Q1,2,February,Feb,2022-02,202202,2022-02-01,2022-02-28,23,4,Wednesday,9,8,False
20220224,2022-02-24,2022,1,Q1,2,February,Feb,2022-02,202202,2022-02-01,2022-02-28,24,5,Thursday,9,8,False
20220225,2022-02-25,2022,1,Q1,2,February,Feb,2022-02,202202,2022-02-01,2022-02-28,25,6,Friday,9,8,False
20220226,2022-02-26,2022,1,Q1,2,February,Feb,2022-02,202202,2022-02-01,2022-02-28,26,7,Saturday,9,8,True
20220227,2022-02-27,2022,1,Q1,2,February,Feb,2022-02,202202,2022-02-01,2022-02-28,27,1,Sunday,10,8,True
20220228,2022-02-28,2022,1,Q1,2,February,Feb,2022-02,202202,2022-02-01,2022-02-28,28,2,Monday,10,9,False
20220301,2022-03-01,2022,1,Q1,3,March,Mar,2022-03,202203,2022-03-01,2022-03-31,1,3,Tuesday,10,9,False
20220302,2022-03-02,2022,1,Q1,3,March,Mar,2022-03,202203,2022-03-01,2022-03-31,2,4,Wednesday,10,9,False
20220303,2022-03-03,2022,1,Q1,3,March,Mar,2022-03,202203,2022-03-01,2022-03-31,3,5,Thursday,10,9,False
20220304,2022-03-04,2022,1,Q1,3,March,Mar,2022-03,202203,2022-03-01,2022-03-31,4,6,Friday,10,9,False
20220305,2022-03-05,2022,1,Q1,3,March,Mar,2022-03,202203,2022-03-01,2022-03-31,5,7,Saturday,10,9,True
20220306,2022-03-06,2022,1,Q1,3,March,Mar,2022-03,202203,2022-03-01,2022-03-31,6,1,Sunday,11,9,True
20220307,2022-03-07,2022,1,Q1,3,March,Mar,2022-03,202203,2022-03-01,2022-03-31,7,2,Monday,11,10,False
20220308,2022-03-08,2022,1,Q1,3,March,Mar,2022-03,202203,2022-03-01,2022-03-31,8,3,Tuesday,11,10,False
20220309,2022-03-09,2022,1,Q1,3,March,Mar,2022-03,202203,2022-03-01,2022-03-31,9,4,Wednesday,11,10,False
20220310,2022-03-10,2022,1,Q1,3,March,Mar,2022-03,202203,2022-03-01,2022-03-31,10,5,Thursday,11,10,False
20220311,2022-03-11,2022,1,Q1,3,March,Mar,2022-03,202203,2022-03-01,2022-03-31,11,6,Friday,11,10,False
20220312,2022-03-12,2022,1,Q1,3,March,Mar,2022-03,202203,2022-03-01,2022-03-31,12,7,Saturday,11,10,True
20220313,2022-03-13,2022,1,Q1,3,March,Mar,2022-03,202203,2022-03-01,2022-03-31,13,1,Sunday,12,10,True
20220314,2022-03-14,2022,1,Q1,3,March,Mar,2022-03,202203,2022-03-01,2022-03-31,14,2,Monday,12,11,False
20220315,2022-03-15,2022,1,Q1,3,March,Mar,2022-03,202203,2022-03-01,2022-03-31,15,3,Tuesday,12,11,False
20220316,2022-03-16,2022,1,Q1,3,March,Mar,2022-03,202203,2022-03-01,2022-03-31,16,4,Wednesday,12,11,False
20220317,2022-03-17,2022,1,Q1,3,March,Mar,2022-03,202203,2022-03-01,2022-03-31,17,5,Thursday,12,11,False
20220318,2022-03-18,2022,1,Q1,3,March,Mar,2022-03,202203,2022-03-01,2022-03-31,18,6,Friday,12,11,False
20220319,2022-03-19,2022,1,Q1,3,March,Mar,2022-03,202203,2022-03-01,2022-03-31,19,7,Saturday,12,11,True
20220320,2022-03-20,2022,1,Q1,3,March,Mar,2022-03,202203,2022-03-01,2022-03-31,20,1,Sunday,13,11,True
20220321,2022-03-21,2022,1,Q1,3,March,Mar,2022-03,202203,2022-03-01,2022-03-31,21,2,Monday,13,12,False
20220322,2022-03-22,2022,1,Q1,3,March,Mar,2022-03,202203,2022-03-01,2022-03-31,22,3,Tuesday,13,12,False
20220323,2022-03-23,2022,1,Q1,3,March,Mar,2022-03,202203,2022-03-01,2022-03-31,23,4,Wednesday,13,12,False
20220324,2022-03-24,2022,1,Q1,3,March,Mar,2022-03,202203,2022-03-01,2022-03-31,24,5,Thursday,13,12,False
20220325,2022-03-25,2022,1,Q1,3,March,Mar,2022-03,202203,2022-03-01,2022-03-31,25,6,Friday,13,12,False
20220326,2022-03-26,2022,1,Q1,3,March,Mar,2022-03,202203,2022-03-01,2022-03-31,26,7,Saturday,13,12,True
20220327,2022-03-27,2022,1,Q1,3,March,Mar,2022-03,202203,2022-03-01,2022-03-31,27,1,Sunday,14,12,True
20220328,2022-03-28,2022,1,Q1,3,March,Mar,2022-03,202203,2022-03-01,2022-03-31,28,2,Monday,14,13,False
20220329,2022-03-29,2022,1,Q1,3,March,Mar,2022-03,202203,2022-03-01,2022-03-31,29,3,Tuesday,14,13,False
20220330,2022-03-30,2022,1,Q1,3,March,Mar,2022-03,202203,2022-03-01,2022-03-31,30,4,Wednesday,14,13,False
20220331,2022-03-31,2022,1,Q1,3,March,Mar,2022-03,202203,2022-03-01,2022-03-31,31,5,Thursday,14,13,False
20220401,2022-04-01,2022,2,Q2,4,April,Apr,2022-04,202204,2022-04-01,2022-04-30,1,6,Friday,14,13,False
20220402,2022-04-02,2022,2,Q2,4,April,Apr,2022-04,202204,2022-04-01,2022-04-30,2,7,Saturday,14,13,True
20220403,2022-04-03,2022,2,Q2,4,April,Apr,2022-04,202204,2022-04-01,2022-04-30,3,1,Sunday,15,13,True
20220404,2022-04-04,2022,2,Q2,4,April,Apr,2022-04,202204,2022-04-01,2022-04-30,4,2,Monday,15,14,False
20220405,2022-04-05,2022,2,Q2,4,April,Apr,2022-04,202204,2022-04-01,2022-04-30,5,3,Tuesday,15,14,False
20220406,2022-04-06,2022,2,Q2,4,April,Apr,2022-04,202204,2022-04-01,2022-04-30,6,4,Wednesday,15,14,False
20220407,2022-04-07,2022,2,Q2,4,April,Apr,2022-04,202204,2022-04-01,2022-04-30,7,5,Thursday,15,14,False
20220408,2022-04-08,2022,2,Q2,4,April,Apr,2022-04,202204,2022-04-01,2022-04-30,8,6,Friday,15,14,False
20220409,2022-04-09,2022,2,Q2,4,April,Apr,2022-04,202204,2022-04-01,2022-04-30,9,7,Saturday,15,14,True
20220410,2022-04-10,2022,2,Q2,4,April,Apr,2022-04,202204,2022-04-01,2022-04-30,10,1,Sunday,16,14,True
20220411,2022-04-11,2022,2,Q2,4,April,Apr,2022-04,202204,2022-04-01,2022-04-30,11,2,Monday,16,15,False
20220412,2022-04-12,2022,2,Q2,4,April,Apr,2022-04,202204,2022-04-01,2022-04-30,12,3,Tuesday,16,15,False
20220413,2022-04-13,2022,2,Q2,4,April,Apr,2022-04,202204,2022-04-01,2022-04-30,13,4,Wednesday,16,15,False
20220414,2022-04-14,2022,2,Q2,4,April,Apr,2022-04,202204,2022-04-01,2022-04-30,14,5,Thursday,16,15,False
20220415,2022-04-15,2022,2,Q2,4,April,Apr,2022-04,202204,2022-04-01,2022-04-30,15,6,Friday,16,15,False
20220416,2022-04-16,2022,2,Q2,4,April,Apr,2022-04,202204,2022-04-01,2022-04-30,16,7,Saturday,16,15,True
20220417,2022-04-17,2022,2,Q2,4,April,Apr,2022-04,202204,2022-04-01,2022-04-30,17,1,Sunday,17,15,True
20220418,2022-04-18,2022,2,Q2,4,April,Apr,2022-04,202204,2022-04-01,2022-04-30,18,2,Monday,17,16,False
20220419,2022-04-19,2022,2,Q2,4,April,Apr,2022-04,202204,2022-04-01,2022-04-30,19,3,Tuesday,17,16,False
20220420,2022-04-20,2022,2,Q2,4,April,Apr,2022-04,202204,2022-04-01,2022-04-30,20,4,Wednesday,17,16,False
20220421,2022-04-21,2022,2,Q2,4,April,Apr,2022-04,202204,2022-04-01,2022-04-30,21,5,Thursday,17,16,False
20220422,2022-04-22,2022,2,Q2,4,April,Apr,2022-04,202204,2022-04-01,2022-04-30,22,6,Friday,17,16,False
20220423,2022-04-23,2022,2,Q2,4,April,Apr,2022-04,202204,2022-04-01,2022-04-30,23,7,Saturday,17,16,True
20220424,2022-04-24,2022,2,Q2,4,April,Apr,2022-04,202204,2022-04-01,2022-04-30,24,1,Sunday,18,16,True
20220425,2022-04-25,2022,2,Q2,4,April,Apr,2022-04,202204,2022-04-01,2022-04-30,25,2,Monday,18,17,False
20220426,2022-04-26,2022,2,Q2,4,April,Apr,2022-04,202204,2022-04-01,2022-04-30,26,3,Tuesday,18,17,False
20220427,2022-04-27,2022,2,Q2,4,April,Apr,2022-04,202204,2022-04-01,2022-04-30,27,4,Wednesday,18,17,False
20220428,2022-04-28,2022,2,Q2,4,April,Apr,2022-04,202204,2022-04-01,2022-04-30,28,5,Thursday,18,17,False
20220429,2022-04-29,2022,2,Q2,4,April,Apr,2022-04,202204,2022-04-01,2022-04-30,29,6,Friday,18,17,False
20220430,2022-04-30,2022,2,Q2,4,April,Apr,2022-04,202204,2022-04-01,2022-04-30,30,7,Saturday,18,17,True
20220501,2022-05-01,2022,2,Q2,5,May,May,2022-05,202205,2022-05-01,2022-05-31,1,1,Sunday,19,17,True
20220502,2022-05-02,2022,2,Q2,5,May,May,2022-05,202205,2022-05-01,2022-05-31,2,2,Monday,19,18,False
20220503,2022-05-03,2022,2,Q2,5,May,May,2022-05,202205,2022-05-01,2022-05-31,3,3,Tuesday,19,18,False
20220504,2022-05-04,2022,2,Q2,5,May,May,2022-05,202205,2022-05-01,2022-05-31,4,4,Wednesday,19,18,False
20220505,2022-05-05,2022,2,Q2,5,May,May,2022-05,202205,2022-05-01,2022-05-31,5,5,Thursday,19,18,False
20220506,2022-05-06,2022,2,Q2,5,May,May,2022-05,202205,2022-05-01,2022-05-31,6,6,Friday,19,18,False
20220507,2022-05-07,2022,2,Q2,5,May,May,2022-05,202205,2022-05-01,2022-05-31,7,7,Saturday,19,18,True
20220508,2022-05-08,2022,2,Q2,5,May,May,2022-05,202205,2022-05-01,2022-05-31,8,1,Sunday,20,18,True
20220509,2022-05-09,2022,2,Q2,5,May,May,2022-05,202205,2022-05-01,2022-05-31,9,2,Monday,20,19,False
20220510,2022-05-10,2022,2,Q2,5,May,May,2022-05,202205,2022-05-01,2022-05-31,10,3,Tuesday,20,19,False
20220511,2022-05-11,2022,2,Q2,5,May,May,2022-05,202205,2022-05-01,2022-05-31,11,4,Wednesday,20,19,False
20220512,2022-05-12,2022,2,Q2,5,May,May,2022-05,202205,2022-05-01,2022-05-31,12,5,Thursday,20,19,False
20220513,2022-05-13,2022,2,Q2,5,May,May,2022-05,202205,2022-05-01,2022-05-31,13,6,Friday,20,19,False
20220514,2022-05-14,2022,2,Q2,5,May,May,2022-05,202205,2022-05-01,2022-05-31,14,7,Saturday,20,19,True
20220515,2022-05-15,2022,2,Q2,5,May,May,2022-05,202205,2022-05-01,2022-05-31,15,1,Sunday,21,19,True
20220516,2022-05-16,2022,2,Q2,5,May,May,2022-05,202205,2022-05-01,2022-05-31,16,2,Monday,21,20,False
20220517,2022-05-17,2022,2,Q2,5,May,May,2022-05,202205,2022-05-01,2022-05-31,17,3,Tuesday,21,20,False
20220518,2022-05-18,2022,2,Q2,5,May,May,2022-05,202205,2022-05-01,2022-05-31,18,4,Wednesday,21,20,False
20220519,2022-05-19,2022,2,Q2,5,May,May,2022-05,202205,2022-05-01,2022-05-31,19,5,Thursday,21,20,False
20220520,2022-05-20,2022,2,Q2,5,May,May,2022-05,202205,2022-05-01,2022-05-31,20,6,Friday,21,20,False
20220521,2022-05-21,2022,2,Q2,5,May,May,2022-05,202205,2022-05-01,2022-05-31,21,7,Saturday,21,20,True
20220522,2022-05-22,2022,2,Q2,5,May,May,2022-05,202205,2022-05-01,2022-05-31,22,1,Sunday,22,20,True
20220523,2022-05-23,2022,2,Q2,5,May,May,2022-05,202205,2022-05-01,2022-05-31,23,2,Monday,22,21,False
20220524,2022-05-24,2022,2,Q2,5,May,May,2022-05,202205,2022-05-01,2022-05-31,24,3,Tuesday,22,21,False
20220525,2022-05-25,2022,2,Q2,5,May,May,2022-05,202205,2022-05-01,2022-05-31,25,4,Wednesday,22,21,False
20220526,2022-05-26,2022,2,Q2,5,May,May,2022-05,202205,2022-05-01,2022-05-31,26,5,Thursday,22,21,False
20220527,2022-05-27,2022,2,Q2,5,May,May,2022-05,202205,2022-05-01,2022-05-31,27,6,Friday,22,21,False
20220528,2022-05-28,2022,2,Q2,5,May,May,2022-05,202205,2022-05-01,2022-05-31,28,7,Saturday,22,21,True
20220529,2022-05-29,2022,2,Q2,5,May,May,2022-05,202205,2022-05-01,2022-05-31,29,1,Sunday,23,21,True
20220530,2022-05-30,2022,2,Q2,5,May,May,2022-05,202205,2022-05-01,2022-05-31,30,2,Monday,23,22,False
20220531,2022-05-31,2022,2,Q2,5,May,May,2022-05,202205,2022-05-01,2022-05-31,31,3,Tuesday,23,22,False
20220601,2022-06-01,2022,2,Q2,6,June,Jun,2022-06,202206,2022-06-01,2022-06-30,1,4,Wednesday,23,22,False
20220602,2022-06-02,2022,2,Q2,6,June,Jun,2022-06,202206,2022-06-01,2022-06-30,2,5,Thursday,23,22,False
20220603,2022-06-03,2022,2,Q2,6,June,Jun,2022-06,202206,2022-06-01,2022-06-30,3,6,Friday,23,22,False
20220604,2022-06-04,2022,2,Q2,6,June,Jun,2022-06,202206,2022-06-01,2022-06-30,4,7,Saturday,23,22,True
20220605,2022-06-05,2022,2,Q2,6,June,Jun,2022-06,202206,2022-06-01,2022-06-30,5,1,Sunday,24,22,True
20220606,2022-06-06,2022,2,Q2,6,June,Jun,2022-06,202206,2022-06-01,2022-06-30,6,2,Monday,24,23,False
20220607,2022-06-07,2022,2,Q2,6,June,Jun,2022-06,202206,2022-06-01,2022-06-30,7,3,Tuesday,24,23,False
20220608,2022-06-08,2022,2,Q2,6,June,Jun,2022-06,202206,2022-06-01,2022-06-30,8,4,Wednesday,24,23,False
20220609,2022-06-09,2022,2,Q2,6,June,Jun,2022-06,202206,2022-06-01,2022-06-30,9,5,Thursday,24,23,False
20220610,2022-06-10,2022,2,Q2,6,June,Jun,2022-06,202206,2022-06-01,2022-06-30,10,6,Friday,24,23,False
20220611,2022-06-11,2022,2,Q2,6,June,Jun,2022-06,202206,2022-06-01,2022-06-30,11,7,Saturday,24,23,True
20220612,2022-06-12,2022,2,Q2,6,June,Jun,2022-06,202206,2022-06-01,2022-06-30,12,1,Sunday,25,23,True
20220613,2022-06-13,2022,2,Q2,6,June,Jun,2022-06,202206,2022-06-01,2022-06-30,13,2,Monday,25,24,False
20220614,2022-06-14,2022,2,Q2,6,June,Jun,2022-06,202206,2022-06-01,2022-06-30,14,3,Tuesday,25,24,False
20220615,2022-06-15,2022,2,Q2,6,June,Jun,2022-06,202206,2022-06-01,2022-06-30,15,4,Wednesday,25,24,False
20220616,2022-06-16,2022,2,Q2,6,June,Jun,2022-06,202206,2022-06-01,2022-06-30,16,5,Thursday,25,24,False
20220617,2022-06-17,2022,2,Q2,6,June,Jun,2022-06,202206,2022-06-01,2022-06-30,17,6,Friday,25,24,False
20220618,2022-06-18,2022,2,Q2,6,June,Jun,2022-06,202206,2022-06-01,2022-06-30,18,7,Saturday,25,24,True
20220619,2022-06-19,2022,2,Q2,6,June,Jun,2022-06,202206,2022-06-01,2022-06-30,19,1,Sunday,26,24,True
20220620,2022-06-20,2022,2,Q2,6,June,Jun,2022-06,202206,2022-06-01,2022-06-30,20,2,Monday,26,25,False
20220621,2022-06-21,2022,2,Q2,6,June,Jun,2022-06,202206,2022-06-01,2022-06-30,21,3,Tuesday,26,25,False
20220622,2022-06-22,2022,2,Q2,6,June,Jun,2022-06,202206,2022-06-01,2022-06-30,22,4,Wednesday,26,25,False
20220623,2022-06-23,2022,2,Q2,6,June,Jun,2022-06,202206,2022-06-01,2022-06-30,23,5,Thursday,26,25,False
20220624,2022-06-24,2022,2,Q2,6,June,Jun,2022-06,202206,2022-06-01,2022-06-30,24,6,Friday,26,25,False
20220625,2022-06-25,2022,2,Q2,6,June,Jun,2022-06,202206,2022-06-01,2022-06-30,25,7,Saturday,26,25,True
20220626,2022-06-26,2022,2,Q2,6,June,Jun,2022-06,202206,2022-06-01,2022-06-30,26,1,Sunday,27,25,True
20220627,2022-06-27,2022,2,Q2,6,June,Jun,2022-06,202206,2022-06-01,2022-06-30,27,2,Monday,27,26,False
20220628,2022-06-28,2022,2,Q2,6,June,Jun,2022-06,202206,2022-06-01,2022-06-30,28,3,Tuesday,27,26,False
20220629,2022-06-29,2022,2,Q2,6,June,Jun,2022-06,202206,2022-06-01,2022-06-30,29,4,Wednesday,27,26,False
20220630,2022-06-30,2022,2,Q2,6,June,Jun,2022-06,202206,2022-06-01,2022-06-30,30,5,Thursday,27,26,False
20220701,2022-07-01,2022,3,Q3,7,July,Jul,2022-07,202207,2022-07-01,2022-07-31,1,6,Friday,27,26,False
20220702,2022-07-02,2022,3,Q3,7,July,Jul,2022-07,202207,2022-07-01,2022-07-31,2,7,Saturday,27,26,True
20220703,2022-07-03,2022,3,Q3,7,July,Jul,2022-07,202207,2022-07-01,2022-07-31,3,1,Sunday,28,26,True
20220704,2022-07-04,2022,3,Q3,7,July,Jul,2022-07,202207,2022-07-01,2022-07-31,4,2,Monday,28,27,False
20220705,2022-07-05,2022,3,Q3,7,July,Jul,2022-07,202207,2022-07-01,2022-07-31,5,3,Tuesday,28,27,False
20220706,2022-07-06,2022,3,Q3,7,July,Jul,2022-07,202207,2022-07-01,2022-07-31,6,4,Wednesday,28,27,False
20220707,2022-07-07,2022,3,Q3,7,July,Jul,2022-07,202207,2022-07-01,2022-07-31,7,5,Thursday,28,27,False
20220708,2022-07-08,2022,3,Q3,7,July,Jul,2022-07,202207,2022-07-01,2022-07-31,8,6,Friday,28,27,False
20220709,2022-07-09,2022,3,Q3,7,July,Jul,2022-07,202207,2022-07-01,2022-07-31,9,7,Saturday,28,27,True
20220710,2022-07-10,2022,3,Q3,7,July,Jul,2022-07,202207,2022-07-01,2022-07-31,10,1,Sunday,29,27,True
20220711,2022-07-11,2022,3,Q3,7,July,Jul,2022-07,202207,2022-07-01,2022-07-31,11,2,Monday,29,28,False
20220712,2022-07-12,2022,3,Q3,7,July,Jul,2022-07,202207,2022-07-01,2022-07-31,12,3,Tuesday,29,28,False
20220713,2022-07-13,2022,3,Q3,7,July,Jul,2022-07,202207,2022-07-01,2022-07-31,13,4,Wednesday,29,28,False
20220714,2022-07-14,2022,3,Q3,7,July,Jul,2022-07,202207,2022-07-01,2022-07-31,14,5,Thursday,29,28,False
20220715,2022-07-15,2022,3,Q3,7,July,Jul,2022-07,202207,2022-07-01,2022-07-31,15,6,Friday,29,28,False
20220716,2022-07-16,2022,3,Q3,7,July,Jul,2022-07,202207,2022-07-01,2022-07-31,16,7,Saturday,29,28,True
20220717,2022-07-17,2022,3,Q3,7,July,Jul,2022-07,202207,2022-07-01,2022-07-31,17,1,Sunday,30,28,True
20220718,2022-07-18,2022,3,Q3,7,July,Jul,2022-07,202207,2022-07-01,2022-07-31,18,2,Monday,30,29,False
20220719,2022-07-19,2022,3,Q3,7,July,Jul,2022-07,202207,2022-07-01,2022-07-31,19,3,Tuesday,30,29,False
20220720,2022-07-20,2022,3,Q3,7,July,Jul,2022-07,202207,2022-07-01,2022-07-31,20,4,Wednesday,30,29,False
20220721,2022-07-21,2022,3,Q3,7,July,Jul,2022-07,202207,2022-07-01,2022-07-31,21,5,Thursday,30,29,False
20220722,2022-07-22,2022,3,Q3,7,July,Jul,2022-07,202207,2022-07-01,2022-07-31,22,6,Friday,30,29,False
20220723,2022-07-23,2022,3,Q3,7,July,Jul,2022-07,202207,2022-07-01,2022-07-31,23,7,Saturday,30,29,True
20220724,2022-07-24,2022,3,Q3,7,July,Jul,2022-07,202207,2022-07-01,2022-07-31,24,1,Sunday,31,29,True
20220725,2022-07-25,2022,3,Q3,7,July,Jul,2022-07,202207,2022-07-01,2022-07-31,25,2,Monday,31,30,False
20220726,2022-07-26,2022,3,Q3,7,July,Jul,2022-07,202207,2022-07-01,2022-07-31,26,3,Tuesday,31,30,False
20220727,2022-07-27,2022,3,Q3,7,July,Jul,2022-07,202207,2022-07-01,2022-07-31,27,4,Wednesday,31,30,False
20220728,2022-07-28,2022,3,Q3,7,July,Jul,2022-07,202207,2022-07-01,2022-07-31,28,5,Thursday,31,30,False
20220729,2022-07-29,2022,3,Q3,7,July,Jul,2022-07,202207,2022-07-01,2022-07-31,29,6,Friday,31,30,False
20220730,2022-07-30,2022,3,Q3,7,July,Jul,2022-07,202207,2022-07-01,2022-07-31,30,7,Saturday,31,30,True
20220731,2022-07-31,2022,3,Q3,7,July,Jul,2022-07,202207,2022-07-01,2022-07-31,31,1,Sunday,32,30,True
20220801,2022-08-01,2022,3,Q3,8,August,Aug,2022-08,202208,2022-08-01,2022-08-31,1,2,Monday,32,31,False
20220802,2022-08-02,2022,3,Q3,8,August,Aug,2022-08,202208,2022-08-01,2022-08-31,2,3,Tuesday,32,31,False
20220803,2022-08-03,2022,3,Q3,8,August,Aug,2022-08,202208,2022-08-01,2022-08-31,3,4,Wednesday,32,31,False
20220804,2022-08-04,2022,3,Q3,8,August,Aug,2022-08,202208,2022-08-01,2022-08-31,4,5,Thursday,32,31,False
20220805,2022-08-05,2022,3,Q3,8,August,Aug,2022-08,202208,2022-08-01,2022-08-31,5,6,Friday,32,31,False
20220806,2022-08-06,2022,3,Q3,8,August,Aug,2022-08,202208,2022-08-01,2022-08-31,6,7,Saturday,32,31,True
20220807,2022-08-07,2022,3,Q3,8,August,Aug,2022-08,202208,2022-08-01,2022-08-31,7,1,Sunday,33,31,True
20220808,2022-08-08,2022,3,Q3,8,August,Aug,2022-08,202208,2022-08-01,2022-08-31,8,2,Monday,33,32,False
20220809,2022-08-09,2022,3,Q3,8,August,Aug,2022-08,202208,2022-08-01,2022-08-31,9,3,Tuesday,33,32,False
20220810,2022-08-10,2022,3,Q3,8,August,Aug,2022-08,202208,2022-08-01,2022-08-31,10,4,Wednesday,33,32,False
20220811,2022-08-11,2022,3,Q3,8,August,Aug,2022-08,202208,2022-08-01,2022-08-31,11,5,Thursday,33,32,False
20220812,2022-08-12,2022,3,Q3,8,August,Aug,2022-08,202208,2022-08-01,2022-08-31,12,6,Friday,33,32,False
20220813,2022-08-13,2022,3,Q3,8,August,Aug,2022-08,202208,2022-08-01,2022-08-31,13,7,Saturday,33,32,True
20220814,2022-08-14,2022,3,Q3,8,August,Aug,2022-08,202208,2022-08-01,2022-08-31,14,1,Sunday,34,32,True
20220815,2022-08-15,2022,3,Q3,8,August,Aug,2022-08,202208,2022-08-01,2022-08-31,15,2,Monday,34,33,False
20220816,2022-08-16,2022,3,Q3,8,August,Aug,2022-08,202208,2022-08-01,2022-08-31,16,3,Tuesday,34,33,False
20220817,2022-08-17,2022,3,Q3,8,August,Aug,2022-08,202208,2022-08-01,2022-08-31,17,4,Wednesday,34,33,False
20220818,2022-08-18,2022,3,Q3,8,August,Aug,2022-08,202208,2022-08-01,2022-08-31,18,5,Thursday,34,33,False
20220819,2022-08-19,2022,3,Q3,8,August,Aug,2022-08,202208,2022-08-01,2022-08-31,19,6,Friday,34,33,False
20220820,2022-08-20,2022,3,Q3,8,August,Aug,2022-08,202208,2022-08-01,2022-08-31,20,7,Saturday,34,33,True
20220821,2022-08-21,2022,3,Q3,8,August,Aug,2022-08,202208,2022-08-01,2022-08-31,21,1,Sunday,35,33,True
20220822,2022-08-22,2022,3,Q3,8,August,Aug,2022-08,202208,2022-08-01,2022-08-31,22,2,Monday,35,34,False
20220823,2022-08-23,2022,3,Q3,8,August,Aug,2022-08,202208,2022-08-01,2022-08-31,23,3,Tuesday,35,34,False
20220824,2022-08-24,2022,3,Q3,8,August,Aug,2022-08,202208,2022-08-01,2022-08-31,24,4,Wednesday,35,34,False
20220825,2022-08-25,2022,3,Q3,8,August,Aug,2022-08,202208,2022-08-01,2022-08-31,25,5,Thursday,35,34,False
20220826,2022-08-26,2022,3,Q3,8,August,Aug,2022-08,202208,2022-08-01,2022-08-31,26,6,Friday,35,34,False
20220827,2022-08-27,2022,3,Q3,8,August,Aug,2022-08,202208,2022-08-01,2022-08-31,27,7,Saturday,35,34,True
20220828,2022-08-28,2022,3,Q3,8,August,Aug,2022-08,202208,2022-08-01,2022-08-31,28,1,Sunday,36,34,True
20220829,2022-08-29,2022,3,Q3,8,August,Aug,2022-08,202208,2022-08-01,2022-08-31,29,2,Monday,36,35,False
20220830,2022-08-30,2022,3,Q3,8,August,Aug,2022-08,202208,2022-08-01,2022-08-31,30,3,Tuesday,36,35,False
20220831,2022-08-31,2022,3,Q3,8,August,Aug,2022-08,202208,2022-08-01,2022-08-31,31,4,Wednesday,36,35,False
20220901,2022-09-01,2022,3,Q3,9,September,Sep,2022-09,202209,2022-09-01,2022-09-30,1,5,Thursday,36,35,False
20220902,2022-09-02,2022,3,Q3,9,September,Sep,2022-09,202209,2022-09-01,2022-09-30,2,6,Friday,36,35,False
20220903,2022-09-03,2022,3,Q3,9,September,Sep,2022-09,202209,2022-09-01,2022-09-30,3,7,Saturday,36,35,True
20220904,2022-09-04,2022,3,Q3,9,September,Sep,2022-09,202209,2022-09-01,2022-09-30,4,1,Sunday,37,35,True
20220905,2022-09-05,2022,3,Q3,9,September,Sep,2022-09,202209,2022-09-01,2022-09-30,5,2,Monday,37,36,False
20220906,2022-09-06,2022,3,Q3,9,September,Sep,2022-09,202209,2022-09-01,2022-09-30,6,3,Tuesday,37,36,False
20220907,2022-09-07,2022,3,Q3,9,September,Sep,2022-09,202209,2022-09-01,2022-09-30,7,4,Wednesday,37,36,False
20220908,2022-09-08,2022,3,Q3,9,September,Sep,2022-09,202209,2022-09-01,2022-09-30,8,5,Thursday,37,36,False
20220909,2022-09-09,2022,3,Q3,9,September,Sep,2022-09,202209,2022-09-01,2022-09-30,9,6,Friday,37,36,False
20220910,2022-09-10,2022,3,Q3,9,September,Sep,2022-09,202209,2022-09-01,2022-09-30,10,7,Saturday,37,36,True
20220911,2022-09-11,2022,3,Q3,9,September,Sep,2022-09,202209,2022-09-01,2022-09-30,11,1,Sunday,38,36,True
20220912,2022-09-12,2022,3,Q3,9,September,Sep,2022-09,202209,2022-09-01,2022-09-30,12,2,Monday,38,37,False
20220913,2022-09-13,2022,3,Q3,9,September,Sep,2022-09,202209,2022-09-01,2022-09-30,13,3,Tuesday,38,37,False
20220914,2022-09-14,2022,3,Q3,9,September,Sep,2022-09,202209,2022-09-01,2022-09-30,14,4,Wednesday,38,37,False
20220915,2022-09-15,2022,3,Q3,9,September,Sep,2022-09,202209,2022-09-01,2022-09-30,15,5,Thursday,38,37,False
20220916,2022-09-16,2022,3,Q3,9,September,Sep,2022-09,202209,2022-09-01,2022-09-30,16,6,Friday,38,37,False
20220917,2022-09-17,2022,3,Q3,9,September,Sep,2022-09,202209,2022-09-01,2022-09-30,17,7,Saturday,38,37,True
20220918,2022-09-18,2022,3,Q3,9,September,Sep,2022-09,202209,2022-09-01,2022-09-30,18,1,Sunday,39,37,True
20220919,2022-09-19,2022,3,Q3,9,September,Sep,2022-09,202209,2022-09-01,2022-09-30,19,2,Monday,39,38,False
20220920,2022-09-20,2022,3,Q3,9,September,Sep,2022-09,202209,2022-09-01,2022-09-30,20,3,Tuesday,39,38,False
20220921,2022-09-21,2022,3,Q3,9,September,Sep,2022-09,202209,2022-09-01,2022-09-30,21,4,Wednesday,39,38,False
20220922,2022-09-22,2022,3,Q3,9,September,Sep,2022-09,202209,2022-09-01,2022-09-30,22,5,Thursday,39,38,False
20220923,2022-09-23,2022,3,Q3,9,September,Sep,2022-09,202209,2022-09-01,2022-09-30,23,6,Friday,39,38,False
20220924,2022-09-24,2022,3,Q3,9,September,Sep,2022-09,202209,2022-09-01,2022-09-30,24,7,Saturday,39,38,True
20220925,2022-09-25,2022,3,Q3,9,September,Sep,2022-09,202209,2022-09-01,2022-09-30,25,1,Sunday,40,38,True
20220926,2022-09-26,2022,3,Q3,9,September,Sep,2022-09,202209,2022-09-01,2022-09-30,26,2,Monday,40,39,False
20220927,2022-09-27,2022,3,Q3,9,September,Sep,2022-09,202209,2022-09-01,2022-09-30,27,3,Tuesday,40,39,False
20220928,2022-09-28,2022,3,Q3,9,September,Sep,2022-09,202209,2022-09-01,2022-09-30,28,4,Wednesday,40,39,False
20220929,2022-09-29,2022,3,Q3,9,September,Sep,2022-09,202209,2022-09-01,2022-09-30,29,5,Thursday,40,39,False
20220930,2022-09-30,2022,3,Q3,9,September,Sep,2022-09,202209,2022-09-01,2022-09-30,30,6,Friday,40,39,False
20221001,2022-10-01,2022,4,Q4,10,October,Oct,2022-10,202210,2022-10-01,2022-10-31,1,7,Saturday,40,39,True
20221002,2022-10-02,2022,4,Q4,10,October,Oct,2022-10,202210,2022-10-01,2022-10-31,2,1,Sunday,41,39,True
20221003,2022-10-03,2022,4,Q4,10,October,Oct,2022-10,202210,2022-10-01,2022-10-31,3,2,Monday,41,40,False
20221004,2022-10-04,2022,4,Q4,10,October,Oct,2022-10,202210,2022-10-01,2022-10-31,4,3,Tuesday,41,40,False
20221005,2022-10-05,2022,4,Q4,10,October,Oct,2022-10,202210,2022-10-01,2022-10-31,5,4,Wednesday,41,40,False
20221006,2022-10-06,2022,4,Q4,10,October,Oct,2022-10,202210,2022-10-01,2022-10-31,6,5,Thursday,41,40,False
20221007,2022-10-07,2022,4,Q4,10,October,Oct,2022-10,202210,2022-10-01,2022-10-31,7,6,Friday,41,40,False
20221008,2022-10-08,2022,4,Q4,10,October,Oct,2022-10,202210,2022-10-01,2022-10-31,8,7,Saturday,41,40,True
20221009,2022-10-09,2022,4,Q4,10,October,Oct,2022-10,202210,2022-10-01,2022-10-31,9,1,Sunday,42,40,True
20221010,2022-10-10,2022,4,Q4,10,October,Oct,2022-10,202210,2022-10-01,2022-10-31,10,2,Monday,42,41,False
20221011,2022-10-11,2022,4,Q4,10,October,Oct,2022-10,202210,2022-10-01,2022-10-31,11,3,Tuesday,42,41,False
20221012,2022-10-12,2022,4,Q4,10,October,Oct,2022-10,202210,2022-10-01,2022-10-31,12,4,Wednesday,42,41,False
20221013,2022-10-13,2022,4,Q4,10,October,Oct,2022-10,202210,2022-10-01,2022-10-31,13,5,Thursday,42,41,False
20221014,2022-10-14,2022,4,Q4,10,October,Oct,2022-10,202210,2022-10-01,2022-10-31,14,6,Friday,42,41,False
20221015,2022-10-15,2022,4,Q4,10,October,Oct,2022-10,202210,2022-10-01,2022-10-31,15,7,Saturday,42,41,True
20221016,2022-10-16,2022,4,Q4,10,October,Oct,2022-10,202210,2022-10-01,2022-10-31,16,1,Sunday,43,41,True
20221017,2022-10-17,2022,4,Q4,10,October,Oct,2022-10,202210,2022-10-01,2022-10-31,17,2,Monday,43,42,False
20221018,2022-10-18,2022,4,Q4,10,October,Oct,2022-10,202210,2022-10-01,2022-10-31,18,3,Tuesday,43,42,False
20221019,2022-10-19,2022,4,Q4,10,October,Oct,2022-10,202210,2022-10-01,2022-10-31,19,4,Wednesday,43,42,False
20221020,2022-10-20,2022,4,Q4,10,October,Oct,2022-10,202210,2022-10-01,2022-10-31,20,5,Thursday,43,42,False
20221021,2022-10-21,2022,4,Q4,10,October,Oct,2022-10,202210,2022-10-01,2022-10-31,21,6,Friday,43,42,False
20221022,2022-10-22,2022,4,Q4,10,October,Oct,2022-10,202210,2022-10-01,2022-10-31,22,7,Saturday,43,42,True
20221023,2022-10-23,2022,4,Q4,10,October,Oct,2022-10,202210,2022-10-01,2022-10-31,23,1,Sunday,44,42,True
20221024,2022-10-24,2022,4,Q4,10,October,Oct,2022-10,202210,2022-10-01,2022-10-31,24,2,Monday,44,43,False
20221025,2022-10-25,2022,4,Q4,10,October,Oct,2022-10,202210,2022-10-01,2022-10-31,25,3,Tuesday,44,43,False
20221026,2022-10-26,2022,4,Q4,10,October,Oct,2022-10,202210,2022-10-01,2022-10-31,26,4,Wednesday,44,43,False
20221027,2022-10-27,2022,4,Q4,10,October,Oct,2022-10,202210,2022-10-01,2022-10-31,27,5,Thursday,44,43,False
20221028,2022-10-28,2022,4,Q4,10,October,Oct,2022-10,202210,2022-10-01,2022-10-31,28,6,Friday,44,43,False
20221029,2022-10-29,2022,4,Q4,10,October,Oct,2022-10,202210,2022-10-01,2022-10-31,29,7,Saturday,44,43,True
20221030,2022-10-30,2022,4,Q4,10,October,Oct,2022-10,202210,2022-10-01,2022-10-31,30,1,Sunday,45,43,True
20221031,2022-10-31,2022,4,Q4,10,October,Oct,2022-10,202210,2022-10-01,2022-10-31,31,2,Monday,45,44,False
20221101,2022-11-01,2022,4,Q4,11,November,Nov,2022-11,202211,2022-11-01,2022-11-30,1,3,Tuesday,45,44,False
20221102,2022-11-02,2022,4,Q4,11,November,Nov,2022-11,202211,2022-11-01,2022-11-30,2,4,Wednesday,45,44,False
20221103,2022-11-03,2022,4,Q4,11,November,Nov,2022-11,202211,2022-11-01,2022-11-30,3,5,Thursday,45,44,False
20221104,2022-11-04,2022,4,Q4,11,November,Nov,2022-11,202211,2022-11-01,2022-11-30,4,6,Friday,45,44,False
20221105,2022-11-05,2022,4,Q4,11,November,Nov,2022-11,202211,2022-11-01,2022-11-30,5,7,Saturday,45,44,True
20221106,2022-11-06,2022,4,Q4,11,November,Nov,2022-11,202211,2022-11-01,2022-11-30,6,1,Sunday,46,44,True
20221107,2022-11-07,2022,4,Q4,11,November,Nov,2022-11,202211,2022-11-01,2022-11-30,7,2,Monday,46,45,False
20221108,2022-11-08,2022,4,Q4,11,November,Nov,2022-11,202211,2022-11-01,2022-11-30,8,3,Tuesday,46,45,False
20221109,2022-11-09,2022,4,Q4,11,November,Nov,2022-11,202211,2022-11-01,2022-11-30,9,4,Wednesday,46,45,False
20221110,2022-11-10,2022,4,Q4,11,November,Nov,2022-11,202211,2022-11-01,2022-11-30,10,5,Thursday,46,45,False
20221111,2022-11-11,2022,4,Q4,11,November,Nov,2022-11,202211,2022-11-01,2022-11-30,11,6,Friday,46,45,False
20221112,2022-11-12,2022,4,Q4,11,November,Nov,2022-11,202211,2022-11-01,2022-11-30,12,7,Saturday,46,45,True
20221113,2022-11-13,2022,4,Q4,11,November,Nov,2022-11,202211,2022-11-01,2022-11-30,13,1,Sunday,47,45,True
20221114,2022-11-14,2022,4,Q4,11,November,Nov,2022-11,202211,2022-11-01,2022-11-30,14,2,Monday,47,46,False
20221115,2022-11-15,2022,4,Q4,11,November,Nov,2022-11,202211,2022-11-01,2022-11-30,15,3,Tuesday,47,46,False
20221116,2022-11-16,2022,4,Q4,11,November,Nov,2022-11,202211,2022-11-01,2022-11-30,16,4,Wednesday,47,46,False
20221117,2022-11-17,2022,4,Q4,11,November,Nov,2022-11,202211,2022-11-01,2022-11-30,17,5,Thursday,47,46,False
20221118,2022-11-18,2022,4,Q4,11,November,Nov,2022-11,202211,2022-11-01,2022-11-30,18,6,Friday,47,46,False
20221119,2022-11-19,2022,4,Q4,11,November,Nov,2022-11,202211,2022-11-01,2022-11-30,19,7,Saturday,47,46,True
20221120,2022-11-20,2022,4,Q4,11,November,Nov,2022-11,202211,2022-11-01,2022-11-30,20,1,Sunday,48,46,True
20221121,2022-11-21,2022,4,Q4,11,November,Nov,2022-11,202211,2022-11-01,2022-11-30,21,2,Monday,48,47,False
20221122,2022-11-22,2022,4,Q4,11,November,Nov,2022-11,202211,2022-11-01,2022-11-30,22,3,Tuesday,48,47,False
20221123,2022-11-23,2022,4,Q4,11,November,Nov,2022-11,202211,2022-11-01,2022-11-30,23,4,Wednesday,48,47,False
20221124,2022-11-24,2022,4,Q4,11,November,Nov,2022-11,202211,2022-11-01,2022-11-30,24,5,Thursday,48,47,False
20221125,2022-11-25,2022,4,Q4,11,November,Nov,2022-11,202211,2022-11-01,2022-11-30,25,6,Friday,48,47,False
20221126,2022-11-26,2022,4,Q4,11,November,Nov,2022-11,202211,2022-11-01,2022-11-30,26,7,Saturday,48,47,True
20221127,2022-11-27,2022,4,Q4,11,November,Nov,2022-11,202211,2022-11-01,2022-11-30,27,1,Sunday,49,47,True
20221128,2022-11-28,2022,4,Q4,11,November,Nov,2022-11,202211,2022-11-01,2022-11-30,28,2,Monday,49,48,False
20221129,2022-11-29,2022,4,Q4,11,November,Nov,2022-11,202211,2022-11-01,2022-11-30,29,3,Tuesday,49,48,False
20221130,2022-11-30,2022,4,Q4,11,November,Nov,2022-11,202211,2022-11-01,2022-11-30,30,4,Wednesday,49,48,False
20221201,2022-12-01,2022,4,Q4,12,December,Dec,2022-12,202212,2022-12-01,2022-12-31,1,5,Thursday,49,48,False
20221202,2022-12-02,2022,4,Q4,12,December,Dec,2022-12,202212,2022-12-01,2022-12-31,2,6,Friday,49,48,False
20221203,2022-12-03,2022,4,Q4,12,December,Dec,2022-12,202212,2022-12-01,2022-12-31,3,7,Saturday,49,48,True
20221204,2022-12-04,2022,4,Q4,12,December,Dec,2022-12,202212,2022-12-01,2022-12-31,4,1,Sunday,50,48,True
20221205,2022-12-05,2022,4,Q4,12,December,Dec,2022-12,202212,2022-12-01,2022-12-31,5,2,Monday,50,49,False
20221206,2022-12-06,2022,4,Q4,12,December,Dec,2022-12,202212,2022-12-01,2022-12-31,6,3,Tuesday,50,49,False
20221207,2022-12-07,2022,4,Q4,12,December,Dec,2022-12,202212,2022-12-01,2022-12-31,7,4,Wednesday,50,49,False
20221208,2022-12-08,2022,4,Q4,12,December,Dec,2022-12,202212,2022-12-01,2022-12-31,8,5,Thursday,50,49,False
20221209,2022-12-09,2022,4,Q4,12,December,Dec,2022-12,202212,2022-12-01,2022-12-31,9,6,Friday,50,49,False
20221210,2022-12-10,2022,4,Q4,12,December,Dec,2022-12,202212,2022-12-01,2022-12-31,10,7,Saturday,50,49,True
20221211,2022-12-11,2022,4,Q4,12,December,Dec,2022-12,202212,2022-12-01,2022-12-31,11,1,Sunday,51,49,True
20221212,2022-12-12,2022,4,Q4,12,December,Dec,2022-12,202212,2022-12-01,2022-12-31,12,2,Monday,51,50,False
20221213,2022-12-13,2022,4,Q4,12,December,Dec,2022-12,202212,2022-12-01,2022-12-31,13,3,Tuesday,51,50,False
20221214,2022-12-14,2022,4,Q4,12,December,Dec,2022-12,202212,2022-12-01,2022-12-31,14,4,Wednesday,51,50,False
20221215,2022-12-15,2022,4,Q4,12,December,Dec,2022-12,202212,2022-12-01,2022-12-31,15,5,Thursday,51,50,False
20221216,2022-12-16,2022,4,Q4,12,December,Dec,2022-12,202212,2022-12-01,2022-12-31,16,6,Friday,51,50,False
20221217,2022-12-17,2022,4,Q4,12,December,Dec,2022-12,202212,2022-12-01,2022-12-31,17,7,Saturday,51,50,True
20221218,2022-12-18,2022,4,Q4,12,December,Dec,2022-12,202212,2022-12-01,2022-12-31,18,1,Sunday,52,50,True
20221219,2022-12-19,2022,4,Q4,12,December,Dec,2022-12,202212,2022-12-01,2022-12-31,19,2,Monday,52,51,False
20221220,2022-12-20,2022,4,Q4,12,December,Dec,2022-12,202212,2022-12-01,2022-12-31,20,3,Tuesday,52,51,False
20221221,2022-12-21,2022,4,Q4,12,December,Dec,2022-12,202212,2022-12-01,2022-12-31,21,4,Wednesday,52,51,False
20221222,2022-12-22,2022,4,Q4,12,December,Dec,2022-12,202212,2022-12-01,2022-12-31,22,5,Thursday,52,51,False
20221223,2022-12-23,2022,4,Q4,12,December,Dec,2022-12,202212,2022-12-01,2022-12-31,23,6,Friday,52,51,False
20221224,2022-12-24,2022,4,Q4,12,December,Dec,2022-12,202212,2022-12-01,2022-12-31,24,7,Saturday,52,51,True
20221225,2022-12-25,2022,4,Q4,12,December,Dec,2022-12,202212,2022-12-01,2022-12-31,25,1,Sunday,53,51,True
20221226,2022-12-26,2022,4,Q4,12,December,Dec,2022-12,202212,2022-12-01,2022-12-31,26,2,Monday,53,52,False
20221227,2022-12-27,2022,4,Q4,12,December,Dec,2022-12,202212,2022-12-01,2022-12-31,27,3,Tuesday,53,52,False
20221228,2022-12-28,2022,4,Q4,12,December,Dec,2022-12,202212,2022-12-01,2022-12-31,28,4,Wednesday,53,52,False
20221229,2022-12-29,2022,4,Q4,12,December,Dec,2022-12,202212,2022-12-01,2022-12-31,29,5,Thursday,53,52,False
20221230,2022-12-30,2022,4,Q4,12,December,Dec,2022-12,202212,2022-12-01,2022-12-31,30,6,Friday,53,52,False
20221231,2022-12-31,2022,4,Q4,12,December,Dec,2022-12,202212,2022-12-01,2022-12-31,31,7,Saturday,53,52,True
20230101,2023-01-01,2023,1,Q1,1,January,Jan,2023-01,202301,2023-01-01,2023-01-31,1,1,Sunday,1,52,True
20230102,2023-01-02,2023,1,Q1,1,January,Jan,2023-01,202301,2023-01-01,2023-01-31,2,2,Monday,1,1,False
20230103,2023-01-03,2023,1,Q1,1,January,Jan,2023-01,202301,2023-01-01,2023-01-31,3,3,Tuesday,1,1,False
20230104,2023-01-04,2023,1,Q1,1,January,Jan,2023-01,202301,2023-01-01,2023-01-31,4,4,Wednesday,1,1,False
20230105,2023-01-05,2023,1,Q1,1,January,Jan,2023-01,202301,2023-01-01,2023-01-31,5,5,Thursday,1,1,False
20230106,2023-01-06,2023,1,Q1,1,January,Jan,2023-01,202301,2023-01-01,2023-01-31,6,6,Friday,1,1,False
20230107,2023-01-07,2023,1,Q1,1,January,Jan,2023-01,202301,2023-01-01,2023-01-31,7,7,Saturday,1,1,True
20230108,2023-01-08,2023,1,Q1,1,January,Jan,2023-01,202301,2023-01-01,2023-01-31,8,1,Sunday,2,1,True
20230109,2023-01-09,2023,1,Q1,1,January,Jan,2023-01,202301,2023-01-01,2023-01-31,9,2,Monday,2,2,False
20230110,2023-01-10,2023,1,Q1,1,January,Jan,2023-01,202301,2023-01-01,2023-01-31,10,3,Tuesday,2,2,False
20230111,2023-01-11,2023,1,Q1,1,January,Jan,2023-01,202301,2023-01-01,2023-01-31,11,4,Wednesday,2,2,False
20230112,2023-01-12,2023,1,Q1,1,January,Jan,2023-01,202301,2023-01-01,2023-01-31,12,5,Thursday,2,2,False
20230113,2023-01-13,2023,1,Q1,1,January,Jan,2023-01,202301,2023-01-01,2023-01-31,13,6,Friday,2,2,False
20230114,2023-01-14,2023,1,Q1,1,January,Jan,2023-01,202301,2023-01-01,2023-01-31,14,7,Saturday,2,2,True
20230115,2023-01-15,2023,1,Q1,1,January,Jan,2023-01,202301,2023-01-01,2023-01-31,15,1,Sunday,3,2,True
20230116,2023-01-16,2023,1,Q1,1,January,Jan,2023-01,202301,2023-01-01,2023-01-31,16,2,Monday,3,3,False
20230117,2023-01-17,2023,1,Q1,1,January,Jan,2023-01,202301,2023-01-01,2023-01-31,17,3,Tuesday,3,3,False
20230118,2023-01-18,2023,1,Q1,1,January,Jan,2023-01,202301,2023-01-01,2023-01-31,18,4,Wednesday,3,3,False
20230119,2023-01-19,2023,1,Q1,1,January,Jan,2023-01,202301,2023-01-01,2023-01-31,19,5,Thursday,3,3,False
20230120,2023-01-20,2023,1,Q1,1,January,Jan,2023-01,202301,2023-01-01,2023-01-31,20,6,Friday,3,3,False
20230121,2023-01-21,2023,1,Q1,1,January,Jan,2023-01,202301,2023-01-01,2023-01-31,21,7,Saturday,3,3,True
20230122,2023-01-22,2023,1,Q1,1,January,Jan,2023-01,202301,2023-01-01,2023-01-31,22,1,Sunday,4,3,True
20230123,2023-01-23,2023,1,Q1,1,January,Jan,2023-01,202301,2023-01-01,2023-01-31,23,2,Monday,4,4,False
20230124,2023-01-24,2023,1,Q1,1,January,Jan,2023-01,202301,2023-01-01,2023-01-31,24,3,Tuesday,4,4,False
20230125,2023-01-25,2023,1,Q1,1,January,Jan,2023-01,202301,2023-01-01,2023-01-31,25,4,Wednesday,4,4,False
20230126,2023-01-26,2023,1,Q1,1,January,Jan,2023-01,202301,2023-01-01,2023-01-31,26,5,Thursday,4,4,False
20230127,2023-01-27,2023,1,Q1,1,January,Jan,2023-01,202301,2023-01-01,2023-01-31,27,6,Friday,4,4,False
20230128,2023-01-28,2023,1,Q1,1,January,Jan,2023-01,202301,2023-01-01,2023-01-31,28,7,Saturday,4,4,True
20230129,2023-01-29,2023,1,Q1,1,January,Jan,2023-01,202301,2023-01-01,2023-01-31,29,1,Sunday,5,4,True
20230130,2023-01-30,2023,1,Q1,1,January,Jan,2023-01,202301,2023-01-01,2023-01-31,30,2,Monday,5,5,False
20230131,2023-01-31,2023,1,Q1,1,January,Jan,2023-01,202301,2023-01-01,2023-01-31,31,3,Tuesday,5,5,False
20230201,2023-02-01,2023,1,Q1,2,February,Feb,2023-02,202302,2023-02-01,2023-02-28,1,4,Wednesday,5,5,False
20230202,2023-02-02,2023,1,Q1,2,February,Feb,2023-02,202302,2023-02-01,2023-02-28,2,5,Thursday,5,5,False
20230203,2023-02-03,2023,1,Q1,2,February,Feb,2023-02,202302,2023-02-01,2023-02-28,3,6,Friday,5,5,False
20230204,2023-02-04,2023,1,Q1,2,February,Feb,2023-02,202302,2023-02-01,2023-02-28,4,7,Saturday,5,5,True
20230205,2023-02-05,2023,1,Q1,2,February,Feb,2023-02,202302,2023-02-01,2023-02-28,5,1,Sunday,6,5,True
20230206,2023-02-06,2023,1,Q1,2,February,Feb,2023-02,202302,2023-02-01,2023-02-28,6,2,Monday,6,6,False
20230207,2023-02-07,2023,1,Q1,2,February,Feb,2023-02,202302,2023-02-01,2023-02-28,7,3,Tuesday,6,6,False
20230208,2023-02-08,2023,1,Q1,2,February,Feb,2023-02,202302,2023-02-01,2023-02-28,8,4,Wednesday,6,6,False
20230209,2023-02-09,2023,1,Q1,2,February,Feb,2023-02,202302,2023-02-01,2023-02-28,9,5,Thursday,6,6,False
20230210,2023-02-10,2023,1,Q1,2,February,Feb,2023-02,202302,2023-02-01,2023-02-28,10,6,Friday,6,6,False
20230211,2023-02-11,2023,1,Q1,2,February,Feb,2023-02,202302,2023-02-01,2023-02-28,11,7,Saturday,6,6,True
20230212,2023-02-12,2023,1,Q1,2,February,Feb,2023-02,202302,2023-02-01,2023-02-28,12,1,Sunday,7,6,True
20230213,2023-02-13,2023,1,Q1,2,February,Feb,2023-02,202302,2023-02-01,2023-02-28,13,2,Monday,7,7,False
20230214,2023-02-14,2023,1,Q1,2,February,Feb,2023-02,202302,2023-02-01,2023-02-28,14,3,Tuesday,7,7,False
20230215,2023-02-15,2023,1,Q1,2,February,Feb,2023-02,202302,2023-02-01,2023-02-28,15,4,Wednesday,7,7,False
20230216,2023-02-16,2023,1,Q1,2,February,Feb,2023-02,202302,2023-02-01,2023-02-28,16,5,Thursday,7,7,False
20230217,2023-02-17,2023,1,Q1,2,February,Feb,2023-02,202302,2023-02-01,2023-02-28,17,6,Friday,7,7,False
20230218,2023-02-18,2023,1,Q1,2,February,Feb,2023-02,202302,2023-02-01,2023-02-28,18,7,Saturday,7,7,True
20230219,2023-02-19,2023,1,Q1,2,February,Feb,2023-02,202302,2023-02-01,2023-02-28,19,1,Sunday,8,7,True
20230220,2023-02-20,2023,1,Q1,2,February,Feb,2023-02,202302,2023-02-01,2023-02-28,20,2,Monday,8,8,False
20230221,2023-02-21,2023,1,Q1,2,February,Feb,2023-02,202302,2023-02-01,2023-02-28,21,3,Tuesday,8,8,False
20230222,2023-02-22,2023,1,Q1,2,February,Feb,2023-02,202302,2023-02-01,2023-02-28,22,4,Wednesday,8,8,False
20230223,2023-02-23,2023,1,Q1,2,February,Feb,2023-02,202302,2023-02-01,2023-02-28,23,5,Thursday,8,8,False
20230224,2023-02-24,2023,1,Q1,2,February,Feb,2023-02,202302,2023-02-01,2023-02-28,24,6,Friday,8,8,False
20230225,2023-02-25,2023,1,Q1,2,February,Feb,2023-02,202302,2023-02-01,2023-02-28,25,7,Saturday,8,8,True
20230226,2023-02-26,2023,1,Q1,2,February,Feb,2023-02,202302,2023-02-01,2023-02-28,26,1,Sunday,9,8,True
20230227,2023-02-27,2023,1,Q1,2,February,Feb,2023-02,202302,2023-02-01,2023-02-28,27,2,Monday,9,9,False
20230228,2023-02-28,2023,1,Q1,2,February,Feb,2023-02,202302,2023-02-01,2023-02-28,28,3,Tuesday,9,9,False
20230301,2023-03-01,2023,1,Q1,3,March,Mar,2023-03,202303,2023-03-01,2023-03-31,1,4,Wednesday,9,9,False
20230302,2023-03-02,2023,1,Q1,3,March,Mar,2023-03,202303,2023-03-01,2023-03-31,2,5,Thursday,9,9,False
20230303,2023-03-03,2023,1,Q1,3,March,Mar,2023-03,202303,2023-03-01,2023-03-31,3,6,Friday,9,9,False
20230304,2023-03-04,2023,1,Q1,3,March,Mar,2023-03,202303,2023-03-01,2023-03-31,4,7,Saturday,9,9,True
20230305,2023-03-05,2023,1,Q1,3,March,Mar,2023-03,202303,2023-03-01,2023-03-31,5,1,Sunday,10,9,True
20230306,2023-03-06,2023,1,Q1,3,March,Mar,2023-03,202303,2023-03-01,2023-03-31,6,2,Monday,10,10,False
20230307,2023-03-07,2023,1,Q1,3,March,Mar,2023-03,202303,2023-03-01,2023-03-31,7,3,Tuesday,10,10,False
20230308,2023-03-08,2023,1,Q1,3,March,Mar,2023-03,202303,2023-03-01,2023-03-31,8,4,Wednesday,10,10,False
20230309,2023-03-09,2023,1,Q1,3,March,Mar,2023-03,202303,2023-03-01,2023-03-31,9,5,Thursday,10,10,False
20230310,2023-03-10,2023,1,Q1,3,March,Mar,2023-03,202303,2023-03-01,2023-03-31,10,6,Friday,10,10,False
20230311,2023-03-11,2023,1,Q1,3,March,Mar,2023-03,202303,2023-03-01,2023-03-31,11,7,Saturday,10,10,True
20230312,2023-03-12,2023,1,Q1,3,March,Mar,2023-03,202303,2023-03-01,2023-03-31,12,1,Sunday,11,10,True
20230313,2023-03-13,2023,1,Q1,3,March,Mar,2023-03,202303,2023-03-01,2023-03-31,13,2,Monday,11,11,False
20230314,2023-03-14,2023,1,Q1,3,March,Mar,2023-03,202303,2023-03-01,2023-03-31,14,3,Tuesday,11,11,False
20230315,2023-03-15,2023,1,Q1,3,March,Mar,2023-03,202303,2023-03-01,2023-03-31,15,4,Wednesday,11,11,False
20230316,2023-03-16,2023,1,Q1,3,March,Mar,2023-03,202303,2023-03-01,2023-03-31,16,5,Thursday,11,11,False
20230317,2023-03-17,2023,1,Q1,3,March,Mar,2023-03,202303,2023-03-01,2023-03-31,17,6,Friday,11,11,False
20230318,2023-03-18,2023,1,Q1,3,March,Mar,2023-03,202303,2023-03-01,2023-03-31,18,7,Saturday,11,11,True
20230319,2023-03-19,2023,1,Q1,3,March,Mar,2023-03,202303,2023-03-01,2023-03-31,19,1,Sunday,12,11,True
20230320,2023-03-20,2023,1,Q1,3,March,Mar,2023-03,202303,2023-03-01,2023-03-31,20,2,Monday,12,12,False
20230321,2023-03-21,2023,1,Q1,3,March,Mar,2023-03,202303,2023-03-01,2023-03-31,21,3,Tuesday,12,12,False
20230322,2023-03-22,2023,1,Q1,3,March,Mar,2023-03,202303,2023-03-01,2023-03-31,22,4,Wednesday,12,12,False
20230323,2023-03-23,2023,1,Q1,3,March,Mar,2023-03,202303,2023-03-01,2023-03-31,23,5,Thursday,12,12,False
20230324,2023-03-24,2023,1,Q1,3,March,Mar,2023-03,202303,2023-03-01,2023-03-31,24,6,Friday,12,12,False
20230325,2023-03-25,2023,1,Q1,3,March,Mar,2023-03,202303,2023-03-01,2023-03-31,25,7,Saturday,12,12,True
20230326,2023-03-26,2023,1,Q1,3,March,Mar,2023-03,202303,2023-03-01,2023-03-31,26,1,Sunday,13,12,True
20230327,2023-03-27,2023,1,Q1,3,March,Mar,2023-03,202303,2023-03-01,2023-03-31,27,2,Monday,13,13,False
20230328,2023-03-28,2023,1,Q1,3,March,Mar,2023-03,202303,2023-03-01,2023-03-31,28,3,Tuesday,13,13,False
20230329,2023-03-29,2023,1,Q1,3,March,Mar,2023-03,202303,2023-03-01,2023-03-31,29,4,Wednesday,13,13,False
20230330,2023-03-30,2023,1,Q1,3,March,Mar,2023-03,202303,2023-03-01,2023-03-31,30,5,Thursday,13,13,False
20230331,2023-03-31,2023,1,Q1,3,March,Mar,2023-03,202303,2023-03-01,2023-03-31,31,6,Friday,13,13,False
20230401,2023-04-01,2023,2,Q2,4,April,Apr,2023-04,202304,2023-04-01,2023-04-30,1,7,Saturday,13,13,True
20230402,2023-04-02,2023,2,Q2,4,April,Apr,2023-04,202304,2023-04-01,2023-04-30,2,1,Sunday,14,13,True
20230403,2023-04-03,2023,2,Q2,4,April,Apr,2023-04,202304,2023-04-01,2023-04-30,3,2,Monday,14,14,False
20230404,2023-04-04,2023,2,Q2,4,April,Apr,2023-04,202304,2023-04-01,2023-04-30,4,3,Tuesday,14,14,False
20230405,2023-04-05,2023,2,Q2,4,April,Apr,2023-04,202304,2023-04-01,2023-04-30,5,4,Wednesday,14,14,False
20230406,2023-04-06,2023,2,Q2,4,April,Apr,2023-04,202304,2023-04-01,2023-04-30,6,5,Thursday,14,14,False
20230407,2023-04-07,2023,2,Q2,4,April,Apr,2023-04,202304,2023-04-01,2023-04-30,7,6,Friday,14,14,False
20230408,2023-04-08,2023,2,Q2,4,April,Apr,2023-04,202304,2023-04-01,2023-04-30,8,7,Saturday,14,14,True
20230409,2023-04-09,2023,2,Q2,4,April,Apr,2023-04,202304,2023-04-01,2023-04-30,9,1,Sunday,15,14,True
20230410,2023-04-10,2023,2,Q2,4,April,Apr,2023-04,202304,2023-04-01,2023-04-30,10,2,Monday,15,15,False
20230411,2023-04-11,2023,2,Q2,4,April,Apr,2023-04,202304,2023-04-01,2023-04-30,11,3,Tuesday,15,15,False
20230412,2023-04-12,2023,2,Q2,4,April,Apr,2023-04,202304,2023-04-01,2023-04-30,12,4,Wednesday,15,15,False
20230413,2023-04-13,2023,2,Q2,4,April,Apr,2023-04,202304,2023-04-01,2023-04-30,13,5,Thursday,15,15,False
20230414,2023-04-14,2023,2,Q2,4,April,Apr,2023-04,202304,2023-04-01,2023-04-30,14,6,Friday,15,15,False
20230415,2023-04-15,2023,2,Q2,4,April,Apr,2023-04,202304,2023-04-01,2023-04-30,15,7,Saturday,15,15,True
20230416,2023-04-16,2023,2,Q2,4,April,Apr,2023-04,202304,2023-04-01,2023-04-30,16,1,Sunday,16,15,True
20230417,2023-04-17,2023,2,Q2,4,April,Apr,2023-04,202304,2023-04-01,2023-04-30,17,2,Monday,16,16,False
20230418,2023-04-18,2023,2,Q2,4,April,Apr,2023-04,202304,2023-04-01,2023-04-30,18,3,Tuesday,16,16,False
20230419,2023-04-19,2023,2,Q2,4,April,Apr,2023-04,202304,2023-04-01,2023-04-30,19,4,Wednesday,16,16,False
20230420,2023-04-20,2023,2,Q2,4,April,Apr,2023-04,202304,2023-04-01,2023-04-30,20,5,Thursday,16,16,False
20230421,2023-04-21,2023,2,Q2,4,April,Apr,2023-04,202304,2023-04-01,2023-04-30,21,6,Friday,16,16,False
20230422,2023-04-22,2023,2,Q2,4,April,Apr,2023-04,202304,2023-04-01,2023-04-30,22,7,Saturday,16,16,True
20230423,2023-04-23,2023,2,Q2,4,April,Apr,2023-04,202304,2023-04-01,2023-04-30,23,1,Sunday,17,16,True
20230424,2023-04-24,2023,2,Q2,4,April,Apr,2023-04,202304,2023-04-01,2023-04-30,24,2,Monday,17,17,False
20230425,2023-04-25,2023,2,Q2,4,April,Apr,2023-04,202304,2023-04-01,2023-04-30,25,3,Tuesday,17,17,False
20230426,2023-04-26,2023,2,Q2,4,April,Apr,2023-04,202304,2023-04-01,2023-04-30,26,4,Wednesday,17,17,False
20230427,2023-04-27,2023,2,Q2,4,April,Apr,2023-04,202304,2023-04-01,2023-04-30,27,5,Thursday,17,17,False
20230428,2023-04-28,2023,2,Q2,4,April,Apr,2023-04,202304,2023-04-01,2023-04-30,28,6,Friday,17,17,False
20230429,2023-04-29,2023,2,Q2,4,April,Apr,2023-04,202304,2023-04-01,2023-04-30,29,7,Saturday,17,17,True
20230430,2023-04-30,2023,2,Q2,4,April,Apr,2023-04,202304,2023-04-01,2023-04-30,30,1,Sunday,18,17,True
20230501,2023-05-01,2023,2,Q2,5,May,May,2023-05,202305,2023-05-01,2023-05-31,1,2,Monday,18,18,False
20230502,2023-05-02,2023,2,Q2,5,May,May,2023-05,202305,2023-05-01,2023-05-31,2,3,Tuesday,18,18,False
20230503,2023-05-03,2023,2,Q2,5,May,May,2023-05,202305,2023-05-01,2023-05-31,3,4,Wednesday,18,18,False
20230504,2023-05-04,2023,2,Q2,5,May,May,2023-05,202305,2023-05-01,2023-05-31,4,5,Thursday,18,18,False
20230505,2023-05-05,2023,2,Q2,5,May,May,2023-05,202305,2023-05-01,2023-05-31,5,6,Friday,18,18,False
20230506,2023-05-06,2023,2,Q2,5,May,May,2023-05,202305,2023-05-01,2023-05-31,6,7,Saturday,18,18,True
20230507,2023-05-07,2023,2,Q2,5,May,May,2023-05,202305,2023-05-01,2023-05-31,7,1,Sunday,19,18,True
20230508,2023-05-08,2023,2,Q2,5,May,May,2023-05,202305,2023-05-01,2023-05-31,8,2,Monday,19,19,False
20230509,2023-05-09,2023,2,Q2,5,May,May,2023-05,202305,2023-05-01,2023-05-31,9,3,Tuesday,19,19,False
20230510,2023-05-10,2023,2,Q2,5,May,May,2023-05,202305,2023-05-01,2023-05-31,10,4,Wednesday,19,19,False
20230511,2023-05-11,2023,2,Q2,5,May,May,2023-05,202305,2023-05-01,2023-05-31,11,5,Thursday,19,19,False
20230512,2023-05-12,2023,2,Q2,5,May,May,2023-05,202305,2023-05-01,2023-05-31,12,6,Friday,19,19,False
20230513,2023-05-13,2023,2,Q2,5,May,May,2023-05,202305,2023-05-01,2023-05-31,13,7,Saturday,19,19,True
20230514,2023-05-14,2023,2,Q2,5,May,May,2023-05,202305,2023-05-01,2023-05-31,14,1,Sunday,20,19,True
20230515,2023-05-15,2023,2,Q2,5,May,May,2023-05,202305,2023-05-01,2023-05-31,15,2,Monday,20,20,False
20230516,2023-05-16,2023,2,Q2,5,May,May,2023-05,202305,2023-05-01,2023-05-31,16,3,Tuesday,20,20,False
20230517,2023-05-17,2023,2,Q2,5,May,May,2023-05,202305,2023-05-01,2023-05-31,17,4,Wednesday,20,20,False
20230518,2023-05-18,2023,2,Q2,5,May,May,2023-05,202305,2023-05-01,2023-05-31,18,5,Thursday,20,20,False
20230519,2023-05-19,2023,2,Q2,5,May,May,2023-05,202305,2023-05-01,2023-05-31,19,6,Friday,20,20,False
20230520,2023-05-20,2023,2,Q2,5,May,May,2023-05,202305,2023-05-01,2023-05-31,20,7,Saturday,20,20,True
20230521,2023-05-21,2023,2,Q2,5,May,May,2023-05,202305,2023-05-01,2023-05-31,21,1,Sunday,21,20,True
20230522,2023-05-22,2023,2,Q2,5,May,May,2023-05,202305,2023-05-01,2023-05-31,22,2,Monday,21,21,False
20230523,2023-05-23,2023,2,Q2,5,May,May,2023-05,202305,2023-05-01,2023-05-31,23,3,Tuesday,21,21,False
20230524,2023-05-24,2023,2,Q2,5,May,May,2023-05,202305,2023-05-01,2023-05-31,24,4,Wednesday,21,21,False
20230525,2023-05-25,2023,2,Q2,5,May,May,2023-05,202305,2023-05-01,2023-05-31,25,5,Thursday,21,21,False
20230526,2023-05-26,2023,2,Q2,5,May,May,2023-05,202305,2023-05-01,2023-05-31,26,6,Friday,21,21,False
20230527,2023-05-27,2023,2,Q2,5,May,May,2023-05,202305,2023-05-01,2023-05-31,27,7,Saturday,21,21,True
20230528,2023-05-28,2023,2,Q2,5,May,May,2023-05,202305,2023-05-01,2023-05-31,28,1,Sunday,22,21,True
20230529,2023-05-29,2023,2,Q2,5,May,May,2023-05,202305,2023-05-01,2023-05-31,29,2,Monday,22,22,False
20230530,2023-05-30,2023,2,Q2,5,May,May,2023-05,202305,2023-05-01,2023-05-31,30,3,Tuesday,22,22,False
20230531,2023-05-31,2023,2,Q2,5,May,May,2023-05,202305,2023-05-01,2023-05-31,31,4,Wednesday,22,22,False
20230601,2023-06-01,2023,2,Q2,6,June,Jun,2023-06,202306,2023-06-01,2023-06-30,1,5,Thursday,22,22,False
20230602,2023-06-02,2023,2,Q2,6,June,Jun,2023-06,202306,2023-06-01,2023-06-30,2,6,Friday,22,22,False
20230603,2023-06-03,2023,2,Q2,6,June,Jun,2023-06,202306,2023-06-01,2023-06-30,3,7,Saturday,22,22,True
20230604,2023-06-04,2023,2,Q2,6,June,Jun,2023-06,202306,2023-06-01,2023-06-30,4,1,Sunday,23,22,True
20230605,2023-06-05,2023,2,Q2,6,June,Jun,2023-06,202306,2023-06-01,2023-06-30,5,2,Monday,23,23,False
20230606,2023-06-06,2023,2,Q2,6,June,Jun,2023-06,202306,2023-06-01,2023-06-30,6,3,Tuesday,23,23,False
20230607,2023-06-07,2023,2,Q2,6,June,Jun,2023-06,202306,2023-06-01,2023-06-30,7,4,Wednesday,23,23,False
20230608,2023-06-08,2023,2,Q2,6,June,Jun,2023-06,202306,2023-06-01,2023-06-30,8,5,Thursday,23,23,False
20230609,2023-06-09,2023,2,Q2,6,June,Jun,2023-06,202306,2023-06-01,2023-06-30,9,6,Friday,23,23,False
20230610,2023-06-10,2023,2,Q2,6,June,Jun,2023-06,202306,2023-06-01,2023-06-30,10,7,Saturday,23,23,True
20230611,2023-06-11,2023,2,Q2,6,June,Jun,2023-06,202306,2023-06-01,2023-06-30,11,1,Sunday,24,23,True
20230612,2023-06-12,2023,2,Q2,6,June,Jun,2023-06,202306,2023-06-01,2023-06-30,12,2,Monday,24,24,False
20230613,2023-06-13,2023,2,Q2,6,June,Jun,2023-06,202306,2023-06-01,2023-06-30,13,3,Tuesday,24,24,False
20230614,2023-06-14,2023,2,Q2,6,June,Jun,2023-06,202306,2023-06-01,2023-06-30,14,4,Wednesday,24,24,False
20230615,2023-06-15,2023,2,Q2,6,June,Jun,2023-06,202306,2023-06-01,2023-06-30,15,5,Thursday,24,24,False
20230616,2023-06-16,2023,2,Q2,6,June,Jun,2023-06,202306,2023-06-01,2023-06-30,16,6,Friday,24,24,False
20230617,2023-06-17,2023,2,Q2,6,June,Jun,2023-06,202306,2023-06-01,2023-06-30,17,7,Saturday,24,24,True
20230618,2023-06-18,2023,2,Q2,6,June,Jun,2023-06,202306,2023-06-01,2023-06-30,18,1,Sunday,25,24,True
20230619,2023-06-19,2023,2,Q2,6,June,Jun,2023-06,202306,2023-06-01,2023-06-30,19,2,Monday,25,25,False
20230620,2023-06-20,2023,2,Q2,6,June,Jun,2023-06,202306,2023-06-01,2023-06-30,20,3,Tuesday,25,25,False
20230621,2023-06-21,2023,2,Q2,6,June,Jun,2023-06,202306,2023-06-01,2023-06-30,21,4,Wednesday,25,25,False
20230622,2023-06-22,2023,2,Q2,6,June,Jun,2023-06,202306,2023-06-01,2023-06-30,22,5,Thursday,25,25,False
20230623,2023-06-23,2023,2,Q2,6,June,Jun,2023-06,202306,2023-06-01,2023-06-30,23,6,Friday,25,25,False
20230624,2023-06-24,2023,2,Q2,6,June,Jun,2023-06,202306,2023-06-01,2023-06-30,24,7,Saturday,25,25,True
20230625,2023-06-25,2023,2,Q2,6,June,Jun,2023-06,202306,2023-06-01,2023-06-30,25,1,Sunday,26,25,True
20230626,2023-06-26,2023,2,Q2,6,June,Jun,2023-06,202306,2023-06-01,2023-06-30,26,2,Monday,26,26,False
20230627,2023-06-27,2023,2,Q2,6,June,Jun,2023-06,202306,2023-06-01,2023-06-30,27,3,Tuesday,26,26,False
20230628,2023-06-28,2023,2,Q2,6,June,Jun,2023-06,202306,2023-06-01,2023-06-30,28,4,Wednesday,26,26,False
20230629,2023-06-29,2023,2,Q2,6,June,Jun,2023-06,202306,2023-06-01,2023-06-30,29,5,Thursday,26,26,False
20230630,2023-06-30,2023,2,Q2,6,June,Jun,2023-06,202306,2023-06-01,2023-06-30,30,6,Friday,26,26,False
20230701,2023-07-01,2023,3,Q3,7,July,Jul,2023-07,202307,2023-07-01,2023-07-31,1,7,Saturday,26,26,True
20230702,2023-07-02,2023,3,Q3,7,July,Jul,2023-07,202307,2023-07-01,2023-07-31,2,1,Sunday,27,26,True
20230703,2023-07-03,2023,3,Q3,7,July,Jul,2023-07,202307,2023-07-01,2023-07-31,3,2,Monday,27,27,False
20230704,2023-07-04,2023,3,Q3,7,July,Jul,2023-07,202307,2023-07-01,2023-07-31,4,3,Tuesday,27,27,False
20230705,2023-07-05,2023,3,Q3,7,July,Jul,2023-07,202307,2023-07-01,2023-07-31,5,4,Wednesday,27,27,False
20230706,2023-07-06,2023,3,Q3,7,July,Jul,2023-07,202307,2023-07-01,2023-07-31,6,5,Thursday,27,27,False
20230707,2023-07-07,2023,3,Q3,7,July,Jul,2023-07,202307,2023-07-01,2023-07-31,7,6,Friday,27,27,False
20230708,2023-07-08,2023,3,Q3,7,July,Jul,2023-07,202307,2023-07-01,2023-07-31,8,7,Saturday,27,27,True
20230709,2023-07-09,2023,3,Q3,7,July,Jul,2023-07,202307,2023-07-01,2023-07-31,9,1,Sunday,28,27,True
20230710,2023-07-10,2023,3,Q3,7,July,Jul,2023-07,202307,2023-07-01,2023-07-31,10,2,Monday,28,28,False
20230711,2023-07-11,2023,3,Q3,7,July,Jul,2023-07,202307,2023-07-01,2023-07-31,11,3,Tuesday,28,28,False
20230712,2023-07-12,2023,3,Q3,7,July,Jul,2023-07,202307,2023-07-01,2023-07-31,12,4,Wednesday,28,28,False
20230713,2023-07-13,2023,3,Q3,7,July,Jul,2023-07,202307,2023-07-01,2023-07-31,13,5,Thursday,28,28,False
20230714,2023-07-14,2023,3,Q3,7,July,Jul,2023-07,202307,2023-07-01,2023-07-31,14,6,Friday,28,28,False
20230715,2023-07-15,2023,3,Q3,7,July,Jul,2023-07,202307,2023-07-01,2023-07-31,15,7,Saturday,28,28,True
20230716,2023-07-16,2023,3,Q3,7,July,Jul,2023-07,202307,2023-07-01,2023-07-31,16,1,Sunday,29,28,True
20230717,2023-07-17,2023,3,Q3,7,July,Jul,2023-07,202307,2023-07-01,2023-07-31,17,2,Monday,29,29,False
20230718,2023-07-18,2023,3,Q3,7,July,Jul,2023-07,202307,2023-07-01,2023-07-31,18,3,Tuesday,29,29,False
20230719,2023-07-19,2023,3,Q3,7,July,Jul,2023-07,202307,2023-07-01,2023-07-31,19,4,Wednesday,29,29,False
20230720,2023-07-20,2023,3,Q3,7,July,Jul,2023-07,202307,2023-07-01,2023-07-31,20,5,Thursday,29,29,False
20230721,2023-07-21,2023,3,Q3,7,July,Jul,2023-07,202307,2023-07-01,2023-07-31,21,6,Friday,29,29,False
20230722,2023-07-22,2023,3,Q3,7,July,Jul,2023-07,202307,2023-07-01,2023-07-31,22,7,Saturday,29,29,True
20230723,2023-07-23,2023,3,Q3,7,July,Jul,2023-07,202307,2023-07-01,2023-07-31,23,1,Sunday,30,29,True
20230724,2023-07-24,2023,3,Q3,7,July,Jul,2023-07,202307,2023-07-01,2023-07-31,24,2,Monday,30,30,False
20230725,2023-07-25,2023,3,Q3,7,July,Jul,2023-07,202307,2023-07-01,2023-07-31,25,3,Tuesday,30,30,False
20230726,2023-07-26,2023,3,Q3,7,July,Jul,2023-07,202307,2023-07-01,2023-07-31,26,4,Wednesday,30,30,False
20230727,2023-07-27,2023,3,Q3,7,July,Jul,2023-07,202307,2023-07-01,2023-07-31,27,5,Thursday,30,30,False
20230728,2023-07-28,2023,3,Q3,7,July,Jul,2023-07,202307,2023-07-01,2023-07-31,28,6,Friday,30,30,False
20230729,2023-07-29,2023,3,Q3,7,July,Jul,2023-07,202307,2023-07-01,2023-07-31,29,7,Saturday,30,30,True
20230730,2023-07-30,2023,3,Q3,7,July,Jul,2023-07,202307,2023-07-01,2023-07-31,30,1,Sunday,31,30,True
20230731,2023-07-31,2023,3,Q3,7,July,Jul,2023-07,202307,2023-07-01,2023-07-31,31,2,Monday,31,31,False
20230801,2023-08-01,2023,3,Q3,8,August,Aug,2023-08,202308,2023-08-01,2023-08-31,1,3,Tuesday,31,31,False
20230802,2023-08-02,2023,3,Q3,8,August,Aug,2023-08,202308,2023-08-01,2023-08-31,2,4,Wednesday,31,31,False
20230803,2023-08-03,2023,3,Q3,8,August,Aug,2023-08,202308,2023-08-01,2023-08-31,3,5,Thursday,31,31,False
20230804,2023-08-04,2023,3,Q3,8,August,Aug,2023-08,202308,2023-08-01,2023-08-31,4,6,Friday,31,31,False
20230805,2023-08-05,2023,3,Q3,8,August,Aug,2023-08,202308,2023-08-01,2023-08-31,5,7,Saturday,31,31,True
20230806,2023-08-06,2023,3,Q3,8,August,Aug,2023-08,202308,2023-08-01,2023-08-31,6,1,Sunday,32,31,True
20230807,2023-08-07,2023,3,Q3,8,August,Aug,2023-08,202308,2023-08-01,2023-08-31,7,2,Monday,32,32,False
20230808,2023-08-08,2023,3,Q3,8,August,Aug,2023-08,202308,2023-08-01,2023-08-31,8,3,Tuesday,32,32,False
20230809,2023-08-09,2023,3,Q3,8,August,Aug,2023-08,202308,2023-08-01,2023-08-31,9,4,Wednesday,32,32,False
20230810,2023-08-10,2023,3,Q3,8,August,Aug,2023-08,202308,2023-08-01,2023-08-31,10,5,Thursday,32,32,False
20230811,2023-08-11,2023,3,Q3,8,August,Aug,2023-08,202308,2023-08-01,2023-08-31,11,6,Friday,32,32,False
20230812,2023-08-12,2023,3,Q3,8,August,Aug,2023-08,202308,2023-08-01,2023-08-31,12,7,Saturday,32,32,True
20230813,2023-08-13,2023,3,Q3,8,August,Aug,2023-08,202308,2023-08-01,2023-08-31,13,1,Sunday,33,32,True
20230814,2023-08-14,2023,3,Q3,8,August,Aug,2023-08,202308,2023-08-01,2023-08-31,14,2,Monday,33,33,False
20230815,2023-08-15,2023,3,Q3,8,August,Aug,2023-08,202308,2023-08-01,2023-08-31,15,3,Tuesday,33,33,False
20230816,2023-08-16,2023,3,Q3,8,August,Aug,2023-08,202308,2023-08-01,2023-08-31,16,4,Wednesday,33,33,False
20230817,2023-08-17,2023,3,Q3,8,August,Aug,2023-08,202308,2023-08-01,2023-08-31,17,5,Thursday,33,33,False
20230818,2023-08-18,2023,3,Q3,8,August,Aug,2023-08,202308,2023-08-01,2023-08-31,18,6,Friday,33,33,False
20230819,2023-08-19,2023,3,Q3,8,August,Aug,2023-08,202308,2023-08-01,2023-08-31,19,7,Saturday,33,33,True
20230820,2023-08-20,2023,3,Q3,8,August,Aug,2023-08,202308,2023-08-01,2023-08-31,20,1,Sunday,34,33,True
20230821,2023-08-21,2023,3,Q3,8,August,Aug,2023-08,202308,2023-08-01,2023-08-31,21,2,Monday,34,34,False
20230822,2023-08-22,2023,3,Q3,8,August,Aug,2023-08,202308,2023-08-01,2023-08-31,22,3,Tuesday,34,34,False
20230823,2023-08-23,2023,3,Q3,8,August,Aug,2023-08,202308,2023-08-01,2023-08-31,23,4,Wednesday,34,34,False
20230824,2023-08-24,2023,3,Q3,8,August,Aug,2023-08,202308,2023-08-01,2023-08-31,24,5,Thursday,34,34,False
20230825,2023-08-25,2023,3,Q3,8,August,Aug,2023-08,202308,2023-08-01,2023-08-31,25,6,Friday,34,34,False
20230826,2023-08-26,2023,3,Q3,8,August,Aug,2023-08,202308,2023-08-01,2023-08-31,26,7,Saturday,34,34,True
20230827,2023-08-27,2023,3,Q3,8,August,Aug,2023-08,202308,2023-08-01,2023-08-31,27,1,Sunday,35,34,True
20230828,2023-08-28,2023,3,Q3,8,August,Aug,2023-08,202308,2023-08-01,2023-08-31,28,2,Monday,35,35,False
20230829,2023-08-29,2023,3,Q3,8,August,Aug,2023-08,202308,2023-08-01,2023-08-31,29,3,Tuesday,35,35,False
20230830,2023-08-30,2023,3,Q3,8,August,Aug,2023-08,202308,2023-08-01,2023-08-31,30,4,Wednesday,35,35,False
20230831,2023-08-31,2023,3,Q3,8,August,Aug,2023-08,202308,2023-08-01,2023-08-31,31,5,Thursday,35,35,False
20230901,2023-09-01,2023,3,Q3,9,September,Sep,2023-09,202309,2023-09-01,2023-09-30,1,6,Friday,35,35,False
20230902,2023-09-02,2023,3,Q3,9,September,Sep,2023-09,202309,2023-09-01,2023-09-30,2,7,Saturday,35,35,True
20230903,2023-09-03,2023,3,Q3,9,September,Sep,2023-09,202309,2023-09-01,2023-09-30,3,1,Sunday,36,35,True
20230904,2023-09-04,2023,3,Q3,9,September,Sep,2023-09,202309,2023-09-01,2023-09-30,4,2,Monday,36,36,False
20230905,2023-09-05,2023,3,Q3,9,September,Sep,2023-09,202309,2023-09-01,2023-09-30,5,3,Tuesday,36,36,False
20230906,2023-09-06,2023,3,Q3,9,September,Sep,2023-09,202309,2023-09-01,2023-09-30,6,4,Wednesday,36,36,False
20230907,2023-09-07,2023,3,Q3,9,September,Sep,2023-09,202309,2023-09-01,2023-09-30,7,5,Thursday,36,36,False
20230908,2023-09-08,2023,3,Q3,9,September,Sep,2023-09,202309,2023-09-01,2023-09-30,8,6,Friday,36,36,False
20230909,2023-09-09,2023,3,Q3,9,September,Sep,2023-09,202309,2023-09-01,2023-09-30,9,7,Saturday,36,36,True
20230910,2023-09-10,2023,3,Q3,9,September,Sep,2023-09,202309,2023-09-01,2023-09-30,10,1,Sunday,37,36,True
20230911,2023-09-11,2023,3,Q3,9,September,Sep,2023-09,202309,2023-09-01,2023-09-30,11,2,Monday,37,37,False
20230912,2023-09-12,2023,3,Q3,9,September,Sep,2023-09,202309,2023-09-01,2023-09-30,12,3,Tuesday,37,37,False
20230913,2023-09-13,2023,3,Q3,9,September,Sep,2023-09,202309,2023-09-01,2023-09-30,13,4,Wednesday,37,37,False
20230914,2023-09-14,2023,3,Q3,9,September,Sep,2023-09,202309,2023-09-01,2023-09-30,14,5,Thursday,37,37,False
20230915,2023-09-15,2023,3,Q3,9,September,Sep,2023-09,202309,2023-09-01,2023-09-30,15,6,Friday,37,37,False
20230916,2023-09-16,2023,3,Q3,9,September,Sep,2023-09,202309,2023-09-01,2023-09-30,16,7,Saturday,37,37,True
20230917,2023-09-17,2023,3,Q3,9,September,Sep,2023-09,202309,2023-09-01,2023-09-30,17,1,Sunday,38,37,True
20230918,2023-09-18,2023,3,Q3,9,September,Sep,2023-09,202309,2023-09-01,2023-09-30,18,2,Monday,38,38,False
20230919,2023-09-19,2023,3,Q3,9,September,Sep,2023-09,202309,2023-09-01,2023-09-30,19,3,Tuesday,38,38,False
20230920,2023-09-20,2023,3,Q3,9,September,Sep,2023-09,202309,2023-09-01,2023-09-30,20,4,Wednesday,38,38,False
20230921,2023-09-21,2023,3,Q3,9,September,Sep,2023-09,202309,2023-09-01,2023-09-30,21,5,Thursday,38,38,False
20230922,2023-09-22,2023,3,Q3,9,September,Sep,2023-09,202309,2023-09-01,2023-09-30,22,6,Friday,38,38,False
20230923,2023-09-23,2023,3,Q3,9,September,Sep,2023-09,202309,2023-09-01,2023-09-30,23,7,Saturday,38,38,True
20230924,2023-09-24,2023,3,Q3,9,September,Sep,2023-09,202309,2023-09-01,2023-09-30,24,1,Sunday,39,38,True
20230925,2023-09-25,2023,3,Q3,9,September,Sep,2023-09,202309,2023-09-01,2023-09-30,25,2,Monday,39,39,False
20230926,2023-09-26,2023,3,Q3,9,September,Sep,2023-09,202309,2023-09-01,2023-09-30,26,3,Tuesday,39,39,False
20230927,2023-09-27,2023,3,Q3,9,September,Sep,2023-09,202309,2023-09-01,2023-09-30,27,4,Wednesday,39,39,False
20230928,2023-09-28,2023,3,Q3,9,September,Sep,2023-09,202309,2023-09-01,2023-09-30,28,5,Thursday,39,39,False
20230929,2023-09-29,2023,3,Q3,9,September,Sep,2023-09,202309,2023-09-01,2023-09-30,29,6,Friday,39,39,False
20230930,2023-09-30,2023,3,Q3,9,September,Sep,2023-09,202309,2023-09-01,2023-09-30,30,7,Saturday,39,39,True
20231001,2023-10-01,2023,4,Q4,10,October,Oct,2023-10,202310,2023-10-01,2023-10-31,1,1,Sunday,40,39,True
20231002,2023-10-02,2023,4,Q4,10,October,Oct,2023-10,202310,2023-10-01,2023-10-31,2,2,Monday,40,40,False
20231003,2023-10-03,2023,4,Q4,10,October,Oct,2023-10,202310,2023-10-01,2023-10-31,3,3,Tuesday,40,40,False
20231004,2023-10-04,2023,4,Q4,10,October,Oct,2023-10,202310,2023-10-01,2023-10-31,4,4,Wednesday,40,40,False
20231005,2023-10-05,2023,4,Q4,10,October,Oct,2023-10,202310,2023-10-01,2023-10-31,5,5,Thursday,40,40,False
20231006,2023-10-06,2023,4,Q4,10,October,Oct,2023-10,202310,2023-10-01,2023-10-31,6,6,Friday,40,40,False
20231007,2023-10-07,2023,4,Q4,10,October,Oct,2023-10,202310,2023-10-01,2023-10-31,7,7,Saturday,40,40,True
20231008,2023-10-08,2023,4,Q4,10,October,Oct,2023-10,202310,2023-10-01,2023-10-31,8,1,Sunday,41,40,True
20231009,2023-10-09,2023,4,Q4,10,October,Oct,2023-10,202310,2023-10-01,2023-10-31,9,2,Monday,41,41,False
20231010,2023-10-10,2023,4,Q4,10,October,Oct,2023-10,202310,2023-10-01,2023-10-31,10,3,Tuesday,41,41,False
20231011,2023-10-11,2023,4,Q4,10,October,Oct,2023-10,202310,2023-10-01,2023-10-31,11,4,Wednesday,41,41,False
20231012,2023-10-12,2023,4,Q4,10,October,Oct,2023-10,202310,2023-10-01,2023-10-31,12,5,Thursday,41,41,False
20231013,2023-10-13,2023,4,Q4,10,October,Oct,2023-10,202310,2023-10-01,2023-10-31,13,6,Friday,41,41,False
20231014,2023-10-14,2023,4,Q4,10,October,Oct,2023-10,202310,2023-10-01,2023-10-31,14,7,Saturday,41,41,True
20231015,2023-10-15,2023,4,Q4,10,October,Oct,2023-10,202310,2023-10-01,2023-10-31,15,1,Sunday,42,41,True
20231016,2023-10-16,2023,4,Q4,10,October,Oct,2023-10,202310,2023-10-01,2023-10-31,16,2,Monday,42,42,False
20231017,2023-10-17,2023,4,Q4,10,October,Oct,2023-10,202310,2023-10-01,2023-10-31,17,3,Tuesday,42,42,False
20231018,2023-10-18,2023,4,Q4,10,October,Oct,2023-10,202310,2023-10-01,2023-10-31,18,4,Wednesday,42,42,False
20231019,2023-10-19,2023,4,Q4,10,October,Oct,2023-10,202310,2023-10-01,2023-10-31,19,5,Thursday,42,42,False
20231020,2023-10-20,2023,4,Q4,10,October,Oct,2023-10,202310,2023-10-01,2023-10-31,20,6,Friday,42,42,False
20231021,2023-10-21,2023,4,Q4,10,October,Oct,2023-10,202310,2023-10-01,2023-10-31,21,7,Saturday,42,42,True
20231022,2023-10-22,2023,4,Q4,10,October,Oct,2023-10,202310,2023-10-01,2023-10-31,22,1,Sunday,43,42,True
20231023,2023-10-23,2023,4,Q4,10,October,Oct,2023-10,202310,2023-10-01,2023-10-31,23,2,Monday,43,43,False
20231024,2023-10-24,2023,4,Q4,10,October,Oct,2023-10,202310,2023-10-01,2023-10-31,24,3,Tuesday,43,43,False
20231025,2023-10-25,2023,4,Q4,10,October,Oct,2023-10,202310,2023-10-01,2023-10-31,25,4,Wednesday,43,43,False
20231026,2023-10-26,2023,4,Q4,10,October,Oct,2023-10,202310,2023-10-01,2023-10-31,26,5,Thursday,43,43,False
20231027,2023-10-27,2023,4,Q4,10,October,Oct,2023-10,202310,2023-10-01,2023-10-31,27,6,Friday,43,43,False
20231028,2023-10-28,2023,4,Q4,10,October,Oct,2023-10,202310,2023-10-01,2023-10-31,28,7,Saturday,43,43,True
20231029,2023-10-29,2023,4,Q4,10,October,Oct,2023-10,202310,2023-10-01,2023-10-31,29,1,Sunday,44,43,True
20231030,2023-10-30,2023,4,Q4,10,October,Oct,2023-10,202310,2023-10-01,2023-10-31,30,2,Monday,44,44,False
20231031,2023-10-31,2023,4,Q4,10,October,Oct,2023-10,202310,2023-10-01,2023-10-31,31,3,Tuesday,44,44,False
20231101,2023-11-01,2023,4,Q4,11,November,Nov,2023-11,202311,2023-11-01,2023-11-30,1,4,Wednesday,44,44,False
20231102,2023-11-02,2023,4,Q4,11,November,Nov,2023-11,202311,2023-11-01,2023-11-30,2,5,Thursday,44,44,False
20231103,2023-11-03,2023,4,Q4,11,November,Nov,2023-11,202311,2023-11-01,2023-11-30,3,6,Friday,44,44,False
20231104,2023-11-04,2023,4,Q4,11,November,Nov,2023-11,202311,2023-11-01,2023-11-30,4,7,Saturday,44,44,True
20231105,2023-11-05,2023,4,Q4,11,November,Nov,2023-11,202311,2023-11-01,2023-11-30,5,1,Sunday,45,44,True
20231106,2023-11-06,2023,4,Q4,11,November,Nov,2023-11,202311,2023-11-01,2023-11-30,6,2,Monday,45,45,False
20231107,2023-11-07,2023,4,Q4,11,November,Nov,2023-11,202311,2023-11-01,2023-11-30,7,3,Tuesday,45,45,False
20231108,2023-11-08,2023,4,Q4,11,November,Nov,2023-11,202311,2023-11-01,2023-11-30,8,4,Wednesday,45,45,False
20231109,2023-11-09,2023,4,Q4,11,November,Nov,2023-11,202311,2023-11-01,2023-11-30,9,5,Thursday,45,45,False
20231110,2023-11-10,2023,4,Q4,11,November,Nov,2023-11,202311,2023-11-01,2023-11-30,10,6,Friday,45,45,False
20231111,2023-11-11,2023,4,Q4,11,November,Nov,2023-11,202311,2023-11-01,2023-11-30,11,7,Saturday,45,45,True
20231112,2023-11-12,2023,4,Q4,11,November,Nov,2023-11,202311,2023-11-01,2023-11-30,12,1,Sunday,46,45,True
20231113,2023-11-13,2023,4,Q4,11,November,Nov,2023-11,202311,2023-11-01,2023-11-30,13,2,Monday,46,46,False
20231114,2023-11-14,2023,4,Q4,11,November,Nov,2023-11,202311,2023-11-01,2023-11-30,14,3,Tuesday,46,46,False
20231115,2023-11-15,2023,4,Q4,11,November,Nov,2023-11,202311,2023-11-01,2023-11-30,15,4,Wednesday,46,46,False
20231116,2023-11-16,2023,4,Q4,11,November,Nov,2023-11,202311,2023-11-01,2023-11-30,16,5,Thursday,46,46,False
20231117,2023-11-17,2023,4,Q4,11,November,Nov,2023-11,202311,2023-11-01,2023-11-30,17,6,Friday,46,46,False
20231118,2023-11-18,2023,4,Q4,11,November,Nov,2023-11,202311,2023-11-01,2023-11-30,18,7,Saturday,46,46,True
20231119,2023-11-19,2023,4,Q4,11,November,Nov,2023-11,202311,2023-11-01,2023-11-30,19,1,Sunday,47,46,True
20231120,2023-11-20,2023,4,Q4,11,November,Nov,2023-11,202311,2023-11-01,2023-11-30,20,2,Monday,47,47,False
20231121,2023-11-21,2023,4,Q4,11,November,Nov,2023-11,202311,2023-11-01,2023-11-30,21,3,Tuesday,47,47,False
20231122,2023-11-22,2023,4,Q4,11,November,Nov,2023-11,202311,2023-11-01,2023-11-30,22,4,Wednesday,47,47,False
20231123,2023-11-23,2023,4,Q4,11,November,Nov,2023-11,202311,2023-11-01,2023-11-30,23,5,Thursday,47,47,False
20231124,2023-11-24,2023,4,Q4,11,November,Nov,2023-11,202311,2023-11-01,2023-11-30,24,6,Friday,47,47,False
20231125,2023-11-25,2023,4,Q4,11,November,Nov,2023-11,202311,2023-11-01,2023-11-30,25,7,Saturday,47,47,True
20231126,2023-11-26,2023,4,Q4,11,November,Nov,2023-11,202311,2023-11-01,2023-11-30,26,1,Sunday,48,47,True
20231127,2023-11-27,2023,4,Q4,11,November,Nov,2023-11,202311,2023-11-01,2023-11-30,27,2,Monday,48,48,False
20231128,2023-11-28,2023,4,Q4,11,November,Nov,2023-11,202311,2023-11-01,2023-11-30,28,3,Tuesday,48,48,False
20231129,2023-11-29,2023,4,Q4,11,November,Nov,2023-11,202311,2023-11-01,2023-11-30,29,4,Wednesday,48,48,False
20231130,2023-11-30,2023,4,Q4,11,November,Nov,2023-11,202311,2023-11-01,2023-11-30,30,5,Thursday,48,48,False
20231201,2023-12-01,2023,4,Q4,12,December,Dec,2023-12,202312,2023-12-01,2023-12-31,1,6,Friday,48,48,False
20231202,2023-12-02,2023,4,Q4,12,December,Dec,2023-12,202312,2023-12-01,2023-12-31,2,7,Saturday,48,48,True
20231203,2023-12-03,2023,4,Q4,12,December,Dec,2023-12,202312,2023-12-01,2023-12-31,3,1,Sunday,49,48,True
20231204,2023-12-04,2023,4,Q4,12,December,Dec,2023-12,202312,2023-12-01,2023-12-31,4,2,Monday,49,49,False
20231205,2023-12-05,2023,4,Q4,12,December,Dec,2023-12,202312,2023-12-01,2023-12-31,5,3,Tuesday,49,49,False
20231206,2023-12-06,2023,4,Q4,12,December,Dec,2023-12,202312,2023-12-01,2023-12-31,6,4,Wednesday,49,49,False
20231207,2023-12-07,2023,4,Q4,12,December,Dec,2023-12,202312,2023-12-01,2023-12-31,7,5,Thursday,49,49,False
20231208,2023-12-08,2023,4,Q4,12,December,Dec,2023-12,202312,2023-12-01,2023-12-31,8,6,Friday,49,49,False
20231209,2023-12-09,2023,4,Q4,12,December,Dec,2023-12,202312,2023-12-01,2023-12-31,9,7,Saturday,49,49,True
20231210,2023-12-10,2023,4,Q4,12,December,Dec,2023-12,202312,2023-12-01,2023-12-31,10,1,Sunday,50,49,True
20231211,2023-12-11,2023,4,Q4,12,December,Dec,2023-12,202312,2023-12-01,2023-12-31,11,2,Monday,50,50,False
20231212,2023-12-12,2023,4,Q4,12,December,Dec,2023-12,202312,2023-12-01,2023-12-31,12,3,Tuesday,50,50,False
20231213,2023-12-13,2023,4,Q4,12,December,Dec,2023-12,202312,2023-12-01,2023-12-31,13,4,Wednesday,50,50,False
20231214,2023-12-14,2023,4,Q4,12,December,Dec,2023-12,202312,2023-12-01,2023-12-31,14,5,Thursday,50,50,False
20231215,2023-12-15,2023,4,Q4,12,December,Dec,2023-12,202312,2023-12-01,2023-12-31,15,6,Friday,50,50,False
20231216,2023-12-16,2023,4,Q4,12,December,Dec,2023-12,202312,2023-12-01,2023-12-31,16,7,Saturday,50,50,True
20231217,2023-12-17,2023,4,Q4,12,December,Dec,2023-12,202312,2023-12-01,2023-12-31,17,1,Sunday,51,50,True
20231218,2023-12-18,2023,4,Q4,12,December,Dec,2023-12,202312,2023-12-01,2023-12-31,18,2,Monday,51,51,False
20231219,2023-12-19,2023,4,Q4,12,December,Dec,2023-12,202312,2023-12-01,2023-12-31,19,3,Tuesday,51,51,False
20231220,2023-12-20,2023,4,Q4,12,December,Dec,2023-12,202312,2023-12-01,2023-12-31,20,4,Wednesday,51,51,False
20231221,2023-12-21,2023,4,Q4,12,December,Dec,2023-12,202312,2023-12-01,2023-12-31,21,5,Thursday,51,51,False
20231222,2023-12-22,2023,4,Q4,12,December,Dec,2023-12,202312,2023-12-01,2023-12-31,22,6,Friday,51,51,False
20231223,2023-12-23,2023,4,Q4,12,December,Dec,2023-12,202312,2023-12-01,2023-12-31,23,7,Saturday,51,51,True
20231224,2023-12-24,2023,4,Q4,12,December,Dec,2023-12,202312,2023-12-01,2023-12-31,24,1,Sunday,52,51,True
20231225,2023-12-25,2023,4,Q4,12,December,Dec,2023-12,202312,2023-12-01,2023-12-31,25,2,Monday,52,52,False
20231226,2023-12-26,2023,4,Q4,12,December,Dec,2023-12,202312,2023-12-01,2023-12-31,26,3,Tuesday,52,52,False
20231227,2023-12-27,2023,4,Q4,12,December,Dec,2023-12,202312,2023-12-01,2023-12-31,27,4,Wednesday,52,52,False
20231228,2023-12-28,2023,4,Q4,12,December,Dec,2023-12,202312,2023-12-01,2023-12-31,28,5,Thursday,52,52,False
20231229,2023-12-29,2023,4,Q4,12,December,Dec,2023-12,202312,2023-12-01,2023-12-31,29,6,Friday,52,52,False
20231230,2023-12-30,2023,4,Q4,12,December,Dec,2023-12,202312,2023-12-01,2023-12-31,30,7,Saturday,52,52,True
20231231,2023-12-31,2023,4,Q4,12,December,Dec,2023-12,202312,2023-12-01,2023-12-31,31,1,Sunday,53,52,True
20240101,2024-01-01,2024,1,Q1,1,January,Jan,2024-01,202401,2024-01-01,2024-01-31,1,2,Monday,1,1,False
20240102,2024-01-02,2024,1,Q1,1,January,Jan,2024-01,202401,2024-01-01,2024-01-31,2,3,Tuesday,1,1,False
20240103,2024-01-03,2024,1,Q1,1,January,Jan,2024-01,202401,2024-01-01,2024-01-31,3,4,Wednesday,1,1,False
20240104,2024-01-04,2024,1,Q1,1,January,Jan,2024-01,202401,2024-01-01,2024-01-31,4,5,Thursday,1,1,False
20240105,2024-01-05,2024,1,Q1,1,January,Jan,2024-01,202401,2024-01-01,2024-01-31,5,6,Friday,1,1,False
20240106,2024-01-06,2024,1,Q1,1,January,Jan,2024-01,202401,2024-01-01,2024-01-31,6,7,Saturday,1,1,True
20240107,2024-01-07,2024,1,Q1,1,January,Jan,2024-01,202401,2024-01-01,2024-01-31,7,1,Sunday,2,1,True
20240108,2024-01-08,2024,1,Q1,1,January,Jan,2024-01,202401,2024-01-01,2024-01-31,8,2,Monday,2,2,False
20240109,2024-01-09,2024,1,Q1,1,January,Jan,2024-01,202401,2024-01-01,2024-01-31,9,3,Tuesday,2,2,False
20240110,2024-01-10,2024,1,Q1,1,January,Jan,2024-01,202401,2024-01-01,2024-01-31,10,4,Wednesday,2,2,False
20240111,2024-01-11,2024,1,Q1,1,January,Jan,2024-01,202401,2024-01-01,2024-01-31,11,5,Thursday,2,2,False
20240112,2024-01-12,2024,1,Q1,1,January,Jan,2024-01,202401,2024-01-01,2024-01-31,12,6,Friday,2,2,False
20240113,2024-01-13,2024,1,Q1,1,January,Jan,2024-01,202401,2024-01-01,2024-01-31,13,7,Saturday,2,2,True
20240114,2024-01-14,2024,1,Q1,1,January,Jan,2024-01,202401,2024-01-01,2024-01-31,14,1,Sunday,3,2,True
20240115,2024-01-15,2024,1,Q1,1,January,Jan,2024-01,202401,2024-01-01,2024-01-31,15,2,Monday,3,3,False
20240116,2024-01-16,2024,1,Q1,1,January,Jan,2024-01,202401,2024-01-01,2024-01-31,16,3,Tuesday,3,3,False
20240117,2024-01-17,2024,1,Q1,1,January,Jan,2024-01,202401,2024-01-01,2024-01-31,17,4,Wednesday,3,3,False
20240118,2024-01-18,2024,1,Q1,1,January,Jan,2024-01,202401,2024-01-01,2024-01-31,18,5,Thursday,3,3,False
20240119,2024-01-19,2024,1,Q1,1,January,Jan,2024-01,202401,2024-01-01,2024-01-31,19,6,Friday,3,3,False
20240120,2024-01-20,2024,1,Q1,1,January,Jan,2024-01,202401,2024-01-01,2024-01-31,20,7,Saturday,3,3,True
20240121,2024-01-21,2024,1,Q1,1,January,Jan,2024-01,202401,2024-01-01,2024-01-31,21,1,Sunday,4,3,True
20240122,2024-01-22,2024,1,Q1,1,January,Jan,2024-01,202401,2024-01-01,2024-01-31,22,2,Monday,4,4,False
20240123,2024-01-23,2024,1,Q1,1,January,Jan,2024-01,202401,2024-01-01,2024-01-31,23,3,Tuesday,4,4,False
20240124,2024-01-24,2024,1,Q1,1,January,Jan,2024-01,202401,2024-01-01,2024-01-31,24,4,Wednesday,4,4,False
20240125,2024-01-25,2024,1,Q1,1,January,Jan,2024-01,202401,2024-01-01,2024-01-31,25,5,Thursday,4,4,False
20240126,2024-01-26,2024,1,Q1,1,January,Jan,2024-01,202401,2024-01-01,2024-01-31,26,6,Friday,4,4,False
20240127,2024-01-27,2024,1,Q1,1,January,Jan,2024-01,202401,2024-01-01,2024-01-31,27,7,Saturday,4,4,True
20240128,2024-01-28,2024,1,Q1,1,January,Jan,2024-01,202401,2024-01-01,2024-01-31,28,1,Sunday,5,4,True
20240129,2024-01-29,2024,1,Q1,1,January,Jan,2024-01,202401,2024-01-01,2024-01-31,29,2,Monday,5,5,False
20240130,2024-01-30,2024,1,Q1,1,January,Jan,2024-01,202401,2024-01-01,2024-01-31,30,3,Tuesday,5,5,False
20240131,2024-01-31,2024,1,Q1,1,January,Jan,2024-01,202401,2024-01-01,2024-01-31,31,4,Wednesday,5,5,False
20240201,2024-02-01,2024,1,Q1,2,February,Feb,2024-02,202402,2024-02-01,2024-02-29,1,5,Thursday,5,5,False
20240202,2024-02-02,2024,1,Q1,2,February,Feb,2024-02,202402,2024-02-01,2024-02-29,2,6,Friday,5,5,False
20240203,2024-02-03,2024,1,Q1,2,February,Feb,2024-02,202402,2024-02-01,2024-02-29,3,7,Saturday,5,5,True
20240204,2024-02-04,2024,1,Q1,2,February,Feb,2024-02,202402,2024-02-01,2024-02-29,4,1,Sunday,6,5,True
20240205,2024-02-05,2024,1,Q1,2,February,Feb,2024-02,202402,2024-02-01,2024-02-29,5,2,Monday,6,6,False
20240206,2024-02-06,2024,1,Q1,2,February,Feb,2024-02,202402,2024-02-01,2024-02-29,6,3,Tuesday,6,6,False
20240207,2024-02-07,2024,1,Q1,2,February,Feb,2024-02,202402,2024-02-01,2024-02-29,7,4,Wednesday,6,6,False
20240208,2024-02-08,2024,1,Q1,2,February,Feb,2024-02,202402,2024-02-01,2024-02-29,8,5,Thursday,6,6,False
20240209,2024-02-09,2024,1,Q1,2,February,Feb,2024-02,202402,2024-02-01,2024-02-29,9,6,Friday,6,6,False
20240210,2024-02-10,2024,1,Q1,2,February,Feb,2024-02,202402,2024-02-01,2024-02-29,10,7,Saturday,6,6,True
20240211,2024-02-11,2024,1,Q1,2,February,Feb,2024-02,202402,2024-02-01,2024-02-29,11,1,Sunday,7,6,True
20240212,2024-02-12,2024,1,Q1,2,February,Feb,2024-02,202402,2024-02-01,2024-02-29,12,2,Monday,7,7,False
20240213,2024-02-13,2024,1,Q1,2,February,Feb,2024-02,202402,2024-02-01,2024-02-29,13,3,Tuesday,7,7,False
20240214,2024-02-14,2024,1,Q1,2,February,Feb,2024-02,202402,2024-02-01,2024-02-29,14,4,Wednesday,7,7,False
20240215,2024-02-15,2024,1,Q1,2,February,Feb,2024-02,202402,2024-02-01,2024-02-29,15,5,Thursday,7,7,False
20240216,2024-02-16,2024,1,Q1,2,February,Feb,2024-02,202402,2024-02-01,2024-02-29,16,6,Friday,7,7,False
20240217,2024-02-17,2024,1,Q1,2,February,Feb,2024-02,202402,2024-02-01,2024-02-29,17,7,Saturday,7,7,True
20240218,2024-02-18,2024,1,Q1,2,February,Feb,2024-02,202402,2024-02-01,2024-02-29,18,1,Sunday,8,7,True
20240219,2024-02-19,2024,1,Q1,2,February,Feb,2024-02,202402,2024-02-01,2024-02-29,19,2,Monday,8,8,False
20240220,2024-02-20,2024,1,Q1,2,February,Feb,2024-02,202402,2024-02-01,2024-02-29,20,3,Tuesday,8,8,False
20240221,2024-02-21,2024,1,Q1,2,February,Feb,2024-02,202402,2024-02-01,2024-02-29,21,4,Wednesday,8,8,False
20240222,2024-02-22,2024,1,Q1,2,February,Feb,2024-02,202402,2024-02-01,2024-02-29,22,5,Thursday,8,8,False
20240223,2024-02-23,2024,1,Q1,2,February,Feb,2024-02,202402,2024-02-01,2024-02-29,23,6,Friday,8,8,False
20240224,2024-02-24,2024,1,Q1,2,February,Feb,2024-02,202402,2024-02-01,2024-02-29,24,7,Saturday,8,8,True
20240225,2024-02-25,2024,1,Q1,2,February,Feb,2024-02,202402,2024-02-01,2024-02-29,25,1,Sunday,9,8,True
20240226,2024-02-26,2024,1,Q1,2,February,Feb,2024-02,202402,2024-02-01,2024-02-29,26,2,Monday,9,9,False
20240227,2024-02-27,2024,1,Q1,2,February,Feb,2024-02,202402,2024-02-01,2024-02-29,27,3,Tuesday,9,9,False
20240228,2024-02-28,2024,1,Q1,2,February,Feb,2024-02,202402,2024-02-01,2024-02-29,28,4,Wednesday,9,9,False
20240229,2024-02-29,2024,1,Q1,2,February,Feb,2024-02,202402,2024-02-01,2024-02-29,29,5,Thursday,9,9,False
20240301,2024-03-01,2024,1,Q1,3,March,Mar,2024-03,202403,2024-03-01,2024-03-31,1,6,Friday,9,9,False
20240302,2024-03-02,2024,1,Q1,3,March,Mar,2024-03,202403,2024-03-01,2024-03-31,2,7,Saturday,9,9,True
20240303,2024-03-03,2024,1,Q1,3,March,Mar,2024-03,202403,2024-03-01,2024-03-31,3,1,Sunday,10,9,True
20240304,2024-03-04,2024,1,Q1,3,March,Mar,2024-03,202403,2024-03-01,2024-03-31,4,2,Monday,10,10,False
20240305,2024-03-05,2024,1,Q1,3,March,Mar,2024-03,202403,2024-03-01,2024-03-31,5,3,Tuesday,10,10,False
20240306,2024-03-06,2024,1,Q1,3,March,Mar,2024-03,202403,2024-03-01,2024-03-31,6,4,Wednesday,10,10,False
20240307,2024-03-07,2024,1,Q1,3,March,Mar,2024-03,202403,2024-03-01,2024-03-31,7,5,Thursday,10,10,False
20240308,2024-03-08,2024,1,Q1,3,March,Mar,2024-03,202403,2024-03-01,2024-03-31,8,6,Friday,10,10,False
20240309,2024-03-09,2024,1,Q1,3,March,Mar,2024-03,202403,2024-03-01,2024-03-31,9,7,Saturday,10,10,True
20240310,2024-03-10,2024,1,Q1,3,March,Mar,2024-03,202403,2024-03-01,2024-03-31,10,1,Sunday,11,10,True
20240311,2024-03-11,2024,1,Q1,3,March,Mar,2024-03,202403,2024-03-01,2024-03-31,11,2,Monday,11,11,False
20240312,2024-03-12,2024,1,Q1,3,March,Mar,2024-03,202403,2024-03-01,2024-03-31,12,3,Tuesday,11,11,False
20240313,2024-03-13,2024,1,Q1,3,March,Mar,2024-03,202403,2024-03-01,2024-03-31,13,4,Wednesday,11,11,False
20240314,2024-03-14,2024,1,Q1,3,March,Mar,2024-03,202403,2024-03-01,2024-03-31,14,5,Thursday,11,11,False
20240315,2024-03-15,2024,1,Q1,3,March,Mar,2024-03,202403,2024-03-01,2024-03-31,15,6,Friday,11,11,False
20240316,2024-03-16,2024,1,Q1,3,March,Mar,2024-03,202403,2024-03-01,2024-03-31,16,7,Saturday,11,11,True
20240317,2024-03-17,2024,1,Q1,3,March,Mar,2024-03,202403,2024-03-01,2024-03-31,17,1,Sunday,12,11,True
20240318,2024-03-18,2024,1,Q1,3,March,Mar,2024-03,202403,2024-03-01,2024-03-31,18,2,Monday,12,12,False
20240319,2024-03-19,2024,1,Q1,3,March,Mar,2024-03,202403,2024-03-01,2024-03-31,19,3,Tuesday,12,12,False
20240320,2024-03-20,2024,1,Q1,3,March,Mar,2024-03,202403,2024-03-01,2024-03-31,20,4,Wednesday,12,12,False
20240321,2024-03-21,2024,1,Q1,3,March,Mar,2024-03,202403,2024-03-01,2024-03-31,21,5,Thursday,12,12,False
20240322,2024-03-22,2024,1,Q1,3,March,Mar,2024-03,202403,2024-03-01,2024-03-31,22,6,Friday,12,12,False
20240323,2024-03-23,2024,1,Q1,3,March,Mar,2024-03,202403,2024-03-01,2024-03-31,23,7,Saturday,12,12,True
20240324,2024-03-24,2024,1,Q1,3,March,Mar,2024-03,202403,2024-03-01,2024-03-31,24,1,Sunday,13,12,True
20240325,2024-03-25,2024,1,Q1,3,March,Mar,2024-03,202403,2024-03-01,2024-03-31,25,2,Monday,13,13,False
20240326,2024-03-26,2024,1,Q1,3,March,Mar,2024-03,202403,2024-03-01,2024-03-31,26,3,Tuesday,13,13,False
20240327,2024-03-27,2024,1,Q1,3,March,Mar,2024-03,202403,2024-03-01,2024-03-31,27,4,Wednesday,13,13,False
20240328,2024-03-28,2024,1,Q1,3,March,Mar,2024-03,202403,2024-03-01,2024-03-31,28,5,Thursday,13,13,False
20240329,2024-03-29,2024,1,Q1,3,March,Mar,2024-03,202403,2024-03-01,2024-03-31,29,6,Friday,13,13,False
20240330,2024-03-30,2024,1,Q1,3,March,Mar,2024-03,202403,2024-03-01,2024-03-31,30,7,Saturday,13,13,True
20240331,2024-03-31,2024,1,Q1,3,March,Mar,2024-03,202403,2024-03-01,2024-03-31,31,1,Sunday,14,13,True
20240401,2024-04-01,2024,2,Q2,4,April,Apr,2024-04,202404,2024-04-01,2024-04-30,1,2,Monday,14,14,False
20240402,2024-04-02,2024,2,Q2,4,April,Apr,2024-04,202404,2024-04-01,2024-04-30,2,3,Tuesday,14,14,False
20240403,2024-04-03,2024,2,Q2,4,April,Apr,2024-04,202404,2024-04-01,2024-04-30,3,4,Wednesday,14,14,False
20240404,2024-04-04,2024,2,Q2,4,April,Apr,2024-04,202404,2024-04-01,2024-04-30,4,5,Thursday,14,14,False
20240405,2024-04-05,2024,2,Q2,4,April,Apr,2024-04,202404,2024-04-01,2024-04-30,5,6,Friday,14,14,False
20240406,2024-04-06,2024,2,Q2,4,April,Apr,2024-04,202404,2024-04-01,2024-04-30,6,7,Saturday,14,14,True
20240407,2024-04-07,2024,2,Q2,4,April,Apr,2024-04,202404,2024-04-01,2024-04-30,7,1,Sunday,15,14,True
20240408,2024-04-08,2024,2,Q2,4,April,Apr,2024-04,202404,2024-04-01,2024-04-30,8,2,Monday,15,15,False
20240409,2024-04-09,2024,2,Q2,4,April,Apr,2024-04,202404,2024-04-01,2024-04-30,9,3,Tuesday,15,15,False
20240410,2024-04-10,2024,2,Q2,4,April,Apr,2024-04,202404,2024-04-01,2024-04-30,10,4,Wednesday,15,15,False
20240411,2024-04-11,2024,2,Q2,4,April,Apr,2024-04,202404,2024-04-01,2024-04-30,11,5,Thursday,15,15,False
20240412,2024-04-12,2024,2,Q2,4,April,Apr,2024-04,202404,2024-04-01,2024-04-30,12,6,Friday,15,15,False
20240413,2024-04-13,2024,2,Q2,4,April,Apr,2024-04,202404,2024-04-01,2024-04-30,13,7,Saturday,15,15,True
20240414,2024-04-14,2024,2,Q2,4,April,Apr,2024-04,202404,2024-04-01,2024-04-30,14,1,Sunday,16,15,True
20240415,2024-04-15,2024,2,Q2,4,April,Apr,2024-04,202404,2024-04-01,2024-04-30,15,2,Monday,16,16,False
20240416,2024-04-16,2024,2,Q2,4,April,Apr,2024-04,202404,2024-04-01,2024-04-30,16,3,Tuesday,16,16,False
20240417,2024-04-17,2024,2,Q2,4,April,Apr,2024-04,202404,2024-04-01,2024-04-30,17,4,Wednesday,16,16,False
20240418,2024-04-18,2024,2,Q2,4,April,Apr,2024-04,202404,2024-04-01,2024-04-30,18,5,Thursday,16,16,False
20240419,2024-04-19,2024,2,Q2,4,April,Apr,2024-04,202404,2024-04-01,2024-04-30,19,6,Friday,16,16,False
20240420,2024-04-20,2024,2,Q2,4,April,Apr,2024-04,202404,2024-04-01,2024-04-30,20,7,Saturday,16,16,True
20240421,2024-04-21,2024,2,Q2,4,April,Apr,2024-04,202404,2024-04-01,2024-04-30,21,1,Sunday,17,16,True
20240422,2024-04-22,2024,2,Q2,4,April,Apr,2024-04,202404,2024-04-01,2024-04-30,22,2,Monday,17,17,False
20240423,2024-04-23,2024,2,Q2,4,April,Apr,2024-04,202404,2024-04-01,2024-04-30,23,3,Tuesday,17,17,False
20240424,2024-04-24,2024,2,Q2,4,April,Apr,2024-04,202404,2024-04-01,2024-04-30,24,4,Wednesday,17,17,False
20240425,2024-04-25,2024,2,Q2,4,April,Apr,2024-04,202404,2024-04-01,2024-04-30,25,5,Thursday,17,17,False
20240426,2024-04-26,2024,2,Q2,4,April,Apr,2024-04,202404,2024-04-01,2024-04-30,26,6,Friday,17,17,False
20240427,2024-04-27,2024,2,Q2,4,April,Apr,2024-04,202404,2024-04-01,2024-04-30,27,7,Saturday,17,17,True
20240428,2024-04-28,2024,2,Q2,4,April,Apr,2024-04,202404,2024-04-01,2024-04-30,28,1,Sunday,18,17,True
20240429,2024-04-29,2024,2,Q2,4,April,Apr,2024-04,202404,2024-04-01,2024-04-30,29,2,Monday,18,18,False
20240430,2024-04-30,2024,2,Q2,4,April,Apr,2024-04,202404,2024-04-01,2024-04-30,30,3,Tuesday,18,18,False
20240501,2024-05-01,2024,2,Q2,5,May,May,2024-05,202405,2024-05-01,2024-05-31,1,4,Wednesday,18,18,False
20240502,2024-05-02,2024,2,Q2,5,May,May,2024-05,202405,2024-05-01,2024-05-31,2,5,Thursday,18,18,False
20240503,2024-05-03,2024,2,Q2,5,May,May,2024-05,202405,2024-05-01,2024-05-31,3,6,Friday,18,18,False
20240504,2024-05-04,2024,2,Q2,5,May,May,2024-05,202405,2024-05-01,2024-05-31,4,7,Saturday,18,18,True
20240505,2024-05-05,2024,2,Q2,5,May,May,2024-05,202405,2024-05-01,2024-05-31,5,1,Sunday,19,18,True
20240506,2024-05-06,2024,2,Q2,5,May,May,2024-05,202405,2024-05-01,2024-05-31,6,2,Monday,19,19,False
20240507,2024-05-07,2024,2,Q2,5,May,May,2024-05,202405,2024-05-01,2024-05-31,7,3,Tuesday,19,19,False
20240508,2024-05-08,2024,2,Q2,5,May,May,2024-05,202405,2024-05-01,2024-05-31,8,4,Wednesday,19,19,False
20240509,2024-05-09,2024,2,Q2,5,May,May,2024-05,202405,2024-05-01,2024-05-31,9,5,Thursday,19,19,False
20240510,2024-05-10,2024,2,Q2,5,May,May,2024-05,202405,2024-05-01,2024-05-31,10,6,Friday,19,19,False
20240511,2024-05-11,2024,2,Q2,5,May,May,2024-05,202405,2024-05-01,2024-05-31,11,7,Saturday,19,19,True
20240512,2024-05-12,2024,2,Q2,5,May,May,2024-05,202405,2024-05-01,2024-05-31,12,1,Sunday,20,19,True
20240513,2024-05-13,2024,2,Q2,5,May,May,2024-05,202405,2024-05-01,2024-05-31,13,2,Monday,20,20,False
20240514,2024-05-14,2024,2,Q2,5,May,May,2024-05,202405,2024-05-01,2024-05-31,14,3,Tuesday,20,20,False
20240515,2024-05-15,2024,2,Q2,5,May,May,2024-05,202405,2024-05-01,2024-05-31,15,4,Wednesday,20,20,False
20240516,2024-05-16,2024,2,Q2,5,May,May,2024-05,202405,2024-05-01,2024-05-31,16,5,Thursday,20,20,False
20240517,2024-05-17,2024,2,Q2,5,May,May,2024-05,202405,2024-05-01,2024-05-31,17,6,Friday,20,20,False
20240518,2024-05-18,2024,2,Q2,5,May,May,2024-05,202405,2024-05-01,2024-05-31,18,7,Saturday,20,20,True
20240519,2024-05-19,2024,2,Q2,5,May,May,2024-05,202405,2024-05-01,2024-05-31,19,1,Sunday,21,20,True
20240520,2024-05-20,2024,2,Q2,5,May,May,2024-05,202405,2024-05-01,2024-05-31,20,2,Monday,21,21,False
20240521,2024-05-21,2024,2,Q2,5,May,May,2024-05,202405,2024-05-01,2024-05-31,21,3,Tuesday,21,21,False
20240522,2024-05-22,2024,2,Q2,5,May,May,2024-05,202405,2024-05-01,2024-05-31,22,4,Wednesday,21,21,False
20240523,2024-05-23,2024,2,Q2,5,May,May,2024-05,202405,2024-05-01,2024-05-31,23,5,Thursday,21,21,False
20240524,2024-05-24,2024,2,Q2,5,May,May,2024-05,202405,2024-05-01,2024-05-31,24,6,Friday,21,21,False
20240525,2024-05-25,2024,2,Q2,5,May,May,2024-05,202405,2024-05-01,2024-05-31,25,7,Saturday,21,21,True
20240526,2024-05-26,2024,2,Q2,5,May,May,2024-05,202405,2024-05-01,2024-05-31,26,1,Sunday,22,21,True
20240527,2024-05-27,2024,2,Q2,5,May,May,2024-05,202405,2024-05-01,2024-05-31,27,2,Monday,22,22,False
20240528,2024-05-28,2024,2,Q2,5,May,May,2024-05,202405,2024-05-01,2024-05-31,28,3,Tuesday,22,22,False
20240529,2024-05-29,2024,2,Q2,5,May,May,2024-05,202405,2024-05-01,2024-05-31,29,4,Wednesday,22,22,False
20240530,2024-05-30,2024,2,Q2,5,May,May,2024-05,202405,2024-05-01,2024-05-31,30,5,Thursday,22,22,False
20240531,2024-05-31,2024,2,Q2,5,May,May,2024-05,202405,2024-05-01,2024-05-31,31,6,Friday,22,22,False
20240601,2024-06-01,2024,2,Q2,6,June,Jun,2024-06,202406,2024-06-01,2024-06-30,1,7,Saturday,22,22,True
20240602,2024-06-02,2024,2,Q2,6,June,Jun,2024-06,202406,2024-06-01,2024-06-30,2,1,Sunday,23,22,True
20240603,2024-06-03,2024,2,Q2,6,June,Jun,2024-06,202406,2024-06-01,2024-06-30,3,2,Monday,23,23,False
20240604,2024-06-04,2024,2,Q2,6,June,Jun,2024-06,202406,2024-06-01,2024-06-30,4,3,Tuesday,23,23,False
20240605,2024-06-05,2024,2,Q2,6,June,Jun,2024-06,202406,2024-06-01,2024-06-30,5,4,Wednesday,23,23,False
20240606,2024-06-06,2024,2,Q2,6,June,Jun,2024-06,202406,2024-06-01,2024-06-30,6,5,Thursday,23,23,False
20240607,2024-06-07,2024,2,Q2,6,June,Jun,2024-06,202406,2024-06-01,2024-06-30,7,6,Friday,23,23,False
20240608,2024-06-08,2024,2,Q2,6,June,Jun,2024-06,202406,2024-06-01,2024-06-30,8,7,Saturday,23,23,True
20240609,2024-06-09,2024,2,Q2,6,June,Jun,2024-06,202406,2024-06-01,2024-06-30,9,1,Sunday,24,23,True
20240610,2024-06-10,2024,2,Q2,6,June,Jun,2024-06,202406,2024-06-01,2024-06-30,10,2,Monday,24,24,False
20240611,2024-06-11,2024,2,Q2,6,June,Jun,2024-06,202406,2024-06-01,2024-06-30,11,3,Tuesday,24,24,False
20240612,2024-06-12,2024,2,Q2,6,June,Jun,2024-06,202406,2024-06-01,2024-06-30,12,4,Wednesday,24,24,False
20240613,2024-06-13,2024,2,Q2,6,June,Jun,2024-06,202406,2024-06-01,2024-06-30,13,5,Thursday,24,24,False
20240614,2024-06-14,2024,2,Q2,6,June,Jun,2024-06,202406,2024-06-01,2024-06-30,14,6,Friday,24,24,False
20240615,2024-06-15,2024,2,Q2,6,June,Jun,2024-06,202406,2024-06-01,2024-06-30,15,7,Saturday,24,24,True
20240616,2024-06-16,2024,2,Q2,6,June,Jun,2024-06,202406,2024-06-01,2024-06-30,16,1,Sunday,25,24,True
20240617,2024-06-17,2024,2,Q2,6,June,Jun,2024-06,202406,2024-06-01,2024-06-30,17,2,Monday,25,25,False
20240618,2024-06-18,2024,2,Q2,6,June,Jun,2024-06,202406,2024-06-01,2024-06-30,18,3,Tuesday,25,25,False
20240619,2024-06-19,2024,2,Q2,6,June,Jun,2024-06,202406,2024-06-01,2024-06-30,19,4,Wednesday,25,25,False
20240620,2024-06-20,2024,2,Q2,6,June,Jun,2024-06,202406,2024-06-01,2024-06-30,20,5,Thursday,25,25,False
20240621,2024-06-21,2024,2,Q2,6,June,Jun,2024-06,202406,2024-06-01,2024-06-30,21,6,Friday,25,25,False
20240622,2024-06-22,2024,2,Q2,6,June,Jun,2024-06,202406,2024-06-01,2024-06-30,22,7,Saturday,25,25,True
20240623,2024-06-23,2024,2,Q2,6,June,Jun,2024-06,202406,2024-06-01,2024-06-30,23,1,Sunday,26,25,True
20240624,2024-06-24,2024,2,Q2,6,June,Jun,2024-06,202406,2024-06-01,2024-06-30,24,2,Monday,26,26,False
20240625,2024-06-25,2024,2,Q2,6,June,Jun,2024-06,202406,2024-06-01,2024-06-30,25,3,Tuesday,26,26,False
20240626,2024-06-26,2024,2,Q2,6,June,Jun,2024-06,202406,2024-06-01,2024-06-30,26,4,Wednesday,26,26,False
20240627,2024-06-27,2024,2,Q2,6,June,Jun,2024-06,202406,2024-06-01,2024-06-30,27,5,Thursday,26,26,False
20240628,2024-06-28,2024,2,Q2,6,June,Jun,2024-06,202406,2024-06-01,2024-06-30,28,6,Friday,26,26,False
20240629,2024-06-29,2024,2,Q2,6,June,Jun,2024-06,202406,2024-06-01,2024-06-30,29,7,Saturday,26,26,True
20240630,2024-06-30,2024,2,Q2,6,June,Jun,2024-06,202406,2024-06-01,2024-06-30,30,1,Sunday,27,26,True
20240701,2024-07-01,2024,3,Q3,7,July,Jul,2024-07,202407,2024-07-01,2024-07-31,1,2,Monday,27,27,False
20240702,2024-07-02,2024,3,Q3,7,July,Jul,2024-07,202407,2024-07-01,2024-07-31,2,3,Tuesday,27,27,False
20240703,2024-07-03,2024,3,Q3,7,July,Jul,2024-07,202407,2024-07-01,2024-07-31,3,4,Wednesday,27,27,False
20240704,2024-07-04,2024,3,Q3,7,July,Jul,2024-07,202407,2024-07-01,2024-07-31,4,5,Thursday,27,27,False
20240705,2024-07-05,2024,3,Q3,7,July,Jul,2024-07,202407,2024-07-01,2024-07-31,5,6,Friday,27,27,False
20240706,2024-07-06,2024,3,Q3,7,July,Jul,2024-07,202407,2024-07-01,2024-07-31,6,7,Saturday,27,27,True
20240707,2024-07-07,2024,3,Q3,7,July,Jul,2024-07,202407,2024-07-01,2024-07-31,7,1,Sunday,28,27,True
20240708,2024-07-08,2024,3,Q3,7,July,Jul,2024-07,202407,2024-07-01,2024-07-31,8,2,Monday,28,28,False
20240709,2024-07-09,2024,3,Q3,7,July,Jul,2024-07,202407,2024-07-01,2024-07-31,9,3,Tuesday,28,28,False
20240710,2024-07-10,2024,3,Q3,7,July,Jul,2024-07,202407,2024-07-01,2024-07-31,10,4,Wednesday,28,28,False
20240711,2024-07-11,2024,3,Q3,7,July,Jul,2024-07,202407,2024-07-01,2024-07-31,11,5,Thursday,28,28,False
20240712,2024-07-12,2024,3,Q3,7,July,Jul,2024-07,202407,2024-07-01,2024-07-31,12,6,Friday,28,28,False
20240713,2024-07-13,2024,3,Q3,7,July,Jul,2024-07,202407,2024-07-01,2024-07-31,13,7,Saturday,28,28,True
20240714,2024-07-14,2024,3,Q3,7,July,Jul,2024-07,202407,2024-07-01,2024-07-31,14,1,Sunday,29,28,True
20240715,2024-07-15,2024,3,Q3,7,July,Jul,2024-07,202407,2024-07-01,2024-07-31,15,2,Monday,29,29,False
20240716,2024-07-16,2024,3,Q3,7,July,Jul,2024-07,202407,2024-07-01,2024-07-31,16,3,Tuesday,29,29,False
20240717,2024-07-17,2024,3,Q3,7,July,Jul,2024-07,202407,2024-07-01,2024-07-31,17,4,Wednesday,29,29,False
20240718,2024-07-18,2024,3,Q3,7,July,Jul,2024-07,202407,2024-07-01,2024-07-31,18,5,Thursday,29,29,False
20240719,2024-07-19,2024,3,Q3,7,July,Jul,2024-07,202407,2024-07-01,2024-07-31,19,6,Friday,29,29,False
20240720,2024-07-20,2024,3,Q3,7,July,Jul,2024-07,202407,2024-07-01,2024-07-31,20,7,Saturday,29,29,True
20240721,2024-07-21,2024,3,Q3,7,July,Jul,2024-07,202407,2024-07-01,2024-07-31,21,1,Sunday,30,29,True
20240722,2024-07-22,2024,3,Q3,7,July,Jul,2024-07,202407,2024-07-01,2024-07-31,22,2,Monday,30,30,False
20240723,2024-07-23,2024,3,Q3,7,July,Jul,2024-07,202407,2024-07-01,2024-07-31,23,3,Tuesday,30,30,False
20240724,2024-07-24,2024,3,Q3,7,July,Jul,2024-07,202407,2024-07-01,2024-07-31,24,4,Wednesday,30,30,False
20240725,2024-07-25,2024,3,Q3,7,July,Jul,2024-07,202407,2024-07-01,2024-07-31,25,5,Thursday,30,30,False
20240726,2024-07-26,2024,3,Q3,7,July,Jul,2024-07,202407,2024-07-01,2024-07-31,26,6,Friday,30,30,False
20240727,2024-07-27,2024,3,Q3,7,July,Jul,2024-07,202407,2024-07-01,2024-07-31,27,7,Saturday,30,30,True
20240728,2024-07-28,2024,3,Q3,7,July,Jul,2024-07,202407,2024-07-01,2024-07-31,28,1,Sunday,31,30,True
20240729,2024-07-29,2024,3,Q3,7,July,Jul,2024-07,202407,2024-07-01,2024-07-31,29,2,Monday,31,31,False
20240730,2024-07-30,2024,3,Q3,7,July,Jul,2024-07,202407,2024-07-01,2024-07-31,30,3,Tuesday,31,31,False
20240731,2024-07-31,2024,3,Q3,7,July,Jul,2024-07,202407,2024-07-01,2024-07-31,31,4,Wednesday,31,31,False
20240801,2024-08-01,2024,3,Q3,8,August,Aug,2024-08,202408,2024-08-01,2024-08-31,1,5,Thursday,31,31,False
20240802,2024-08-02,2024,3,Q3,8,August,Aug,2024-08,202408,2024-08-01,2024-08-31,2,6,Friday,31,31,False
20240803,2024-08-03,2024,3,Q3,8,August,Aug,2024-08,202408,2024-08-01,2024-08-31,3,7,Saturday,31,31,True
20240804,2024-08-04,2024,3,Q3,8,August,Aug,2024-08,202408,2024-08-01,2024-08-31,4,1,Sunday,32,31,True
20240805,2024-08-05,2024,3,Q3,8,August,Aug,2024-08,202408,2024-08-01,2024-08-31,5,2,Monday,32,32,False
20240806,2024-08-06,2024,3,Q3,8,August,Aug,2024-08,202408,2024-08-01,2024-08-31,6,3,Tuesday,32,32,False
20240807,2024-08-07,2024,3,Q3,8,August,Aug,2024-08,202408,2024-08-01,2024-08-31,7,4,Wednesday,32,32,False
20240808,2024-08-08,2024,3,Q3,8,August,Aug,2024-08,202408,2024-08-01,2024-08-31,8,5,Thursday,32,32,False
20240809,2024-08-09,2024,3,Q3,8,August,Aug,2024-08,202408,2024-08-01,2024-08-31,9,6,Friday,32,32,False
20240810,2024-08-10,2024,3,Q3,8,August,Aug,2024-08,202408,2024-08-01,2024-08-31,10,7,Saturday,32,32,True
20240811,2024-08-11,2024,3,Q3,8,August,Aug,2024-08,202408,2024-08-01,2024-08-31,11,1,Sunday,33,32,True
20240812,2024-08-12,2024,3,Q3,8,August,Aug,2024-08,202408,2024-08-01,2024-08-31,12,2,Monday,33,33,False
20240813,2024-08-13,2024,3,Q3,8,August,Aug,2024-08,202408,2024-08-01,2024-08-31,13,3,Tuesday,33,33,False
20240814,2024-08-14,2024,3,Q3,8,August,Aug,2024-08,202408,2024-08-01,2024-08-31,14,4,Wednesday,33,33,False
20240815,2024-08-15,2024,3,Q3,8,August,Aug,2024-08,202408,2024-08-01,2024-08-31,15,5,Thursday,33,33,False
20240816,2024-08-16,2024,3,Q3,8,August,Aug,2024-08,202408,2024-08-01,2024-08-31,16,6,Friday,33,33,False
20240817,2024-08-17,2024,3,Q3,8,August,Aug,2024-08,202408,2024-08-01,2024-08-31,17,7,Saturday,33,33,True
20240818,2024-08-18,2024,3,Q3,8,August,Aug,2024-08,202408,2024-08-01,2024-08-31,18,1,Sunday,34,33,True
20240819,2024-08-19,2024,3,Q3,8,August,Aug,2024-08,202408,2024-08-01,2024-08-31,19,2,Monday,34,34,False
20240820,2024-08-20,2024,3,Q3,8,August,Aug,2024-08,202408,2024-08-01,2024-08-31,20,3,Tuesday,34,34,False
20240821,2024-08-21,2024,3,Q3,8,August,Aug,2024-08,202408,2024-08-01,2024-08-31,21,4,Wednesday,34,34,False
20240822,2024-08-22,2024,3,Q3,8,August,Aug,2024-08,202408,2024-08-01,2024-08-31,22,5,Thursday,34,34,False
20240823,2024-08-23,2024,3,Q3,8,August,Aug,2024-08,202408,2024-08-01,2024-08-31,23,6,Friday,34,34,False
20240824,2024-08-24,2024,3,Q3,8,August,Aug,2024-08,202408,2024-08-01,2024-08-31,24,7,Saturday,34,34,True
20240825,2024-08-25,2024,3,Q3,8,August,Aug,2024-08,202408,2024-08-01,2024-08-31,25,1,Sunday,35,34,True
20240826,2024-08-26,2024,3,Q3,8,August,Aug,2024-08,202408,2024-08-01,2024-08-31,26,2,Monday,35,35,False
20240827,2024-08-27,2024,3,Q3,8,August,Aug,2024-08,202408,2024-08-01,2024-08-31,27,3,Tuesday,35,35,False
20240828,2024-08-28,2024,3,Q3,8,August,Aug,2024-08,202408,2024-08-01,2024-08-31,28,4,Wednesday,35,35,False
20240829,2024-08-29,2024,3,Q3,8,August,Aug,2024-08,202408,2024-08-01,2024-08-31,29,5,Thursday,35,35,False
20240830,2024-08-30,2024,3,Q3,8,August,Aug,2024-08,202408,2024-08-01,2024-08-31,30,6,Friday,35,35,False
20240831,2024-08-31,2024,3,Q3,8,August,Aug,2024-08,202408,2024-08-01,2024-08-31,31,7,Saturday,35,35,True
20240901,2024-09-01,2024,3,Q3,9,September,Sep,2024-09,202409,2024-09-01,2024-09-30,1,1,Sunday,36,35,True
20240902,2024-09-02,2024,3,Q3,9,September,Sep,2024-09,202409,2024-09-01,2024-09-30,2,2,Monday,36,36,False
20240903,2024-09-03,2024,3,Q3,9,September,Sep,2024-09,202409,2024-09-01,2024-09-30,3,3,Tuesday,36,36,False
20240904,2024-09-04,2024,3,Q3,9,September,Sep,2024-09,202409,2024-09-01,2024-09-30,4,4,Wednesday,36,36,False
20240905,2024-09-05,2024,3,Q3,9,September,Sep,2024-09,202409,2024-09-01,2024-09-30,5,5,Thursday,36,36,False
20240906,2024-09-06,2024,3,Q3,9,September,Sep,2024-09,202409,2024-09-01,2024-09-30,6,6,Friday,36,36,False
20240907,2024-09-07,2024,3,Q3,9,September,Sep,2024-09,202409,2024-09-01,2024-09-30,7,7,Saturday,36,36,True
20240908,2024-09-08,2024,3,Q3,9,September,Sep,2024-09,202409,2024-09-01,2024-09-30,8,1,Sunday,37,36,True
20240909,2024-09-09,2024,3,Q3,9,September,Sep,2024-09,202409,2024-09-01,2024-09-30,9,2,Monday,37,37,False
20240910,2024-09-10,2024,3,Q3,9,September,Sep,2024-09,202409,2024-09-01,2024-09-30,10,3,Tuesday,37,37,False
20240911,2024-09-11,2024,3,Q3,9,September,Sep,2024-09,202409,2024-09-01,2024-09-30,11,4,Wednesday,37,37,False
20240912,2024-09-12,2024,3,Q3,9,September,Sep,2024-09,202409,2024-09-01,2024-09-30,12,5,Thursday,37,37,False
20240913,2024-09-13,2024,3,Q3,9,September,Sep,2024-09,202409,2024-09-01,2024-09-30,13,6,Friday,37,37,False
20240914,2024-09-14,2024,3,Q3,9,September,Sep,2024-09,202409,2024-09-01,2024-09-30,14,7,Saturday,37,37,True
20240915,2024-09-15,2024,3,Q3,9,September,Sep,2024-09,202409,2024-09-01,2024-09-30,15,1,Sunday,38,37,True
20240916,2024-09-16,2024,3,Q3,9,September,Sep,2024-09,202409,2024-09-01,2024-09-30,16,2,Monday,38,38,False
20240917,2024-09-17,2024,3,Q3,9,September,Sep,2024-09,202409,2024-09-01,2024-09-30,17,3,Tuesday,38,38,False
20240918,2024-09-18,2024,3,Q3,9,September,Sep,2024-09,202409,2024-09-01,2024-09-30,18,4,Wednesday,38,38,False
20240919,2024-09-19,2024,3,Q3,9,September,Sep,2024-09,202409,2024-09-01,2024-09-30,19,5,Thursday,38,38,False
20240920,2024-09-20,2024,3,Q3,9,September,Sep,2024-09,202409,2024-09-01,2024-09-30,20,6,Friday,38,38,False
20240921,2024-09-21,2024,3,Q3,9,September,Sep,2024-09,202409,2024-09-01,2024-09-30,21,7,Saturday,38,38,True
20240922,2024-09-22,2024,3,Q3,9,September,Sep,2024-09,202409,2024-09-01,2024-09-30,22,1,Sunday,39,38,True
20240923,2024-09-23,2024,3,Q3,9,September,Sep,2024-09,202409,2024-09-01,2024-09-30,23,2,Monday,39,39,False
20240924,2024-09-24,2024,3,Q3,9,September,Sep,2024-09,202409,2024-09-01,2024-09-30,24,3,Tuesday,39,39,False
20240925,2024-09-25,2024,3,Q3,9,September,Sep,2024-09,202409,2024-09-01,2024-09-30,25,4,Wednesday,39,39,False
20240926,2024-09-26,2024,3,Q3,9,September,Sep,2024-09,202409,2024-09-01,2024-09-30,26,5,Thursday,39,39,False
20240927,2024-09-27,2024,3,Q3,9,September,Sep,2024-09,202409,2024-09-01,2024-09-30,27,6,Friday,39,39,False
20240928,2024-09-28,2024,3,Q3,9,September,Sep,2024-09,202409,2024-09-01,2024-09-30,28,7,Saturday,39,39,True
20240929,2024-09-29,2024,3,Q3,9,September,Sep,2024-09,202409,2024-09-01,2024-09-30,29,1,Sunday,40,39,True
20240930,2024-09-30,2024,3,Q3,9,September,Sep,2024-09,202409,2024-09-01,2024-09-30,30,2,Monday,40,40,False
20241001,2024-10-01,2024,4,Q4,10,October,Oct,2024-10,202410,2024-10-01,2024-10-31,1,3,Tuesday,40,40,False
20241002,2024-10-02,2024,4,Q4,10,October,Oct,2024-10,202410,2024-10-01,2024-10-31,2,4,Wednesday,40,40,False
20241003,2024-10-03,2024,4,Q4,10,October,Oct,2024-10,202410,2024-10-01,2024-10-31,3,5,Thursday,40,40,False
20241004,2024-10-04,2024,4,Q4,10,October,Oct,2024-10,202410,2024-10-01,2024-10-31,4,6,Friday,40,40,False
20241005,2024-10-05,2024,4,Q4,10,October,Oct,2024-10,202410,2024-10-01,2024-10-31,5,7,Saturday,40,40,True
20241006,2024-10-06,2024,4,Q4,10,October,Oct,2024-10,202410,2024-10-01,2024-10-31,6,1,Sunday,41,40,True
20241007,2024-10-07,2024,4,Q4,10,October,Oct,2024-10,202410,2024-10-01,2024-10-31,7,2,Monday,41,41,False
20241008,2024-10-08,2024,4,Q4,10,October,Oct,2024-10,202410,2024-10-01,2024-10-31,8,3,Tuesday,41,41,False
20241009,2024-10-09,2024,4,Q4,10,October,Oct,2024-10,202410,2024-10-01,2024-10-31,9,4,Wednesday,41,41,False
20241010,2024-10-10,2024,4,Q4,10,October,Oct,2024-10,202410,2024-10-01,2024-10-31,10,5,Thursday,41,41,False
20241011,2024-10-11,2024,4,Q4,10,October,Oct,2024-10,202410,2024-10-01,2024-10-31,11,6,Friday,41,41,False
20241012,2024-10-12,2024,4,Q4,10,October,Oct,2024-10,202410,2024-10-01,2024-10-31,12,7,Saturday,41,41,True
20241013,2024-10-13,2024,4,Q4,10,October,Oct,2024-10,202410,2024-10-01,2024-10-31,13,1,Sunday,42,41,True
20241014,2024-10-14,2024,4,Q4,10,October,Oct,2024-10,202410,2024-10-01,2024-10-31,14,2,Monday,42,42,False
20241015,2024-10-15,2024,4,Q4,10,October,Oct,2024-10,202410,2024-10-01,2024-10-31,15,3,Tuesday,42,42,False
20241016,2024-10-16,2024,4,Q4,10,October,Oct,2024-10,202410,2024-10-01,2024-10-31,16,4,Wednesday,42,42,False
20241017,2024-10-17,2024,4,Q4,10,October,Oct,2024-10,202410,2024-10-01,2024-10-31,17,5,Thursday,42,42,False
20241018,2024-10-18,2024,4,Q4,10,October,Oct,2024-10,202410,2024-10-01,2024-10-31,18,6,Friday,42,42,False
20241019,2024-10-19,2024,4,Q4,10,October,Oct,2024-10,202410,2024-10-01,2024-10-31,19,7,Saturday,42,42,True
20241020,2024-10-20,2024,4,Q4,10,October,Oct,2024-10,202410,2024-10-01,2024-10-31,20,1,Sunday,43,42,True
20241021,2024-10-21,2024,4,Q4,10,October,Oct,2024-10,202410,2024-10-01,2024-10-31,21,2,Monday,43,43,False
20241022,2024-10-22,2024,4,Q4,10,October,Oct,2024-10,202410,2024-10-01,2024-10-31,22,3,Tuesday,43,43,False
20241023,2024-10-23,2024,4,Q4,10,October,Oct,2024-10,202410,2024-10-01,2024-10-31,23,4,Wednesday,43,43,False
20241024,2024-10-24,2024,4,Q4,10,October,Oct,2024-10,202410,2024-10-01,2024-10-31,24,5,Thursday,43,43,False
20241025,2024-10-25,2024,4,Q4,10,October,Oct,2024-10,202410,2024-10-01,2024-10-31,25,6,Friday,43,43,False
20241026,2024-10-26,2024,4,Q4,10,October,Oct,2024-10,202410,2024-10-01,2024-10-31,26,7,Saturday,43,43,True
20241027,2024-10-27,2024,4,Q4,10,October,Oct,2024-10,202410,2024-10-01,2024-10-31,27,1,Sunday,44,43,True
20241028,2024-10-28,2024,4,Q4,10,October,Oct,2024-10,202410,2024-10-01,2024-10-31,28,2,Monday,44,44,False
20241029,2024-10-29,2024,4,Q4,10,October,Oct,2024-10,202410,2024-10-01,2024-10-31,29,3,Tuesday,44,44,False
20241030,2024-10-30,2024,4,Q4,10,October,Oct,2024-10,202410,2024-10-01,2024-10-31,30,4,Wednesday,44,44,False
20241031,2024-10-31,2024,4,Q4,10,October,Oct,2024-10,202410,2024-10-01,2024-10-31,31,5,Thursday,44,44,False
20241101,2024-11-01,2024,4,Q4,11,November,Nov,2024-11,202411,2024-11-01,2024-11-30,1,6,Friday,44,44,False
20241102,2024-11-02,2024,4,Q4,11,November,Nov,2024-11,202411,2024-11-01,2024-11-30,2,7,Saturday,44,44,True
20241103,2024-11-03,2024,4,Q4,11,November,Nov,2024-11,202411,2024-11-01,2024-11-30,3,1,Sunday,45,44,True
20241104,2024-11-04,2024,4,Q4,11,November,Nov,2024-11,202411,2024-11-01,2024-11-30,4,2,Monday,45,45,False
20241105,2024-11-05,2024,4,Q4,11,November,Nov,2024-11,202411,2024-11-01,2024-11-30,5,3,Tuesday,45,45,False
20241106,2024-11-06,2024,4,Q4,11,November,Nov,2024-11,202411,2024-11-01,2024-11-30,6,4,Wednesday,45,45,False
20241107,2024-11-07,2024,4,Q4,11,November,Nov,2024-11,202411,2024-11-01,2024-11-30,7,5,Thursday,45,45,False
20241108,2024-11-08,2024,4,Q4,11,November,Nov,2024-11,202411,2024-11-01,2024-11-30,8,6,Friday,45,45,False
20241109,2024-11-09,2024,4,Q4,11,November,Nov,2024-11,202411,2024-11-01,2024-11-30,9,7,Saturday,45,45,True
20241110,2024-11-10,2024,4,Q4,11,November,Nov,2024-11,202411,2024-11-01,2024-11-30,10,1,Sunday,46,45,True
20241111,2024-11-11,2024,4,Q4,11,November,Nov,2024-11,202411,2024-11-01,2024-11-30,11,2,Monday,46,46,False
20241112,2024-11-12,2024,4,Q4,11,November,Nov,2024-11,202411,2024-11-01,2024-11-30,12,3,Tuesday,46,46,False
20241113,2024-11-13,2024,4,Q4,11,November,Nov,2024-11,202411,2024-11-01,2024-11-30,13,4,Wednesday,46,46,False
20241114,2024-11-14,2024,4,Q4,11,November,Nov,2024-11,202411,2024-11-01,2024-11-30,14,5,Thursday,46,46,False
20241115,2024-11-15,2024,4,Q4,11,November,Nov,2024-11,202411,2024-11-01,2024-11-30,15,6,Friday,46,46,False
20241116,2024-11-16,2024,4,Q4,11,November,Nov,2024-11,202411,2024-11-01,2024-11-30,16,7,Saturday,46,46,True
20241117,2024-11-17,2024,4,Q4,11,November,Nov,2024-11,202411,2024-11-01,2024-11-30,17,1,Sunday,47,46,True
20241118,2024-11-18,2024,4,Q4,11,November,Nov,2024-11,202411,2024-11-01,2024-11-30,18,2,Monday,47,47,False
20241119,2024-11-19,2024,4,Q4,11,November,Nov,2024-11,202411,2024-11-01,2024-11-30,19,3,Tuesday,47,47,False
20241120,2024-11-20,2024,4,Q4,11,November,Nov,2024-11,202411,2024-11-01,2024-11-30,20,4,Wednesday,47,47,False
20241121,2024-11-21,2024,4,Q4,11,November,Nov,2024-11,202411,2024-11-01,2024-11-30,21,5,Thursday,47,47,False
20241122,2024-11-22,2024,4,Q4,11,November,Nov,2024-11,202411,2024-11-01,2024-11-30,22,6,Friday,47,47,False
20241123,2024-11-23,2024,4,Q4,11,November,Nov,2024-11,202411,2024-11-01,2024-11-30,23,7,Saturday,47,47,True
20241124,2024-11-24,2024,4,Q4,11,November,Nov,2024-11,202411,2024-11-01,2024-11-30,24,1,Sunday,48,47,True
20241125,2024-11-25,2024,4,Q4,11,November,Nov,2024-11,202411,2024-11-01,2024-11-30,25,2,Monday,48,48,False
20241126,2024-11-26,2024,4,Q4,11,November,Nov,2024-11,202411,2024-11-01,2024-11-30,26,3,Tuesday,48,48,False
20241127,2024-11-27,2024,4,Q4,11,November,Nov,2024-11,202411,2024-11-01,2024-11-30,27,4,Wednesday,48,48,False
20241128,2024-11-28,2024,4,Q4,11,November,Nov,2024-11,202411,2024-11-01,2024-11-30,28,5,Thursday,48,48,False
20241129,2024-11-29,2024,4,Q4,11,November,Nov,2024-11,202411,2024-11-01,2024-11-30,29,6,Friday,48,48,False
20241130,2024-11-30,2024,4,Q4,11,November,Nov,2024-11,202411,2024-11-01,2024-11-30,30,7,Saturday,48,48,True
20241201,2024-12-01,2024,4,Q4,12,December,Dec,2024-12,202412,2024-12-01,2024-12-31,1,1,Sunday,49,48,True
20241202,2024-12-02,2024,4,Q4,12,December,Dec,2024-12,202412,2024-12-01,2024-12-31,2,2,Monday,49,49,False
20241203,2024-12-03,2024,4,Q4,12,December,Dec,2024-12,202412,2024-12-01,2024-12-31,3,3,Tuesday,49,49,False
20241204,2024-12-04,2024,4,Q4,12,December,Dec,2024-12,202412,2024-12-01,2024-12-31,4,4,Wednesday,49,49,False
20241205,2024-12-05,2024,4,Q4,12,December,Dec,2024-12,202412,2024-12-01,2024-12-31,5,5,Thursday,49,49,False
20241206,2024-12-06,2024,4,Q4,12,December,Dec,2024-12,202412,2024-12-01,2024-12-31,6,6,Friday,49,49,False
20241207,2024-12-07,2024,4,Q4,12,December,Dec,2024-12,202412,2024-12-01,2024-12-31,7,7,Saturday,49,49,True
20241208,2024-12-08,2024,4,Q4,12,December,Dec,2024-12,202412,2024-12-01,2024-12-31,8,1,Sunday,50,49,True
20241209,2024-12-09,2024,4,Q4,12,December,Dec,2024-12,202412,2024-12-01,2024-12-31,9,2,Monday,50,50,False
20241210,2024-12-10,2024,4,Q4,12,December,Dec,2024-12,202412,2024-12-01,2024-12-31,10,3,Tuesday,50,50,False
20241211,2024-12-11,2024,4,Q4,12,December,Dec,2024-12,202412,2024-12-01,2024-12-31,11,4,Wednesday,50,50,False
20241212,2024-12-12,2024,4,Q4,12,December,Dec,2024-12,202412,2024-12-01,2024-12-31,12,5,Thursday,50,50,False
20241213,2024-12-13,2024,4,Q4,12,December,Dec,2024-12,202412,2024-12-01,2024-12-31,13,6,Friday,50,50,False
20241214,2024-12-14,2024,4,Q4,12,December,Dec,2024-12,202412,2024-12-01,2024-12-31,14,7,Saturday,50,50,True
20241215,2024-12-15,2024,4,Q4,12,December,Dec,2024-12,202412,2024-12-01,2024-12-31,15,1,Sunday,51,50,True
20241216,2024-12-16,2024,4,Q4,12,December,Dec,2024-12,202412,2024-12-01,2024-12-31,16,2,Monday,51,51,False
20241217,2024-12-17,2024,4,Q4,12,December,Dec,2024-12,202412,2024-12-01,2024-12-31,17,3,Tuesday,51,51,False
20241218,2024-12-18,2024,4,Q4,12,December,Dec,2024-12,202412,2024-12-01,2024-12-31,18,4,Wednesday,51,51,False
20241219,2024-12-19,2024,4,Q4,12,December,Dec,2024-12,202412,2024-12-01,2024-12-31,19,5,Thursday,51,51,False
20241220,2024-12-20,2024,4,Q4,12,December,Dec,2024-12,202412,2024-12-01,2024-12-31,20,6,Friday,51,51,False
20241221,2024-12-21,2024,4,Q4,12,December,Dec,2024-12,202412,2024-12-01,2024-12-31,21,7,Saturday,51,51,True
20241222,2024-12-22,2024,4,Q4,12,December,Dec,2024-12,202412,2024-12-01,2024-12-31,22,1,Sunday,52,51,True
20241223,2024-12-23,2024,4,Q4,12,December,Dec,2024-12,202412,2024-12-01,2024-12-31,23,2,Monday,52,52,False
20241224,2024-12-24,2024,4,Q4,12,December,Dec,2024-12,202412,2024-12-01,2024-12-31,24,3,Tuesday,52,52,False
20241225,2024-12-25,2024,4,Q4,12,December,Dec,2024-12,202412,2024-12-01,2024-12-31,25,4,Wednesday,52,52,False
20241226,2024-12-26,2024,4,Q4,12,December,Dec,2024-12,202412,2024-12-01,2024-12-31,26,5,Thursday,52,52,False
20241227,2024-12-27,2024,4,Q4,12,December,Dec,2024-12,202412,2024-12-01,2024-12-31,27,6,Friday,52,52,False
20241228,2024-12-28,2024,4,Q4,12,December,Dec,2024-12,202412,2024-12-01,2024-12-31,28,7,Saturday,52,52,True
20241229,2024-12-29,2024,4,Q4,12,December,Dec,2024-12,202412,2024-12-01,2024-12-31,29,1,Sunday,53,52,True
20241230,2024-12-30,2024,4,Q4,12,December,Dec,2024-12,202412,2024-12-01,2024-12-31,30,2,Monday,53,1,False
20241231,2024-12-31,2024,4,Q4,12,December,Dec,2024-12,202412,2024-12-01,2024-12-31,31,3,Tuesday,53,1,False
20250101,2025-01-01,2025,1,Q1,1,January,Jan,2025-01,202501,2025-01-01,2025-01-31,1,4,Wednesday,1,1,False
20250102,2025-01-02,2025,1,Q1,1,January,Jan,2025-01,202501,2025-01-01,2025-01-31,2,5,Thursday,1,1,False
20250103,2025-01-03,2025,1,Q1,1,January,Jan,2025-01,202501,2025-01-01,2025-01-31,3,6,Friday,1,1,False
20250104,2025-01-04,2025,1,Q1,1,January,Jan,2025-01,202501,2025-01-01,2025-01-31,4,7,Saturday,1,1,True
20250105,2025-01-05,2025,1,Q1,1,January,Jan,2025-01,202501,2025-01-01,2025-01-31,5,1,Sunday,2,1,True
20250106,2025-01-06,2025,1,Q1,1,January,Jan,2025-01,202501,2025-01-01,2025-01-31,6,2,Monday,2,2,False
20250107,2025-01-07,2025,1,Q1,1,January,Jan,2025-01,202501,2025-01-01,2025-01-31,7,3,Tuesday,2,2,False
20250108,2025-01-08,2025,1,Q1,1,January,Jan,2025-01,202501,2025-01-01,2025-01-31,8,4,Wednesday,2,2,False
20250109,2025-01-09,2025,1,Q1,1,January,Jan,2025-01,202501,2025-01-01,2025-01-31,9,5,Thursday,2,2,False
20250110,2025-01-10,2025,1,Q1,1,January,Jan,2025-01,202501,2025-01-01,2025-01-31,10,6,Friday,2,2,False
20250111,2025-01-11,2025,1,Q1,1,January,Jan,2025-01,202501,2025-01-01,2025-01-31,11,7,Saturday,2,2,True
20250112,2025-01-12,2025,1,Q1,1,January,Jan,2025-01,202501,2025-01-01,2025-01-31,12,1,Sunday,3,2,True
20250113,2025-01-13,2025,1,Q1,1,January,Jan,2025-01,202501,2025-01-01,2025-01-31,13,2,Monday,3,3,False
20250114,2025-01-14,2025,1,Q1,1,January,Jan,2025-01,202501,2025-01-01,2025-01-31,14,3,Tuesday,3,3,False
20250115,2025-01-15,2025,1,Q1,1,January,Jan,2025-01,202501,2025-01-01,2025-01-31,15,4,Wednesday,3,3,False
20250116,2025-01-16,2025,1,Q1,1,January,Jan,2025-01,202501,2025-01-01,2025-01-31,16,5,Thursday,3,3,False
20250117,2025-01-17,2025,1,Q1,1,January,Jan,2025-01,202501,2025-01-01,2025-01-31,17,6,Friday,3,3,False
20250118,2025-01-18,2025,1,Q1,1,January,Jan,2025-01,202501,2025-01-01,2025-01-31,18,7,Saturday,3,3,True
20250119,2025-01-19,2025,1,Q1,1,January,Jan,2025-01,202501,2025-01-01,2025-01-31,19,1,Sunday,4,3,True
20250120,2025-01-20,2025,1,Q1,1,January,Jan,2025-01,202501,2025-01-01,2025-01-31,20,2,Monday,4,4,False
20250121,2025-01-21,2025,1,Q1,1,January,Jan,2025-01,202501,2025-01-01,2025-01-31,21,3,Tuesday,4,4,False
20250122,2025-01-22,2025,1,Q1,1,January,Jan,2025-01,202501,2025-01-01,2025-01-31,22,4,Wednesday,4,4,False
20250123,2025-01-23,2025,1,Q1,1,January,Jan,2025-01,202501,2025-01-01,2025-01-31,23,5,Thursday,4,4,False
20250124,2025-01-24,2025,1,Q1,1,January,Jan,2025-01,202501,2025-01-01,2025-01-31,24,6,Friday,4,4,False
20250125,2025-01-25,2025,1,Q1,1,January,Jan,2025-01,202501,2025-01-01,2025-01-31,25,7,Saturday,4,4,True
20250126,2025-01-26,2025,1,Q1,1,January,Jan,2025-01,202501,2025-01-01,2025-01-31,26,1,Sunday,5,4,True
20250127,2025-01-27,2025,1,Q1,1,January,Jan,2025-01,202501,2025-01-01,2025-01-31,27,2,Monday,5,5,False
20250128,2025-01-28,2025,1,Q1,1,January,Jan,2025-01,202501,2025-01-01,2025-01-31,28,3,Tuesday,5,5,False
20250129,2025-01-29,2025,1,Q1,1,January,Jan,2025-01,202501,2025-01-01,2025-01-31,29,4,Wednesday,5,5,False
20250130,2025-01-30,2025,1,Q1,1,January,Jan,2025-01,202501,2025-01-01,2025-01-31,30,5,Thursday,5,5,False
20250131,2025-01-31,2025,1,Q1,1,January,Jan,2025-01,202501,2025-01-01,2025-01-31,31,6,Friday,5,5,False
20250201,2025-02-01,2025,1,Q1,2,February,Feb,2025-02,202502,2025-02-01,2025-02-28,1,7,Saturday,5,5,True
20250202,2025-02-02,2025,1,Q1,2,February,Feb,2025-02,202502,2025-02-01,2025-02-28,2,1,Sunday,6,5,True
20250203,2025-02-03,2025,1,Q1,2,February,Feb,2025-02,202502,2025-02-01,2025-02-28,3,2,Monday,6,6,False
20250204,2025-02-04,2025,1,Q1,2,February,Feb,2025-02,202502,2025-02-01,2025-02-28,4,3,Tuesday,6,6,False
20250205,2025-02-05,2025,1,Q1,2,February,Feb,2025-02,202502,2025-02-01,2025-02-28,5,4,Wednesday,6,6,False
20250206,2025-02-06,2025,1,Q1,2,February,Feb,2025-02,202502,2025-02-01,2025-02-28,6,5,Thursday,6,6,False
20250207,2025-02-07,2025,1,Q1,2,February,Feb,2025-02,202502,2025-02-01,2025-02-28,7,6,Friday,6,6,False
20250208,2025-02-08,2025,1,Q1,2,February,Feb,2025-02,202502,2025-02-01,2025-02-28,8,7,Saturday,6,6,True
20250209,2025-02-09,2025,1,Q1,2,February,Feb,2025-02,202502,2025-02-01,2025-02-28,9,1,Sunday,7,6,True
20250210,2025-02-10,2025,1,Q1,2,February,Feb,2025-02,202502,2025-02-01,2025-02-28,10,2,Monday,7,7,False
20250211,2025-02-11,2025,1,Q1,2,February,Feb,2025-02,202502,2025-02-01,2025-02-28,11,3,Tuesday,7,7,False
20250212,2025-02-12,2025,1,Q1,2,February,Feb,2025-02,202502,2025-02-01,2025-02-28,12,4,Wednesday,7,7,False
20250213,2025-02-13,2025,1,Q1,2,February,Feb,2025-02,202502,2025-02-01,2025-02-28,13,5,Thursday,7,7,False
20250214,2025-02-14,2025,1,Q1,2,February,Feb,2025-02,202502,2025-02-01,2025-02-28,14,6,Friday,7,7,False
20250215,2025-02-15,2025,1,Q1,2,February,Feb,2025-02,202502,2025-02-01,2025-02-28,15,7,Saturday,7,7,True
20250216,2025-02-16,2025,1,Q1,2,February,Feb,2025-02,202502,2025-02-01,2025-02-28,16,1,Sunday,8,7,True
20250217,2025-02-17,2025,1,Q1,2,February,Feb,2025-02,202502,2025-02-01,2025-02-28,17,2,Monday,8,8,False
20250218,2025-02-18,2025,1,Q1,2,February,Feb,2025-02,202502,2025-02-01,2025-02-28,18,3,Tuesday,8,8,False
20250219,2025-02-19,2025,1,Q1,2,February,Feb,2025-02,202502,2025-02-01,2025-02-28,19,4,Wednesday,8,8,False
20250220,2025-02-20,2025,1,Q1,2,February,Feb,2025-02,202502,2025-02-01,2025-02-28,20,5,Thursday,8,8,False
20250221,2025-02-21,2025,1,Q1,2,February,Feb,2025-02,202502,2025-02-01,2025-02-28,21,6,Friday,8,8,False
20250222,2025-02-22,2025,1,Q1,2,February,Feb,2025-02,202502,2025-02-01,2025-02-28,22,7,Saturday,8,8,True
20250223,2025-02-23,2025,1,Q1,2,February,Feb,2025-02,202502,2025-02-01,2025-02-28,23,1,Sunday,9,8,True
20250224,2025-02-24,2025,1,Q1,2,February,Feb,2025-02,202502,2025-02-01,2025-02-28,24,2,Monday,9,9,False
20250225,2025-02-25,2025,1,Q1,2,February,Feb,2025-02,202502,2025-02-01,2025-02-28,25,3,Tuesday,9,9,False
20250226,2025-02-26,2025,1,Q1,2,February,Feb,2025-02,202502,2025-02-01,2025-02-28,26,4,Wednesday,9,9,False
20250227,2025-02-27,2025,1,Q1,2,February,Feb,2025-02,202502,2025-02-01,2025-02-28,27,5,Thursday,9,9,False
20250228,2025-02-28,2025,1,Q1,2,February,Feb,2025-02,202502,2025-02-01,2025-02-28,28,6,Friday,9,9,False
20250301,2025-03-01,2025,1,Q1,3,March,Mar,2025-03,202503,2025-03-01,2025-03-31,1,7,Saturday,9,9,True
20250302,2025-03-02,2025,1,Q1,3,March,Mar,2025-03,202503,2025-03-01,2025-03-31,2,1,Sunday,10,9,True
20250303,2025-03-03,2025,1,Q1,3,March,Mar,2025-03,202503,2025-03-01,2025-03-31,3,2,Monday,10,10,False
20250304,2025-03-04,2025,1,Q1,3,March,Mar,2025-03,202503,2025-03-01,2025-03-31,4,3,Tuesday,10,10,False
20250305,2025-03-05,2025,1,Q1,3,March,Mar,2025-03,202503,2025-03-01,2025-03-31,5,4,Wednesday,10,10,False
20250306,2025-03-06,2025,1,Q1,3,March,Mar,2025-03,202503,2025-03-01,2025-03-31,6,5,Thursday,10,10,False
20250307,2025-03-07,2025,1,Q1,3,March,Mar,2025-03,202503,2025-03-01,2025-03-31,7,6,Friday,10,10,False
20250308,2025-03-08,2025,1,Q1,3,March,Mar,2025-03,202503,2025-03-01,2025-03-31,8,7,Saturday,10,10,True
20250309,2025-03-09,2025,1,Q1,3,March,Mar,2025-03,202503,2025-03-01,2025-03-31,9,1,Sunday,11,10,True
20250310,2025-03-10,2025,1,Q1,3,March,Mar,2025-03,202503,2025-03-01,2025-03-31,10,2,Monday,11,11,False
20250311,2025-03-11,2025,1,Q1,3,March,Mar,2025-03,202503,2025-03-01,2025-03-31,11,3,Tuesday,11,11,False
20250312,2025-03-12,2025,1,Q1,3,March,Mar,2025-03,202503,2025-03-01,2025-03-31,12,4,Wednesday,11,11,False
20250313,2025-03-13,2025,1,Q1,3,March,Mar,2025-03,202503,2025-03-01,2025-03-31,13,5,Thursday,11,11,False
20250314,2025-03-14,2025,1,Q1,3,March,Mar,2025-03,202503,2025-03-01,2025-03-31,14,6,Friday,11,11,False
20250315,2025-03-15,2025,1,Q1,3,March,Mar,2025-03,202503,2025-03-01,2025-03-31,15,7,Saturday,11,11,True
20250316,2025-03-16,2025,1,Q1,3,March,Mar,2025-03,202503,2025-03-01,2025-03-31,16,1,Sunday,12,11,True
20250317,2025-03-17,2025,1,Q1,3,March,Mar,2025-03,202503,2025-03-01,2025-03-31,17,2,Monday,12,12,False
20250318,2025-03-18,2025,1,Q1,3,March,Mar,2025-03,202503,2025-03-01,2025-03-31,18,3,Tuesday,12,12,False
20250319,2025-03-19,2025,1,Q1,3,March,Mar,2025-03,202503,2025-03-01,2025-03-31,19,4,Wednesday,12,12,False
20250320,2025-03-20,2025,1,Q1,3,March,Mar,2025-03,202503,2025-03-01,2025-03-31,20,5,Thursday,12,12,False
20250321,2025-03-21,2025,1,Q1,3,March,Mar,2025-03,202503,2025-03-01,2025-03-31,21,6,Friday,12,12,False
20250322,2025-03-22,2025,1,Q1,3,March,Mar,2025-03,202503,2025-03-01,2025-03-31,22,7,Saturday,12,12,True
20250323,2025-03-23,2025,1,Q1,3,March,Mar,2025-03,202503,2025-03-01,2025-03-31,23,1,Sunday,13,12,True
20250324,2025-03-24,2025,1,Q1,3,March,Mar,2025-03,202503,2025-03-01,2025-03-31,24,2,Monday,13,13,False
20250325,2025-03-25,2025,1,Q1,3,March,Mar,2025-03,202503,2025-03-01,2025-03-31,25,3,Tuesday,13,13,False
20250326,2025-03-26,2025,1,Q1,3,March,Mar,2025-03,202503,2025-03-01,2025-03-31,26,4,Wednesday,13,13,False
20250327,2025-03-27,2025,1,Q1,3,March,Mar,2025-03,202503,2025-03-01,2025-03-31,27,5,Thursday,13,13,False
20250328,2025-03-28,2025,1,Q1,3,March,Mar,2025-03,202503,2025-03-01,2025-03-31,28,6,Friday,13,13,False
20250329,2025-03-29,2025,1,Q1,3,March,Mar,2025-03,202503,2025-03-01,2025-03-31,29,7,Saturday,13,13,True
20250330,2025-03-30,2025,1,Q1,3,March,Mar,2025-03,202503,2025-03-01,2025-03-31,30,1,Sunday,14,13,True
20250331,2025-03-31,2025,1,Q1,3,March,Mar,2025-03,202503,2025-03-01,2025-03-31,31,2,Monday,14,14,False
20250401,2025-04-01,2025,2,Q2,4,April,Apr,2025-04,202504,2025-04-01,2025-04-30,1,3,Tuesday,14,14,False
20250402,2025-04-02,2025,2,Q2,4,April,Apr,2025-04,202504,2025-04-01,2025-04-30,2,4,Wednesday,14,14,False
20250403,2025-04-03,2025,2,Q2,4,April,Apr,2025-04,202504,2025-04-01,2025-04-30,3,5,Thursday,14,14,False
20250404,2025-04-04,2025,2,Q2,4,April,Apr,2025-04,202504,2025-04-01,2025-04-30,4,6,Friday,14,14,False
20250405,2025-04-05,2025,2,Q2,4,April,Apr,2025-04,202504,2025-04-01,2025-04-30,5,7,Saturday,14,14,True
20250406,2025-04-06,2025,2,Q2,4,April,Apr,2025-04,202504,2025-04-01,2025-04-30,6,1,Sunday,15,14,True
20250407,2025-04-07,2025,2,Q2,4,April,Apr,2025-04,202504,2025-04-01,2025-04-30,7,2,Monday,15,15,False
20250408,2025-04-08,2025,2,Q2,4,April,Apr,2025-04,202504,2025-04-01,2025-04-30,8,3,Tuesday,15,15,False
20250409,2025-04-09,2025,2,Q2,4,April,Apr,2025-04,202504,2025-04-01,2025-04-30,9,4,Wednesday,15,15,False
20250410,2025-04-10,2025,2,Q2,4,April,Apr,2025-04,202504,2025-04-01,2025-04-30,10,5,Thursday,15,15,False
20250411,2025-04-11,2025,2,Q2,4,April,Apr,2025-04,202504,2025-04-01,2025-04-30,11,6,Friday,15,15,False
20250412,2025-04-12,2025,2,Q2,4,April,Apr,2025-04,202504,2025-04-01,2025-04-30,12,7,Saturday,15,15,True
20250413,2025-04-13,2025,2,Q2,4,April,Apr,2025-04,202504,2025-04-01,2025-04-30,13,1,Sunday,16,15,True
20250414,2025-04-14,2025,2,Q2,4,April,Apr,2025-04,202504,2025-04-01,2025-04-30,14,2,Monday,16,16,False
20250415,2025-04-15,2025,2,Q2,4,April,Apr,2025-04,202504,2025-04-01,2025-04-30,15,3,Tuesday,16,16,False
20250416,2025-04-16,2025,2,Q2,4,April,Apr,2025-04,202504,2025-04-01,2025-04-30,16,4,Wednesday,16,16,False
20250417,2025-04-17,2025,2,Q2,4,April,Apr,2025-04,202504,2025-04-01,2025-04-30,17,5,Thursday,16,16,False
20250418,2025-04-18,2025,2,Q2,4,April,Apr,2025-04,202504,2025-04-01,2025-04-30,18,6,Friday,16,16,False
20250419,2025-04-19,2025,2,Q2,4,April,Apr,2025-04,202504,2025-04-01,2025-04-30,19,7,Saturday,16,16,True
20250420,2025-04-20,2025,2,Q2,4,April,Apr,2025-04,202504,2025-04-01,2025-04-30,20,1,Sunday,17,16,True
20250421,2025-04-21,2025,2,Q2,4,April,Apr,2025-04,202504,2025-04-01,2025-04-30,21,2,Monday,17,17,False
20250422,2025-04-22,2025,2,Q2,4,April,Apr,2025-04,202504,2025-04-01,2025-04-30,22,3,Tuesday,17,17,False
20250423,2025-04-23,2025,2,Q2,4,April,Apr,2025-04,202504,2025-04-01,2025-04-30,23,4,Wednesday,17,17,False
20250424,2025-04-24,2025,2,Q2,4,April,Apr,2025-04,202504,2025-04-01,2025-04-30,24,5,Thursday,17,17,False
20250425,2025-04-25,2025,2,Q2,4,April,Apr,2025-04,202504,2025-04-01,2025-04-30,25,6,Friday,17,17,False
20250426,2025-04-26,2025,2,Q2,4,April,Apr,2025-04,202504,2025-04-01,2025-04-30,26,7,Saturday,17,17,True
20250427,2025-04-27,2025,2,Q2,4,April,Apr,2025-04,202504,2025-04-01,2025-04-30,27,1,Sunday,18,17,True
20250428,2025-04-28,2025,2,Q2,4,April,Apr,2025-04,202504,2025-04-01,2025-04-30,28,2,Monday,18,18,False
20250429,2025-04-29,2025,2,Q2,4,April,Apr,2025-04,202504,2025-04-01,2025-04-30,29,3,Tuesday,18,18,False
20250430,2025-04-30,2025,2,Q2,4,April,Apr,2025-04,202504,2025-04-01,2025-04-30,30,4,Wednesday,18,18,False
20250501,2025-05-01,2025,2,Q2,5,May,May,2025-05,202505,2025-05-01,2025-05-31,1,5,Thursday,18,18,False
20250502,2025-05-02,2025,2,Q2,5,May,May,2025-05,202505,2025-05-01,2025-05-31,2,6,Friday,18,18,False
20250503,2025-05-03,2025,2,Q2,5,May,May,2025-05,202505,2025-05-01,2025-05-31,3,7,Saturday,18,18,True
20250504,2025-05-04,2025,2,Q2,5,May,May,2025-05,202505,2025-05-01,2025-05-31,4,1,Sunday,19,18,True
20250505,2025-05-05,2025,2,Q2,5,May,May,2025-05,202505,2025-05-01,2025-05-31,5,2,Monday,19,19,False
20250506,2025-05-06,2025,2,Q2,5,May,May,2025-05,202505,2025-05-01,2025-05-31,6,3,Tuesday,19,19,False
20250507,2025-05-07,2025,2,Q2,5,May,May,2025-05,202505,2025-05-01,2025-05-31,7,4,Wednesday,19,19,False
20250508,2025-05-08,2025,2,Q2,5,May,May,2025-05,202505,2025-05-01,2025-05-31,8,5,Thursday,19,19,False
20250509,2025-05-09,2025,2,Q2,5,May,May,2025-05,202505,2025-05-01,2025-05-31,9,6,Friday,19,19,False
20250510,2025-05-10,2025,2,Q2,5,May,May,2025-05,202505,2025-05-01,2025-05-31,10,7,Saturday,19,19,True
20250511,2025-05-11,2025,2,Q2,5,May,May,2025-05,202505,2025-05-01,2025-05-31,11,1,Sunday,20,19,True
20250512,2025-05-12,2025,2,Q2,5,May,May,2025-05,202505,2025-05-01,2025-05-31,12,2,Monday,20,20,False
20250513,2025-05-13,2025,2,Q2,5,May,May,2025-05,202505,2025-05-01,2025-05-31,13,3,Tuesday,20,20,False
20250514,2025-05-14,2025,2,Q2,5,May,May,2025-05,202505,2025-05-01,2025-05-31,14,4,Wednesday,20,20,False
20250515,2025-05-15,2025,2,Q2,5,May,May,2025-05,202505,2025-05-01,2025-05-31,15,5,Thursday,20,20,False
20250516,2025-05-16,2025,2,Q2,5,May,May,2025-05,202505,2025-05-01,2025-05-31,16,6,Friday,20,20,False
20250517,2025-05-17,2025,2,Q2,5,May,May,2025-05,202505,2025-05-01,2025-05-31,17,7,Saturday,20,20,True
20250518,2025-05-18,2025,2,Q2,5,May,May,2025-05,202505,2025-05-01,2025-05-31,18,1,Sunday,21,20,True
20250519,2025-05-19,2025,2,Q2,5,May,May,2025-05,202505,2025-05-01,2025-05-31,19,2,Monday,21,21,False
20250520,2025-05-20,2025,2,Q2,5,May,May,2025-05,202505,2025-05-01,2025-05-31,20,3,Tuesday,21,21,False
20250521,2025-05-21,2025,2,Q2,5,May,May,2025-05,202505,2025-05-01,2025-05-31,21,4,Wednesday,21,21,False
20250522,2025-05-22,2025,2,Q2,5,May,May,2025-05,202505,2025-05-01,2025-05-31,22,5,Thursday,21,21,False
20250523,2025-05-23,2025,2,Q2,5,May,May,2025-05,202505,2025-05-01,2025-05-31,23,6,Friday,21,21,False
20250524,2025-05-24,2025,2,Q2,5,May,May,2025-05,202505,2025-05-01,2025-05-31,24,7,Saturday,21,21,True
20250525,2025-05-25,2025,2,Q2,5,May,May,2025-05,202505,2025-05-01,2025-05-31,25,1,Sunday,22,21,True
20250526,2025-05-26,2025,2,Q2,5,May,May,2025-05,202505,2025-05-01,2025-05-31,26,2,Monday,22,22,False
20250527,2025-05-27,2025,2,Q2,5,May,May,2025-05,202505,2025-05-01,2025-05-31,27,3,Tuesday,22,22,False
20250528,2025-05-28,2025,2,Q2,5,May,May,2025-05,202505,2025-05-01,2025-05-31,28,4,Wednesday,22,22,False
20250529,2025-05-29,2025,2,Q2,5,May,May,2025-05,202505,2025-05-01,2025-05-31,29,5,Thursday,22,22,False
20250530,2025-05-30,2025,2,Q2,5,May,May,2025-05,202505,2025-05-01,2025-05-31,30,6,Friday,22,22,False
20250531,2025-05-31,2025,2,Q2,5,May,May,2025-05,202505,2025-05-01,2025-05-31,31,7,Saturday,22,22,True
20250601,2025-06-01,2025,2,Q2,6,June,Jun,2025-06,202506,2025-06-01,2025-06-30,1,1,Sunday,23,22,True
20250602,2025-06-02,2025,2,Q2,6,June,Jun,2025-06,202506,2025-06-01,2025-06-30,2,2,Monday,23,23,False
20250603,2025-06-03,2025,2,Q2,6,June,Jun,2025-06,202506,2025-06-01,2025-06-30,3,3,Tuesday,23,23,False
20250604,2025-06-04,2025,2,Q2,6,June,Jun,2025-06,202506,2025-06-01,2025-06-30,4,4,Wednesday,23,23,False
20250605,2025-06-05,2025,2,Q2,6,June,Jun,2025-06,202506,2025-06-01,2025-06-30,5,5,Thursday,23,23,False
20250606,2025-06-06,2025,2,Q2,6,June,Jun,2025-06,202506,2025-06-01,2025-06-30,6,6,Friday,23,23,False
20250607,2025-06-07,2025,2,Q2,6,June,Jun,2025-06,202506,2025-06-01,2025-06-30,7,7,Saturday,23,23,True
20250608,2025-06-08,2025,2,Q2,6,June,Jun,2025-06,202506,2025-06-01,2025-06-30,8,1,Sunday,24,23,True
20250609,2025-06-09,2025,2,Q2,6,June,Jun,2025-06,202506,2025-06-01,2025-06-30,9,2,Monday,24,24,False
20250610,2025-06-10,2025,2,Q2,6,June,Jun,2025-06,202506,2025-06-01,2025-06-30,10,3,Tuesday,24,24,False
20250611,2025-06-11,2025,2,Q2,6,June,Jun,2025-06,202506,2025-06-01,2025-06-30,11,4,Wednesday,24,24,False
20250612,2025-06-12,2025,2,Q2,6,June,Jun,2025-06,202506,2025-06-01,2025-06-30,12,5,Thursday,24,24,False
20250613,2025-06-13,2025,2,Q2,6,June,Jun,2025-06,202506,2025-06-01,2025-06-30,13,6,Friday,24,24,False
20250614,2025-06-14,2025,2,Q2,6,June,Jun,2025-06,202506,2025-06-01,2025-06-30,14,7,Saturday,24,24,True
20250615,2025-06-15,2025,2,Q2,6,June,Jun,2025-06,202506,2025-06-01,2025-06-30,15,1,Sunday,25,24,True
20250616,2025-06-16,2025,2,Q2,6,June,Jun,2025-06,202506,2025-06-01,2025-06-30,16,2,Monday,25,25,False
20250617,2025-06-17,2025,2,Q2,6,June,Jun,2025-06,202506,2025-06-01,2025-06-30,17,3,Tuesday,25,25,False
20250618,2025-06-18,2025,2,Q2,6,June,Jun,2025-06,202506,2025-06-01,2025-06-30,18,4,Wednesday,25,25,False
20250619,2025-06-19,2025,2,Q2,6,June,Jun,2025-06,202506,2025-06-01,2025-06-30,19,5,Thursday,25,25,False
20250620,2025-06-20,2025,2,Q2,6,June,Jun,2025-06,202506,2025-06-01,2025-06-30,20,6,Friday,25,25,False
20250621,2025-06-21,2025,2,Q2,6,June,Jun,2025-06,202506,2025-06-01,2025-06-30,21,7,Saturday,25,25,True
20250622,2025-06-22,2025,2,Q2,6,June,Jun,2025-06,202506,2025-06-01,2025-06-30,22,1,Sunday,26,25,True
20250623,2025-06-23,2025,2,Q2,6,June,Jun,2025-06,202506,2025-06-01,2025-06-30,23,2,Monday,26,26,False
20250624,2025-06-24,2025,2,Q2,6,June,Jun,2025-06,202506,2025-06-01,2025-06-30,24,3,Tuesday,26,26,False
20250625,2025-06-25,2025,2,Q2,6,June,Jun,2025-06,202506,2025-06-01,2025-06-30,25,4,Wednesday,26,26,False
20250626,2025-06-26,2025,2,Q2,6,June,Jun,2025-06,202506,2025-06-01,2025-06-30,26,5,Thursday,26,26,False
20250627,2025-06-27,2025,2,Q2,6,June,Jun,2025-06,202506,2025-06-01,2025-06-30,27,6,Friday,26,26,False
20250628,2025-06-28,2025,2,Q2,6,June,Jun,2025-06,202506,2025-06-01,2025-06-30,28,7,Saturday,26,26,True
20250629,2025-06-29,2025,2,Q2,6,June,Jun,2025-06,202506,2025-06-01,2025-06-30,29,1,Sunday,27,26,True
20250630,2025-06-30,2025,2,Q2,6,June,Jun,2025-06,202506,2025-06-01,2025-06-30,30,2,Monday,27,27,False
20250701,2025-07-01,2025,3,Q3,7,July,Jul,2025-07,202507,2025-07-01,2025-07-31,1,3,Tuesday,27,27,False
20250702,2025-07-02,2025,3,Q3,7,July,Jul,2025-07,202507,2025-07-01,2025-07-31,2,4,Wednesday,27,27,False
20250703,2025-07-03,2025,3,Q3,7,July,Jul,2025-07,202507,2025-07-01,2025-07-31,3,5,Thursday,27,27,False
20250704,2025-07-04,2025,3,Q3,7,July,Jul,2025-07,202507,2025-07-01,2025-07-31,4,6,Friday,27,27,False
20250705,2025-07-05,2025,3,Q3,7,July,Jul,2025-07,202507,2025-07-01,2025-07-31,5,7,Saturday,27,27,True
20250706,2025-07-06,2025,3,Q3,7,July,Jul,2025-07,202507,2025-07-01,2025-07-31,6,1,Sunday,28,27,True
20250707,2025-07-07,2025,3,Q3,7,July,Jul,2025-07,202507,2025-07-01,2025-07-31,7,2,Monday,28,28,False
20250708,2025-07-08,2025,3,Q3,7,July,Jul,2025-07,202507,2025-07-01,2025-07-31,8,3,Tuesday,28,28,False
20250709,2025-07-09,2025,3,Q3,7,July,Jul,2025-07,202507,2025-07-01,2025-07-31,9,4,Wednesday,28,28,False
20250710,2025-07-10,2025,3,Q3,7,July,Jul,2025-07,202507,2025-07-01,2025-07-31,10,5,Thursday,28,28,False
20250711,2025-07-11,2025,3,Q3,7,July,Jul,2025-07,202507,2025-07-01,2025-07-31,11,6,Friday,28,28,False
20250712,2025-07-12,2025,3,Q3,7,July,Jul,2025-07,202507,2025-07-01,2025-07-31,12,7,Saturday,28,28,True
20250713,2025-07-13,2025,3,Q3,7,July,Jul,2025-07,202507,2025-07-01,2025-07-31,13,1,Sunday,29,28,True
20250714,2025-07-14,2025,3,Q3,7,July,Jul,2025-07,202507,2025-07-01,2025-07-31,14,2,Monday,29,29,False
20250715,2025-07-15,2025,3,Q3,7,July,Jul,2025-07,202507,2025-07-01,2025-07-31,15,3,Tuesday,29,29,False
20250716,2025-07-16,2025,3,Q3,7,July,Jul,2025-07,202507,2025-07-01,2025-07-31,16,4,Wednesday,29,29,False
20250717,2025-07-17,2025,3,Q3,7,July,Jul,2025-07,202507,2025-07-01,2025-07-31,17,5,Thursday,29,29,False
20250718,2025-07-18,2025,3,Q3,7,July,Jul,2025-07,202507,2025-07-01,2025-07-31,18,6,Friday,29,29,False
20250719,2025-07-19,2025,3,Q3,7,July,Jul,2025-07,202507,2025-07-01,2025-07-31,19,7,Saturday,29,29,True
20250720,2025-07-20,2025,3,Q3,7,July,Jul,2025-07,202507,2025-07-01,2025-07-31,20,1,Sunday,30,29,True
20250721,2025-07-21,2025,3,Q3,7,July,Jul,2025-07,202507,2025-07-01,2025-07-31,21,2,Monday,30,30,False
20250722,2025-07-22,2025,3,Q3,7,July,Jul,2025-07,202507,2025-07-01,2025-07-31,22,3,Tuesday,30,30,False
20250723,2025-07-23,2025,3,Q3,7,July,Jul,2025-07,202507,2025-07-01,2025-07-31,23,4,Wednesday,30,30,False
20250724,2025-07-24,2025,3,Q3,7,July,Jul,2025-07,202507,2025-07-01,2025-07-31,24,5,Thursday,30,30,False
20250725,2025-07-25,2025,3,Q3,7,July,Jul,2025-07,202507,2025-07-01,2025-07-31,25,6,Friday,30,30,False
20250726,2025-07-26,2025,3,Q3,7,July,Jul,2025-07,202507,2025-07-01,2025-07-31,26,7,Saturday,30,30,True
20250727,2025-07-27,2025,3,Q3,7,July,Jul,2025-07,202507,2025-07-01,2025-07-31,27,1,Sunday,31,30,True
20250728,2025-07-28,2025,3,Q3,7,July,Jul,2025-07,202507,2025-07-01,2025-07-31,28,2,Monday,31,31,False
20250729,2025-07-29,2025,3,Q3,7,July,Jul,2025-07,202507,2025-07-01,2025-07-31,29,3,Tuesday,31,31,False
20250730,2025-07-30,2025,3,Q3,7,July,Jul,2025-07,202507,2025-07-01,2025-07-31,30,4,Wednesday,31,31,False
20250731,2025-07-31,2025,3,Q3,7,July,Jul,2025-07,202507,2025-07-01,2025-07-31,31,5,Thursday,31,31,False
20250801,2025-08-01,2025,3,Q3,8,August,Aug,2025-08,202508,2025-08-01,2025-08-31,1,6,Friday,31,31,False
20250802,2025-08-02,2025,3,Q3,8,August,Aug,2025-08,202508,2025-08-01,2025-08-31,2,7,Saturday,31,31,True
20250803,2025-08-03,2025,3,Q3,8,August,Aug,2025-08,202508,2025-08-01,2025-08-31,3,1,Sunday,32,31,True
20250804,2025-08-04,2025,3,Q3,8,August,Aug,2025-08,202508,2025-08-01,2025-08-31,4,2,Monday,32,32,False
20250805,2025-08-05,2025,3,Q3,8,August,Aug,2025-08,202508,2025-08-01,2025-08-31,5,3,Tuesday,32,32,False
20250806,2025-08-06,2025,3,Q3,8,August,Aug,2025-08,202508,2025-08-01,2025-08-31,6,4,Wednesday,32,32,False
20250807,2025-08-07,2025,3,Q3,8,August,Aug,2025-08,202508,2025-08-01,2025-08-31,7,5,Thursday,32,32,False
20250808,2025-08-08,2025,3,Q3,8,August,Aug,2025-08,202508,2025-08-01,2025-08-31,8,6,Friday,32,32,False
20250809,2025-08-09,2025,3,Q3,8,August,Aug,2025-08,202508,2025-08-01,2025-08-31,9,7,Saturday,32,32,True
20250810,2025-08-10,2025,3,Q3,8,August,Aug,2025-08,202508,2025-08-01,2025-08-31,10,1,Sunday,33,32,True
20250811,2025-08-11,2025,3,Q3,8,August,Aug,2025-08,202508,2025-08-01,2025-08-31,11,2,Monday,33,33,False
20250812,2025-08-12,2025,3,Q3,8,August,Aug,2025-08,202508,2025-08-01,2025-08-31,12,3,Tuesday,33,33,False
20250813,2025-08-13,2025,3,Q3,8,August,Aug,2025-08,202508,2025-08-01,2025-08-31,13,4,Wednesday,33,33,False
20250814,2025-08-14,2025,3,Q3,8,August,Aug,2025-08,202508,2025-08-01,2025-08-31,14,5,Thursday,33,33,False
20250815,2025-08-15,2025,3,Q3,8,August,Aug,2025-08,202508,2025-08-01,2025-08-31,15,6,Friday,33,33,False
20250816,2025-08-16,2025,3,Q3,8,August,Aug,2025-08,202508,2025-08-01,2025-08-31,16,7,Saturday,33,33,True
20250817,2025-08-17,2025,3,Q3,8,August,Aug,2025-08,202508,2025-08-01,2025-08-31,17,1,Sunday,34,33,True
20250818,2025-08-18,2025,3,Q3,8,August,Aug,2025-08,202508,2025-08-01,2025-08-31,18,2,Monday,34,34,False
20250819,2025-08-19,2025,3,Q3,8,August,Aug,2025-08,202508,2025-08-01,2025-08-31,19,3,Tuesday,34,34,False
20250820,2025-08-20,2025,3,Q3,8,August,Aug,2025-08,202508,2025-08-01,2025-08-31,20,4,Wednesday,34,34,False
20250821,2025-08-21,2025,3,Q3,8,August,Aug,2025-08,202508,2025-08-01,2025-08-31,21,5,Thursday,34,34,False
20250822,2025-08-22,2025,3,Q3,8,August,Aug,2025-08,202508,2025-08-01,2025-08-31,22,6,Friday,34,34,False
20250823,2025-08-23,2025,3,Q3,8,August,Aug,2025-08,202508,2025-08-01,2025-08-31,23,7,Saturday,34,34,True
20250824,2025-08-24,2025,3,Q3,8,August,Aug,2025-08,202508,2025-08-01,2025-08-31,24,1,Sunday,35,34,True
20250825,2025-08-25,2025,3,Q3,8,August,Aug,2025-08,202508,2025-08-01,2025-08-31,25,2,Monday,35,35,False
20250826,2025-08-26,2025,3,Q3,8,August,Aug,2025-08,202508,2025-08-01,2025-08-31,26,3,Tuesday,35,35,False
20250827,2025-08-27,2025,3,Q3,8,August,Aug,2025-08,202508,2025-08-01,2025-08-31,27,4,Wednesday,35,35,False
20250828,2025-08-28,2025,3,Q3,8,August,Aug,2025-08,202508,2025-08-01,2025-08-31,28,5,Thursday,35,35,False
20250829,2025-08-29,2025,3,Q3,8,August,Aug,2025-08,202508,2025-08-01,2025-08-31,29,6,Friday,35,35,False
20250830,2025-08-30,2025,3,Q3,8,August,Aug,2025-08,202508,2025-08-01,2025-08-31,30,7,Saturday,35,35,True
20250831,2025-08-31,2025,3,Q3,8,August,Aug,2025-08,202508,2025-08-01,2025-08-31,31,1,Sunday,36,35,True
20250901,2025-09-01,2025,3,Q3,9,September,Sep,2025-09,202509,2025-09-01,2025-09-30,1,2,Monday,36,36,False
20250902,2025-09-02,2025,3,Q3,9,September,Sep,2025-09,202509,2025-09-01,2025-09-30,2,3,Tuesday,36,36,False
20250903,2025-09-03,2025,3,Q3,9,September,Sep,2025-09,202509,2025-09-01,2025-09-30,3,4,Wednesday,36,36,False
20250904,2025-09-04,2025,3,Q3,9,September,Sep,2025-09,202509,2025-09-01,2025-09-30,4,5,Thursday,36,36,False
20250905,2025-09-05,2025,3,Q3,9,September,Sep,2025-09,202509,2025-09-01,2025-09-30,5,6,Friday,36,36,False
20250906,2025-09-06,2025,3,Q3,9,September,Sep,2025-09,202509,2025-09-01,2025-09-30,6,7,Saturday,36,36,True
20250907,2025-09-07,2025,3,Q3,9,September,Sep,2025-09,202509,2025-09-01,2025-09-30,7,1,Sunday,37,36,True
20250908,2025-09-08,2025,3,Q3,9,September,Sep,2025-09,202509,2025-09-01,2025-09-30,8,2,Monday,37,37,False
20250909,2025-09-09,2025,3,Q3,9,September,Sep,2025-09,202509,2025-09-01,2025-09-30,9,3,Tuesday,37,37,False
20250910,2025-09-10,2025,3,Q3,9,September,Sep,2025-09,202509,2025-09-01,2025-09-30,10,4,Wednesday,37,37,False
20250911,2025-09-11,2025,3,Q3,9,September,Sep,2025-09,202509,2025-09-01,2025-09-30,11,5,Thursday,37,37,False
20250912,2025-09-12,2025,3,Q3,9,September,Sep,2025-09,202509,2025-09-01,2025-09-30,12,6,Friday,37,37,False
20250913,2025-09-13,2025,3,Q3,9,September,Sep,2025-09,202509,2025-09-01,2025-09-30,13,7,Saturday,37,37,True
20250914,2025-09-14,2025,3,Q3,9,September,Sep,2025-09,202509,2025-09-01,2025-09-30,14,1,Sunday,38,37,True
20250915,2025-09-15,2025,3,Q3,9,September,Sep,2025-09,202509,2025-09-01,2025-09-30,15,2,Monday,38,38,False
20250916,2025-09-16,2025,3,Q3,9,September,Sep,2025-09,202509,2025-09-01,2025-09-30,16,3,Tuesday,38,38,False
20250917,2025-09-17,2025,3,Q3,9,September,Sep,2025-09,202509,2025-09-01,2025-09-30,17,4,Wednesday,38,38,False
20250918,2025-09-18,2025,3,Q3,9,September,Sep,2025-09,202509,2025-09-01,2025-09-30,18,5,Thursday,38,38,False
20250919,2025-09-19,2025,3,Q3,9,September,Sep,2025-09,202509,2025-09-01,2025-09-30,19,6,Friday,38,38,False
20250920,2025-09-20,2025,3,Q3,9,September,Sep,2025-09,202509,2025-09-01,2025-09-30,20,7,Saturday,38,38,True
20250921,2025-09-21,2025,3,Q3,9,September,Sep,2025-09,202509,2025-09-01,2025-09-30,21,1,Sunday,39,38,True
20250922,2025-09-22,2025,3,Q3,9,September,Sep,2025-09,202509,2025-09-01,2025-09-30,22,2,Monday,39,39,False
20250923,2025-09-23,2025,3,Q3,9,September,Sep,2025-09,202509,2025-09-01,2025-09-30,23,3,Tuesday,39,39,False
20250924,2025-09-24,2025,3,Q3,9,September,Sep,2025-09,202509,2025-09-01,2025-09-30,24,4,Wednesday,39,39,False
20250925,2025-09-25,2025,3,Q3,9,September,Sep,2025-09,202509,2025-09-01,2025-09-30,25,5,Thursday,39,39,False
20250926,2025-09-26,2025,3,Q3,9,September,Sep,2025-09,202509,2025-09-01,2025-09-30,26,6,Friday,39,39,False
20250927,2025-09-27,2025,3,Q3,9,September,Sep,2025-09,202509,2025-09-01,2025-09-30,27,7,Saturday,39,39,True
20250928,2025-09-28,2025,3,Q3,9,September,Sep,2025-09,202509,2025-09-01,2025-09-30,28,1,Sunday,40,39,True
20250929,2025-09-29,2025,3,Q3,9,September,Sep,2025-09,202509,2025-09-01,2025-09-30,29,2,Monday,40,40,False
20250930,2025-09-30,2025,3,Q3,9,September,Sep,2025-09,202509,2025-09-01,2025-09-30,30,3,Tuesday,40,40,False
20251001,2025-10-01,2025,4,Q4,10,October,Oct,2025-10,202510,2025-10-01,2025-10-31,1,4,Wednesday,40,40,False
20251002,2025-10-02,2025,4,Q4,10,October,Oct,2025-10,202510,2025-10-01,2025-10-31,2,5,Thursday,40,40,False
20251003,2025-10-03,2025,4,Q4,10,October,Oct,2025-10,202510,2025-10-01,2025-10-31,3,6,Friday,40,40,False
20251004,2025-10-04,2025,4,Q4,10,October,Oct,2025-10,202510,2025-10-01,2025-10-31,4,7,Saturday,40,40,True
20251005,2025-10-05,2025,4,Q4,10,October,Oct,2025-10,202510,2025-10-01,2025-10-31,5,1,Sunday,41,40,True
20251006,2025-10-06,2025,4,Q4,10,October,Oct,2025-10,202510,2025-10-01,2025-10-31,6,2,Monday,41,41,False
20251007,2025-10-07,2025,4,Q4,10,October,Oct,2025-10,202510,2025-10-01,2025-10-31,7,3,Tuesday,41,41,False
20251008,2025-10-08,2025,4,Q4,10,October,Oct,2025-10,202510,2025-10-01,2025-10-31,8,4,Wednesday,41,41,False
20251009,2025-10-09,2025,4,Q4,10,October,Oct,2025-10,202510,2025-10-01,2025-10-31,9,5,Thursday,41,41,False
20251010,2025-10-10,2025,4,Q4,10,October,Oct,2025-10,202510,2025-10-01,2025-10-31,10,6,Friday,41,41,False
20251011,2025-10-11,2025,4,Q4,10,October,Oct,2025-10,202510,2025-10-01,2025-10-31,11,7,Saturday,41,41,True
20251012,2025-10-12,2025,4,Q4,10,October,Oct,2025-10,202510,2025-10-01,2025-10-31,12,1,Sunday,42,41,True
20251013,2025-10-13,2025,4,Q4,10,October,Oct,2025-10,202510,2025-10-01,2025-10-31,13,2,Monday,42,42,False
20251014,2025-10-14,2025,4,Q4,10,October,Oct,2025-10,202510,2025-10-01,2025-10-31,14,3,Tuesday,42,42,False
20251015,2025-10-15,2025,4,Q4,10,October,Oct,2025-10,202510,2025-10-01,2025-10-31,15,4,Wednesday,42,42,False
20251016,2025-10-16,2025,4,Q4,10,October,Oct,2025-10,202510,2025-10-01,2025-10-31,16,5,Thursday,42,42,False
20251017,2025-10-17,2025,4,Q4,10,October,Oct,2025-10,202510,2025-10-01,2025-10-31,17,6,Friday,42,42,False
20251018,2025-10-18,2025,4,Q4,10,October,Oct,2025-10,202510,2025-10-01,2025-10-31,18,7,Saturday,42,42,True
20251019,2025-10-19,2025,4,Q4,10,October,Oct,2025-10,202510,2025-10-01,2025-10-31,19,1,Sunday,43,42,True
20251020,2025-10-20,2025,4,Q4,10,October,Oct,2025-10,202510,2025-10-01,2025-10-31,20,2,Monday,43,43,False
20251021,2025-10-21,2025,4,Q4,10,October,Oct,2025-10,202510,2025-10-01,2025-10-31,21,3,Tuesday,43,43,False
20251022,2025-10-22,2025,4,Q4,10,October,Oct,2025-10,202510,2025-10-01,2025-10-31,22,4,Wednesday,43,43,False
20251023,2025-10-23,2025,4,Q4,10,October,Oct,2025-10,202510,2025-10-01,2025-10-31,23,5,Thursday,43,43,False
20251024,2025-10-24,2025,4,Q4,10,October,Oct,2025-10,202510,2025-10-01,2025-10-31,24,6,Friday,43,43,False
20251025,2025-10-25,2025,4,Q4,10,October,Oct,2025-10,202510,2025-10-01,2025-10-31,25,7,Saturday,43,43,True
20251026,2025-10-26,2025,4,Q4,10,October,Oct,2025-10,202510,2025-10-01,2025-10-31,26,1,Sunday,44,43,True
20251027,2025-10-27,2025,4,Q4,10,October,Oct,2025-10,202510,2025-10-01,2025-10-31,27,2,Monday,44,44,False
20251028,2025-10-28,2025,4,Q4,10,October,Oct,2025-10,202510,2025-10-01,2025-10-31,28,3,Tuesday,44,44,False
20251029,2025-10-29,2025,4,Q4,10,October,Oct,2025-10,202510,2025-10-01,2025-10-31,29,4,Wednesday,44,44,False
20251030,2025-10-30,2025,4,Q4,10,October,Oct,2025-10,202510,2025-10-01,2025-10-31,30,5,Thursday,44,44,False
20251031,2025-10-31,2025,4,Q4,10,October,Oct,2025-10,202510,2025-10-01,2025-10-31,31,6,Friday,44,44,False
20251101,2025-11-01,2025,4,Q4,11,November,Nov,2025-11,202511,2025-11-01,2025-11-30,1,7,Saturday,44,44,True
20251102,2025-11-02,2025,4,Q4,11,November,Nov,2025-11,202511,2025-11-01,2025-11-30,2,1,Sunday,45,44,True
20251103,2025-11-03,2025,4,Q4,11,November,Nov,2025-11,202511,2025-11-01,2025-11-30,3,2,Monday,45,45,False
20251104,2025-11-04,2025,4,Q4,11,November,Nov,2025-11,202511,2025-11-01,2025-11-30,4,3,Tuesday,45,45,False
20251105,2025-11-05,2025,4,Q4,11,November,Nov,2025-11,202511,2025-11-01,2025-11-30,5,4,Wednesday,45,45,False
20251106,2025-11-06,2025,4,Q4,11,November,Nov,2025-11,202511,2025-11-01,2025-11-30,6,5,Thursday,45,45,False
20251107,2025-11-07,2025,4,Q4,11,November,Nov,2025-11,202511,2025-11-01,2025-11-30,7,6,Friday,45,45,False
20251108,2025-11-08,2025,4,Q4,11,November,Nov,2025-11,202511,2025-11-01,2025-11-30,8,7,Saturday,45,45,True
20251109,2025-11-09,2025,4,Q4,11,November,Nov,2025-11,202511,2025-11-01,2025-11-30,9,1,Sunday,46,45,True
20251110,2025-11-10,2025,4,Q4,11,November,Nov,2025-11,202511,2025-11-01,2025-11-30,10,2,Monday,46,46,False
20251111,2025-11-11,2025,4,Q4,11,November,Nov,2025-11,202511,2025-11-01,2025-11-30,11,3,Tuesday,46,46,False
20251112,2025-11-12,2025,4,Q4,11,November,Nov,2025-11,202511,2025-11-01,2025-11-30,12,4,Wednesday,46,46,False
20251113,2025-11-13,2025,4,Q4,11,November,Nov,2025-11,202511,2025-11-01,2025-11-30,13,5,Thursday,46,46,False
20251114,2025-11-14,2025,4,Q4,11,November,Nov,2025-11,202511,2025-11-01,2025-11-30,14,6,Friday,46,46,False
20251115,2025-11-15,2025,4,Q4,11,November,Nov,2025-11,202511,2025-11-01,2025-11-30,15,7,Saturday,46,46,True
20251116,2025-11-16,2025,4,Q4,11,November,Nov,2025-11,202511,2025-11-01,2025-11-30,16,1,Sunday,47,46,True
20251117,2025-11-17,2025,4,Q4,11,November,Nov,2025-11,202511,2025-11-01,2025-11-30,17,2,Monday,47,47,False
20251118,2025-11-18,2025,4,Q4,11,November,Nov,2025-11,202511,2025-11-01,2025-11-30,18,3,Tuesday,47,47,False
20251119,2025-11-19,2025,4,Q4,11,November,Nov,2025-11,202511,2025-11-01,2025-11-30,19,4,Wednesday,47,47,False
20251120,2025-11-20,2025,4,Q4,11,November,Nov,2025-11,202511,2025-11-01,2025-11-30,20,5,Thursday,47,47,False
20251121,2025-11-21,2025,4,Q4,11,November,Nov,2025-11,202511,2025-11-01,2025-11-30,21,6,Friday,47,47,False
20251122,2025-11-22,2025,4,Q4,11,November,Nov,2025-11,202511,2025-11-01,2025-11-30,22,7,Saturday,47,47,True
20251123,2025-11-23,2025,4,Q4,11,November,Nov,2025-11,202511,2025-11-01,2025-11-30,23,1,Sunday,48,47,True
20251124,2025-11-24,2025,4,Q4,11,November,Nov,2025-11,202511,2025-11-01,2025-11-30,24,2,Monday,48,48,False
20251125,2025-11-25,2025,4,Q4,11,November,Nov,2025-11,202511,2025-11-01,2025-11-30,25,3,Tuesday,48,48,False
20251126,2025-11-26,2025,4,Q4,11,November,Nov,2025-11,202511,2025-11-01,2025-11-30,26,4,Wednesday,48,48,False
20251127,2025-11-27,2025,4,Q4,11,November,Nov,2025-11,202511,2025-11-01,2025-11-30,27,5,Thursday,48,48,False
20251128,2025-11-28,2025,4,Q4,11,November,Nov,2025-11,202511,2025-11-01,2025-11-30,28,6,Friday,48,48,False
20251129,2025-11-29,2025,4,Q4,11,November,Nov,2025-11,202511,2025-11-01,2025-11-30,29,7,Saturday,48,48,True
20251130,2025-11-30,2025,4,Q4,11,November,Nov,2025-11,202511,2025-11-01,2025-11-30,30,1,Sunday,49,48,True
20251201,2025-12-01,2025,4,Q4,12,December,Dec,2025-12,202512,2025-12-01,2025-12-31,1,2,Monday,49,49,False
20251202,2025-12-02,2025,4,Q4,12,December,Dec,2025-12,202512,2025-12-01,2025-12-31,2,3,Tuesday,49,49,False
20251203,2025-12-03,2025,4,Q4,12,December,Dec,2025-12,202512,2025-12-01,2025-12-31,3,4,Wednesday,49,49,False
20251204,2025-12-04,2025,4,Q4,12,December,Dec,2025-12,202512,2025-12-01,2025-12-31,4,5,Thursday,49,49,False
20251205,2025-12-05,2025,4,Q4,12,December,Dec,2025-12,202512,2025-12-01,2025-12-31,5,6,Friday,49,49,False
20251206,2025-12-06,2025,4,Q4,12,December,Dec,2025-12,202512,2025-12-01,2025-12-31,6,7,Saturday,49,49,True
20251207,2025-12-07,2025,4,Q4,12,December,Dec,2025-12,202512,2025-12-01,2025-12-31,7,1,Sunday,50,49,True
20251208,2025-12-08,2025,4,Q4,12,December,Dec,2025-12,202512,2025-12-01,2025-12-31,8,2,Monday,50,50,False
20251209,2025-12-09,2025,4,Q4,12,December,Dec,2025-12,202512,2025-12-01,2025-12-31,9,3,Tuesday,50,50,False
20251210,2025-12-10,2025,4,Q4,12,December,Dec,2025-12,202512,2025-12-01,2025-12-31,10,4,Wednesday,50,50,False
20251211,2025-12-11,2025,4,Q4,12,December,Dec,2025-12,202512,2025-12-01,2025-12-31,11,5,Thursday,50,50,False
20251212,2025-12-12,2025,4,Q4,12,December,Dec,2025-12,202512,2025-12-01,2025-12-31,12,6,Friday,50,50,False
20251213,2025-12-13,2025,4,Q4,12,December,Dec,2025-12,202512,2025-12-01,2025-12-31,13,7,Saturday,50,50,True
20251214,2025-12-14,2025,4,Q4,12,December,Dec,2025-12,202512,2025-12-01,2025-12-31,14,1,Sunday,51,50,True
20251215,2025-12-15,2025,4,Q4,12,December,Dec,2025-12,202512,2025-12-01,2025-12-31,15,2,Monday,51,51,False
20251216,2025-12-16,2025,4,Q4,12,December,Dec,2025-12,202512,2025-12-01,2025-12-31,16,3,Tuesday,51,51,False
20251217,2025-12-17,2025,4,Q4,12,December,Dec,2025-12,202512,2025-12-01,2025-12-31,17,4,Wednesday,51,51,False
20251218,2025-12-18,2025,4,Q4,12,December,Dec,2025-12,202512,2025-12-01,2025-12-31,18,5,Thursday,51,51,False
20251219,2025-12-19,2025,4,Q4,12,December,Dec,2025-12,202512,2025-12-01,2025-12-31,19,6,Friday,51,51,False
20251220,2025-12-20,2025,4,Q4,12,December,Dec,2025-12,202512,2025-12-01,2025-12-31,20,7,Saturday,51,51,True
20251221,2025-12-21,2025,4,Q4,12,December,Dec,2025-12,202512,2025-12-01,2025-12-31,21,1,Sunday,52,51,True
20251222,2025-12-22,2025,4,Q4,12,December,Dec,2025-12,202512,2025-12-01,2025-12-31,22,2,Monday,52,52,False
20251223,2025-12-23,2025,4,Q4,12,December,Dec,2025-12,202512,2025-12-01,2025-12-31,23,3,Tuesday,52,52,False
20251224,2025-12-24,2025,4,Q4,12,December,Dec,2025-12,202512,2025-12-01,2025-12-31,24,4,Wednesday,52,52,False
20251225,2025-12-25,2025,4,Q4,12,December,Dec,2025-12,202512,2025-12-01,2025-12-31,25,5,Thursday,52,52,False
20251226,2025-12-26,2025,4,Q4,12,December,Dec,2025-12,202512,2025-12-01,2025-12-31,26,6,Friday,52,52,False
20251227,2025-12-27,2025,4,Q4,12,December,Dec,2025-12,202512,2025-12-01,2025-12-31,27,7,Saturday,52,52,True
20251228,2025-12-28,2025,4,Q4,12,December,Dec,2025-12,202512,2025-12-01,2025-12-31,28,1,Sunday,53,52,True
20251229,2025-12-29,2025,4,Q4,12,December,Dec,2025-12,202512,2025-12-01,2025-12-31,29,2,Monday,53,1,False
20251230,2025-12-30,2025,4,Q4,12,December,Dec,2025-12,202512,2025-12-01,2025-12-31,30,3,Tuesday,53,1,False
20251231,2025-12-31,2025,4,Q4,12,December,Dec,2025-12,202512,2025-12-01,2025-12-31,31,4,Wednesday,53,1,False
20260101,2026-01-01,2026,1,Q1,1,January,Jan,2026-01,202601,2026-01-01,2026-01-31,1,5,Thursday,1,1,False
20260102,2026-01-02,2026,1,Q1,1,January,Jan,2026-01,202601,2026-01-01,2026-01-31,2,6,Friday,1,1,False
20260103,2026-01-03,2026,1,Q1,1,January,Jan,2026-01,202601,2026-01-01,2026-01-31,3,7,Saturday,1,1,True
20260104,2026-01-04,2026,1,Q1,1,January,Jan,2026-01,202601,2026-01-01,2026-01-31,4,1,Sunday,2,1,True
20260105,2026-01-05,2026,1,Q1,1,January,Jan,2026-01,202601,2026-01-01,2026-01-31,5,2,Monday,2,2,False
20260106,2026-01-06,2026,1,Q1,1,January,Jan,2026-01,202601,2026-01-01,2026-01-31,6,3,Tuesday,2,2,False
20260107,2026-01-07,2026,1,Q1,1,January,Jan,2026-01,202601,2026-01-01,2026-01-31,7,4,Wednesday,2,2,False
20260108,2026-01-08,2026,1,Q1,1,January,Jan,2026-01,202601,2026-01-01,2026-01-31,8,5,Thursday,2,2,False
20260109,2026-01-09,2026,1,Q1,1,January,Jan,2026-01,202601,2026-01-01,2026-01-31,9,6,Friday,2,2,False
20260110,2026-01-10,2026,1,Q1,1,January,Jan,2026-01,202601,2026-01-01,2026-01-31,10,7,Saturday,2,2,True
20260111,2026-01-11,2026,1,Q1,1,January,Jan,2026-01,202601,2026-01-01,2026-01-31,11,1,Sunday,3,2,True
20260112,2026-01-12,2026,1,Q1,1,January,Jan,2026-01,202601,2026-01-01,2026-01-31,12,2,Monday,3,3,False
20260113,2026-01-13,2026,1,Q1,1,January,Jan,2026-01,202601,2026-01-01,2026-01-31,13,3,Tuesday,3,3,False
20260114,2026-01-14,2026,1,Q1,1,January,Jan,2026-01,202601,2026-01-01,2026-01-31,14,4,Wednesday,3,3,False
20260115,2026-01-15,2026,1,Q1,1,January,Jan,2026-01,202601,2026-01-01,2026-01-31,15,5,Thursday,3,3,False
20260116,2026-01-16,2026,1,Q1,1,January,Jan,2026-01,202601,2026-01-01,2026-01-31,16,6,Friday,3,3,False
20260117,2026-01-17,2026,1,Q1,1,January,Jan,2026-01,202601,2026-01-01,2026-01-31,17,7,Saturday,3,3,True
20260118,2026-01-18,2026,1,Q1,1,January,Jan,2026-01,202601,2026-01-01,2026-01-31,18,1,Sunday,4,3,True
20260119,2026-01-19,2026,1,Q1,1,January,Jan,2026-01,202601,2026-01-01,2026-01-31,19,2,Monday,4,4,False
20260120,2026-01-20,2026,1,Q1,1,January,Jan,2026-01,202601,2026-01-01,2026-01-31,20,3,Tuesday,4,4,False
20260121,2026-01-21,2026,1,Q1,1,January,Jan,2026-01,202601,2026-01-01,2026-01-31,21,4,Wednesday,4,4,False
20260122,2026-01-22,2026,1,Q1,1,January,Jan,2026-01,202601,2026-01-01,2026-01-31,22,5,Thursday,4,4,False
20260123,2026-01-23,2026,1,Q1,1,January,Jan,2026-01,202601,2026-01-01,2026-01-31,23,6,Friday,4,4,False
20260124,2026-01-24,2026,1,Q1,1,January,Jan,2026-01,202601,2026-01-01,2026-01-31,24,7,Saturday,4,4,True
20260125,2026-01-25,2026,1,Q1,1,January,Jan,2026-01,202601,2026-01-01,2026-01-31,25,1,Sunday,5,4,True
20260126,2026-01-26,2026,1,Q1,1,January,Jan,2026-01,202601,2026-01-01,2026-01-31,26,2,Monday,5,5,False
20260127,2026-01-27,2026,1,Q1,1,January,Jan,2026-01,202601,2026-01-01,2026-01-31,27,3,Tuesday,5,5,False
20260128,2026-01-28,2026,1,Q1,1,January,Jan,2026-01,202601,2026-01-01,2026-01-31,28,4,Wednesday,5,5,False
20260129,2026-01-29,2026,1,Q1,1,January,Jan,2026-01,202601,2026-01-01,2026-01-31,29,5,Thursday,5,5,False
20260130,2026-01-30,2026,1,Q1,1,January,Jan,2026-01,202601,2026-01-01,2026-01-31,30,6,Friday,5,5,False
20260131,2026-01-31,2026,1,Q1,1,January,Jan,2026-01,202601,2026-01-01,2026-01-31,31,7,Saturday,5,5,True
20260201,2026-02-01,2026,1,Q1,2,February,Feb,2026-02,202602,2026-02-01,2026-02-28,1,1,Sunday,6,5,True
20260202,2026-02-02,2026,1,Q1,2,February,Feb,2026-02,202602,2026-02-01,2026-02-28,2,2,Monday,6,6,False
20260203,2026-02-03,2026,1,Q1,2,February,Feb,2026-02,202602,2026-02-01,2026-02-28,3,3,Tuesday,6,6,False
20260204,2026-02-04,2026,1,Q1,2,February,Feb,2026-02,202602,2026-02-01,2026-02-28,4,4,Wednesday,6,6,False
20260205,2026-02-05,2026,1,Q1,2,February,Feb,2026-02,202602,2026-02-01,2026-02-28,5,5,Thursday,6,6,False
20260206,2026-02-06,2026,1,Q1,2,February,Feb,2026-02,202602,2026-02-01,2026-02-28,6,6,Friday,6,6,False
20260207,2026-02-07,2026,1,Q1,2,February,Feb,2026-02,202602,2026-02-01,2026-02-28,7,7,Saturday,6,6,True
20260208,2026-02-08,2026,1,Q1,2,February,Feb,2026-02,202602,2026-02-01,2026-02-28,8,1,Sunday,7,6,True
20260209,2026-02-09,2026,1,Q1,2,February,Feb,2026-02,202602,2026-02-01,2026-02-28,9,2,Monday,7,7,False
20260210,2026-02-10,2026,1,Q1,2,February,Feb,2026-02,202602,2026-02-01,2026-02-28,10,3,Tuesday,7,7,False
20260211,2026-02-11,2026,1,Q1,2,February,Feb,2026-02,202602,2026-02-01,2026-02-28,11,4,Wednesday,7,7,False
20260212,2026-02-12,2026,1,Q1,2,February,Feb,2026-02,202602,2026-02-01,2026-02-28,12,5,Thursday,7,7,False
20260213,2026-02-13,2026,1,Q1,2,February,Feb,2026-02,202602,2026-02-01,2026-02-28,13,6,Friday,7,7,False
20260214,2026-02-14,2026,1,Q1,2,February,Feb,2026-02,202602,2026-02-01,2026-02-28,14,7,Saturday,7,7,True
20260215,2026-02-15,2026,1,Q1,2,February,Feb,2026-02,202602,2026-02-01,2026-02-28,15,1,Sunday,8,7,True
20260216,2026-02-16,2026,1,Q1,2,February,Feb,2026-02,202602,2026-02-01,2026-02-28,16,2,Monday,8,8,False
20260217,2026-02-17,2026,1,Q1,2,February,Feb,2026-02,202602,2026-02-01,2026-02-28,17,3,Tuesday,8,8,False
20260218,2026-02-18,2026,1,Q1,2,February,Feb,2026-02,202602,2026-02-01,2026-02-28,18,4,Wednesday,8,8,False
20260219,2026-02-19,2026,1,Q1,2,February,Feb,2026-02,202602,2026-02-01,2026-02-28,19,5,Thursday,8,8,False
20260220,2026-02-20,2026,1,Q1,2,February,Feb,2026-02,202602,2026-02-01,2026-02-28,20,6,Friday,8,8,False
20260221,2026-02-21,2026,1,Q1,2,February,Feb,2026-02,202602,2026-02-01,2026-02-28,21,7,Saturday,8,8,True
20260222,2026-02-22,2026,1,Q1,2,February,Feb,2026-02,202602,2026-02-01,2026-02-28,22,1,Sunday,9,8,True
20260223,2026-02-23,2026,1,Q1,2,February,Feb,2026-02,202602,2026-02-01,2026-02-28,23,2,Monday,9,9,False
20260224,2026-02-24,2026,1,Q1,2,February,Feb,2026-02,202602,2026-02-01,2026-02-28,24,3,Tuesday,9,9,False
20260225,2026-02-25,2026,1,Q1,2,February,Feb,2026-02,202602,2026-02-01,2026-02-28,25,4,Wednesday,9,9,False
20260226,2026-02-26,2026,1,Q1,2,February,Feb,2026-02,202602,2026-02-01,2026-02-28,26,5,Thursday,9,9,False
20260227,2026-02-27,2026,1,Q1,2,February,Feb,2026-02,202602,2026-02-01,2026-02-28,27,6,Friday,9,9,False
20260228,2026-02-28,2026,1,Q1,2,February,Feb,2026-02,202602,2026-02-01,2026-02-28,28,7,Saturday,9,9,True
20260301,2026-03-01,2026,1,Q1,3,March,Mar,2026-03,202603,2026-03-01,2026-03-31,1,1,Sunday,10,9,True
20260302,2026-03-02,2026,1,Q1,3,March,Mar,2026-03,202603,2026-03-01,2026-03-31,2,2,Monday,10,10,False
20260303,2026-03-03,2026,1,Q1,3,March,Mar,2026-03,202603,2026-03-01,2026-03-31,3,3,Tuesday,10,10,False
20260304,2026-03-04,2026,1,Q1,3,March,Mar,2026-03,202603,2026-03-01,2026-03-31,4,4,Wednesday,10,10,False
20260305,2026-03-05,2026,1,Q1,3,March,Mar,2026-03,202603,2026-03-01,2026-03-31,5,5,Thursday,10,10,False
20260306,2026-03-06,2026,1,Q1,3,March,Mar,2026-03,202603,2026-03-01,2026-03-31,6,6,Friday,10,10,False
20260307,2026-03-07,2026,1,Q1,3,March,Mar,2026-03,202603,2026-03-01,2026-03-31,7,7,Saturday,10,10,True
20260308,2026-03-08,2026,1,Q1,3,March,Mar,2026-03,202603,2026-03-01,2026-03-31,8,1,Sunday,11,10,True
20260309,2026-03-09,2026,1,Q1,3,March,Mar,2026-03,202603,2026-03-01,2026-03-31,9,2,Monday,11,11,False
20260310,2026-03-10,2026,1,Q1,3,March,Mar,2026-03,202603,2026-03-01,2026-03-31,10,3,Tuesday,11,11,False
20260311,2026-03-11,2026,1,Q1,3,March,Mar,2026-03,202603,2026-03-01,2026-03-31,11,4,Wednesday,11,11,False
20260312,2026-03-12,2026,1,Q1,3,March,Mar,2026-03,202603,2026-03-01,2026-03-31,12,5,Thursday,11,11,False
20260313,2026-03-13,2026,1,Q1,3,March,Mar,2026-03,202603,2026-03-01,2026-03-31,13,6,Friday,11,11,False
20260314,2026-03-14,2026,1,Q1,3,March,Mar,2026-03,202603,2026-03-01,2026-03-31,14,7,Saturday,11,11,True
20260315,2026-03-15,2026,1,Q1,3,March,Mar,2026-03,202603,2026-03-01,2026-03-31,15,1,Sunday,12,11,True
20260316,2026-03-16,2026,1,Q1,3,March,Mar,2026-03,202603,2026-03-01,2026-03-31,16,2,Monday,12,12,False
20260317,2026-03-17,2026,1,Q1,3,March,Mar,2026-03,202603,2026-03-01,2026-03-31,17,3,Tuesday,12,12,False
20260318,2026-03-18,2026,1,Q1,3,March,Mar,2026-03,202603,2026-03-01,2026-03-31,18,4,Wednesday,12,12,False
20260319,2026-03-19,2026,1,Q1,3,March,Mar,2026-03,202603,2026-03-01,2026-03-31,19,5,Thursday,12,12,False
20260320,2026-03-20,2026,1,Q1,3,March,Mar,2026-03,202603,2026-03-01,2026-03-31,20,6,Friday,12,12,False
20260321,2026-03-21,2026,1,Q1,3,March,Mar,2026-03,202603,2026-03-01,2026-03-31,21,7,Saturday,12,12,True
20260322,2026-03-22,2026,1,Q1,3,March,Mar,2026-03,202603,2026-03-01,2026-03-31,22,1,Sunday,13,12,True
20260323,2026-03-23,2026,1,Q1,3,March,Mar,2026-03,202603,2026-03-01,2026-03-31,23,2,Monday,13,13,False
20260324,2026-03-24,2026,1,Q1,3,March,Mar,2026-03,202603,2026-03-01,2026-03-31,24,3,Tuesday,13,13,False
20260325,2026-03-25,2026,1,Q1,3,March,Mar,2026-03,202603,2026-03-01,2026-03-31,25,4,Wednesday,13,13,False
20260326,2026-03-26,2026,1,Q1,3,March,Mar,2026-03,202603,2026-03-01,2026-03-31,26,5,Thursday,13,13,False
20260327,2026-03-27,2026,1,Q1,3,March,Mar,2026-03,202603,2026-03-01,2026-03-31,27,6,Friday,13,13,False
20260328,2026-03-28,2026,1,Q1,3,March,Mar,2026-03,202603,2026-03-01,2026-03-31,28,7,Saturday,13,13,True
20260329,2026-03-29,2026,1,Q1,3,March,Mar,2026-03,202603,2026-03-01,2026-03-31,29,1,Sunday,14,13,True
20260330,2026-03-30,2026,1,Q1,3,March,Mar,2026-03,202603,2026-03-01,2026-03-31,30,2,Monday,14,14,False
20260331,2026-03-31,2026,1,Q1,3,March,Mar,2026-03,202603,2026-03-01,2026-03-31,31,3,Tuesday,14,14,False
20260401,2026-04-01,2026,2,Q2,4,April,Apr,2026-04,202604,2026-04-01,2026-04-30,1,4,Wednesday,14,14,False
20260402,2026-04-02,2026,2,Q2,4,April,Apr,2026-04,202604,2026-04-01,2026-04-30,2,5,Thursday,14,14,False
20260403,2026-04-03,2026,2,Q2,4,April,Apr,2026-04,202604,2026-04-01,2026-04-30,3,6,Friday,14,14,False
20260404,2026-04-04,2026,2,Q2,4,April,Apr,2026-04,202604,2026-04-01,2026-04-30,4,7,Saturday,14,14,True
20260405,2026-04-05,2026,2,Q2,4,April,Apr,2026-04,202604,2026-04-01,2026-04-30,5,1,Sunday,15,14,True
20260406,2026-04-06,2026,2,Q2,4,April,Apr,2026-04,202604,2026-04-01,2026-04-30,6,2,Monday,15,15,False
20260407,2026-04-07,2026,2,Q2,4,April,Apr,2026-04,202604,2026-04-01,2026-04-30,7,3,Tuesday,15,15,False
20260408,2026-04-08,2026,2,Q2,4,April,Apr,2026-04,202604,2026-04-01,2026-04-30,8,4,Wednesday,15,15,False
20260409,2026-04-09,2026,2,Q2,4,April,Apr,2026-04,202604,2026-04-01,2026-04-30,9,5,Thursday,15,15,False
20260410,2026-04-10,2026,2,Q2,4,April,Apr,2026-04,202604,2026-04-01,2026-04-30,10,6,Friday,15,15,False
20260411,2026-04-11,2026,2,Q2,4,April,Apr,2026-04,202604,2026-04-01,2026-04-30,11,7,Saturday,15,15,True
20260412,2026-04-12,2026,2,Q2,4,April,Apr,2026-04,202604,2026-04-01,2026-04-30,12,1,Sunday,16,15,True
20260413,2026-04-13,2026,2,Q2,4,April,Apr,2026-04,202604,2026-04-01,2026-04-30,13,2,Monday,16,16,False
20260414,2026-04-14,2026,2,Q2,4,April,Apr,2026-04,202604,2026-04-01,2026-04-30,14,3,Tuesday,16,16,False
20260415,2026-04-15,2026,2,Q2,4,April,Apr,2026-04,202604,2026-04-01,2026-04-30,15,4,Wednesday,16,16,False
20260416,2026-04-16,2026,2,Q2,4,April,Apr,2026-04,202604,2026-04-01,2026-04-30,16,5,Thursday,16,16,False
20260417,2026-04-17,2026,2,Q2,4,April,Apr,2026-04,202604,2026-04-01,2026-04-30,17,6,Friday,16,16,False
20260418,2026-04-18,2026,2,Q2,4,April,Apr,2026-04,202604,2026-04-01,2026-04-30,18,7,Saturday,16,16,True
20260419,2026-04-19,2026,2,Q2,4,April,Apr,2026-04,202604,2026-04-01,2026-04-30,19,1,Sunday,17,16,True
20260420,2026-04-20,2026,2,Q2,4,April,Apr,2026-04,202604,2026-04-01,2026-04-30,20,2,Monday,17,17,False
20260421,2026-04-21,2026,2,Q2,4,April,Apr,2026-04,202604,2026-04-01,2026-04-30,21,3,Tuesday,17,17,False
20260422,2026-04-22,2026,2,Q2,4,April,Apr,2026-04,202604,2026-04-01,2026-04-30,22,4,Wednesday,17,17,False
20260423,2026-04-23,2026,2,Q2,4,April,Apr,2026-04,202604,2026-04-01,2026-04-30,23,5,Thursday,17,17,False
20260424,2026-04-24,2026,2,Q2,4,April,Apr,2026-04,202604,2026-04-01,2026-04-30,24,6,Friday,17,17,False
20260425,2026-04-25,2026,2,Q2,4,April,Apr,2026-04,202604,2026-04-01,2026-04-30,25,7,Saturday,17,17,True
20260426,2026-04-26,2026,2,Q2,4,April,Apr,2026-04,202604,2026-04-01,2026-04-30,26,1,Sunday,18,17,True
20260427,2026-04-27,2026,2,Q2,4,April,Apr,2026-04,202604,2026-04-01,2026-04-30,27,2,Monday,18,18,False
20260428,2026-04-28,2026,2,Q2,4,April,Apr,2026-04,202604,2026-04-01,2026-04-30,28,3,Tuesday,18,18,False
20260429,2026-04-29,2026,2,Q2,4,April,Apr,2026-04,202604,2026-04-01,2026-04-30,29,4,Wednesday,18,18,False
20260430,2026-04-30,2026,2,Q2,4,April,Apr,2026-04,202604,2026-04-01,2026-04-30,30,5,Thursday,18,18,False
20260501,2026-05-01,2026,2,Q2,5,May,May,2026-05,202605,2026-05-01,2026-05-31,1,6,Friday,18,18,False
20260502,2026-05-02,2026,2,Q2,5,May,May,2026-05,202605,2026-05-01,2026-05-31,2,7,Saturday,18,18,True
20260503,2026-05-03,2026,2,Q2,5,May,May,2026-05,202605,2026-05-01,2026-05-31,3,1,Sunday,19,18,True
20260504,2026-05-04,2026,2,Q2,5,May,May,2026-05,202605,2026-05-01,2026-05-31,4,2,Monday,19,19,False
20260505,2026-05-05,2026,2,Q2,5,May,May,2026-05,202605,2026-05-01,2026-05-31,5,3,Tuesday,19,19,False
20260506,2026-05-06,2026,2,Q2,5,May,May,2026-05,202605,2026-05-01,2026-05-31,6,4,Wednesday,19,19,False
20260507,2026-05-07,2026,2,Q2,5,May,May,2026-05,202605,2026-05-01,2026-05-31,7,5,Thursday,19,19,False
20260508,2026-05-08,2026,2,Q2,5,May,May,2026-05,202605,2026-05-01,2026-05-31,8,6,Friday,19,19,False
20260509,2026-05-09,2026,2,Q2,5,May,May,2026-05,202605,2026-05-01,2026-05-31,9,7,Saturday,19,19,True
20260510,2026-05-10,2026,2,Q2,5,May,May,2026-05,202605,2026-05-01,2026-05-31,10,1,Sunday,20,19,True
20260511,2026-05-11,2026,2,Q2,5,May,May,2026-05,202605,2026-05-01,2026-05-31,11,2,Monday,20,20,False
20260512,2026-05-12,2026,2,Q2,5,May,May,2026-05,202605,2026-05-01,2026-05-31,12,3,Tuesday,20,20,False
20260513,2026-05-13,2026,2,Q2,5,May,May,2026-05,202605,2026-05-01,2026-05-31,13,4,Wednesday,20,20,False
20260514,2026-05-14,2026,2,Q2,5,May,May,2026-05,202605,2026-05-01,2026-05-31,14,5,Thursday,20,20,False
20260515,2026-05-15,2026,2,Q2,5,May,May,2026-05,202605,2026-05-01,2026-05-31,15,6,Friday,20,20,False
20260516,2026-05-16,2026,2,Q2,5,May,May,2026-05,202605,2026-05-01,2026-05-31,16,7,Saturday,20,20,True
20260517,2026-05-17,2026,2,Q2,5,May,May,2026-05,202605,2026-05-01,2026-05-31,17,1,Sunday,21,20,True
20260518,2026-05-18,2026,2,Q2,5,May,May,2026-05,202605,2026-05-01,2026-05-31,18,2,Monday,21,21,False
20260519,2026-05-19,2026,2,Q2,5,May,May,2026-05,202605,2026-05-01,2026-05-31,19,3,Tuesday,21,21,False
20260520,2026-05-20,2026,2,Q2,5,May,May,2026-05,202605,2026-05-01,2026-05-31,20,4,Wednesday,21,21,False
20260521,2026-05-21,2026,2,Q2,5,May,May,2026-05,202605,2026-05-01,2026-05-31,21,5,Thursday,21,21,False
20260522,2026-05-22,2026,2,Q2,5,May,May,2026-05,202605,2026-05-01,2026-05-31,22,6,Friday,21,21,False
20260523,2026-05-23,2026,2,Q2,5,May,May,2026-05,202605,2026-05-01,2026-05-31,23,7,Saturday,21,21,True
20260524,2026-05-24,2026,2,Q2,5,May,May,2026-05,202605,2026-05-01,2026-05-31,24,1,Sunday,22,21,True
20260525,2026-05-25,2026,2,Q2,5,May,May,2026-05,202605,2026-05-01,2026-05-31,25,2,Monday,22,22,False
20260526,2026-05-26,2026,2,Q2,5,May,May,2026-05,202605,2026-05-01,2026-05-31,26,3,Tuesday,22,22,False
20260527,2026-05-27,2026,2,Q2,5,May,May,2026-05,202605,2026-05-01,2026-05-31,27,4,Wednesday,22,22,False
20260528,2026-05-28,2026,2,Q2,5,May,May,2026-05,202605,2026-05-01,2026-05-31,28,5,Thursday,22,22,False
20260529,2026-05-29,2026,2,Q2,5,May,May,2026-05,202605,2026-05-01,2026-05-31,29,6,Friday,22,22,False
20260530,2026-05-30,2026,2,Q2,5,May,May,2026-05,202605,2026-05-01,2026-05-31,30,7,Saturday,22,22,True
20260531,2026-05-31,2026,2,Q2,5,May,May,2026-05,202605,2026-05-01,2026-05-31,31,1,Sunday,23,22,True
20260601,2026-06-01,2026,2,Q2,6,June,Jun,2026-06,202606,2026-06-01,2026-06-30,1,2,Monday,23,23,False
20260602,2026-06-02,2026,2,Q2,6,June,Jun,2026-06,202606,2026-06-01,2026-06-30,2,3,Tuesday,23,23,False
20260603,2026-06-03,2026,2,Q2,6,June,Jun,2026-06,202606,2026-06-01,2026-06-30,3,4,Wednesday,23,23,False
20260604,2026-06-04,2026,2,Q2,6,June,Jun,2026-06,202606,2026-06-01,2026-06-30,4,5,Thursday,23,23,False
20260605,2026-06-05,2026,2,Q2,6,June,Jun,2026-06,202606,2026-06-01,2026-06-30,5,6,Friday,23,23,False
20260606,2026-06-06,2026,2,Q2,6,June,Jun,2026-06,202606,2026-06-01,2026-06-30,6,7,Saturday,23,23,True
20260607,2026-06-07,2026,2,Q2,6,June,Jun,2026-06,202606,2026-06-01,2026-06-30,7,1,Sunday,24,23,True
20260608,2026-06-08,2026,2,Q2,6,June,Jun,2026-06,202606,2026-06-01,2026-06-30,8,2,Monday,24,24,False
20260609,2026-06-09,2026,2,Q2,6,June,Jun,2026-06,202606,2026-06-01,2026-06-30,9,3,Tuesday,24,24,False
20260610,2026-06-10,2026,2,Q2,6,June,Jun,2026-06,202606,2026-06-01,2026-06-30,10,4,Wednesday,24,24,False
20260611,2026-06-11,2026,2,Q2,6,June,Jun,2026-06,202606,2026-06-01,2026-06-30,11,5,Thursday,24,24,False
20260612,2026-06-12,2026,2,Q2,6,June,Jun,2026-06,202606,2026-06-01,2026-06-30,12,6,Friday,24,24,False
20260613,2026-06-13,2026,2,Q2,6,June,Jun,2026-06,202606,2026-06-01,2026-06-30,13,7,Saturday,24,24,True
20260614,2026-06-14,2026,2,Q2,6,June,Jun,2026-06,202606,2026-06-01,2026-06-30,14,1,Sunday,25,24,True
20260615,2026-06-15,2026,2,Q2,6,June,Jun,2026-06,202606,2026-06-01,2026-06-30,15,2,Monday,25,25,False
20260616,2026-06-16,2026,2,Q2,6,June,Jun,2026-06,202606,2026-06-01,2026-06-30,16,3,Tuesday,25,25,False
20260617,2026-06-17,2026,2,Q2,6,June,Jun,2026-06,202606,2026-06-01,2026-06-30,17,4,Wednesday,25,25,False
20260618,2026-06-18,2026,2,Q2,6,June,Jun,2026-06,202606,2026-06-01,2026-06-30,18,5,Thursday,25,25,False
20260619,2026-06-19,2026,2,Q2,6,June,Jun,2026-06,202606,2026-06-01,2026-06-30,19,6,Friday,25,25,False
20260620,2026-06-20,2026,2,Q2,6,June,Jun,2026-06,202606,2026-06-01,2026-06-30,20,7,Saturday,25,25,True
20260621,2026-06-21,2026,2,Q2,6,June,Jun,2026-06,202606,2026-06-01,2026-06-30,21,1,Sunday,26,25,True
20260622,2026-06-22,2026,2,Q2,6,June,Jun,2026-06,202606,2026-06-01,2026-06-30,22,2,Monday,26,26,False
20260623,2026-06-23,2026,2,Q2,6,June,Jun,2026-06,202606,2026-06-01,2026-06-30,23,3,Tuesday,26,26,False
20260624,2026-06-24,2026,2,Q2,6,June,Jun,2026-06,202606,2026-06-01,2026-06-30,24,4,Wednesday,26,26,False
20260625,2026-06-25,2026,2,Q2,6,June,Jun,2026-06,202606,2026-06-01,2026-06-30,25,5,Thursday,26,26,False
20260626,2026-06-26,2026,2,Q2,6,June,Jun,2026-06,202606,2026-06-01,2026-06-30,26,6,Friday,26,26,False
20260627,2026-06-27,2026,2,Q2,6,June,Jun,2026-06,202606,2026-06-01,2026-06-30,27,7,Saturday,26,26,True
20260628,2026-06-28,2026,2,Q2,6,June,Jun,2026-06,202606,2026-06-01,2026-06-30,28,1,Sunday,27,26,True
20260629,2026-06-29,2026,2,Q2,6,June,Jun,2026-06,202606,2026-06-01,2026-06-30,29,2,Monday,27,27,False
20260630,2026-06-30,2026,2,Q2,6,June,Jun,2026-06,202606,2026-06-01,2026-06-30,30,3,Tuesday,27,27,False
20260701,2026-07-01,2026,3,Q3,7,July,Jul,2026-07,202607,2026-07-01,2026-07-31,1,4,Wednesday,27,27,False
20260702,2026-07-02,2026,3,Q3,7,July,Jul,2026-07,202607,2026-07-01,2026-07-31,2,5,Thursday,27,27,False
20260703,2026-07-03,2026,3,Q3,7,July,Jul,2026-07,202607,2026-07-01,2026-07-31,3,6,Friday,27,27,False
20260704,2026-07-04,2026,3,Q3,7,July,Jul,2026-07,202607,2026-07-01,2026-07-31,4,7,Saturday,27,27,True
20260705,2026-07-05,2026,3,Q3,7,July,Jul,2026-07,202607,2026-07-01,2026-07-31,5,1,Sunday,28,27,True
20260706,2026-07-06,2026,3,Q3,7,July,Jul,2026-07,202607,2026-07-01,2026-07-31,6,2,Monday,28,28,False
20260707,2026-07-07,2026,3,Q3,7,July,Jul,2026-07,202607,2026-07-01,2026-07-31,7,3,Tuesday,28,28,False
20260708,2026-07-08,2026,3,Q3,7,July,Jul,2026-07,202607,2026-07-01,2026-07-31,8,4,Wednesday,28,28,False
20260709,2026-07-09,2026,3,Q3,7,July,Jul,2026-07,202607,2026-07-01,2026-07-31,9,5,Thursday,28,28,False
20260710,2026-07-10,2026,3,Q3,7,July,Jul,2026-07,202607,2026-07-01,2026-07-31,10,6,Friday,28,28,False
20260711,2026-07-11,2026,3,Q3,7,July,Jul,2026-07,202607,2026-07-01,2026-07-31,11,7,Saturday,28,28,True
20260712,2026-07-12,2026,3,Q3,7,July,Jul,2026-07,202607,2026-07-01,2026-07-31,12,1,Sunday,29,28,True
20260713,2026-07-13,2026,3,Q3,7,July,Jul,2026-07,202607,2026-07-01,2026-07-31,13,2,Monday,29,29,False
20260714,2026-07-14,2026,3,Q3,7,July,Jul,2026-07,202607,2026-07-01,2026-07-31,14,3,Tuesday,29,29,False
20260715,2026-07-15,2026,3,Q3,7,July,Jul,2026-07,202607,2026-07-01,2026-07-31,15,4,Wednesday,29,29,False
20260716,2026-07-16,2026,3,Q3,7,July,Jul,2026-07,202607,2026-07-01,2026-07-31,16,5,Thursday,29,29,False
20260717,2026-07-17,2026,3,Q3,7,July,Jul,2026-07,202607,2026-07-01,2026-07-31,17,6,Friday,29,29,False
20260718,2026-07-18,2026,3,Q3,7,July,Jul,2026-07,202607,2026-07-01,2026-07-31,18,7,Saturday,29,29,True
20260719,2026-07-19,2026,3,Q3,7,July,Jul,2026-07,202607,2026-07-01,2026-07-31,19,1,Sunday,30,29,True
20260720,2026-07-20,2026,3,Q3,7,July,Jul,2026-07,202607,2026-07-01,2026-07-31,20,2,Monday,30,30,False
20260721,2026-07-21,2026,3,Q3,7,July,Jul,2026-07,202607,2026-07-01,2026-07-31,21,3,Tuesday,30,30,False
20260722,2026-07-22,2026,3,Q3,7,July,Jul,2026-07,202607,2026-07-01,2026-07-31,22,4,Wednesday,30,30,False
20260723,2026-07-23,2026,3,Q3,7,July,Jul,2026-07,202607,2026-07-01,2026-07-31,23,5,Thursday,30,30,False
20260724,2026-07-24,2026,3,Q3,7,July,Jul,2026-07,202607,2026-07-01,2026-07-31,24,6,Friday,30,30,False
20260725,2026-07-25,2026,3,Q3,7,July,Jul,2026-07,202607,2026-07-01,2026-07-31,25,7,Saturday,30,30,True
20260726,2026-07-26,2026,3,Q3,7,July,Jul,2026-07,202607,2026-07-01,2026-07-31,26,1,Sunday,31,30,True
20260727,2026-07-27,2026,3,Q3,7,July,Jul,2026-07,202607,2026-07-01,2026-07-31,27,2,Monday,31,31,False
20260728,2026-07-28,2026,3,Q3,7,July,Jul,2026-07,202607,2026-07-01,2026-07-31,28,3,Tuesday,31,31,False
20260729,2026-07-29,2026,3,Q3,7,July,Jul,2026-07,202607,2026-07-01,2026-07-31,29,4,Wednesday,31,31,False
20260730,2026-07-30,2026,3,Q3,7,July,Jul,2026-07,202607,2026-07-01,2026-07-31,30,5,Thursday,31,31,False
20260731,2026-07-31,2026,3,Q3,7,July,Jul,2026-07,202607,2026-07-01,2026-07-31,31,6,Friday,31,31,False
20260801,2026-08-01,2026,3,Q3,8,August,Aug,2026-08,202608,2026-08-01,2026-08-31,1,7,Saturday,31,31,True
20260802,2026-08-02,2026,3,Q3,8,August,Aug,2026-08,202608,2026-08-01,2026-08-31,2,1,Sunday,32,31,True
20260803,2026-08-03,2026,3,Q3,8,August,Aug,2026-08,202608,2026-08-01,2026-08-31,3,2,Monday,32,32,False
20260804,2026-08-04,2026,3,Q3,8,August,Aug,2026-08,202608,2026-08-01,2026-08-31,4,3,Tuesday,32,32,False
20260805,2026-08-05,2026,3,Q3,8,August,Aug,2026-08,202608,2026-08-01,2026-08-31,5,4,Wednesday,32,32,False
20260806,2026-08-06,2026,3,Q3,8,August,Aug,2026-08,202608,2026-08-01,2026-08-31,6,5,Thursday,32,32,False
20260807,2026-08-07,2026,3,Q3,8,August,Aug,2026-08,202608,2026-08-01,2026-08-31,7,6,Friday,32,32,False
20260808,2026-08-08,2026,3,Q3,8,August,Aug,2026-08,202608,2026-08-01,2026-08-31,8,7,Saturday,32,32,True
20260809,2026-08-09,2026,3,Q3,8,August,Aug,2026-08,202608,2026-08-01,2026-08-31,9,1,Sunday,33,32,True
20260810,2026-08-10,2026,3,Q3,8,August,Aug,2026-08,202608,2026-08-01,2026-08-31,10,2,Monday,33,33,False
20260811,2026-08-11,2026,3,Q3,8,August,Aug,2026-08,202608,2026-08-01,2026-08-31,11,3,Tuesday,33,33,False
20260812,2026-08-12,2026,3,Q3,8,August,Aug,2026-08,202608,2026-08-01,2026-08-31,12,4,Wednesday,33,33,False
20260813,2026-08-13,2026,3,Q3,8,August,Aug,2026-08,202608,2026-08-01,2026-08-31,13,5,Thursday,33,33,False
20260814,2026-08-14,2026,3,Q3,8,August,Aug,2026-08,202608,2026-08-01,2026-08-31,14,6,Friday,33,33,False
20260815,2026-08-15,2026,3,Q3,8,August,Aug,2026-08,202608,2026-08-01,2026-08-31,15,7,Saturday,33,33,True
20260816,2026-08-16,2026,3,Q3,8,August,Aug,2026-08,202608,2026-08-01,2026-08-31,16,1,Sunday,34,33,True
20260817,2026-08-17,2026,3,Q3,8,August,Aug,2026-08,202608,2026-08-01,2026-08-31,17,2,Monday,34,34,False
20260818,2026-08-18,2026,3,Q3,8,August,Aug,2026-08,202608,2026-08-01,2026-08-31,18,3,Tuesday,34,34,False
20260819,2026-08-19,2026,3,Q3,8,August,Aug,2026-08,202608,2026-08-01,2026-08-31,19,4,Wednesday,34,34,False
20260820,2026-08-20,2026,3,Q3,8,August,Aug,2026-08,202608,2026-08-01,2026-08-31,20,5,Thursday,34,34,False
20260821,2026-08-21,2026,3,Q3,8,August,Aug,2026-08,202608,2026-08-01,2026-08-31,21,6,Friday,34,34,False
20260822,2026-08-22,2026,3,Q3,8,August,Aug,2026-08,202608,2026-08-01,2026-08-31,22,7,Saturday,34,34,True
20260823,2026-08-23,2026,3,Q3,8,August,Aug,2026-08,202608,2026-08-01,2026-08-31,23,1,Sunday,35,34,True
20260824,2026-08-24,2026,3,Q3,8,August,Aug,2026-08,202608,2026-08-01,2026-08-31,24,2,Monday,35,35,False
20260825,2026-08-25,2026,3,Q3,8,August,Aug,2026-08,202608,2026-08-01,2026-08-31,25,3,Tuesday,35,35,False
20260826,2026-08-26,2026,3,Q3,8,August,Aug,2026-08,202608,2026-08-01,2026-08-31,26,4,Wednesday,35,35,False
20260827,2026-08-27,2026,3,Q3,8,August,Aug,2026-08,202608,2026-08-01,2026-08-31,27,5,Thursday,35,35,False
20260828,2026-08-28,2026,3,Q3,8,August,Aug,2026-08,202608,2026-08-01,2026-08-31,28,6,Friday,35,35,False
20260829,2026-08-29,2026,3,Q3,8,August,Aug,2026-08,202608,2026-08-01,2026-08-31,29,7,Saturday,35,35,True
20260830,2026-08-30,2026,3,Q3,8,August,Aug,2026-08,202608,2026-08-01,2026-08-31,30,1,Sunday,36,35,True
20260831,2026-08-31,2026,3,Q3,8,August,Aug,2026-08,202608,2026-08-01,2026-08-31,31,2,Monday,36,36,False
20260901,2026-09-01,2026,3,Q3,9,September,Sep,2026-09,202609,2026-09-01,2026-09-30,1,3,Tuesday,36,36,False
20260902,2026-09-02,2026,3,Q3,9,September,Sep,2026-09,202609,2026-09-01,2026-09-30,2,4,Wednesday,36,36,False
20260903,2026-09-03,2026,3,Q3,9,September,Sep,2026-09,202609,2026-09-01,2026-09-30,3,5,Thursday,36,36,False
20260904,2026-09-04,2026,3,Q3,9,September,Sep,2026-09,202609,2026-09-01,2026-09-30,4,6,Friday,36,36,False
20260905,2026-09-05,2026,3,Q3,9,September,Sep,2026-09,202609,2026-09-01,2026-09-30,5,7,Saturday,36,36,True
20260906,2026-09-06,2026,3,Q3,9,September,Sep,2026-09,202609,2026-09-01,2026-09-30,6,1,Sunday,37,36,True
20260907,2026-09-07,2026,3,Q3,9,September,Sep,2026-09,202609,2026-09-01,2026-09-30,7,2,Monday,37,37,False
20260908,2026-09-08,2026,3,Q3,9,September,Sep,2026-09,202609,2026-09-01,2026-09-30,8,3,Tuesday,37,37,False
20260909,2026-09-09,2026,3,Q3,9,September,Sep,2026-09,202609,2026-09-01,2026-09-30,9,4,Wednesday,37,37,False
20260910,2026-09-10,2026,3,Q3,9,September,Sep,2026-09,202609,2026-09-01,2026-09-30,10,5,Thursday,37,37,False
20260911,2026-09-11,2026,3,Q3,9,September,Sep,2026-09,202609,2026-09-01,2026-09-30,11,6,Friday,37,37,False
20260912,2026-09-12,2026,3,Q3,9,September,Sep,2026-09,202609,2026-09-01,2026-09-30,12,7,Saturday,37,37,True
20260913,2026-09-13,2026,3,Q3,9,September,Sep,2026-09,202609,2026-09-01,2026-09-30,13,1,Sunday,38,37,True
20260914,2026-09-14,2026,3,Q3,9,September,Sep,2026-09,202609,2026-09-01,2026-09-30,14,2,Monday,38,38,False
20260915,2026-09-15,2026,3,Q3,9,September,Sep,2026-09,202609,2026-09-01,2026-09-30,15,3,Tuesday,38,38,False
20260916,2026-09-16,2026,3,Q3,9,September,Sep,2026-09,202609,2026-09-01,2026-09-30,16,4,Wednesday,38,38,False
20260917,2026-09-17,2026,3,Q3,9,September,Sep,2026-09,202609,2026-09-01,2026-09-30,17,5,Thursday,38,38,False
20260918,2026-09-18,2026,3,Q3,9,September,Sep,2026-09,202609,2026-09-01,2026-09-30,18,6,Friday,38,38,False
20260919,2026-09-19,2026,3,Q3,9,September,Sep,2026-09,202609,2026-09-01,2026-09-30,19,7,Saturday,38,38,True
20260920,2026-09-20,2026,3,Q3,9,September,Sep,2026-09,202609,2026-09-01,2026-09-30,20,1,Sunday,39,38,True
20260921,2026-09-21,2026,3,Q3,9,September,Sep,2026-09,202609,2026-09-01,2026-09-30,21,2,Monday,39,39,False
20260922,2026-09-22,2026,3,Q3,9,September,Sep,2026-09,202609,2026-09-01,2026-09-30,22,3,Tuesday,39,39,False
20260923,2026-09-23,2026,3,Q3,9,September,Sep,2026-09,202609,2026-09-01,2026-09-30,23,4,Wednesday,39,39,False
20260924,2026-09-24,2026,3,Q3,9,September,Sep,2026-09,202609,2026-09-01,2026-09-30,24,5,Thursday,39,39,False
20260925,2026-09-25,2026,3,Q3,9,September,Sep,2026-09,202609,2026-09-01,2026-09-30,25,6,Friday,39,39,False
20260926,2026-09-26,2026,3,Q3,9,September,Sep,2026-09,202609,2026-09-01,2026-09-30,26,7,Saturday,39,39,True
20260927,2026-09-27,2026,3,Q3,9,September,Sep,2026-09,202609,2026-09-01,2026-09-30,27,1,Sunday,40,39,True
20260928,2026-09-28,2026,3,Q3,9,September,Sep,2026-09,202609,2026-09-01,2026-09-30,28,2,Monday,40,40,False
20260929,2026-09-29,2026,3,Q3,9,September,Sep,2026-09,202609,2026-09-01,2026-09-30,29,3,Tuesday,40,40,False
20260930,2026-09-30,2026,3,Q3,9,September,Sep,2026-09,202609,2026-09-01,2026-09-30,30,4,Wednesday,40,40,False
20261001,2026-10-01,2026,4,Q4,10,October,Oct,2026-10,202610,2026-10-01,2026-10-31,1,5,Thursday,40,40,False
20261002,2026-10-02,2026,4,Q4,10,October,Oct,2026-10,202610,2026-10-01,2026-10-31,2,6,Friday,40,40,False
20261003,2026-10-03,2026,4,Q4,10,October,Oct,2026-10,202610,2026-10-01,2026-10-31,3,7,Saturday,40,40,True
20261004,2026-10-04,2026,4,Q4,10,October,Oct,2026-10,202610,2026-10-01,2026-10-31,4,1,Sunday,41,40,True
20261005,2026-10-05,2026,4,Q4,10,October,Oct,2026-10,202610,2026-10-01,2026-10-31,5,2,Monday,41,41,False
20261006,2026-10-06,2026,4,Q4,10,October,Oct,2026-10,202610,2026-10-01,2026-10-31,6,3,Tuesday,41,41,False
20261007,2026-10-07,2026,4,Q4,10,October,Oct,2026-10,202610,2026-10-01,2026-10-31,7,4,Wednesday,41,41,False
20261008,2026-10-08,2026,4,Q4,10,October,Oct,2026-10,202610,2026-10-01,2026-10-31,8,5,Thursday,41,41,False
20261009,2026-10-09,2026,4,Q4,10,October,Oct,2026-10,202610,2026-10-01,2026-10-31,9,6,Friday,41,41,False
20261010,2026-10-10,2026,4,Q4,10,October,Oct,2026-10,202610,2026-10-01,2026-10-31,10,7,Saturday,41,41,True
20261011,2026-10-11,2026,4,Q4,10,October,Oct,2026-10,202610,2026-10-01,2026-10-31,11,1,Sunday,42,41,True
20261012,2026-10-12,2026,4,Q4,10,October,Oct,2026-10,202610,2026-10-01,2026-10-31,12,2,Monday,42,42,False
20261013,2026-10-13,2026,4,Q4,10,October,Oct,2026-10,202610,2026-10-01,2026-10-31,13,3,Tuesday,42,42,False
20261014,2026-10-14,2026,4,Q4,10,October,Oct,2026-10,202610,2026-10-01,2026-10-31,14,4,Wednesday,42,42,False
20261015,2026-10-15,2026,4,Q4,10,October,Oct,2026-10,202610,2026-10-01,2026-10-31,15,5,Thursday,42,42,False
20261016,2026-10-16,2026,4,Q4,10,October,Oct,2026-10,202610,2026-10-01,2026-10-31,16,6,Friday,42,42,False
20261017,2026-10-17,2026,4,Q4,10,October,Oct,2026-10,202610,2026-10-01,2026-10-31,17,7,Saturday,42,42,True
20261018,2026-10-18,2026,4,Q4,10,October,Oct,2026-10,202610,2026-10-01,2026-10-31,18,1,Sunday,43,42,True
20261019,2026-10-19,2026,4,Q4,10,October,Oct,2026-10,202610,2026-10-01,2026-10-31,19,2,Monday,43,43,False
20261020,2026-10-20,2026,4,Q4,10,October,Oct,2026-10,202610,2026-10-01,2026-10-31,20,3,Tuesday,43,43,False
20261021,2026-10-21,2026,4,Q4,10,October,Oct,2026-10,202610,2026-10-01,2026-10-31,21,4,Wednesday,43,43,False
20261022,2026-10-22,2026,4,Q4,10,October,Oct,2026-10,202610,2026-10-01,2026-10-31,22,5,Thursday,43,43,False
20261023,2026-10-23,2026,4,Q4,10,October,Oct,2026-10,202610,2026-10-01,2026-10-31,23,6,Friday,43,43,False
20261024,2026-10-24,2026,4,Q4,10,October,Oct,2026-10,202610,2026-10-01,2026-10-31,24,7,Saturday,43,43,True
20261025,2026-10-25,2026,4,Q4,10,October,Oct,2026-10,202610,2026-10-01,2026-10-31,25,1,Sunday,44,43,True
20261026,2026-10-26,2026,4,Q4,10,October,Oct,2026-10,202610,2026-10-01,2026-10-31,26,2,Monday,44,44,False
20261027,2026-10-27,2026,4,Q4,10,October,Oct,2026-10,202610,2026-10-01,2026-10-31,27,3,Tuesday,44,44,False
20261028,2026-10-28,2026,4,Q4,10,October,Oct,2026-10,202610,2026-10-01,2026-10-31,28,4,Wednesday,44,44,False
20261029,2026-10-29,2026,4,Q4,10,October,Oct,2026-10,202610,2026-10-01,2026-10-31,29,5,Thursday,44,44,False
20261030,2026-10-30,2026,4,Q4,10,October,Oct,2026-10,202610,2026-10-01,2026-10-31,30,6,Friday,44,44,False
20261031,2026-10-31,2026,4,Q4,10,October,Oct,2026-10,202610,2026-10-01,2026-10-31,31,7,Saturday,44,44,True
20261101,2026-11-01,2026,4,Q4,11,November,Nov,2026-11,202611,2026-11-01,2026-11-30,1,1,Sunday,45,44,True
20261102,2026-11-02,2026,4,Q4,11,November,Nov,2026-11,202611,2026-11-01,2026-11-30,2,2,Monday,45,45,False
20261103,2026-11-03,2026,4,Q4,11,November,Nov,2026-11,202611,2026-11-01,2026-11-30,3,3,Tuesday,45,45,False
20261104,2026-11-04,2026,4,Q4,11,November,Nov,2026-11,202611,2026-11-01,2026-11-30,4,4,Wednesday,45,45,False
20261105,2026-11-05,2026,4,Q4,11,November,Nov,2026-11,202611,2026-11-01,2026-11-30,5,5,Thursday,45,45,False
20261106,2026-11-06,2026,4,Q4,11,November,Nov,2026-11,202611,2026-11-01,2026-11-30,6,6,Friday,45,45,False
20261107,2026-11-07,2026,4,Q4,11,November,Nov,2026-11,202611,2026-11-01,2026-11-30,7,7,Saturday,45,45,True
20261108,2026-11-08,2026,4,Q4,11,November,Nov,2026-11,202611,2026-11-01,2026-11-30,8,1,Sunday,46,45,True
20261109,2026-11-09,2026,4,Q4,11,November,Nov,2026-11,202611,2026-11-01,2026-11-30,9,2,Monday,46,46,False
20261110,2026-11-10,2026,4,Q4,11,November,Nov,2026-11,202611,2026-11-01,2026-11-30,10,3,Tuesday,46,46,False
20261111,2026-11-11,2026,4,Q4,11,November,Nov,2026-11,202611,2026-11-01,2026-11-30,11,4,Wednesday,46,46,False
20261112,2026-11-12,2026,4,Q4,11,November,Nov,2026-11,202611,2026-11-01,2026-11-30,12,5,Thursday,46,46,False
20261113,2026-11-13,2026,4,Q4,11,November,Nov,2026-11,202611,2026-11-01,2026-11-30,13,6,Friday,46,46,False
20261114,2026-11-14,2026,4,Q4,11,November,Nov,2026-11,202611,2026-11-01,2026-11-30,14,7,Saturday,46,46,True
20261115,2026-11-15,2026,4,Q4,11,November,Nov,2026-11,202611,2026-11-01,2026-11-30,15,1,Sunday,47,46,True
20261116,2026-11-16,2026,4,Q4,11,November,Nov,2026-11,202611,2026-11-01,2026-11-30,16,2,Monday,47,47,False
20261117,2026-11-17,2026,4,Q4,11,November,Nov,2026-11,202611,2026-11-01,2026-11-30,17,3,Tuesday,47,47,False
20261118,2026-11-18,2026,4,Q4,11,November,Nov,2026-11,202611,2026-11-01,2026-11-30,18,4,Wednesday,47,47,False
20261119,2026-11-19,2026,4,Q4,11,November,Nov,2026-11,202611,2026-11-01,2026-11-30,19,5,Thursday,47,47,False
20261120,2026-11-20,2026,4,Q4,11,November,Nov,2026-11,202611,2026-11-01,2026-11-30,20,6,Friday,47,47,False
20261121,2026-11-21,2026,4,Q4,11,November,Nov,2026-11,202611,2026-11-01,2026-11-30,21,7,Saturday,47,47,True
20261122,2026-11-22,2026,4,Q4,11,November,Nov,2026-11,202611,2026-11-01,2026-11-30,22,1,Sunday,48,47,True
20261123,2026-11-23,2026,4,Q4,11,November,Nov,2026-11,202611,2026-11-01,2026-11-30,23,2,Monday,48,48,False
20261124,2026-11-24,2026,4,Q4,11,November,Nov,2026-11,202611,2026-11-01,2026-11-30,24,3,Tuesday,48,48,False
20261125,2026-11-25,2026,4,Q4,11,November,Nov,2026-11,202611,2026-11-01,2026-11-30,25,4,Wednesday,48,48,False
20261126,2026-11-26,2026,4,Q4,11,November,Nov,2026-11,202611,2026-11-01,2026-11-30,26,5,Thursday,48,48,False
20261127,2026-11-27,2026,4,Q4,11,November,Nov,2026-11,202611,2026-11-01,2026-11-30,27,6,Friday,48,48,False
20261128,2026-11-28,2026,4,Q4,11,November,Nov,2026-11,202611,2026-11-01,2026-11-30,28,7,Saturday,48,48,True
20261129,2026-11-29,2026,4,Q4,11,November,Nov,2026-11,202611,2026-11-01,2026-11-30,29,1,Sunday,49,48,True
20261130,2026-11-30,2026,4,Q4,11,November,Nov,2026-11,202611,2026-11-01,2026-11-30,30,2,Monday,49,49,False
20261201,2026-12-01,2026,4,Q4,12,December,Dec,2026-12,202612,2026-12-01,2026-12-31,1,3,Tuesday,49,49,False
20261202,2026-12-02,2026,4,Q4,12,December,Dec,2026-12,202612,2026-12-01,2026-12-31,2,4,Wednesday,49,49,False
20261203,2026-12-03,2026,4,Q4,12,December,Dec,2026-12,202612,2026-12-01,2026-12-31,3,5,Thursday,49,49,False
20261204,2026-12-04,2026,4,Q4,12,December,Dec,2026-12,202612,2026-12-01,2026-12-31,4,6,Friday,49,49,False
20261205,2026-12-05,2026,4,Q4,12,December,Dec,2026-12,202612,2026-12-01,2026-12-31,5,7,Saturday,49,49,True
20261206,2026-12-06,2026,4,Q4,12,December,Dec,2026-12,202612,2026-12-01,2026-12-31,6,1,Sunday,50,49,True
20261207,2026-12-07,2026,4,Q4,12,December,Dec,2026-12,202612,2026-12-01,2026-12-31,7,2,Monday,50,50,False
20261208,2026-12-08,2026,4,Q4,12,December,Dec,2026-12,202612,2026-12-01,2026-12-31,8,3,Tuesday,50,50,False
20261209,2026-12-09,2026,4,Q4,12,December,Dec,2026-12,202612,2026-12-01,2026-12-31,9,4,Wednesday,50,50,False
20261210,2026-12-10,2026,4,Q4,12,December,Dec,2026-12,202612,2026-12-01,2026-12-31,10,5,Thursday,50,50,False
20261211,2026-12-11,2026,4,Q4,12,December,Dec,2026-12,202612,2026-12-01,2026-12-31,11,6,Friday,50,50,False
20261212,2026-12-12,2026,4,Q4,12,December,Dec,2026-12,202612,2026-12-01,2026-12-31,12,7,Saturday,50,50,True
20261213,2026-12-13,2026,4,Q4,12,December,Dec,2026-12,202612,2026-12-01,2026-12-31,13,1,Sunday,51,50,True
20261214,2026-12-14,2026,4,Q4,12,December,Dec,2026-12,202612,2026-12-01,2026-12-31,14,2,Monday,51,51,False
20261215,2026-12-15,2026,4,Q4,12,December,Dec,2026-12,202612,2026-12-01,2026-12-31,15,3,Tuesday,51,51,False
20261216,2026-12-16,2026,4,Q4,12,December,Dec,2026-12,202612,2026-12-01,2026-12-31,16,4,Wednesday,51,51,False
20261217,2026-12-17,2026,4,Q4,12,December,Dec,2026-12,202612,2026-12-01,2026-12-31,17,5,Thursday,51,51,False
20261218,2026-12-18,2026,4,Q4,12,December,Dec,2026-12,202612,2026-12-01,2026-12-31,18,6,Friday,51,51,False
20261219,2026-12-19,2026,4,Q4,12,December,Dec,2026-12,202612,2026-12-01,2026-12-31,19,7,Saturday,51,51,True
20261220,2026-12-20,2026,4,Q4,12,December,Dec,2026-12,202612,2026-12-01,2026-12-31,20,1,Sunday,52,51,True
20261221,2026-12-21,2026,4,Q4,12,December,Dec,2026-12,202612,2026-12-01,2026-12-31,21,2,Monday,52,52,False
20261222,2026-12-22,2026,4,Q4,12,December,Dec,2026-12,202612,2026-12-01,2026-12-31,22,3,Tuesday,52,52,False
20261223,2026-12-23,2026,4,Q4,12,December,Dec,2026-12,202612,2026-12-01,2026-12-31,23,4,Wednesday,52,52,False
20261224,2026-12-24,2026,4,Q4,12,December,Dec,2026-12,202612,2026-12-01,2026-12-31,24,5,Thursday,52,52,False
20261225,2026-12-25,2026,4,Q4,12,December,Dec,2026-12,202612,2026-12-01,2026-12-31,25,6,Friday,52,52,False
20261226,2026-12-26,2026,4,Q4,12,December,Dec,2026-12,202612,2026-12-01,2026-12-31,26,7,Saturday,52,52,True
20261227,2026-12-27,2026,4,Q4,12,December,Dec,2026-12,202612,2026-12-01,2026-12-31,27,1,Sunday,53,52,True
20261228,2026-12-28,2026,4,Q4,12,December,Dec,2026-12,202612,2026-12-01,2026-12-31,28,2,Monday,53,53,False
20261229,2026-12-29,2026,4,Q4,12,December,Dec,2026-12,202612,2026-12-01,2026-12-31,29,3,Tuesday,53,53,False
20261230,2026-12-30,2026,4,Q4,12,December,Dec,2026-12,202612,2026-12-01,2026-12-31,30,4,Wednesday,53,53,False
20261231,2026-12-31,2026,4,Q4,12,December,Dec,2026-12,202612,2026-12-01,2026-12-31,31,5,Thursday,53,53,False
20270101,2027-01-01,2027,1,Q1,1,January,Jan,2027-01,202701,2027-01-01,2027-01-31,1,6,Friday,1,53,False
20270102,2027-01-02,2027,1,Q1,1,January,Jan,2027-01,202701,2027-01-01,2027-01-31,2,7,Saturday,1,53,True
20270103,2027-01-03,2027,1,Q1,1,January,Jan,2027-01,202701,2027-01-01,2027-01-31,3,1,Sunday,2,53,True
20270104,2027-01-04,2027,1,Q1,1,January,Jan,2027-01,202701,2027-01-01,2027-01-31,4,2,Monday,2,1,False
20270105,2027-01-05,2027,1,Q1,1,January,Jan,2027-01,202701,2027-01-01,2027-01-31,5,3,Tuesday,2,1,False
20270106,2027-01-06,2027,1,Q1,1,January,Jan,2027-01,202701,2027-01-01,2027-01-31,6,4,Wednesday,2,1,False
20270107,2027-01-07,2027,1,Q1,1,January,Jan,2027-01,202701,2027-01-01,2027-01-31,7,5,Thursday,2,1,False
20270108,2027-01-08,2027,1,Q1,1,January,Jan,2027-01,202701,2027-01-01,2027-01-31,8,6,Friday,2,1,False
20270109,2027-01-09,2027,1,Q1,1,January,Jan,2027-01,202701,2027-01-01,2027-01-31,9,7,Saturday,2,1,True
20270110,2027-01-10,2027,1,Q1,1,January,Jan,2027-01,202701,2027-01-01,2027-01-31,10,1,Sunday,3,1,True
20270111,2027-01-11,2027,1,Q1,1,January,Jan,2027-01,202701,2027-01-01,2027-01-31,11,2,Monday,3,2,False
20270112,2027-01-12,2027,1,Q1,1,January,Jan,2027-01,202701,2027-01-01,2027-01-31,12,3,Tuesday,3,2,False
20270113,2027-01-13,2027,1,Q1,1,January,Jan,2027-01,202701,2027-01-01,2027-01-31,13,4,Wednesday,3,2,False
20270114,2027-01-14,2027,1,Q1,1,January,Jan,2027-01,202701,2027-01-01,2027-01-31,14,5,Thursday,3,2,False
20270115,2027-01-15,2027,1,Q1,1,January,Jan,2027-01,202701,2027-01-01,2027-01-31,15,6,Friday,3,2,False
20270116,2027-01-16,2027,1,Q1,1,January,Jan,2027-01,202701,2027-01-01,2027-01-31,16,7,Saturday,3,2,True
20270117,2027-01-17,2027,1,Q1,1,January,Jan,2027-01,202701,2027-01-01,2027-01-31,17,1,Sunday,4,2,True
20270118,2027-01-18,2027,1,Q1,1,January,Jan,2027-01,202701,2027-01-01,2027-01-31,18,2,Monday,4,3,False
20270119,2027-01-19,2027,1,Q1,1,January,Jan,2027-01,202701,2027-01-01,2027-01-31,19,3,Tuesday,4,3,False
20270120,2027-01-20,2027,1,Q1,1,January,Jan,2027-01,202701,2027-01-01,2027-01-31,20,4,Wednesday,4,3,False
20270121,2027-01-21,2027,1,Q1,1,January,Jan,2027-01,202701,2027-01-01,2027-01-31,21,5,Thursday,4,3,False
20270122,2027-01-22,2027,1,Q1,1,January,Jan,2027-01,202701,2027-01-01,2027-01-31,22,6,Friday,4,3,False
20270123,2027-01-23,2027,1,Q1,1,January,Jan,2027-01,202701,2027-01-01,2027-01-31,23,7,Saturday,4,3,True
20270124,2027-01-24,2027,1,Q1,1,January,Jan,2027-01,202701,2027-01-01,2027-01-31,24,1,Sunday,5,3,True
20270125,2027-01-25,2027,1,Q1,1,January,Jan,2027-01,202701,2027-01-01,2027-01-31,25,2,Monday,5,4,False
20270126,2027-01-26,2027,1,Q1,1,January,Jan,2027-01,202701,2027-01-01,2027-01-31,26,3,Tuesday,5,4,False
20270127,2027-01-27,2027,1,Q1,1,January,Jan,2027-01,202701,2027-01-01,2027-01-31,27,4,Wednesday,5,4,False
20270128,2027-01-28,2027,1,Q1,1,January,Jan,2027-01,202701,2027-01-01,2027-01-31,28,5,Thursday,5,4,False
20270129,2027-01-29,2027,1,Q1,1,January,Jan,2027-01,202701,2027-01-01,2027-01-31,29,6,Friday,5,4,False
20270130,2027-01-30,2027,1,Q1,1,January,Jan,2027-01,202701,2027-01-01,2027-01-31,30,7,Saturday,5,4,True
20270131,2027-01-31,2027,1,Q1,1,January,Jan,2027-01,202701,2027-01-01,2027-01-31,31,1,Sunday,6,4,True
20270201,2027-02-01,2027,1,Q1,2,February,Feb,2027-02,202702,2027-02-01,2027-02-28,1,2,Monday,6,5,False
20270202,2027-02-02,2027,1,Q1,2,February,Feb,2027-02,202702,2027-02-01,2027-02-28,2,3,Tuesday,6,5,False
20270203,2027-02-03,2027,1,Q1,2,February,Feb,2027-02,202702,2027-02-01,2027-02-28,3,4,Wednesday,6,5,False
20270204,2027-02-04,2027,1,Q1,2,February,Feb,2027-02,202702,2027-02-01,2027-02-28,4,5,Thursday,6,5,False
20270205,2027-02-05,2027,1,Q1,2,February,Feb,2027-02,202702,2027-02-01,2027-02-28,5,6,Friday,6,5,False
20270206,2027-02-06,2027,1,Q1,2,February,Feb,2027-02,202702,2027-02-01,2027-02-28,6,7,Saturday,6,5,True
20270207,2027-02-07,2027,1,Q1,2,February,Feb,2027-02,202702,2027-02-01,2027-02-28,7,1,Sunday,7,5,True
20270208,2027-02-08,2027,1,Q1,2,February,Feb,2027-02,202702,2027-02-01,2027-02-28,8,2,Monday,7,6,False
20270209,2027-02-09,2027,1,Q1,2,February,Feb,2027-02,202702,2027-02-01,2027-02-28,9,3,Tuesday,7,6,False
20270210,2027-02-10,2027,1,Q1,2,February,Feb,2027-02,202702,2027-02-01,2027-02-28,10,4,Wednesday,7,6,False
20270211,2027-02-11,2027,1,Q1,2,February,Feb,2027-02,202702,2027-02-01,2027-02-28,11,5,Thursday,7,6,False
20270212,2027-02-12,2027,1,Q1,2,February,Feb,2027-02,202702,2027-02-01,2027-02-28,12,6,Friday,7,6,False
20270213,2027-02-13,2027,1,Q1,2,February,Feb,2027-02,202702,2027-02-01,2027-02-28,13,7,Saturday,7,6,True
20270214,2027-02-14,2027,1,Q1,2,February,Feb,2027-02,202702,2027-02-01,2027-02-28,14,1,Sunday,8,6,True
20270215,2027-02-15,2027,1,Q1,2,February,Feb,2027-02,202702,2027-02-01,2027-02-28,15,2,Monday,8,7,False
20270216,2027-02-16,2027,1,Q1,2,February,Feb,2027-02,202702,2027-02-01,2027-02-28,16,3,Tuesday,8,7,False
20270217,2027-02-17,2027,1,Q1,2,February,Feb,2027-02,202702,2027-02-01,2027-02-28,17,4,Wednesday,8,7,False
20270218,2027-02-18,2027,1,Q1,2,February,Feb,2027-02,202702,2027-02-01,2027-02-28,18,5,Thursday,8,7,False
20270219,2027-02-19,2027,1,Q1,2,February,Feb,2027-02,202702,2027-02-01,2027-02-28,19,6,Friday,8,7,False
20270220,2027-02-20,2027,1,Q1,2,February,Feb,2027-02,202702,2027-02-01,2027-02-28,20,7,Saturday,8,7,True
20270221,2027-02-21,2027,1,Q1,2,February,Feb,2027-02,202702,2027-02-01,2027-02-28,21,1,Sunday,9,7,True
20270222,2027-02-22,2027,1,Q1,2,February,Feb,2027-02,202702,2027-02-01,2027-02-28,22,2,Monday,9,8,False
20270223,2027-02-23,2027,1,Q1,2,February,Feb,2027-02,202702,2027-02-01,2027-02-28,23,3,Tuesday,9,8,False
20270224,2027-02-24,2027,1,Q1,2,February,Feb,2027-02,202702,2027-02-01,2027-02-28,24,4,Wednesday,9,8,False
20270225,2027-02-25,2027,1,Q1,2,February,Feb,2027-02,202702,2027-02-01,2027-02-28,25,5,Thursday,9,8,False
20270226,2027-02-26,2027,1,Q1,2,February,Feb,2027-02,202702,2027-02-01,2027-02-28,26,6,Friday,9,8,False
20270227,2027-02-27,2027,1,Q1,2,February,Feb,2027-02,202702,2027-02-01,2027-02-28,27,7,Saturday,9,8,True
20270228,2027-02-28,2027,1,Q1,2,February,Feb,2027-02,202702,2027-02-01,2027-02-28,28,1,Sunday,10,8,True
20270301,2027-03-01,2027,1,Q1,3,March,Mar,2027-03,202703,2027-03-01,2027-03-31,1,2,Monday,10,9,False
20270302,2027-03-02,2027,1,Q1,3,March,Mar,2027-03,202703,2027-03-01,2027-03-31,2,3,Tuesday,10,9,False
20270303,2027-03-03,2027,1,Q1,3,March,Mar,2027-03,202703,2027-03-01,2027-03-31,3,4,Wednesday,10,9,False
20270304,2027-03-04,2027,1,Q1,3,March,Mar,2027-03,202703,2027-03-01,2027-03-31,4,5,Thursday,10,9,False
20270305,2027-03-05,2027,1,Q1,3,March,Mar,2027-03,202703,2027-03-01,2027-03-31,5,6,Friday,10,9,False
20270306,2027-03-06,2027,1,Q1,3,March,Mar,2027-03,202703,2027-03-01,2027-03-31,6,7,Saturday,10,9,True
20270307,2027-03-07,2027,1,Q1,3,March,Mar,2027-03,202703,2027-03-01,2027-03-31,7,1,Sunday,11,9,True
20270308,2027-03-08,2027,1,Q1,3,March,Mar,2027-03,202703,2027-03-01,2027-03-31,8,2,Monday,11,10,False
20270309,2027-03-09,2027,1,Q1,3,March,Mar,2027-03,202703,2027-03-01,2027-03-31,9,3,Tuesday,11,10,False
20270310,2027-03-10,2027,1,Q1,3,March,Mar,2027-03,202703,2027-03-01,2027-03-31,10,4,Wednesday,11,10,False
20270311,2027-03-11,2027,1,Q1,3,March,Mar,2027-03,202703,2027-03-01,2027-03-31,11,5,Thursday,11,10,False
20270312,2027-03-12,2027,1,Q1,3,March,Mar,2027-03,202703,2027-03-01,2027-03-31,12,6,Friday,11,10,False
20270313,2027-03-13,2027,1,Q1,3,March,Mar,2027-03,202703,2027-03-01,2027-03-31,13,7,Saturday,11,10,True
20270314,2027-03-14,2027,1,Q1,3,March,Mar,2027-03,202703,2027-03-01,2027-03-31,14,1,Sunday,12,10,True
20270315,2027-03-15,2027,1,Q1,3,March,Mar,2027-03,202703,2027-03-01,2027-03-31,15,2,Monday,12,11,False
20270316,2027-03-16,2027,1,Q1,3,March,Mar,2027-03,202703,2027-03-01,2027-03-31,16,3,Tuesday,12,11,False
20270317,2027-03-17,2027,1,Q1,3,March,Mar,2027-03,202703,2027-03-01,2027-03-31,17,4,Wednesday,12,11,False
20270318,2027-03-18,2027,1,Q1,3,March,Mar,2027-03,202703,2027-03-01,2027-03-31,18,5,Thursday,12,11,False
20270319,2027-03-19,2027,1,Q1,3,March,Mar,2027-03,202703,2027-03-01,2027-03-31,19,6,Friday,12,11,False
20270320,2027-03-20,2027,1,Q1,3,March,Mar,2027-03,202703,2027-03-01,2027-03-31,20,7,Saturday,12,11,True
20270321,2027-03-21,2027,1,Q1,3,March,Mar,2027-03,202703,2027-03-01,2027-03-31,21,1,Sunday,13,11,True
20270322,2027-03-22,2027,1,Q1,3,March,Mar,2027-03,202703,2027-03-01,2027-03-31,22,2,Monday,13,12,False
20270323,2027-03-23,2027,1,Q1,3,March,Mar,2027-03,202703,2027-03-01,2027-03-31,23,3,Tuesday,13,12,False
20270324,2027-03-24,2027,1,Q1,3,March,Mar,2027-03,202703,2027-03-01,2027-03-31,24,4,Wednesday,13,12,False
20270325,2027-03-25,2027,1,Q1,3,March,Mar,2027-03,202703,2027-03-01,2027-03-31,25,5,Thursday,13,12,False
20270326,2027-03-26,2027,1,Q1,3,March,Mar,2027-03,202703,2027-03-01,2027-03-31,26,6,Friday,13,12,False
20270327,2027-03-27,2027,1,Q1,3,March,Mar,2027-03,202703,2027-03-01,2027-03-31,27,7,Saturday,13,12,True
20270328,2027-03-28,2027,1,Q1,3,March,Mar,2027-03,202703,2027-03-01,2027-03-31,28,1,Sunday,14,12,True
20270329,2027-03-29,2027,1,Q1,3,March,Mar,2027-03,202703,2027-03-01,2027-03-31,29,2,Monday,14,13,False
20270330,2027-03-30,2027,1,Q1,3,March,Mar,2027-03,202703,2027-03-01,2027-03-31,30,3,Tuesday,14,13,False
20270331,2027-03-31,2027,1,Q1,3,March,Mar,2027-03,202703,2027-03-01,2027-03-31,31,4,Wednesday,14,13,False
20270401,2027-04-01,2027,2,Q2,4,April,Apr,2027-04,202704,2027-04-01,2027-04-30,1,5,Thursday,14,13,False
20270402,2027-04-02,2027,2,Q2,4,April,Apr,2027-04,202704,2027-04-01,2027-04-30,2,6,Friday,14,13,False
20270403,2027-04-03,2027,2,Q2,4,April,Apr,2027-04,202704,2027-04-01,2027-04-30,3,7,Saturday,14,13,True
20270404,2027-04-04,2027,2,Q2,4,April,Apr,2027-04,202704,2027-04-01,2027-04-30,4,1,Sunday,15,13,True
20270405,2027-04-05,2027,2,Q2,4,April,Apr,2027-04,202704,2027-04-01,2027-04-30,5,2,Monday,15,14,False
20270406,2027-04-06,2027,2,Q2,4,April,Apr,2027-04,202704,2027-04-01,2027-04-30,6,3,Tuesday,15,14,False
20270407,2027-04-07,2027,2,Q2,4,April,Apr,2027-04,202704,2027-04-01,2027-04-30,7,4,Wednesday,15,14,False
20270408,2027-04-08,2027,2,Q2,4,April,Apr,2027-04,202704,2027-04-01,2027-04-30,8,5,Thursday,15,14,False
20270409,2027-04-09,2027,2,Q2,4,April,Apr,2027-04,202704,2027-04-01,2027-04-30,9,6,Friday,15,14,False
20270410,2027-04-10,2027,2,Q2,4,April,Apr,2027-04,202704,2027-04-01,2027-04-30,10,7,Saturday,15,14,True
20270411,2027-04-11,2027,2,Q2,4,April,Apr,2027-04,202704,2027-04-01,2027-04-30,11,1,Sunday,16,14,True
20270412,2027-04-12,2027,2,Q2,4,April,Apr,2027-04,202704,2027-04-01,2027-04-30,12,2,Monday,16,15,False
20270413,2027-04-13,2027,2,Q2,4,April,Apr,2027-04,202704,2027-04-01,2027-04-30,13,3,Tuesday,16,15,False
20270414,2027-04-14,2027,2,Q2,4,April,Apr,2027-04,202704,2027-04-01,2027-04-30,14,4,Wednesday,16,15,False
20270415,2027-04-15,2027,2,Q2,4,April,Apr,2027-04,202704,2027-04-01,2027-04-30,15,5,Thursday,16,15,False
20270416,2027-04-16,2027,2,Q2,4,April,Apr,2027-04,202704,2027-04-01,2027-04-30,16,6,Friday,16,15,False
20270417,2027-04-17,2027,2,Q2,4,April,Apr,2027-04,202704,2027-04-01,2027-04-30,17,7,Saturday,16,15,True
20270418,2027-04-18,2027,2,Q2,4,April,Apr,2027-04,202704,2027-04-01,2027-04-30,18,1,Sunday,17,15,True
20270419,2027-04-19,2027,2,Q2,4,April,Apr,2027-04,202704,2027-04-01,2027-04-30,19,2,Monday,17,16,False
20270420,2027-04-20,2027,2,Q2,4,April,Apr,2027-04,202704,2027-04-01,2027-04-30,20,3,Tuesday,17,16,False
20270421,2027-04-21,2027,2,Q2,4,April,Apr,2027-04,202704,2027-04-01,2027-04-30,21,4,Wednesday,17,16,False
20270422,2027-04-22,2027,2,Q2,4,April,Apr,2027-04,202704,2027-04-01,2027-04-30,22,5,Thursday,17,16,False
20270423,2027-04-23,2027,2,Q2,4,April,Apr,2027-04,202704,2027-04-01,2027-04-30,23,6,Friday,17,16,False
20270424,2027-04-24,2027,2,Q2,4,April,Apr,2027-04,202704,2027-04-01,2027-04-30,24,7,Saturday,17,16,True
20270425,2027-04-25,2027,2,Q2,4,April,Apr,2027-04,202704,2027-04-01,2027-04-30,25,1,Sunday,18,16,True
20270426,2027-04-26,2027,2,Q2,4,April,Apr,2027-04,202704,2027-04-01,2027-04-30,26,2,Monday,18,17,False
20270427,2027-04-27,2027,2,Q2,4,April,Apr,2027-04,202704,2027-04-01,2027-04-30,27,3,Tuesday,18,17,False
20270428,2027-04-28,2027,2,Q2,4,April,Apr,2027-04,202704,2027-04-01,2027-04-30,28,4,Wednesday,18,17,False
20270429,2027-04-29,2027,2,Q2,4,April,Apr,2027-04,202704,2027-04-01,2027-04-30,29,5,Thursday,18,17,False
20270430,2027-04-30,2027,2,Q2,4,April,Apr,2027-04,202704,2027-04-01,2027-04-30,30,6,Friday,18,17,False
20270501,2027-05-01,2027,2,Q2,5,May,May,2027-05,202705,2027-05-01,2027-05-31,1,7,Saturday,18,17,True
20270502,2027-05-02,2027,2,Q2,5,May,May,2027-05,202705,2027-05-01,2027-05-31,2,1,Sunday,19,17,True
20270503,2027-05-03,2027,2,Q2,5,May,May,2027-05,202705,2027-05-01,2027-05-31,3,2,Monday,19,18,False
20270504,2027-05-04,2027,2,Q2,5,May,May,2027-05,202705,2027-05-01,2027-05-31,4,3,Tuesday,19,18,False
20270505,2027-05-05,2027,2,Q2,5,May,May,2027-05,202705,2027-05-01,2027-05-31,5,4,Wednesday,19,18,False
20270506,2027-05-06,2027,2,Q2,5,May,May,2027-05,202705,2027-05-01,2027-05-31,6,5,Thursday,19,18,False
20270507,2027-05-07,2027,2,Q2,5,May,May,2027-05,202705,2027-05-01,2027-05-31,7,6,Friday,19,18,False
20270508,2027-05-08,2027,2,Q2,5,May,May,2027-05,202705,2027-05-01,2027-05-31,8,7,Saturday,19,18,True
20270509,2027-05-09,2027,2,Q2,5,May,May,2027-05,202705,2027-05-01,2027-05-31,9,1,Sunday,20,18,True
20270510,2027-05-10,2027,2,Q2,5,May,May,2027-05,202705,2027-05-01,2027-05-31,10,2,Monday,20,19,False
20270511,2027-05-11,2027,2,Q2,5,May,May,2027-05,202705,2027-05-01,2027-05-31,11,3,Tuesday,20,19,False
20270512,2027-05-12,2027,2,Q2,5,May,May,2027-05,202705,2027-05-01,2027-05-31,12,4,Wednesday,20,19,False
20270513,2027-05-13,2027,2,Q2,5,May,May,2027-05,202705,2027-05-01,2027-05-31,13,5,Thursday,20,19,False
20270514,2027-05-14,2027,2,Q2,5,May,May,2027-05,202705,2027-05-01,2027-05-31,14,6,Friday,20,19,False
20270515,2027-05-15,2027,2,Q2,5,May,May,2027-05,202705,2027-05-01,2027-05-31,15,7,Saturday,20,19,True
20270516,2027-05-16,2027,2,Q2,5,May,May,2027-05,202705,2027-05-01,2027-05-31,16,1,Sunday,21,19,True
20270517,2027-05-17,2027,2,Q2,5,May,May,2027-05,202705,2027-05-01,2027-05-31,17,2,Monday,21,20,False
20270518,2027-05-18,2027,2,Q2,5,May,May,2027-05,202705,2027-05-01,2027-05-31,18,3,Tuesday,21,20,False
20270519,2027-05-19,2027,2,Q2,5,May,May,2027-05,202705,2027-05-01,2027-05-31,19,4,Wednesday,21,20,False
20270520,2027-05-20,2027,2,Q2,5,May,May,2027-05,202705,2027-05-01,2027-05-31,20,5,Thursday,21,20,False
20270521,2027-05-21,2027,2,Q2,5,May,May,2027-05,202705,2027-05-01,2027-05-31,21,6,Friday,21,20,False
20270522,2027-05-22,2027,2,Q2,5,May,May,2027-05,202705,2027-05-01,2027-05-31,22,7,Saturday,21,20,True
20270523,2027-05-23,2027,2,Q2,5,May,May,2027-05,202705,2027-05-01,2027-05-31,23,1,Sunday,22,20,True
20270524,2027-05-24,2027,2,Q2,5,May,May,2027-05,202705,2027-05-01,2027-05-31,24,2,Monday,22,21,False
20270525,2027-05-25,2027,2,Q2,5,May,May,2027-05,202705,2027-05-01,2027-05-31,25,3,Tuesday,22,21,False
20270526,2027-05-26,2027,2,Q2,5,May,May,2027-05,202705,2027-05-01,2027-05-31,26,4,Wednesday,22,21,False
20270527,2027-05-27,2027,2,Q2,5,May,May,2027-05,202705,2027-05-01,2027-05-31,27,5,Thursday,22,21,False
20270528,2027-05-28,2027,2,Q2,5,May,May,2027-05,202705,2027-05-01,2027-05-31,28,6,Friday,22,21,False
20270529,2027-05-29,2027,2,Q2,5,May,May,2027-05,202705,2027-05-01,2027-05-31,29,7,Saturday,22,21,True
20270530,2027-05-30,2027,2,Q2,5,May,May,2027-05,202705,2027-05-01,2027-05-31,30,1,Sunday,23,21,True
20270531,2027-05-31,2027,2,Q2,5,May,May,2027-05,202705,2027-05-01,2027-05-31,31,2,Monday,23,22,False
20270601,2027-06-01,2027,2,Q2,6,June,Jun,2027-06,202706,2027-06-01,2027-06-30,1,3,Tuesday,23,22,False
20270602,2027-06-02,2027,2,Q2,6,June,Jun,2027-06,202706,2027-06-01,2027-06-30,2,4,Wednesday,23,22,False
20270603,2027-06-03,2027,2,Q2,6,June,Jun,2027-06,202706,2027-06-01,2027-06-30,3,5,Thursday,23,22,False
20270604,2027-06-04,2027,2,Q2,6,June,Jun,2027-06,202706,2027-06-01,2027-06-30,4,6,Friday,23,22,False
20270605,2027-06-05,2027,2,Q2,6,June,Jun,2027-06,202706,2027-06-01,2027-06-30,5,7,Saturday,23,22,True
20270606,2027-06-06,2027,2,Q2,6,June,Jun,2027-06,202706,2027-06-01,2027-06-30,6,1,Sunday,24,22,True
20270607,2027-06-07,2027,2,Q2,6,June,Jun,2027-06,202706,2027-06-01,2027-06-30,7,2,Monday,24,23,False
20270608,2027-06-08,2027,2,Q2,6,June,Jun,2027-06,202706,2027-06-01,2027-06-30,8,3,Tuesday,24,23,False
20270609,2027-06-09,2027,2,Q2,6,June,Jun,2027-06,202706,2027-06-01,2027-06-30,9,4,Wednesday,24,23,False
20270610,2027-06-10,2027,2,Q2,6,June,Jun,2027-06,202706,2027-06-01,2027-06-30,10,5,Thursday,24,23,False
20270611,2027-06-11,2027,2,Q2,6,June,Jun,2027-06,202706,2027-06-01,2027-06-30,11,6,Friday,24,23,False
20270612,2027-06-12,2027,2,Q2,6,June,Jun,2027-06,202706,2027-06-01,2027-06-30,12,7,Saturday,24,23,True
20270613,2027-06-13,2027,2,Q2,6,June,Jun,2027-06,202706,2027-06-01,2027-06-30,13,1,Sunday,25,23,True
20270614,2027-06-14,2027,2,Q2,6,June,Jun,2027-06,202706,2027-06-01,2027-06-30,14,2,Monday,25,24,False
20270615,2027-06-15,2027,2,Q2,6,June,Jun,2027-06,202706,2027-06-01,2027-06-30,15,3,Tuesday,25,24,False
20270616,2027-06-16,2027,2,Q2,6,June,Jun,2027-06,202706,2027-06-01,2027-06-30,16,4,Wednesday,25,24,False
20270617,2027-06-17,2027,2,Q2,6,June,Jun,2027-06,202706,2027-06-01,2027-06-30,17,5,Thursday,25,24,False
20270618,2027-06-18,2027,2,Q2,6,June,Jun,2027-06,202706,2027-06-01,2027-06-30,18,6,Friday,25,24,False
20270619,2027-06-19,2027,2,Q2,6,June,Jun,2027-06,202706,2027-06-01,2027-06-30,19,7,Saturday,25,24,True
20270620,2027-06-20,2027,2,Q2,6,June,Jun,2027-06,202706,2027-06-01,2027-06-30,20,1,Sunday,26,24,True
20270621,2027-06-21,2027,2,Q2,6,June,Jun,2027-06,202706,2027-06-01,2027-06-30,21,2,Monday,26,25,False
20270622,2027-06-22,2027,2,Q2,6,June,Jun,2027-06,202706,2027-06-01,2027-06-30,22,3,Tuesday,26,25,False
20270623,2027-06-23,2027,2,Q2,6,June,Jun,2027-06,202706,2027-06-01,2027-06-30,23,4,Wednesday,26,25,False
20270624,2027-06-24,2027,2,Q2,6,June,Jun,2027-06,202706,2027-06-01,2027-06-30,24,5,Thursday,26,25,False
20270625,2027-06-25,2027,2,Q2,6,June,Jun,2027-06,202706,2027-06-01,2027-06-30,25,6,Friday,26,25,False
20270626,2027-06-26,2027,2,Q2,6,June,Jun,2027-06,202706,2027-06-01,2027-06-30,26,7,Saturday,26,25,True
20270627,2027-06-27,2027,2,Q2,6,June,Jun,2027-06,202706,2027-06-01,2027-06-30,27,1,Sunday,27,25,True
20270628,2027-06-28,2027,2,Q2,6,June,Jun,2027-06,202706,2027-06-01,2027-06-30,28,2,Monday,27,26,False
20270629,2027-06-29,2027,2,Q2,6,June,Jun,2027-06,202706,2027-06-01,2027-06-30,29,3,Tuesday,27,26,False
20270630,2027-06-30,2027,2,Q2,6,June,Jun,2027-06,202706,2027-06-01,2027-06-30,30,4,Wednesday,27,26,False
20270701,2027-07-01,2027,3,Q3,7,July,Jul,2027-07,202707,2027-07-01,2027-07-31,1,5,Thursday,27,26,False
20270702,2027-07-02,2027,3,Q3,7,July,Jul,2027-07,202707,2027-07-01,2027-07-31,2,6,Friday,27,26,False
20270703,2027-07-03,2027,3,Q3,7,July,Jul,2027-07,202707,2027-07-01,2027-07-31,3,7,Saturday,27,26,True
20270704,2027-07-04,2027,3,Q3,7,July,Jul,2027-07,202707,2027-07-01,2027-07-31,4,1,Sunday,28,26,True
20270705,2027-07-05,2027,3,Q3,7,July,Jul,2027-07,202707,2027-07-01,2027-07-31,5,2,Monday,28,27,False
20270706,2027-07-06,2027,3,Q3,7,July,Jul,2027-07,202707,2027-07-01,2027-07-31,6,3,Tuesday,28,27,False
20270707,2027-07-07,2027,3,Q3,7,July,Jul,2027-07,202707,2027-07-01,2027-07-31,7,4,Wednesday,28,27,False
20270708,2027-07-08,2027,3,Q3,7,July,Jul,2027-07,202707,2027-07-01,2027-07-31,8,5,Thursday,28,27,False
20270709,2027-07-09,2027,3,Q3,7,July,Jul,2027-07,202707,2027-07-01,2027-07-31,9,6,Friday,28,27,False
20270710,2027-07-10,2027,3,Q3,7,July,Jul,2027-07,202707,2027-07-01,2027-07-31,10,7,Saturday,28,27,True
20270711,2027-07-11,2027,3,Q3,7,July,Jul,2027-07,202707,2027-07-01,2027-07-31,11,1,Sunday,29,27,True
20270712,2027-07-12,2027,3,Q3,7,July,Jul,2027-07,202707,2027-07-01,2027-07-31,12,2,Monday,29,28,False
20270713,2027-07-13,2027,3,Q3,7,July,Jul,2027-07,202707,2027-07-01,2027-07-31,13,3,Tuesday,29,28,False
20270714,2027-07-14,2027,3,Q3,7,July,Jul,2027-07,202707,2027-07-01,2027-07-31,14,4,Wednesday,29,28,False
20270715,2027-07-15,2027,3,Q3,7,July,Jul,2027-07,202707,2027-07-01,2027-07-31,15,5,Thursday,29,28,False
20270716,2027-07-16,2027,3,Q3,7,July,Jul,2027-07,202707,2027-07-01,2027-07-31,16,6,Friday,29,28,False
20270717,2027-07-17,2027,3,Q3,7,July,Jul,2027-07,202707,2027-07-01,2027-07-31,17,7,Saturday,29,28,True
20270718,2027-07-18,2027,3,Q3,7,July,Jul,2027-07,202707,2027-07-01,2027-07-31,18,1,Sunday,30,28,True
20270719,2027-07-19,2027,3,Q3,7,July,Jul,2027-07,202707,2027-07-01,2027-07-31,19,2,Monday,30,29,False
20270720,2027-07-20,2027,3,Q3,7,July,Jul,2027-07,202707,2027-07-01,2027-07-31,20,3,Tuesday,30,29,False
20270721,2027-07-21,2027,3,Q3,7,July,Jul,2027-07,202707,2027-07-01,2027-07-31,21,4,Wednesday,30,29,False
20270722,2027-07-22,2027,3,Q3,7,July,Jul,2027-07,202707,2027-07-01,2027-07-31,22,5,Thursday,30,29,False
20270723,2027-07-23,2027,3,Q3,7,July,Jul,2027-07,202707,2027-07-01,2027-07-31,23,6,Friday,30,29,False
20270724,2027-07-24,2027,3,Q3,7,July,Jul,2027-07,202707,2027-07-01,2027-07-31,24,7,Saturday,30,29,True
20270725,2027-07-25,2027,3,Q3,7,July,Jul,2027-07,202707,2027-07-01,2027-07-31,25,1,Sunday,31,29,True
20270726,2027-07-26,2027,3,Q3,7,July,Jul,2027-07,202707,2027-07-01,2027-07-31,26,2,Monday,31,30,False
20270727,2027-07-27,2027,3,Q3,7,July,Jul,2027-07,202707,2027-07-01,2027-07-31,27,3,Tuesday,31,30,False
20270728,2027-07-28,2027,3,Q3,7,July,Jul,2027-07,202707,2027-07-01,2027-07-31,28,4,Wednesday,31,30,False
20270729,2027-07-29,2027,3,Q3,7,July,Jul,2027-07,202707,2027-07-01,2027-07-31,29,5,Thursday,31,30,False
20270730,2027-07-30,2027,3,Q3,7,July,Jul,2027-07,202707,2027-07-01,2027-07-31,30,6,Friday,31,30,False
20270731,2027-07-31,2027,3,Q3,7,July,Jul,2027-07,202707,2027-07-01,2027-07-31,31,7,Saturday,31,30,True
20270801,2027-08-01,2027,3,Q3,8,August,Aug,2027-08,202708,2027-08-01,2027-08-31,1,1,Sunday,32,30,True
20270802,2027-08-02,2027,3,Q3,8,August,Aug,2027-08,202708,2027-08-01,2027-08-31,2,2,Monday,32,31,False
20270803,2027-08-03,2027,3,Q3,8,August,Aug,2027-08,202708,2027-08-01,2027-08-31,3,3,Tuesday,32,31,False
20270804,2027-08-04,2027,3,Q3,8,August,Aug,2027-08,202708,2027-08-01,2027-08-31,4,4,Wednesday,32,31,False
20270805,2027-08-05,2027,3,Q3,8,August,Aug,2027-08,202708,2027-08-01,2027-08-31,5,5,Thursday,32,31,False
20270806,2027-08-06,2027,3,Q3,8,August,Aug,2027-08,202708,2027-08-01,2027-08-31,6,6,Friday,32,31,False
20270807,2027-08-07,2027,3,Q3,8,August,Aug,2027-08,202708,2027-08-01,2027-08-31,7,7,Saturday,32,31,True
20270808,2027-08-08,2027,3,Q3,8,August,Aug,2027-08,202708,2027-08-01,2027-08-31,8,1,Sunday,33,31,True
20270809,2027-08-09,2027,3,Q3,8,August,Aug,2027-08,202708,2027-08-01,2027-08-31,9,2,Monday,33,32,False
20270810,2027-08-10,2027,3,Q3,8,August,Aug,2027-08,202708,2027-08-01,2027-08-31,10,3,Tuesday,33,32,False
20270811,2027-08-11,2027,3,Q3,8,August,Aug,2027-08,202708,2027-08-01,2027-08-31,11,4,Wednesday,33,32,False
20270812,2027-08-12,2027,3,Q3,8,August,Aug,2027-08,202708,2027-08-01,2027-08-31,12,5,Thursday,33,32,False
20270813,2027-08-13,2027,3,Q3,8,August,Aug,2027-08,202708,2027-08-01,2027-08-31,13,6,Friday,33,32,False
20270814,2027-08-14,2027,3,Q3,8,August,Aug,2027-08,202708,2027-08-01,2027-08-31,14,7,Saturday,33,32,True
20270815,2027-08-15,2027,3,Q3,8,August,Aug,2027-08,202708,2027-08-01,2027-08-31,15,1,Sunday,34,32,True
20270816,2027-08-16,2027,3,Q3,8,August,Aug,2027-08,202708,2027-08-01,2027-08-31,16,2,Monday,34,33,False
20270817,2027-08-17,2027,3,Q3,8,August,Aug,2027-08,202708,2027-08-01,2027-08-31,17,3,Tuesday,34,33,False
20270818,2027-08-18,2027,3,Q3,8,August,Aug,2027-08,202708,2027-08-01,2027-08-31,18,4,Wednesday,34,33,False
20270819,2027-08-19,2027,3,Q3,8,August,Aug,2027-08,202708,2027-08-01,2027-08-31,19,5,Thursday,34,33,False
20270820,2027-08-20,2027,3,Q3,8,August,Aug,2027-08,202708,2027-08-01,2027-08-31,20,6,Friday,34,33,False
20270821,2027-08-21,2027,3,Q3,8,August,Aug,2027-08,202708,2027-08-01,2027-08-31,21,7,Saturday,34,33,True
20270822,2027-08-22,2027,3,Q3,8,August,Aug,2027-08,202708,2027-08-01,2027-08-31,22,1,Sunday,35,33,True
20270823,2027-08-23,2027,3,Q3,8,August,Aug,2027-08,202708,2027-08-01,2027-08-31,23,2,Monday,35,34,False
20270824,2027-08-24,2027,3,Q3,8,August,Aug,2027-08,202708,2027-08-01,2027-08-31,24,3,Tuesday,35,34,False
20270825,2027-08-25,2027,3,Q3,8,August,Aug,2027-08,202708,2027-08-01,2027-08-31,25,4,Wednesday,35,34,False
20270826,2027-08-26,2027,3,Q3,8,August,Aug,2027-08,202708,2027-08-01,2027-08-31,26,5,Thursday,35,34,False
20270827,2027-08-27,2027,3,Q3,8,August,Aug,2027-08,202708,2027-08-01,2027-08-31,27,6,Friday,35,34,False
20270828,2027-08-28,2027,3,Q3,8,August,Aug,2027-08,202708,2027-08-01,2027-08-31,28,7,Saturday,35,34,True
20270829,2027-08-29,2027,3,Q3,8,August,Aug,2027-08,202708,2027-08-01,2027-08-31,29,1,Sunday,36,34,True
20270830,2027-08-30,2027,3,Q3,8,August,Aug,2027-08,202708,2027-08-01,2027-08-31,30,2,Monday,36,35,False
20270831,2027-08-31,2027,3,Q3,8,August,Aug,2027-08,202708,2027-08-01,2027-08-31,31,3,Tuesday,36,35,False
20270901,2027-09-01,2027,3,Q3,9,September,Sep,2027-09,202709,2027-09-01,2027-09-30,1,4,Wednesday,36,35,False
20270902,2027-09-02,2027,3,Q3,9,September,Sep,2027-09,202709,2027-09-01,2027-09-30,2,5,Thursday,36,35,False
20270903,2027-09-03,2027,3,Q3,9,September,Sep,2027-09,202709,2027-09-01,2027-09-30,3,6,Friday,36,35,False
20270904,2027-09-04,2027,3,Q3,9,September,Sep,2027-09,202709,2027-09-01,2027-09-30,4,7,Saturday,36,35,True
20270905,2027-09-05,2027,3,Q3,9,September,Sep,2027-09,202709,2027-09-01,2027-09-30,5,1,Sunday,37,35,True
20270906,2027-09-06,2027,3,Q3,9,September,Sep,2027-09,202709,2027-09-01,2027-09-30,6,2,Monday,37,36,False
20270907,2027-09-07,2027,3,Q3,9,September,Sep,2027-09,202709,2027-09-01,2027-09-30,7,3,Tuesday,37,36,False
20270908,2027-09-08,2027,3,Q3,9,September,Sep,2027-09,202709,2027-09-01,2027-09-30,8,4,Wednesday,37,36,False
20270909,2027-09-09,2027,3,Q3,9,September,Sep,2027-09,202709,2027-09-01,2027-09-30,9,5,Thursday,37,36,False
20270910,2027-09-10,2027,3,Q3,9,September,Sep,2027-09,202709,2027-09-01,2027-09-30,10,6,Friday,37,36,False
20270911,2027-09-11,2027,3,Q3,9,September,Sep,2027-09,202709,2027-09-01,2027-09-30,11,7,Saturday,37,36,True
20270912,2027-09-12,2027,3,Q3,9,September,Sep,2027-09,202709,2027-09-01,2027-09-30,12,1,Sunday,38,36,True
20270913,2027-09-13,2027,3,Q3,9,September,Sep,2027-09,202709,2027-09-01,2027-09-30,13,2,Monday,38,37,False
20270914,2027-09-14,2027,3,Q3,9,September,Sep,2027-09,202709,2027-09-01,2027-09-30,14,3,Tuesday,38,37,False
20270915,2027-09-15,2027,3,Q3,9,September,Sep,2027-09,202709,2027-09-01,2027-09-30,15,4,Wednesday,38,37,False
20270916,2027-09-16,2027,3,Q3,9,September,Sep,2027-09,202709,2027-09-01,2027-09-30,16,5,Thursday,38,37,False
20270917,2027-09-17,2027,3,Q3,9,September,Sep,2027-09,202709,2027-09-01,2027-09-30,17,6,Friday,38,37,False
20270918,2027-09-18,2027,3,Q3,9,September,Sep,2027-09,202709,2027-09-01,2027-09-30,18,7,Saturday,38,37,True
20270919,2027-09-19,2027,3,Q3,9,September,Sep,2027-09,202709,2027-09-01,2027-09-30,19,1,Sunday,39,37,True
20270920,2027-09-20,2027,3,Q3,9,September,Sep,2027-09,202709,2027-09-01,2027-09-30,20,2,Monday,39,38,False
20270921,2027-09-21,2027,3,Q3,9,September,Sep,2027-09,202709,2027-09-01,2027-09-30,21,3,Tuesday,39,38,False
20270922,2027-09-22,2027,3,Q3,9,September,Sep,2027-09,202709,2027-09-01,2027-09-30,22,4,Wednesday,39,38,False
20270923,2027-09-23,2027,3,Q3,9,September,Sep,2027-09,202709,2027-09-01,2027-09-30,23,5,Thursday,39,38,False
20270924,2027-09-24,2027,3,Q3,9,September,Sep,2027-09,202709,2027-09-01,2027-09-30,24,6,Friday,39,38,False
20270925,2027-09-25,2027,3,Q3,9,September,Sep,2027-09,202709,2027-09-01,2027-09-30,25,7,Saturday,39,38,True
20270926,2027-09-26,2027,3,Q3,9,September,Sep,2027-09,202709,2027-09-01,2027-09-30,26,1,Sunday,40,38,True
20270927,2027-09-27,2027,3,Q3,9,September,Sep,2027-09,202709,2027-09-01,2027-09-30,27,2,Monday,40,39,False
20270928,2027-09-28,2027,3,Q3,9,September,Sep,2027-09,202709,2027-09-01,2027-09-30,28,3,Tuesday,40,39,False
20270929,2027-09-29,2027,3,Q3,9,September,Sep,2027-09,202709,2027-09-01,2027-09-30,29,4,Wednesday,40,39,False
20270930,2027-09-30,2027,3,Q3,9,September,Sep,2027-09,202709,2027-09-01,2027-09-30,30,5,Thursday,40,39,False
20271001,2027-10-01,2027,4,Q4,10,October,Oct,2027-10,202710,2027-10-01,2027-10-31,1,6,Friday,40,39,False
20271002,2027-10-02,2027,4,Q4,10,October,Oct,2027-10,202710,2027-10-01,2027-10-31,2,7,Saturday,40,39,True
20271003,2027-10-03,2027,4,Q4,10,October,Oct,2027-10,202710,2027-10-01,2027-10-31,3,1,Sunday,41,39,True
20271004,2027-10-04,2027,4,Q4,10,October,Oct,2027-10,202710,2027-10-01,2027-10-31,4,2,Monday,41,40,False
20271005,2027-10-05,2027,4,Q4,10,October,Oct,2027-10,202710,2027-10-01,2027-10-31,5,3,Tuesday,41,40,False
20271006,2027-10-06,2027,4,Q4,10,October,Oct,2027-10,202710,2027-10-01,2027-10-31,6,4,Wednesday,41,40,False
20271007,2027-10-07,2027,4,Q4,10,October,Oct,2027-10,202710,2027-10-01,2027-10-31,7,5,Thursday,41,40,False
20271008,2027-10-08,2027,4,Q4,10,October,Oct,2027-10,202710,2027-10-01,2027-10-31,8,6,Friday,41,40,False
20271009,2027-10-09,2027,4,Q4,10,October,Oct,2027-10,202710,2027-10-01,2027-10-31,9,7,Saturday,41,40,True
20271010,2027-10-10,2027,4,Q4,10,October,Oct,2027-10,202710,2027-10-01,2027-10-31,10,1,Sunday,42,40,True
20271011,2027-10-11,2027,4,Q4,10,October,Oct,2027-10,202710,2027-10-01,2027-10-31,11,2,Monday,42,41,False
20271012,2027-10-12,2027,4,Q4,10,October,Oct,2027-10,202710,2027-10-01,2027-10-31,12,3,Tuesday,42,41,False
20271013,2027-10-13,2027,4,Q4,10,October,Oct,2027-10,202710,2027-10-01,2027-10-31,13,4,Wednesday,42,41,False
20271014,2027-10-14,2027,4,Q4,10,October,Oct,2027-10,202710,2027-10-01,2027-10-31,14,5,Thursday,42,41,False
20271015,2027-10-15,2027,4,Q4,10,October,Oct,2027-10,202710,2027-10-01,2027-10-31,15,6,Friday,42,41,False
20271016,2027-10-16,2027,4,Q4,10,October,Oct,2027-10,202710,2027-10-01,2027-10-31,16,7,Saturday,42,41,True
20271017,2027-10-17,2027,4,Q4,10,October,Oct,2027-10,202710,2027-10-01,2027-10-31,17,1,Sunday,43,41,True
20271018,2027-10-18,2027,4,Q4,10,October,Oct,2027-10,202710,2027-10-01,2027-10-31,18,2,Monday,43,42,False
20271019,2027-10-19,2027,4,Q4,10,October,Oct,2027-10,202710,2027-10-01,2027-10-31,19,3,Tuesday,43,42,False
20271020,2027-10-20,2027,4,Q4,10,October,Oct,2027-10,202710,2027-10-01,2027-10-31,20,4,Wednesday,43,42,False
20271021,2027-10-21,2027,4,Q4,10,October,Oct,2027-10,202710,2027-10-01,2027-10-31,21,5,Thursday,43,42,False
20271022,2027-10-22,2027,4,Q4,10,October,Oct,2027-10,202710,2027-10-01,2027-10-31,22,6,Friday,43,42,False
20271023,2027-10-23,2027,4,Q4,10,October,Oct,2027-10,202710,2027-10-01,2027-10-31,23,7,Saturday,43,42,True
20271024,2027-10-24,2027,4,Q4,10,October,Oct,2027-10,202710,2027-10-01,2027-10-31,24,1,Sunday,44,42,True
20271025,2027-10-25,2027,4,Q4,10,October,Oct,2027-10,202710,2027-10-01,2027-10-31,25,2,Monday,44,43,False
20271026,2027-10-26,2027,4,Q4,10,October,Oct,2027-10,202710,2027-10-01,2027-10-31,26,3,Tuesday,44,43,False
20271027,2027-10-27,2027,4,Q4,10,October,Oct,2027-10,202710,2027-10-01,2027-10-31,27,4,Wednesday,44,43,False
20271028,2027-10-28,2027,4,Q4,10,October,Oct,2027-10,202710,2027-10-01,2027-10-31,28,5,Thursday,44,43,False
20271029,2027-10-29,2027,4,Q4,10,October,Oct,2027-10,202710,2027-10-01,2027-10-31,29,6,Friday,44,43,False
20271030,2027-10-30,2027,4,Q4,10,October,Oct,2027-10,202710,2027-10-01,2027-10-31,30,7,Saturday,44,43,True
20271031,2027-10-31,2027,4,Q4,10,October,Oct,2027-10,202710,2027-10-01,2027-10-31,31,1,Sunday,45,43,True
20271101,2027-11-01,2027,4,Q4,11,November,Nov,2027-11,202711,2027-11-01,2027-11-30,1,2,Monday,45,44,False
20271102,2027-11-02,2027,4,Q4,11,November,Nov,2027-11,202711,2027-11-01,2027-11-30,2,3,Tuesday,45,44,False
20271103,2027-11-03,2027,4,Q4,11,November,Nov,2027-11,202711,2027-11-01,2027-11-30,3,4,Wednesday,45,44,False
20271104,2027-11-04,2027,4,Q4,11,November,Nov,2027-11,202711,2027-11-01,2027-11-30,4,5,Thursday,45,44,False
20271105,2027-11-05,2027,4,Q4,11,November,Nov,2027-11,202711,2027-11-01,2027-11-30,5,6,Friday,45,44,False
20271106,2027-11-06,2027,4,Q4,11,November,Nov,2027-11,202711,2027-11-01,2027-11-30,6,7,Saturday,45,44,True
20271107,2027-11-07,2027,4,Q4,11,November,Nov,2027-11,202711,2027-11-01,2027-11-30,7,1,Sunday,46,44,True
20271108,2027-11-08,2027,4,Q4,11,November,Nov,2027-11,202711,2027-11-01,2027-11-30,8,2,Monday,46,45,False
20271109,2027-11-09,2027,4,Q4,11,November,Nov,2027-11,202711,2027-11-01,2027-11-30,9,3,Tuesday,46,45,False
20271110,2027-11-10,2027,4,Q4,11,November,Nov,2027-11,202711,2027-11-01,2027-11-30,10,4,Wednesday,46,45,False
20271111,2027-11-11,2027,4,Q4,11,November,Nov,2027-11,202711,2027-11-01,2027-11-30,11,5,Thursday,46,45,False
20271112,2027-11-12,2027,4,Q4,11,November,Nov,2027-11,202711,2027-11-01,2027-11-30,12,6,Friday,46,45,False
20271113,2027-11-13,2027,4,Q4,11,November,Nov,2027-11,202711,2027-11-01,2027-11-30,13,7,Saturday,46,45,True
20271114,2027-11-14,2027,4,Q4,11,November,Nov,2027-11,202711,2027-11-01,2027-11-30,14,1,Sunday,47,45,True
20271115,2027-11-15,2027,4,Q4,11,November,Nov,2027-11,202711,2027-11-01,2027-11-30,15,2,Monday,47,46,False
20271116,2027-11-16,2027,4,Q4,11,November,Nov,2027-11,202711,2027-11-01,2027-11-30,16,3,Tuesday,47,46,False
20271117,2027-11-17,2027,4,Q4,11,November,Nov,2027-11,202711,2027-11-01,2027-11-30,17,4,Wednesday,47,46,False
20271118,2027-11-18,2027,4,Q4,11,November,Nov,2027-11,202711,2027-11-01,2027-11-30,18,5,Thursday,47,46,False
20271119,2027-11-19,2027,4,Q4,11,November,Nov,2027-11,202711,2027-11-01,2027-11-30,19,6,Friday,47,46,False
20271120,2027-11-20,2027,4,Q4,11,November,Nov,2027-11,202711,2027-11-01,2027-11-30,20,7,Saturday,47,46,True
20271121,2027-11-21,2027,4,Q4,11,November,Nov,2027-11,202711,2027-11-01,2027-11-30,21,1,Sunday,48,46,True
20271122,2027-11-22,2027,4,Q4,11,November,Nov,2027-11,202711,2027-11-01,2027-11-30,22,2,Monday,48,47,False
20271123,2027-11-23,2027,4,Q4,11,November,Nov,2027-11,202711,2027-11-01,2027-11-30,23,3,Tuesday,48,47,False
20271124,2027-11-24,2027,4,Q4,11,November,Nov,2027-11,202711,2027-11-01,2027-11-30,24,4,Wednesday,48,47,False
20271125,2027-11-25,2027,4,Q4,11,November,Nov,2027-11,202711,2027-11-01,2027-11-30,25,5,Thursday,48,47,False
20271126,2027-11-26,2027,4,Q4,11,November,Nov,2027-11,202711,2027-11-01,2027-11-30,26,6,Friday,48,47,False
20271127,2027-11-27,2027,4,Q4,11,November,Nov,2027-11,202711,2027-11-01,2027-11-30,27,7,Saturday,48,47,True
20271128,2027-11-28,2027,4,Q4,11,November,Nov,2027-11,202711,2027-11-01,2027-11-30,28,1,Sunday,49,47,True
20271129,2027-11-29,2027,4,Q4,11,November,Nov,2027-11,202711,2027-11-01,2027-11-30,29,2,Monday,49,48,False
20271130,2027-11-30,2027,4,Q4,11,November,Nov,2027-11,202711,2027-11-01,2027-11-30,30,3,Tuesday,49,48,False
20271201,2027-12-01,2027,4,Q4,12,December,Dec,2027-12,202712,2027-12-01,2027-12-31,1,4,Wednesday,49,48,False
20271202,2027-12-02,2027,4,Q4,12,December,Dec,2027-12,202712,2027-12-01,2027-12-31,2,5,Thursday,49,48,False
20271203,2027-12-03,2027,4,Q4,12,December,Dec,2027-12,202712,2027-12-01,2027-12-31,3,6,Friday,49,48,False
20271204,2027-12-04,2027,4,Q4,12,December,Dec,2027-12,202712,2027-12-01,2027-12-31,4,7,Saturday,49,48,True
20271205,2027-12-05,2027,4,Q4,12,December,Dec,2027-12,202712,2027-12-01,2027-12-31,5,1,Sunday,50,48,True
20271206,2027-12-06,2027,4,Q4,12,December,Dec,2027-12,202712,2027-12-01,2027-12-31,6,2,Monday,50,49,False
20271207,2027-12-07,2027,4,Q4,12,December,Dec,2027-12,202712,2027-12-01,2027-12-31,7,3,Tuesday,50,49,False
20271208,2027-12-08,2027,4,Q4,12,December,Dec,2027-12,202712,2027-12-01,2027-12-31,8,4,Wednesday,50,49,False
20271209,2027-12-09,2027,4,Q4,12,December,Dec,2027-12,202712,2027-12-01,2027-12-31,9,5,Thursday,50,49,False
20271210,2027-12-10,2027,4,Q4,12,December,Dec,2027-12,202712,2027-12-01,2027-12-31,10,6,Friday,50,49,False
20271211,2027-12-11,2027,4,Q4,12,December,Dec,2027-12,202712,2027-12-01,2027-12-31,11,7,Saturday,50,49,True
20271212,2027-12-12,2027,4,Q4,12,December,Dec,2027-12,202712,2027-12-01,2027-12-31,12,1,Sunday,51,49,True
20271213,2027-12-13,2027,4,Q4,12,December,Dec,2027-12,202712,2027-12-01,2027-12-31,13,2,Monday,51,50,False
20271214,2027-12-14,2027,4,Q4,12,December,Dec,2027-12,202712,2027-12-01,2027-12-31,14,3,Tuesday,51,50,False
20271215,2027-12-15,2027,4,Q4,12,December,Dec,2027-12,202712,2027-12-01,2027-12-31,15,4,Wednesday,51,50,False
20271216,2027-12-16,2027,4,Q4,12,December,Dec,2027-12,202712,2027-12-01,2027-12-31,16,5,Thursday,51,50,False
20271217,2027-12-17,2027,4,Q4,12,December,Dec,2027-12,202712,2027-12-01,2027-12-31,17,6,Friday,51,50,False
20271218,2027-12-18,2027,4,Q4,12,December,Dec,2027-12,202712,2027-12-01,2027-12-31,18,7,Saturday,51,50,True
20271219,2027-12-19,2027,4,Q4,12,December,Dec,2027-12,202712,2027-12-01,2027-12-31,19,1,Sunday,52,50,True
20271220,2027-12-20,2027,4,Q4,12,December,Dec,2027-12,202712,2027-12-01,2027-12-31,20,2,Monday,52,51,False
20271221,2027-12-21,2027,4,Q4,12,December,Dec,2027-12,202712,2027-12-01,2027-12-31,21,3,Tuesday,52,51,False
20271222,2027-12-22,2027,4,Q4,12,December,Dec,2027-12,202712,2027-12-01,2027-12-31,22,4,Wednesday,52,51,False
20271223,2027-12-23,2027,4,Q4,12,December,Dec,2027-12,202712,2027-12-01,2027-12-31,23,5,Thursday,52,51,False
20271224,2027-12-24,2027,4,Q4,12,December,Dec,2027-12,202712,2027-12-01,2027-12-31,24,6,Friday,52,51,False
20271225,2027-12-25,2027,4,Q4,12,December,Dec,2027-12,202712,2027-12-01,2027-12-31,25,7,Saturday,52,51,True
20271226,2027-12-26,2027,4,Q4,12,December,Dec,2027-12,202712,2027-12-01,2027-12-31,26,1,Sunday,53,51,True
20271227,2027-12-27,2027,4,Q4,12,December,Dec,2027-12,202712,2027-12-01,2027-12-31,27,2,Monday,53,52,False
20271228,2027-12-28,2027,4,Q4,12,December,Dec,2027-12,202712,2027-12-01,2027-12-31,28,3,Tuesday,53,52,False
20271229,2027-12-29,2027,4,Q4,12,December,Dec,2027-12,202712,2027-12-01,2027-12-31,29,4,Wednesday,53,52,False
20271230,2027-12-30,2027,4,Q4,12,December,Dec,2027-12,202712,2027-12-01,2027-12-31,30,5,Thursday,53,52,False
20271231,2027-12-31,2027,4,Q4,12,December,Dec,2027-12,202712,2027-12-01,2027-12-31,31,6,Friday,53,52,False
20280101,2028-01-01,2028,1,Q1,1,January,Jan,2028-01,202801,2028-01-01,2028-01-31,1,7,Saturday,1,52,True
20280102,2028-01-02,2028,1,Q1,1,January,Jan,2028-01,202801,2028-01-01,2028-01-31,2,1,Sunday,2,52,True
20280103,2028-01-03,2028,1,Q1,1,January,Jan,2028-01,202801,2028-01-01,2028-01-31,3,2,Monday,2,1,False
20280104,2028-01-04,2028,1,Q1,1,January,Jan,2028-01,202801,2028-01-01,2028-01-31,4,3,Tuesday,2,1,False
20280105,2028-01-05,2028,1,Q1,1,January,Jan,2028-01,202801,2028-01-01,2028-01-31,5,4,Wednesday,2,1,False
20280106,2028-01-06,2028,1,Q1,1,January,Jan,2028-01,202801,2028-01-01,2028-01-31,6,5,Thursday,2,1,False
20280107,2028-01-07,2028,1,Q1,1,January,Jan,2028-01,202801,2028-01-01,2028-01-31,7,6,Friday,2,1,False
20280108,2028-01-08,2028,1,Q1,1,January,Jan,2028-01,202801,2028-01-01,2028-01-31,8,7,Saturday,2,1,True
20280109,2028-01-09,2028,1,Q1,1,January,Jan,2028-01,202801,2028-01-01,2028-01-31,9,1,Sunday,3,1,True
20280110,2028-01-10,2028,1,Q1,1,January,Jan,2028-01,202801,2028-01-01,2028-01-31,10,2,Monday,3,2,False
20280111,2028-01-11,2028,1,Q1,1,January,Jan,2028-01,202801,2028-01-01,2028-01-31,11,3,Tuesday,3,2,False
20280112,2028-01-12,2028,1,Q1,1,January,Jan,2028-01,202801,2028-01-01,2028-01-31,12,4,Wednesday,3,2,False
20280113,2028-01-13,2028,1,Q1,1,January,Jan,2028-01,202801,2028-01-01,2028-01-31,13,5,Thursday,3,2,False
20280114,2028-01-14,2028,1,Q1,1,January,Jan,2028-01,202801,2028-01-01,2028-01-31,14,6,Friday,3,2,False
20280115,2028-01-15,2028,1,Q1,1,January,Jan,2028-01,202801,2028-01-01,2028-01-31,15,7,Saturday,3,2,True
20280116,2028-01-16,2028,1,Q1,1,January,Jan,2028-01,202801,2028-01-01,2028-01-31,16,1,Sunday,4,2,True
20280117,2028-01-17,2028,1,Q1,1,January,Jan,2028-01,202801,2028-01-01,2028-01-31,17,2,Monday,4,3,False
20280118,2028-01-18,2028,1,Q1,1,January,Jan,2028-01,202801,2028-01-01,2028-01-31,18,3,Tuesday,4,3,False
20280119,2028-01-19,2028,1,Q1,1,January,Jan,2028-01,202801,2028-01-01,2028-01-31,19,4,Wednesday,4,3,False
20280120,2028-01-20,2028,1,Q1,1,January,Jan,2028-01,202801,2028-01-01,2028-01-31,20,5,Thursday,4,3,False
20280121,2028-01-21,2028,1,Q1,1,January,Jan,2028-01,202801,2028-01-01,2028-01-31,21,6,Friday,4,3,False
20280122,2028-01-22,2028,1,Q1,1,January,Jan,2028-01,202801,2028-01-01,2028-01-31,22,7,Saturday,4,3,True
20280123,2028-01-23,2028,1,Q1,1,January,Jan,2028-01,202801,2028-01-01,2028-01-31,23,1,Sunday,5,3,True
20280124,2028-01-24,2028,1,Q1,1,January,Jan,2028-01,202801,2028-01-01,2028-01-31,24,2,Monday,5,4,False
20280125,2028-01-25,2028,1,Q1,1,January,Jan,2028-01,202801,2028-01-01,2028-01-31,25,3,Tuesday,5,4,False
20280126,2028-01-26,2028,1,Q1,1,January,Jan,2028-01,202801,2028-01-01,2028-01-31,26,4,Wednesday,5,4,False
20280127,2028-01-27,2028,1,Q1,1,January,Jan,2028-01,202801,2028-01-01,2028-01-31,27,5,Thursday,5,4,False
20280128,2028-01-28,2028,1,Q1,1,January,Jan,2028-01,202801,2028-01-01,2028-01-31,28,6,Friday,5,4,False
20280129,2028-01-29,2028,1,Q1,1,January,Jan,2028-01,202801,2028-01-01,2028-01-31,29,7,Saturday,5,4,True
20280130,2028-01-30,2028,1,Q1,1,January,Jan,2028-01,202801,2028-01-01,2028-01-31,30,1,Sunday,6,4,True
20280131,2028-01-31,2028,1,Q1,1,January,Jan,2028-01,202801,2028-01-01,2028-01-31,31,2,Monday,6,5,False
20280201,2028-02-01,2028,1,Q1,2,February,Feb,2028-02,202802,2028-02-01,2028-02-29,1,3,Tuesday,6,5,False
20280202,2028-02-02,2028,1,Q1,2,February,Feb,2028-02,202802,2028-02-01,2028-02-29,2,4,Wednesday,6,5,False
20280203,2028-02-03,2028,1,Q1,2,February,Feb,2028-02,202802,2028-02-01,2028-02-29,3,5,Thursday,6,5,False
20280204,2028-02-04,2028,1,Q1,2,February,Feb,2028-02,202802,2028-02-01,2028-02-29,4,6,Friday,6,5,False
20280205,2028-02-05,2028,1,Q1,2,February,Feb,2028-02,202802,2028-02-01,2028-02-29,5,7,Saturday,6,5,True
20280206,2028-02-06,2028,1,Q1,2,February,Feb,2028-02,202802,2028-02-01,2028-02-29,6,1,Sunday,7,5,True
20280207,2028-02-07,2028,1,Q1,2,February,Feb,2028-02,202802,2028-02-01,2028-02-29,7,2,Monday,7,6,False
20280208,2028-02-08,2028,1,Q1,2,February,Feb,2028-02,202802,2028-02-01,2028-02-29,8,3,Tuesday,7,6,False
20280209,2028-02-09,2028,1,Q1,2,February,Feb,2028-02,202802,2028-02-01,2028-02-29,9,4,Wednesday,7,6,False
20280210,2028-02-10,2028,1,Q1,2,February,Feb,2028-02,202802,2028-02-01,2028-02-29,10,5,Thursday,7,6,False
20280211,2028-02-11,2028,1,Q1,2,February,Feb,2028-02,202802,2028-02-01,2028-02-29,11,6,Friday,7,6,False
20280212,2028-02-12,2028,1,Q1,2,February,Feb,2028-02,202802,2028-02-01,2028-02-29,12,7,Saturday,7,6,True
20280213,2028-02-13,2028,1,Q1,2,February,Feb,2028-02,202802,2028-02-01,2028-02-29,13,1,Sunday,8,6,True
20280214,2028-02-14,2028,1,Q1,2,February,Feb,2028-02,202802,2028-02-01,2028-02-29,14,2,Monday,8,7,False
20280215,2028-02-15,2028,1,Q1,2,February,Feb,2028-02,202802,2028-02-01,2028-02-29,15,3,Tuesday,8,7,False
20280216,2028-02-16,2028,1,Q1,2,February,Feb,2028-02,202802,2028-02-01,2028-02-29,16,4,Wednesday,8,7,False
20280217,2028-02-17,2028,1,Q1,2,February,Feb,2028-02,202802,2028-02-01,2028-02-29,17,5,Thursday,8,7,False
20280218,2028-02-18,2028,1,Q1,2,February,Feb,2028-02,202802,2028-02-01,2028-02-29,18,6,Friday,8,7,False
20280219,2028-02-19,2028,1,Q1,2,February,Feb,2028-02,202802,2028-02-01,2028-02-29,19,7,Saturday,8,7,True
20280220,2028-02-20,2028,1,Q1,2,February,Feb,2028-02,202802,2028-02-01,2028-02-29,20,1,Sunday,9,7,True
20280221,2028-02-21,2028,1,Q1,2,February,Feb,2028-02,202802,2028-02-01,2028-02-29,21,2,Monday,9,8,False
20280222,2028-02-22,2028,1,Q1,2,February,Feb,2028-02,202802,2028-02-01,2028-02-29,22,3,Tuesday,9,8,False
20280223,2028-02-23,2028,1,Q1,2,February,Feb,2028-02,202802,2028-02-01,2028-02-29,23,4,Wednesday,9,8,False
20280224,2028-02-24,2028,1,Q1,2,February,Feb,2028-02,202802,2028-02-01,2028-02-29,24,5,Thursday,9,8,False
20280225,2028-02-25,2028,1,Q1,2,February,Feb,2028-02,202802,2028-02-01,2028-02-29,25,6,Friday,9,8,False
20280226,2028-02-26,2028,1,Q1,2,February,Feb,2028-02,202802,2028-02-01,2028-02-29,26,7,Saturday,9,8,True
20280227,2028-02-27,2028,1,Q1,2,February,Feb,2028-02,202802,2028-02-01,2028-02-29,27,1,Sunday,10,8,True
20280228,2028-02-28,2028,1,Q1,2,February,Feb,2028-02,202802,2028-02-01,2028-02-29,28,2,Monday,10,9,False
20280229,2028-02-29,2028,1,Q1,2,February,Feb,2028-02,202802,2028-02-01,2028-02-29,29,3,Tuesday,10,9,False
20280301,2028-03-01,2028,1,Q1,3,March,Mar,2028-03,202803,2028-03-01,2028-03-31,1,4,Wednesday,10,9,False
20280302,2028-03-02,2028,1,Q1,3,March,Mar,2028-03,202803,2028-03-01,2028-03-31,2,5,Thursday,10,9,False
20280303,2028-03-03,2028,1,Q1,3,March,Mar,2028-03,202803,2028-03-01,2028-03-31,3,6,Friday,10,9,False
20280304,2028-03-04,2028,1,Q1,3,March,Mar,2028-03,202803,2028-03-01,2028-03-31,4,7,Saturday,10,9,True
20280305,2028-03-05,2028,1,Q1,3,March,Mar,2028-03,202803,2028-03-01,2028-03-31,5,1,Sunday,11,9,True
20280306,2028-03-06,2028,1,Q1,3,March,Mar,2028-03,202803,2028-03-01,2028-03-31,6,2,Monday,11,10,False
20280307,2028-03-07,2028,1,Q1,3,March,Mar,2028-03,202803,2028-03-01,2028-03-31,7,3,Tuesday,11,10,False
20280308,2028-03-08,2028,1,Q1,3,March,Mar,2028-03,202803,2028-03-01,2028-03-31,8,4,Wednesday,11,10,False
20280309,2028-03-09,2028,1,Q1,3,March,Mar,2028-03,202803,2028-03-01,2028-03-31,9,5,Thursday,11,10,False
20280310,2028-03-10,2028,1,Q1,3,March,Mar,2028-03,202803,2028-03-01,2028-03-31,10,6,Friday,11,10,False
20280311,2028-03-11,2028,1,Q1,3,March,Mar,2028-03,202803,2028-03-01,2028-03-31,11,7,Saturday,11,10,True
20280312,2028-03-12,2028,1,Q1,3,March,Mar,2028-03,202803,2028-03-01,2028-03-31,12,1,Sunday,12,10,True
20280313,2028-03-13,2028,1,Q1,3,March,Mar,2028-03,202803,2028-03-01,2028-03-31,13,2,Monday,12,11,False
20280314,2028-03-14,2028,1,Q1,3,March,Mar,2028-03,202803,2028-03-01,2028-03-31,14,3,Tuesday,12,11,False
20280315,2028-03-15,2028,1,Q1,3,March,Mar,2028-03,202803,2028-03-01,2028-03-31,15,4,Wednesday,12,11,False
20280316,2028-03-16,2028,1,Q1,3,March,Mar,2028-03,202803,2028-03-01,2028-03-31,16,5,Thursday,12,11,False
20280317,2028-03-17,2028,1,Q1,3,March,Mar,2028-03,202803,2028-03-01,2028-03-31,17,6,Friday,12,11,False
20280318,2028-03-18,2028,1,Q1,3,March,Mar,2028-03,202803,2028-03-01,2028-03-31,18,7,Saturday,12,11,True
20280319,2028-03-19,2028,1,Q1,3,March,Mar,2028-03,202803,2028-03-01,2028-03-31,19,1,Sunday,13,11,True
20280320,2028-03-20,2028,1,Q1,3,March,Mar,2028-03,202803,2028-03-01,2028-03-31,20,2,Monday,13,12,False
20280321,2028-03-21,2028,1,Q1,3,March,Mar,2028-03,202803,2028-03-01,2028-03-31,21,3,Tuesday,13,12,False
20280322,2028-03-22,2028,1,Q1,3,March,Mar,2028-03,202803,2028-03-01,2028-03-31,22,4,Wednesday,13,12,False
20280323,2028-03-23,2028,1,Q1,3,March,Mar,2028-03,202803,2028-03-01,2028-03-31,23,5,Thursday,13,12,False
20280324,2028-03-24,2028,1,Q1,3,March,Mar,2028-03,202803,2028-03-01,2028-03-31,24,6,Friday,13,12,False
20280325,2028-03-25,2028,1,Q1,3,March,Mar,2028-03,202803,2028-03-01,2028-03-31,25,7,Saturday,13,12,True
20280326,2028-03-26,2028,1,Q1,3,March,Mar,2028-03,202803,2028-03-01,2028-03-31,26,1,Sunday,14,12,True
20280327,2028-03-27,2028,1,Q1,3,March,Mar,2028-03,202803,2028-03-01,2028-03-31,27,2,Monday,14,13,False
20280328,2028-03-28,2028,1,Q1,3,March,Mar,2028-03,202803,2028-03-01,2028-03-31,28,3,Tuesday,14,13,False
20280329,2028-03-29,2028,1,Q1,3,March,Mar,2028-03,202803,2028-03-01,2028-03-31,29,4,Wednesday,14,13,False
20280330,2028-03-30,2028,1,Q1,3,March,Mar,2028-03,202803,2028-03-01,2028-03-31,30,5,Thursday,14,13,False
20280331,2028-03-31,2028,1,Q1,3,March,Mar,2028-03,202803,2028-03-01,2028-03-31,31,6,Friday,14,13,False
20280401,2028-04-01,2028,2,Q2,4,April,Apr,2028-04,202804,2028-04-01,2028-04-30,1,7,Saturday,14,13,True
20280402,2028-04-02,2028,2,Q2,4,April,Apr,2028-04,202804,2028-04-01,2028-04-30,2,1,Sunday,15,13,True
20280403,2028-04-03,2028,2,Q2,4,April,Apr,2028-04,202804,2028-04-01,2028-04-30,3,2,Monday,15,14,False
20280404,2028-04-04,2028,2,Q2,4,April,Apr,2028-04,202804,2028-04-01,2028-04-30,4,3,Tuesday,15,14,False
20280405,2028-04-05,2028,2,Q2,4,April,Apr,2028-04,202804,2028-04-01,2028-04-30,5,4,Wednesday,15,14,False
20280406,2028-04-06,2028,2,Q2,4,April,Apr,2028-04,202804,2028-04-01,2028-04-30,6,5,Thursday,15,14,False
20280407,2028-04-07,2028,2,Q2,4,April,Apr,2028-04,202804,2028-04-01,2028-04-30,7,6,Friday,15,14,False
20280408,2028-04-08,2028,2,Q2,4,April,Apr,2028-04,202804,2028-04-01,2028-04-30,8,7,Saturday,15,14,True
20280409,2028-04-09,2028,2,Q2,4,April,Apr,2028-04,202804,2028-04-01,2028-04-30,9,1,Sunday,16,14,True
20280410,2028-04-10,2028,2,Q2,4,April,Apr,2028-04,202804,2028-04-01,2028-04-30,10,2,Monday,16,15,False
20280411,2028-04-11,2028,2,Q2,4,April,Apr,2028-04,202804,2028-04-01,2028-04-30,11,3,Tuesday,16,15,False
20280412,2028-04-12,2028,2,Q2,4,April,Apr,2028-04,202804,2028-04-01,2028-04-30,12,4,Wednesday,16,15,False
20280413,2028-04-13,2028,2,Q2,4,April,Apr,2028-04,202804,2028-04-01,2028-04-30,13,5,Thursday,16,15,False
20280414,2028-04-14,2028,2,Q2,4,April,Apr,2028-04,202804,2028-04-01,2028-04-30,14,6,Friday,16,15,False
20280415,2028-04-15,2028,2,Q2,4,April,Apr,2028-04,202804,2028-04-01,2028-04-30,15,7,Saturday,16,15,True
20280416,2028-04-16,2028,2,Q2,4,April,Apr,2028-04,202804,2028-04-01,2028-04-30,16,1,Sunday,17,15,True
20280417,2028-04-17,2028,2,Q2,4,April,Apr,2028-04,202804,2028-04-01,2028-04-30,17,2,Monday,17,16,False
20280418,2028-04-18,2028,2,Q2,4,April,Apr,2028-04,202804,2028-04-01,2028-04-30,18,3,Tuesday,17,16,False
20280419,2028-04-19,2028,2,Q2,4,April,Apr,2028-04,202804,2028-04-01,2028-04-30,19,4,Wednesday,17,16,False
20280420,2028-04-20,2028,2,Q2,4,April,Apr,2028-04,202804,2028-04-01,2028-04-30,20,5,Thursday,17,16,False
20280421,2028-04-21,2028,2,Q2,4,April,Apr,2028-04,202804,2028-04-01,2028-04-30,21,6,Friday,17,16,False
20280422,2028-04-22,2028,2,Q2,4,April,Apr,2028-04,202804,2028-04-01,2028-04-30,22,7,Saturday,17,16,True
20280423,2028-04-23,2028,2,Q2,4,April,Apr,2028-04,202804,2028-04-01,2028-04-30,23,1,Sunday,18,16,True
20280424,2028-04-24,2028,2,Q2,4,April,Apr,2028-04,202804,2028-04-01,2028-04-30,24,2,Monday,18,17,False
20280425,2028-04-25,2028,2,Q2,4,April,Apr,2028-04,202804,2028-04-01,2028-04-30,25,3,Tuesday,18,17,False
20280426,2028-04-26,2028,2,Q2,4,April,Apr,2028-04,202804,2028-04-01,2028-04-30,26,4,Wednesday,18,17,False
20280427,2028-04-27,2028,2,Q2,4,April,Apr,2028-04,202804,2028-04-01,2028-04-30,27,5,Thursday,18,17,False
20280428,2028-04-28,2028,2,Q2,4,April,Apr,2028-04,202804,2028-04-01,2028-04-30,28,6,Friday,18,17,False
20280429,2028-04-29,2028,2,Q2,4,April,Apr,2028-04,202804,2028-04-01,2028-04-30,29,7,Saturday,18,17,True
20280430,2028-04-30,2028,2,Q2,4,April,Apr,2028-04,202804,2028-04-01,2028-04-30,30,1,Sunday,19,17,True
20280501,2028-05-01,2028,2,Q2,5,May,May,2028-05,202805,2028-05-01,2028-05-31,1,2,Monday,19,18,False
20280502,2028-05-02,2028,2,Q2,5,May,May,2028-05,202805,2028-05-01,2028-05-31,2,3,Tuesday,19,18,False
20280503,2028-05-03,2028,2,Q2,5,May,May,2028-05,202805,2028-05-01,2028-05-31,3,4,Wednesday,19,18,False
20280504,2028-05-04,2028,2,Q2,5,May,May,2028-05,202805,2028-05-01,2028-05-31,4,5,Thursday,19,18,False
20280505,2028-05-05,2028,2,Q2,5,May,May,2028-05,202805,2028-05-01,2028-05-31,5,6,Friday,19,18,False
20280506,2028-05-06,2028,2,Q2,5,May,May,2028-05,202805,2028-05-01,2028-05-31,6,7,Saturday,19,18,True
20280507,2028-05-07,2028,2,Q2,5,May,May,2028-05,202805,2028-05-01,2028-05-31,7,1,Sunday,20,18,True
20280508,2028-05-08,2028,2,Q2,5,May,May,2028-05,202805,2028-05-01,2028-05-31,8,2,Monday,20,19,False
20280509,2028-05-09,2028,2,Q2,5,May,May,2028-05,202805,2028-05-01,2028-05-31,9,3,Tuesday,20,19,False
20280510,2028-05-10,2028,2,Q2,5,May,May,2028-05,202805,2028-05-01,2028-05-31,10,4,Wednesday,20,19,False
20280511,2028-05-11,2028,2,Q2,5,May,May,2028-05,202805,2028-05-01,2028-05-31,11,5,Thursday,20,19,False
20280512,2028-05-12,2028,2,Q2,5,May,May,2028-05,202805,2028-05-01,2028-05-31,12,6,Friday,20,19,False
20280513,2028-05-13,2028,2,Q2,5,May,May,2028-05,202805,2028-05-01,2028-05-31,13,7,Saturday,20,19,True
20280514,2028-05-14,2028,2,Q2,5,May,May,2028-05,202805,2028-05-01,2028-05-31,14,1,Sunday,21,19,True
20280515,2028-05-15,2028,2,Q2,5,May,May,2028-05,202805,2028-05-01,2028-05-31,15,2,Monday,21,20,False
20280516,2028-05-16,2028,2,Q2,5,May,May,2028-05,202805,2028-05-01,2028-05-31,16,3,Tuesday,21,20,False
20280517,2028-05-17,2028,2,Q2,5,May,May,2028-05,202805,2028-05-01,2028-05-31,17,4,Wednesday,21,20,False
20280518,2028-05-18,2028,2,Q2,5,May,May,2028-05,202805,2028-05-01,2028-05-31,18,5,Thursday,21,20,False
20280519,2028-05-19,2028,2,Q2,5,May,May,2028-05,202805,2028-05-01,2028-05-31,19,6,Friday,21,20,False
20280520,2028-05-20,2028,2,Q2,5,May,May,2028-05,202805,2028-05-01,2028-05-31,20,7,Saturday,21,20,True
20280521,2028-05-21,2028,2,Q2,5,May,May,2028-05,202805,2028-05-01,2028-05-31,21,1,Sunday,22,20,True
20280522,2028-05-22,2028,2,Q2,5,May,May,2028-05,202805,2028-05-01,2028-05-31,22,2,Monday,22,21,False
20280523,2028-05-23,2028,2,Q2,5,May,May,2028-05,202805,2028-05-01,2028-05-31,23,3,Tuesday,22,21,False
20280524,2028-05-24,2028,2,Q2,5,May,May,2028-05,202805,2028-05-01,2028-05-31,24,4,Wednesday,22,21,False
20280525,2028-05-25,2028,2,Q2,5,May,May,2028-05,202805,2028-05-01,2028-05-31,25,5,Thursday,22,21,False
20280526,2028-05-26,2028,2,Q2,5,May,May,2028-05,202805,2028-05-01,2028-05-31,26,6,Friday,22,21,False
20280527,2028-05-27,2028,2,Q2,5,May,May,2028-05,202805,2028-05-01,2028-05-31,27,7,Saturday,22,21,True
20280528,2028-05-28,2028,2,Q2,5,May,May,2028-05,202805,2028-05-01,2028-05-31,28,1,Sunday,23,21,True
20280529,2028-05-29,2028,2,Q2,5,May,May,2028-05,202805,2028-05-01,2028-05-31,29,2,Monday,23,22,False
20280530,2028-05-30,2028,2,Q2,5,May,May,2028-05,202805,2028-05-01,2028-05-31,30,3,Tuesday,23,22,False
20280531,2028-05-31,2028,2,Q2,5,May,May,2028-05,202805,2028-05-01,2028-05-31,31,4,Wednesday,23,22,False
20280601,2028-06-01,2028,2,Q2,6,June,Jun,2028-06,202806,2028-06-01,2028-06-30,1,5,Thursday,23,22,False
20280602,2028-06-02,2028,2,Q2,6,June,Jun,2028-06,202806,2028-06-01,2028-06-30,2,6,Friday,23,22,False
20280603,2028-06-03,2028,2,Q2,6,June,Jun,2028-06,202806,2028-06-01,2028-06-30,3,7,Saturday,23,22,True
20280604,2028-06-04,2028,2,Q2,6,June,Jun,2028-06,202806,2028-06-01,2028-06-30,4,1,Sunday,24,22,True
20280605,2028-06-05,2028,2,Q2,6,June,Jun,2028-06,202806,2028-06-01,2028-06-30,5,2,Monday,24,23,False
20280606,2028-06-06,2028,2,Q2,6,June,Jun,2028-06,202806,2028-06-01,2028-06-30,6,3,Tuesday,24,23,False
20280607,2028-06-07,2028,2,Q2,6,June,Jun,2028-06,202806,2028-06-01,2028-06-30,7,4,Wednesday,24,23,False
20280608,2028-06-08,2028,2,Q2,6,June,Jun,2028-06,202806,2028-06-01,2028-06-30,8,5,Thursday,24,23,False
20280609,2028-06-09,2028,2,Q2,6,June,Jun,2028-06,202806,2028-06-01,2028-06-30,9,6,Friday,24,23,False
20280610,2028-06-10,2028,2,Q2,6,June,Jun,2028-06,202806,2028-06-01,2028-06-30,10,7,Saturday,24,23,True
20280611,2028-06-11,2028,2,Q2,6,June,Jun,2028-06,202806,2028-06-01,2028-06-30,11,1,Sunday,25,23,True
20280612,2028-06-12,2028,2,Q2,6,June,Jun,2028-06,202806,2028-06-01,2028-06-30,12,2,Monday,25,24,False
20280613,2028-06-13,2028,2,Q2,6,June,Jun,2028-06,202806,2028-06-01,2028-06-30,13,3,Tuesday,25,24,False
20280614,2028-06-14,2028,2,Q2,6,June,Jun,2028-06,202806,2028-06-01,2028-06-30,14,4,Wednesday,25,24,False
20280615,2028-06-15,2028,2,Q2,6,June,Jun,2028-06,202806,2028-06-01,2028-06-30,15,5,Thursday,25,24,False
20280616,2028-06-16,2028,2,Q2,6,June,Jun,2028-06,202806,2028-06-01,2028-06-30,16,6,Friday,25,24,False
20280617,2028-06-17,2028,2,Q2,6,June,Jun,2028-06,202806,2028-06-01,2028-06-30,17,7,Saturday,25,24,True
20280618,2028-06-18,2028,2,Q2,6,June,Jun,2028-06,202806,2028-06-01,2028-06-30,18,1,Sunday,26,24,True
20280619,2028-06-19,2028,2,Q2,6,June,Jun,2028-06,202806,2028-06-01,2028-06-30,19,2,Monday,26,25,False
20280620,2028-06-20,2028,2,Q2,6,June,Jun,2028-06,202806,2028-06-01,2028-06-30,20,3,Tuesday,26,25,False
20280621,2028-06-21,2028,2,Q2,6,June,Jun,2028-06,202806,2028-06-01,2028-06-30,21,4,Wednesday,26,25,False
20280622,2028-06-22,2028,2,Q2,6,June,Jun,2028-06,202806,2028-06-01,2028-06-30,22,5,Thursday,26,25,False
20280623,2028-06-23,2028,2,Q2,6,June,Jun,2028-06,202806,2028-06-01,2028-06-30,23,6,Friday,26,25,False
20280624,2028-06-24,2028,2,Q2,6,June,Jun,2028-06,202806,2028-06-01,2028-06-30,24,7,Saturday,26,25,True
20280625,2028-06-25,2028,2,Q2,6,June,Jun,2028-06,202806,2028-06-01,2028-06-30,25,1,Sunday,27,25,True
20280626,2028-06-26,2028,2,Q2,6,June,Jun,2028-06,202806,2028-06-01,2028-06-30,26,2,Monday,27,26,False
20280627,2028-06-27,2028,2,Q2,6,June,Jun,2028-06,202806,2028-06-01,2028-06-30,27,3,Tuesday,27,26,False
20280628,2028-06-28,2028,2,Q2,6,June,Jun,2028-06,202806,2028-06-01,2028-06-30,28,4,Wednesday,27,26,False
20280629,2028-06-29,2028,2,Q2,6,June,Jun,2028-06,202806,2028-06-01,2028-06-30,29,5,Thursday,27,26,False
20280630,2028-06-30,2028,2,Q2,6,June,Jun,2028-06,202806,2028-06-01,2028-06-30,30,6,Friday,27,26,False
20280701,2028-07-01,2028,3,Q3,7,July,Jul,2028-07,202807,2028-07-01,2028-07-31,1,7,Saturday,27,26,True
20280702,2028-07-02,2028,3,Q3,7,July,Jul,2028-07,202807,2028-07-01,2028-07-31,2,1,Sunday,28,26,True
20280703,2028-07-03,2028,3,Q3,7,July,Jul,2028-07,202807,2028-07-01,2028-07-31,3,2,Monday,28,27,False
20280704,2028-07-04,2028,3,Q3,7,July,Jul,2028-07,202807,2028-07-01,2028-07-31,4,3,Tuesday,28,27,False
20280705,2028-07-05,2028,3,Q3,7,July,Jul,2028-07,202807,2028-07-01,2028-07-31,5,4,Wednesday,28,27,False
20280706,2028-07-06,2028,3,Q3,7,July,Jul,2028-07,202807,2028-07-01,2028-07-31,6,5,Thursday,28,27,False
20280707,2028-07-07,2028,3,Q3,7,July,Jul,2028-07,202807,2028-07-01,2028-07-31,7,6,Friday,28,27,False
20280708,2028-07-08,2028,3,Q3,7,July,Jul,2028-07,202807,2028-07-01,2028-07-31,8,7,Saturday,28,27,True
20280709,2028-07-09,2028,3,Q3,7,July,Jul,2028-07,202807,2028-07-01,2028-07-31,9,1,Sunday,29,27,True
20280710,2028-07-10,2028,3,Q3,7,July,Jul,2028-07,202807,2028-07-01,2028-07-31,10,2,Monday,29,28,False
20280711,2028-07-11,2028,3,Q3,7,July,Jul,2028-07,202807,2028-07-01,2028-07-31,11,3,Tuesday,29,28,False
20280712,2028-07-12,2028,3,Q3,7,July,Jul,2028-07,202807,2028-07-01,2028-07-31,12,4,Wednesday,29,28,False
20280713,2028-07-13,2028,3,Q3,7,July,Jul,2028-07,202807,2028-07-01,2028-07-31,13,5,Thursday,29,28,False
20280714,2028-07-14,2028,3,Q3,7,July,Jul,2028-07,202807,2028-07-01,2028-07-31,14,6,Friday,29,28,False
20280715,2028-07-15,2028,3,Q3,7,July,Jul,2028-07,202807,2028-07-01,2028-07-31,15,7,Saturday,29,28,True
20280716,2028-07-16,2028,3,Q3,7,July,Jul,2028-07,202807,2028-07-01,2028-07-31,16,1,Sunday,30,28,True
20280717,2028-07-17,2028,3,Q3,7,July,Jul,2028-07,202807,2028-07-01,2028-07-31,17,2,Monday,30,29,False
20280718,2028-07-18,2028,3,Q3,7,July,Jul,2028-07,202807,2028-07-01,2028-07-31,18,3,Tuesday,30,29,False
20280719,2028-07-19,2028,3,Q3,7,July,Jul,2028-07,202807,2028-07-01,2028-07-31,19,4,Wednesday,30,29,False
20280720,2028-07-20,2028,3,Q3,7,July,Jul,2028-07,202807,2028-07-01,2028-07-31,20,5,Thursday,30,29,False
20280721,2028-07-21,2028,3,Q3,7,July,Jul,2028-07,202807,2028-07-01,2028-07-31,21,6,Friday,30,29,False
20280722,2028-07-22,2028,3,Q3,7,July,Jul,2028-07,202807,2028-07-01,2028-07-31,22,7,Saturday,30,29,True
20280723,2028-07-23,2028,3,Q3,7,July,Jul,2028-07,202807,2028-07-01,2028-07-31,23,1,Sunday,31,29,True
20280724,2028-07-24,2028,3,Q3,7,July,Jul,2028-07,202807,2028-07-01,2028-07-31,24,2,Monday,31,30,False
20280725,2028-07-25,2028,3,Q3,7,July,Jul,2028-07,202807,2028-07-01,2028-07-31,25,3,Tuesday,31,30,False
20280726,2028-07-26,2028,3,Q3,7,July,Jul,2028-07,202807,2028-07-01,2028-07-31,26,4,Wednesday,31,30,False
20280727,2028-07-27,2028,3,Q3,7,July,Jul,2028-07,202807,2028-07-01,2028-07-31,27,5,Thursday,31,30,False
20280728,2028-07-28,2028,3,Q3,7,July,Jul,2028-07,202807,2028-07-01,2028-07-31,28,6,Friday,31,30,False
20280729,2028-07-29,2028,3,Q3,7,July,Jul,2028-07,202807,2028-07-01,2028-07-31,29,7,Saturday,31,30,True
20280730,2028-07-30,2028,3,Q3,7,July,Jul,2028-07,202807,2028-07-01,2028-07-31,30,1,Sunday,32,30,True
20280731,2028-07-31,2028,3,Q3,7,July,Jul,2028-07,202807,2028-07-01,2028-07-31,31,2,Monday,32,31,False
20280801,2028-08-01,2028,3,Q3,8,August,Aug,2028-08,202808,2028-08-01,2028-08-31,1,3,Tuesday,32,31,False
20280802,2028-08-02,2028,3,Q3,8,August,Aug,2028-08,202808,2028-08-01,2028-08-31,2,4,Wednesday,32,31,False
20280803,2028-08-03,2028,3,Q3,8,August,Aug,2028-08,202808,2028-08-01,2028-08-31,3,5,Thursday,32,31,False
20280804,2028-08-04,2028,3,Q3,8,August,Aug,2028-08,202808,2028-08-01,2028-08-31,4,6,Friday,32,31,False
20280805,2028-08-05,2028,3,Q3,8,August,Aug,2028-08,202808,2028-08-01,2028-08-31,5,7,Saturday,32,31,True
20280806,2028-08-06,2028,3,Q3,8,August,Aug,2028-08,202808,2028-08-01,2028-08-31,6,1,Sunday,33,31,True
20280807,2028-08-07,2028,3,Q3,8,August,Aug,2028-08,202808,2028-08-01,2028-08-31,7,2,Monday,33,32,False
20280808,2028-08-08,2028,3,Q3,8,August,Aug,2028-08,202808,2028-08-01,2028-08-31,8,3,Tuesday,33,32,False
20280809,2028-08-09,2028,3,Q3,8,August,Aug,2028-08,202808,2028-08-01,2028-08-31,9,4,Wednesday,33,32,False
20280810,2028-08-10,2028,3,Q3,8,August,Aug,2028-08,202808,2028-08-01,2028-08-31,10,5,Thursday,33,32,False
20280811,2028-08-11,2028,3,Q3,8,August,Aug,2028-08,202808,2028-08-01,2028-08-31,11,6,Friday,33,32,False
20280812,2028-08-12,2028,3,Q3,8,August,Aug,2028-08,202808,2028-08-01,2028-08-31,12,7,Saturday,33,32,True
20280813,2028-08-13,2028,3,Q3,8,August,Aug,2028-08,202808,2028-08-01,2028-08-31,13,1,Sunday,34,32,True
20280814,2028-08-14,2028,3,Q3,8,August,Aug,2028-08,202808,2028-08-01,2028-08-31,14,2,Monday,34,33,False
20280815,2028-08-15,2028,3,Q3,8,August,Aug,2028-08,202808,2028-08-01,2028-08-31,15,3,Tuesday,34,33,False
20280816,2028-08-16,2028,3,Q3,8,August,Aug,2028-08,202808,2028-08-01,2028-08-31,16,4,Wednesday,34,33,False
20280817,2028-08-17,2028,3,Q3,8,August,Aug,2028-08,202808,2028-08-01,2028-08-31,17,5,Thursday,34,33,False
20280818,2028-08-18,2028,3,Q3,8,August,Aug,2028-08,202808,2028-08-01,2028-08-31,18,6,Friday,34,33,False
20280819,2028-08-19,2028,3,Q3,8,August,Aug,2028-08,202808,2028-08-01,2028-08-31,19,7,Saturday,34,33,True
20280820,2028-08-20,2028,3,Q3,8,August,Aug,2028-08,202808,2028-08-01,2028-08-31,20,1,Sunday,35,33,True
20280821,2028-08-21,2028,3,Q3,8,August,Aug,2028-08,202808,2028-08-01,2028-08-31,21,2,Monday,35,34,False
20280822,2028-08-22,2028,3,Q3,8,August,Aug,2028-08,202808,2028-08-01,2028-08-31,22,3,Tuesday,35,34,False
20280823,2028-08-23,2028,3,Q3,8,August,Aug,2028-08,202808,2028-08-01,2028-08-31,23,4,Wednesday,35,34,False
20280824,2028-08-24,2028,3,Q3,8,August,Aug,2028-08,202808,2028-08-01,2028-08-31,24,5,Thursday,35,34,False
20280825,2028-08-25,2028,3,Q3,8,August,Aug,2028-08,202808,2028-08-01,2028-08-31,25,6,Friday,35,34,False
20280826,2028-08-26,2028,3,Q3,8,August,Aug,2028-08,202808,2028-08-01,2028-08-31,26,7,Saturday,35,34,True
20280827,2028-08-27,2028,3,Q3,8,August,Aug,2028-08,202808,2028-08-01,2028-08-31,27,1,Sunday,36,34,True
20280828,2028-08-28,2028,3,Q3,8,August,Aug,2028-08,202808,2028-08-01,2028-08-31,28,2,Monday,36,35,False
20280829,2028-08-29,2028,3,Q3,8,August,Aug,2028-08,202808,2028-08-01,2028-08-31,29,3,Tuesday,36,35,False
20280830,2028-08-30,2028,3,Q3,8,August,Aug,2028-08,202808,2028-08-01,2028-08-31,30,4,Wednesday,36,35,False
20280831,2028-08-31,2028,3,Q3,8,August,Aug,2028-08,202808,2028-08-01,2028-08-31,31,5,Thursday,36,35,False
20280901,2028-09-01,2028,3,Q3,9,September,Sep,2028-09,202809,2028-09-01,2028-09-30,1,6,Friday,36,35,False
20280902,2028-09-02,2028,3,Q3,9,September,Sep,2028-09,202809,2028-09-01,2028-09-30,2,7,Saturday,36,35,True
20280903,2028-09-03,2028,3,Q3,9,September,Sep,2028-09,202809,2028-09-01,2028-09-30,3,1,Sunday,37,35,True
20280904,2028-09-04,2028,3,Q3,9,September,Sep,2028-09,202809,2028-09-01,2028-09-30,4,2,Monday,37,36,False
20280905,2028-09-05,2028,3,Q3,9,September,Sep,2028-09,202809,2028-09-01,2028-09-30,5,3,Tuesday,37,36,False
20280906,2028-09-06,2028,3,Q3,9,September,Sep,2028-09,202809,2028-09-01,2028-09-30,6,4,Wednesday,37,36,False
20280907,2028-09-07,2028,3,Q3,9,September,Sep,2028-09,202809,2028-09-01,2028-09-30,7,5,Thursday,37,36,False
20280908,2028-09-08,2028,3,Q3,9,September,Sep,2028-09,202809,2028-09-01,2028-09-30,8,6,Friday,37,36,False
20280909,2028-09-09,2028,3,Q3,9,September,Sep,2028-09,202809,2028-09-01,2028-09-30,9,7,Saturday,37,36,True
20280910,2028-09-10,2028,3,Q3,9,September,Sep,2028-09,202809,2028-09-01,2028-09-30,10,1,Sunday,38,36,True
20280911,2028-09-11,2028,3,Q3,9,September,Sep,2028-09,202809,2028-09-01,2028-09-30,11,2,Monday,38,37,False
20280912,2028-09-12,2028,3,Q3,9,September,Sep,2028-09,202809,2028-09-01,2028-09-30,12,3,Tuesday,38,37,False
20280913,2028-09-13,2028,3,Q3,9,September,Sep,2028-09,202809,2028-09-01,2028-09-30,13,4,Wednesday,38,37,False
20280914,2028-09-14,2028,3,Q3,9,September,Sep,2028-09,202809,2028-09-01,2028-09-30,14,5,Thursday,38,37,False
20280915,2028-09-15,2028,3,Q3,9,September,Sep,2028-09,202809,2028-09-01,2028-09-30,15,6,Friday,38,37,False
20280916,2028-09-16,2028,3,Q3,9,September,Sep,2028-09,202809,2028-09-01,2028-09-30,16,7,Saturday,38,37,True
20280917,2028-09-17,2028,3,Q3,9,September,Sep,2028-09,202809,2028-09-01,2028-09-30,17,1,Sunday,39,37,True
20280918,2028-09-18,2028,3,Q3,9,September,Sep,2028-09,202809,2028-09-01,2028-09-30,18,2,Monday,39,38,False
20280919,2028-09-19,2028,3,Q3,9,September,Sep,2028-09,202809,2028-09-01,2028-09-30,19,3,Tuesday,39,38,False
20280920,2028-09-20,2028,3,Q3,9,September,Sep,2028-09,202809,2028-09-01,2028-09-30,20,4,Wednesday,39,38,False
20280921,2028-09-21,2028,3,Q3,9,September,Sep,2028-09,202809,2028-09-01,2028-09-30,21,5,Thursday,39,38,False
20280922,2028-09-22,2028,3,Q3,9,September,Sep,2028-09,202809,2028-09-01,2028-09-30,22,6,Friday,39,38,False
20280923,2028-09-23,2028,3,Q3,9,September,Sep,2028-09,202809,2028-09-01,2028-09-30,23,7,Saturday,39,38,True
20280924,2028-09-24,2028,3,Q3,9,September,Sep,2028-09,202809,2028-09-01,2028-09-30,24,1,Sunday,40,38,True
20280925,2028-09-25,2028,3,Q3,9,September,Sep,2028-09,202809,2028-09-01,2028-09-30,25,2,Monday,40,39,False
20280926,2028-09-26,2028,3,Q3,9,September,Sep,2028-09,202809,2028-09-01,2028-09-30,26,3,Tuesday,40,39,False
20280927,2028-09-27,2028,3,Q3,9,September,Sep,2028-09,202809,2028-09-01,2028-09-30,27,4,Wednesday,40,39,False
20280928,2028-09-28,2028,3,Q3,9,September,Sep,2028-09,202809,2028-09-01,2028-09-30,28,5,Thursday,40,39,False
20280929,2028-09-29,2028,3,Q3,9,September,Sep,2028-09,202809,2028-09-01,2028-09-30,29,6,Friday,40,39,False
20280930,2028-09-30,2028,3,Q3,9,September,Sep,2028-09,202809,2028-09-01,2028-09-30,30,7,Saturday,40,39,True
20281001,2028-10-01,2028,4,Q4,10,October,Oct,2028-10,202810,2028-10-01,2028-10-31,1,1,Sunday,41,39,True
20281002,2028-10-02,2028,4,Q4,10,October,Oct,2028-10,202810,2028-10-01,2028-10-31,2,2,Monday,41,40,False
20281003,2028-10-03,2028,4,Q4,10,October,Oct,2028-10,202810,2028-10-01,2028-10-31,3,3,Tuesday,41,40,False
20281004,2028-10-04,2028,4,Q4,10,October,Oct,2028-10,202810,2028-10-01,2028-10-31,4,4,Wednesday,41,40,False
20281005,2028-10-05,2028,4,Q4,10,October,Oct,2028-10,202810,2028-10-01,2028-10-31,5,5,Thursday,41,40,False
20281006,2028-10-06,2028,4,Q4,10,October,Oct,2028-10,202810,2028-10-01,2028-10-31,6,6,Friday,41,40,False
20281007,2028-10-07,2028,4,Q4,10,October,Oct,2028-10,202810,2028-10-01,2028-10-31,7,7,Saturday,41,40,True
20281008,2028-10-08,2028,4,Q4,10,October,Oct,2028-10,202810,2028-10-01,2028-10-31,8,1,Sunday,42,40,True
20281009,2028-10-09,2028,4,Q4,10,October,Oct,2028-10,202810,2028-10-01,2028-10-31,9,2,Monday,42,41,False
20281010,2028-10-10,2028,4,Q4,10,October,Oct,2028-10,202810,2028-10-01,2028-10-31,10,3,Tuesday,42,41,False
20281011,2028-10-11,2028,4,Q4,10,October,Oct,2028-10,202810,2028-10-01,2028-10-31,11,4,Wednesday,42,41,False
20281012,2028-10-12,2028,4,Q4,10,October,Oct,2028-10,202810,2028-10-01,2028-10-31,12,5,Thursday,42,41,False
20281013,2028-10-13,2028,4,Q4,10,October,Oct,2028-10,202810,2028-10-01,2028-10-31,13,6,Friday,42,41,False
20281014,2028-10-14,2028,4,Q4,10,October,Oct,2028-10,202810,2028-10-01,2028-10-31,14,7,Saturday,42,41,True
20281015,2028-10-15,2028,4,Q4,10,October,Oct,2028-10,202810,2028-10-01,2028-10-31,15,1,Sunday,43,41,True
20281016,2028-10-16,2028,4,Q4,10,October,Oct,2028-10,202810,2028-10-01,2028-10-31,16,2,Monday,43,42,False
20281017,2028-10-17,2028,4,Q4,10,October,Oct,2028-10,202810,2028-10-01,2028-10-31,17,3,Tuesday,43,42,False
20281018,2028-10-18,2028,4,Q4,10,October,Oct,2028-10,202810,2028-10-01,2028-10-31,18,4,Wednesday,43,42,False
20281019,2028-10-19,2028,4,Q4,10,October,Oct,2028-10,202810,2028-10-01,2028-10-31,19,5,Thursday,43,42,False
20281020,2028-10-20,2028,4,Q4,10,October,Oct,2028-10,202810,2028-10-01,2028-10-31,20,6,Friday,43,42,False
20281021,2028-10-21,2028,4,Q4,10,October,Oct,2028-10,202810,2028-10-01,2028-10-31,21,7,Saturday,43,42,True
20281022,2028-10-22,2028,4,Q4,10,October,Oct,2028-10,202810,2028-10-01,2028-10-31,22,1,Sunday,44,42,True
20281023,2028-10-23,2028,4,Q4,10,October,Oct,2028-10,202810,2028-10-01,2028-10-31,23,2,Monday,44,43,False
20281024,2028-10-24,2028,4,Q4,10,October,Oct,2028-10,202810,2028-10-01,2028-10-31,24,3,Tuesday,44,43,False
20281025,2028-10-25,2028,4,Q4,10,October,Oct,2028-10,202810,2028-10-01,2028-10-31,25,4,Wednesday,44,43,False
20281026,2028-10-26,2028,4,Q4,10,October,Oct,2028-10,202810,2028-10-01,2028-10-31,26,5,Thursday,44,43,False
20281027,2028-10-27,2028,4,Q4,10,October,Oct,2028-10,202810,2028-10-01,2028-10-31,27,6,Friday,44,43,False
20281028,2028-10-28,2028,4,Q4,10,October,Oct,2028-10,202810,2028-10-01,2028-10-31,28,7,Saturday,44,43,True
20281029,2028-10-29,2028,4,Q4,10,October,Oct,2028-10,202810,2028-10-01,2028-10-31,29,1,Sunday,45,43,True
20281030,2028-10-30,2028,4,Q4,10,October,Oct,2028-10,202810,2028-10-01,2028-10-31,30,2,Monday,45,44,False
20281031,2028-10-31,2028,4,Q4,10,October,Oct,2028-10,202810,2028-10-01,2028-10-31,31,3,Tuesday,45,44,False
20281101,2028-11-01,2028,4,Q4,11,November,Nov,2028-11,202811,2028-11-01,2028-11-30,1,4,Wednesday,45,44,False
20281102,2028-11-02,2028,4,Q4,11,November,Nov,2028-11,202811,2028-11-01,2028-11-30,2,5,Thursday,45,44,False
20281103,2028-11-03,2028,4,Q4,11,November,Nov,2028-11,202811,2028-11-01,2028-11-30,3,6,Friday,45,44,False
20281104,2028-11-04,2028,4,Q4,11,November,Nov,2028-11,202811,2028-11-01,2028-11-30,4,7,Saturday,45,44,True
20281105,2028-11-05,2028,4,Q4,11,November,Nov,2028-11,202811,2028-11-01,2028-11-30,5,1,Sunday,46,44,True
20281106,2028-11-06,2028,4,Q4,11,November,Nov,2028-11,202811,2028-11-01,2028-11-30,6,2,Monday,46,45,False
20281107,2028-11-07,2028,4,Q4,11,November,Nov,2028-11,202811,2028-11-01,2028-11-30,7,3,Tuesday,46,45,False
20281108,2028-11-08,2028,4,Q4,11,November,Nov,2028-11,202811,2028-11-01,2028-11-30,8,4,Wednesday,46,45,False
20281109,2028-11-09,2028,4,Q4,11,November,Nov,2028-11,202811,2028-11-01,2028-11-30,9,5,Thursday,46,45,False
20281110,2028-11-10,2028,4,Q4,11,November,Nov,2028-11,202811,2028-11-01,2028-11-30,10,6,Friday,46,45,False
20281111,2028-11-11,2028,4,Q4,11,November,Nov,2028-11,202811,2028-11-01,2028-11-30,11,7,Saturday,46,45,True
20281112,2028-11-12,2028,4,Q4,11,November,Nov,2028-11,202811,2028-11-01,2028-11-30,12,1,Sunday,47,45,True
20281113,2028-11-13,2028,4,Q4,11,November,Nov,2028-11,202811,2028-11-01,2028-11-30,13,2,Monday,47,46,False
20281114,2028-11-14,2028,4,Q4,11,November,Nov,2028-11,202811,2028-11-01,2028-11-30,14,3,Tuesday,47,46,False
20281115,2028-11-15,2028,4,Q4,11,November,Nov,2028-11,202811,2028-11-01,2028-11-30,15,4,Wednesday,47,46,False
20281116,2028-11-16,2028,4,Q4,11,November,Nov,2028-11,202811,2028-11-01,2028-11-30,16,5,Thursday,47,46,False
20281117,2028-11-17,2028,4,Q4,11,November,Nov,2028-11,202811,2028-11-01,2028-11-30,17,6,Friday,47,46,False
20281118,2028-11-18,2028,4,Q4,11,November,Nov,2028-11,202811,2028-11-01,2028-11-30,18,7,Saturday,47,46,True
20281119,2028-11-19,2028,4,Q4,11,November,Nov,2028-11,202811,2028-11-01,2028-11-30,19,1,Sunday,48,46,True
20281120,2028-11-20,2028,4,Q4,11,November,Nov,2028-11,202811,2028-11-01,2028-11-30,20,2,Monday,48,47,False
20281121,2028-11-21,2028,4,Q4,11,November,Nov,2028-11,202811,2028-11-01,2028-11-30,21,3,Tuesday,48,47,False
20281122,2028-11-22,2028,4,Q4,11,November,Nov,2028-11,202811,2028-11-01,2028-11-30,22,4,Wednesday,48,47,False
20281123,2028-11-23,2028,4,Q4,11,November,Nov,2028-11,202811,2028-11-01,2028-11-30,23,5,Thursday,48,47,False
20281124,2028-11-24,2028,4,Q4,11,November,Nov,2028-11,202811,2028-11-01,2028-11-30,24,6,Friday,48,47,False
20281125,2028-11-25,2028,4,Q4,11,November,Nov,2028-11,202811,2028-11-01,2028-11-30,25,7,Saturday,48,47,True
20281126,2028-11-26,2028,4,Q4,11,November,Nov,2028-11,202811,2028-11-01,2028-11-30,26,1,Sunday,49,47,True
20281127,2028-11-27,2028,4,Q4,11,November,Nov,2028-11,202811,2028-11-01,2028-11-30,27,2,Monday,49,48,False
20281128,2028-11-28,2028,4,Q4,11,November,Nov,2028-11,202811,2028-11-01,2028-11-30,28,3,Tuesday,49,48,False
20281129,2028-11-29,2028,4,Q4,11,November,Nov,2028-11,202811,2028-11-01,2028-11-30,29,4,Wednesday,49,48,False
20281130,2028-11-30,2028,4,Q4,11,November,Nov,2028-11,202811,2028-11-01,2028-11-30,30,5,Thursday,49,48,False
20281201,2028-12-01,2028,4,Q4,12,December,Dec,2028-12,202812,2028-12-01,2028-12-31,1,6,Friday,49,48,False
20281202,2028-12-02,2028,4,Q4,12,December,Dec,2028-12,202812,2028-12-01,2028-12-31,2,7,Saturday,49,48,True
20281203,2028-12-03,2028,4,Q4,12,December,Dec,2028-12,202812,2028-12-01,2028-12-31,3,1,Sunday,50,48,True
20281204,2028-12-04,2028,4,Q4,12,December,Dec,2028-12,202812,2028-12-01,2028-12-31,4,2,Monday,50,49,False
20281205,2028-12-05,2028,4,Q4,12,December,Dec,2028-12,202812,2028-12-01,2028-12-31,5,3,Tuesday,50,49,False
20281206,2028-12-06,2028,4,Q4,12,December,Dec,2028-12,202812,2028-12-01,2028-12-31,6,4,Wednesday,50,49,False
20281207,2028-12-07,2028,4,Q4,12,December,Dec,2028-12,202812,2028-12-01,2028-12-31,7,5,Thursday,50,49,False
20281208,2028-12-08,2028,4,Q4,12,December,Dec,2028-12,202812,2028-12-01,2028-12-31,8,6,Friday,50,49,False
20281209,2028-12-09,2028,4,Q4,12,December,Dec,2028-12,202812,2028-12-01,2028-12-31,9,7,Saturday,50,49,True
20281210,2028-12-10,2028,4,Q4,12,December,Dec,2028-12,202812,2028-12-01,2028-12-31,10,1,Sunday,51,49,True
20281211,2028-12-11,2028,4,Q4,12,December,Dec,2028-12,202812,2028-12-01,2028-12-31,11,2,Monday,51,50,False
20281212,2028-12-12,2028,4,Q4,12,December,Dec,2028-12,202812,2028-12-01,2028-12-31,12,3,Tuesday,51,50,False
20281213,2028-12-13,2028,4,Q4,12,December,Dec,2028-12,202812,2028-12-01,2028-12-31,13,4,Wednesday,51,50,False
20281214,2028-12-14,2028,4,Q4,12,December,Dec,2028-12,202812,2028-12-01,2028-12-31,14,5,Thursday,51,50,False
20281215,2028-12-15,2028,4,Q4,12,December,Dec,2028-12,202812,2028-12-01,2028-12-31,15,6,Friday,51,50,False
20281216,2028-12-16,2028,4,Q4,12,December,Dec,2028-12,202812,2028-12-01,2028-12-31,16,7,Saturday,51,50,True
20281217,2028-12-17,2028,4,Q4,12,December,Dec,2028-12,202812,2028-12-01,2028-12-31,17,1,Sunday,52,50,True
20281218,2028-12-18,2028,4,Q4,12,December,Dec,2028-12,202812,2028-12-01,2028-12-31,18,2,Monday,52,51,False
20281219,2028-12-19,2028,4,Q4,12,December,Dec,2028-12,202812,2028-12-01,2028-12-31,19,3,Tuesday,52,51,False
20281220,2028-12-20,2028,4,Q4,12,December,Dec,2028-12,202812,2028-12-01,2028-12-31,20,4,Wednesday,52,51,False
20281221,2028-12-21,2028,4,Q4,12,December,Dec,2028-12,202812,2028-12-01,2028-12-31,21,5,Thursday,52,51,False
20281222,2028-12-22,2028,4,Q4,12,December,Dec,2028-12,202812,2028-12-01,2028-12-31,22,6,Friday,52,51,False
20281223,2028-12-23,2028,4,Q4,12,December,Dec,2028-12,202812,2028-12-01,2028-12-31,23,7,Saturday,52,51,True
20281224,2028-12-24,2028,4,Q4,12,December,Dec,2028-12,202812,2028-12-01,2028-12-31,24,1,Sunday,53,51,True
20281225,2028-12-25,2028,4,Q4,12,December,Dec,2028-12,202812,2028-12-01,2028-12-31,25,2,Monday,53,52,False
20281226,2028-12-26,2028,4,Q4,12,December,Dec,2028-12,202812,2028-12-01,2028-12-31,26,3,Tuesday,53,52,False
20281227,2028-12-27,2028,4,Q4,12,December,Dec,2028-12,202812,2028-12-01,2028-12-31,27,4,Wednesday,53,52,False
20281228,2028-12-28,2028,4,Q4,12,December,Dec,2028-12,202812,2028-12-01,2028-12-31,28,5,Thursday,53,52,False
20281229,2028-12-29,2028,4,Q4,12,December,Dec,2028-12,202812,2028-12-01,2028-12-31,29,6,Friday,53,52,False
20281230,2028-12-30,2028,4,Q4,12,December,Dec,2028-12,202812,2028-12-01,2028-12-31,30,7,Saturday,53,52,True
20281231,2028-12-31,2028,4,Q4,12,December,Dec,2028-12,202812,2028-12-01,2028-12-31,31,1,Sunday,54,52,True
20290101,2029-01-01,2029,1,Q1,1,January,Jan,2029-01,202901,2029-01-01,2029-01-31,1,2,Monday,1,1,False
20290102,2029-01-02,2029,1,Q1,1,January,Jan,2029-01,202901,2029-01-01,2029-01-31,2,3,Tuesday,1,1,False
20290103,2029-01-03,2029,1,Q1,1,January,Jan,2029-01,202901,2029-01-01,2029-01-31,3,4,Wednesday,1,1,False
20290104,2029-01-04,2029,1,Q1,1,January,Jan,2029-01,202901,2029-01-01,2029-01-31,4,5,Thursday,1,1,False
20290105,2029-01-05,2029,1,Q1,1,January,Jan,2029-01,202901,2029-01-01,2029-01-31,5,6,Friday,1,1,False
20290106,2029-01-06,2029,1,Q1,1,January,Jan,2029-01,202901,2029-01-01,2029-01-31,6,7,Saturday,1,1,True
20290107,2029-01-07,2029,1,Q1,1,January,Jan,2029-01,202901,2029-01-01,2029-01-31,7,1,Sunday,2,1,True
20290108,2029-01-08,2029,1,Q1,1,January,Jan,2029-01,202901,2029-01-01,2029-01-31,8,2,Monday,2,2,False
20290109,2029-01-09,2029,1,Q1,1,January,Jan,2029-01,202901,2029-01-01,2029-01-31,9,3,Tuesday,2,2,False
20290110,2029-01-10,2029,1,Q1,1,January,Jan,2029-01,202901,2029-01-01,2029-01-31,10,4,Wednesday,2,2,False
20290111,2029-01-11,2029,1,Q1,1,January,Jan,2029-01,202901,2029-01-01,2029-01-31,11,5,Thursday,2,2,False
20290112,2029-01-12,2029,1,Q1,1,January,Jan,2029-01,202901,2029-01-01,2029-01-31,12,6,Friday,2,2,False
20290113,2029-01-13,2029,1,Q1,1,January,Jan,2029-01,202901,2029-01-01,2029-01-31,13,7,Saturday,2,2,True
20290114,2029-01-14,2029,1,Q1,1,January,Jan,2029-01,202901,2029-01-01,2029-01-31,14,1,Sunday,3,2,True
20290115,2029-01-15,2029,1,Q1,1,January,Jan,2029-01,202901,2029-01-01,2029-01-31,15,2,Monday,3,3,False
20290116,2029-01-16,2029,1,Q1,1,January,Jan,2029-01,202901,2029-01-01,2029-01-31,16,3,Tuesday,3,3,False
20290117,2029-01-17,2029,1,Q1,1,January,Jan,2029-01,202901,2029-01-01,2029-01-31,17,4,Wednesday,3,3,False
20290118,2029-01-18,2029,1,Q1,1,January,Jan,2029-01,202901,2029-01-01,2029-01-31,18,5,Thursday,3,3,False
20290119,2029-01-19,2029,1,Q1,1,January,Jan,2029-01,202901,2029-01-01,2029-01-31,19,6,Friday,3,3,False
20290120,2029-01-20,2029,1,Q1,1,January,Jan,2029-01,202901,2029-01-01,2029-01-31,20,7,Saturday,3,3,True
20290121,2029-01-21,2029,1,Q1,1,January,Jan,2029-01,202901,2029-01-01,2029-01-31,21,1,Sunday,4,3,True
20290122,2029-01-22,2029,1,Q1,1,January,Jan,2029-01,202901,2029-01-01,2029-01-31,22,2,Monday,4,4,False
20290123,2029-01-23,2029,1,Q1,1,January,Jan,2029-01,202901,2029-01-01,2029-01-31,23,3,Tuesday,4,4,False
20290124,2029-01-24,2029,1,Q1,1,January,Jan,2029-01,202901,2029-01-01,2029-01-31,24,4,Wednesday,4,4,False
20290125,2029-01-25,2029,1,Q1,1,January,Jan,2029-01,202901,2029-01-01,2029-01-31,25,5,Thursday,4,4,False
20290126,2029-01-26,2029,1,Q1,1,January,Jan,2029-01,202901,2029-01-01,2029-01-31,26,6,Friday,4,4,False
20290127,2029-01-27,2029,1,Q1,1,January,Jan,2029-01,202901,2029-01-01,2029-01-31,27,7,Saturday,4,4,True
20290128,2029-01-28,2029,1,Q1,1,January,Jan,2029-01,202901,2029-01-01,2029-01-31,28,1,Sunday,5,4,True
20290129,2029-01-29,2029,1,Q1,1,January,Jan,2029-01,202901,2029-01-01,2029-01-31,29,2,Monday,5,5,False
20290130,2029-01-30,2029,1,Q1,1,January,Jan,2029-01,202901,2029-01-01,2029-01-31,30,3,Tuesday,5,5,False
20290131,2029-01-31,2029,1,Q1,1,January,Jan,2029-01,202901,2029-01-01,2029-01-31,31,4,Wednesday,5,5,False
20290201,2029-02-01,2029,1,Q1,2,February,Feb,2029-02,202902,2029-02-01,2029-02-28,1,5,Thursday,5,5,False
20290202,2029-02-02,2029,1,Q1,2,February,Feb,2029-02,202902,2029-02-01,2029-02-28,2,6,Friday,5,5,False
20290203,2029-02-03,2029,1,Q1,2,February,Feb,2029-02,202902,2029-02-01,2029-02-28,3,7,Saturday,5,5,True
20290204,2029-02-04,2029,1,Q1,2,February,Feb,2029-02,202902,2029-02-01,2029-02-28,4,1,Sunday,6,5,True
20290205,2029-02-05,2029,1,Q1,2,February,Feb,2029-02,202902,2029-02-01,2029-02-28,5,2,Monday,6,6,False
20290206,2029-02-06,2029,1,Q1,2,February,Feb,2029-02,202902,2029-02-01,2029-02-28,6,3,Tuesday,6,6,False
20290207,2029-02-07,2029,1,Q1,2,February,Feb,2029-02,202902,2029-02-01,2029-02-28,7,4,Wednesday,6,6,False
20290208,2029-02-08,2029,1,Q1,2,February,Feb,2029-02,202902,2029-02-01,2029-02-28,8,5,Thursday,6,6,False
20290209,2029-02-09,2029,1,Q1,2,February,Feb,2029-02,202902,2029-02-01,2029-02-28,9,6,Friday,6,6,False
20290210,2029-02-10,2029,1,Q1,2,February,Feb,2029-02,202902,2029-02-01,2029-02-28,10,7,Saturday,6,6,True
20290211,2029-02-11,2029,1,Q1,2,February,Feb,2029-02,202902,2029-02-01,2029-02-28,11,1,Sunday,7,6,True
20290212,2029-02-12,2029,1,Q1,2,February,Feb,2029-02,202902,2029-02-01,2029-02-28,12,2,Monday,7,7,False
20290213,2029-02-13,2029,1,Q1,2,February,Feb,2029-02,202902,2029-02-01,2029-02-28,13,3,Tuesday,7,7,False
20290214,2029-02-14,2029,1,Q1,2,February,Feb,2029-02,202902,2029-02-01,2029-02-28,14,4,Wednesday,7,7,False
20290215,2029-02-15,2029,1,Q1,2,February,Feb,2029-02,202902,2029-02-01,2029-02-28,15,5,Thursday,7,7,False
20290216,2029-02-16,2029,1,Q1,2,February,Feb,2029-02,202902,2029-02-01,2029-02-28,16,6,Friday,7,7,False
20290217,2029-02-17,2029,1,Q1,2,February,Feb,2029-02,202902,2029-02-01,2029-02-28,17,7,Saturday,7,7,True
20290218,2029-02-18,2029,1,Q1,2,February,Feb,2029-02,202902,2029-02-01,2029-02-28,18,1,Sunday,8,7,True
20290219,2029-02-19,2029,1,Q1,2,February,Feb,2029-02,202902,2029-02-01,2029-02-28,19,2,Monday,8,8,False
20290220,2029-02-20,2029,1,Q1,2,February,Feb,2029-02,202902,2029-02-01,2029-02-28,20,3,Tuesday,8,8,False
20290221,2029-02-21,2029,1,Q1,2,February,Feb,2029-02,202902,2029-02-01,2029-02-28,21,4,Wednesday,8,8,False
20290222,2029-02-22,2029,1,Q1,2,February,Feb,2029-02,202902,2029-02-01,2029-02-28,22,5,Thursday,8,8,False
20290223,2029-02-23,2029,1,Q1,2,February,Feb,2029-02,202902,2029-02-01,2029-02-28,23,6,Friday,8,8,False
20290224,2029-02-24,2029,1,Q1,2,February,Feb,2029-02,202902,2029-02-01,2029-02-28,24,7,Saturday,8,8,True
20290225,2029-02-25,2029,1,Q1,2,February,Feb,2029-02,202902,2029-02-01,2029-02-28,25,1,Sunday,9,8,True
20290226,2029-02-26,2029,1,Q1,2,February,Feb,2029-02,202902,2029-02-01,2029-02-28,26,2,Monday,9,9,False
20290227,2029-02-27,2029,1,Q1,2,February,Feb,2029-02,202902,2029-02-01,2029-02-28,27,3,Tuesday,9,9,False
20290228,2029-02-28,2029,1,Q1,2,February,Feb,2029-02,202902,2029-02-01,2029-02-28,28,4,Wednesday,9,9,False
20290301,2029-03-01,2029,1,Q1,3,March,Mar,2029-03,202903,2029-03-01,2029-03-31,1,5,Thursday,9,9,False
20290302,2029-03-02,2029,1,Q1,3,March,Mar,2029-03,202903,2029-03-01,2029-03-31,2,6,Friday,9,9,False
20290303,2029-03-03,2029,1,Q1,3,March,Mar,2029-03,202903,2029-03-01,2029-03-31,3,7,Saturday,9,9,True
20290304,2029-03-04,2029,1,Q1,3,March,Mar,2029-03,202903,2029-03-01,2029-03-31,4,1,Sunday,10,9,True
20290305,2029-03-05,2029,1,Q1,3,March,Mar,2029-03,202903,2029-03-01,2029-03-31,5,2,Monday,10,10,False
20290306,2029-03-06,2029,1,Q1,3,March,Mar,2029-03,202903,2029-03-01,2029-03-31,6,3,Tuesday,10,10,False
20290307,2029-03-07,2029,1,Q1,3,March,Mar,2029-03,202903,2029-03-01,2029-03-31,7,4,Wednesday,10,10,False
20290308,2029-03-08,2029,1,Q1,3,March,Mar,2029-03,202903,2029-03-01,2029-03-31,8,5,Thursday,10,10,False
20290309,2029-03-09,2029,1,Q1,3,March,Mar,2029-03,202903,2029-03-01,2029-03-31,9,6,Friday,10,10,False
20290310,2029-03-10,2029,1,Q1,3,March,Mar,2029-03,202903,2029-03-01,2029-03-31,10,7,Saturday,10,10,True
20290311,2029-03-11,2029,1,Q1,3,March,Mar,2029-03,202903,2029-03-01,2029-03-31,11,1,Sunday,11,10,True
20290312,2029-03-12,2029,1,Q1,3,March,Mar,2029-03,202903,2029-03-01,2029-03-31,12,2,Monday,11,11,False
20290313,2029-03-13,2029,1,Q1,3,March,Mar,2029-03,202903,2029-03-01,2029-03-31,13,3,Tuesday,11,11,False
20290314,2029-03-14,2029,1,Q1,3,March,Mar,2029-03,202903,2029-03-01,2029-03-31,14,4,Wednesday,11,11,False
20290315,2029-03-15,2029,1,Q1,3,March,Mar,2029-03,202903,2029-03-01,2029-03-31,15,5,Thursday,11,11,False
20290316,2029-03-16,2029,1,Q1,3,March,Mar,2029-03,202903,2029-03-01,2029-03-31,16,6,Friday,11,11,False
20290317,2029-03-17,2029,1,Q1,3,March,Mar,2029-03,202903,2029-03-01,2029-03-31,17,7,Saturday,11,11,True
20290318,2029-03-18,2029,1,Q1,3,March,Mar,2029-03,202903,2029-03-01,2029-03-31,18,1,Sunday,12,11,True
20290319,2029-03-19,2029,1,Q1,3,March,Mar,2029-03,202903,2029-03-01,2029-03-31,19,2,Monday,12,12,False
20290320,2029-03-20,2029,1,Q1,3,March,Mar,2029-03,202903,2029-03-01,2029-03-31,20,3,Tuesday,12,12,False
20290321,2029-03-21,2029,1,Q1,3,March,Mar,2029-03,202903,2029-03-01,2029-03-31,21,4,Wednesday,12,12,False
20290322,2029-03-22,2029,1,Q1,3,March,Mar,2029-03,202903,2029-03-01,2029-03-31,22,5,Thursday,12,12,False
20290323,2029-03-23,2029,1,Q1,3,March,Mar,2029-03,202903,2029-03-01,2029-03-31,23,6,Friday,12,12,False
20290324,2029-03-24,2029,1,Q1,3,March,Mar,2029-03,202903,2029-03-01,2029-03-31,24,7,Saturday,12,12,True
20290325,2029-03-25,2029,1,Q1,3,March,Mar,2029-03,202903,2029-03-01,2029-03-31,25,1,Sunday,13,12,True
20290326,2029-03-26,2029,1,Q1,3,March,Mar,2029-03,202903,2029-03-01,2029-03-31,26,2,Monday,13,13,False
20290327,2029-03-27,2029,1,Q1,3,March,Mar,2029-03,202903,2029-03-01,2029-03-31,27,3,Tuesday,13,13,False
20290328,2029-03-28,2029,1,Q1,3,March,Mar,2029-03,202903,2029-03-01,2029-03-31,28,4,Wednesday,13,13,False
20290329,2029-03-29,2029,1,Q1,3,March,Mar,2029-03,202903,2029-03-01,2029-03-31,29,5,Thursday,13,13,False
20290330,2029-03-30,2029,1,Q1,3,March,Mar,2029-03,202903,2029-03-01,2029-03-31,30,6,Friday,13,13,False
20290331,2029-03-31,2029,1,Q1,3,March,Mar,2029-03,202903,2029-03-01,2029-03-31,31,7,Saturday,13,13,True
20290401,2029-04-01,2029,2,Q2,4,April,Apr,2029-04,202904,2029-04-01,2029-04-30,1,1,Sunday,14,13,True
20290402,2029-04-02,2029,2,Q2,4,April,Apr,2029-04,202904,2029-04-01,2029-04-30,2,2,Monday,14,14,False
20290403,2029-04-03,2029,2,Q2,4,April,Apr,2029-04,202904,2029-04-01,2029-04-30,3,3,Tuesday,14,14,False
20290404,2029-04-04,2029,2,Q2,4,April,Apr,2029-04,202904,2029-04-01,2029-04-30,4,4,Wednesday,14,14,False
20290405,2029-04-05,2029,2,Q2,4,April,Apr,2029-04,202904,2029-04-01,2029-04-30,5,5,Thursday,14,14,False
20290406,2029-04-06,2029,2,Q2,4,April,Apr,2029-04,202904,2029-04-01,2029-04-30,6,6,Friday,14,14,False
20290407,2029-04-07,2029,2,Q2,4,April,Apr,2029-04,202904,2029-04-01,2029-04-30,7,7,Saturday,14,14,True
20290408,2029-04-08,2029,2,Q2,4,April,Apr,2029-04,202904,2029-04-01,2029-04-30,8,1,Sunday,15,14,True
20290409,2029-04-09,2029,2,Q2,4,April,Apr,2029-04,202904,2029-04-01,2029-04-30,9,2,Monday,15,15,False
20290410,2029-04-10,2029,2,Q2,4,April,Apr,2029-04,202904,2029-04-01,2029-04-30,10,3,Tuesday,15,15,False
20290411,2029-04-11,2029,2,Q2,4,April,Apr,2029-04,202904,2029-04-01,2029-04-30,11,4,Wednesday,15,15,False
20290412,2029-04-12,2029,2,Q2,4,April,Apr,2029-04,202904,2029-04-01,2029-04-30,12,5,Thursday,15,15,False
20290413,2029-04-13,2029,2,Q2,4,April,Apr,2029-04,202904,2029-04-01,2029-04-30,13,6,Friday,15,15,False
20290414,2029-04-14,2029,2,Q2,4,April,Apr,2029-04,202904,2029-04-01,2029-04-30,14,7,Saturday,15,15,True
20290415,2029-04-15,2029,2,Q2,4,April,Apr,2029-04,202904,2029-04-01,2029-04-30,15,1,Sunday,16,15,True
20290416,2029-04-16,2029,2,Q2,4,April,Apr,2029-04,202904,2029-04-01,2029-04-30,16,2,Monday,16,16,False
20290417,2029-04-17,2029,2,Q2,4,April,Apr,2029-04,202904,2029-04-01,2029-04-30,17,3,Tuesday,16,16,False
20290418,2029-04-18,2029,2,Q2,4,April,Apr,2029-04,202904,2029-04-01,2029-04-30,18,4,Wednesday,16,16,False
20290419,2029-04-19,2029,2,Q2,4,April,Apr,2029-04,202904,2029-04-01,2029-04-30,19,5,Thursday,16,16,False
20290420,2029-04-20,2029,2,Q2,4,April,Apr,2029-04,202904,2029-04-01,2029-04-30,20,6,Friday,16,16,False
20290421,2029-04-21,2029,2,Q2,4,April,Apr,2029-04,202904,2029-04-01,2029-04-30,21,7,Saturday,16,16,True
20290422,2029-04-22,2029,2,Q2,4,April,Apr,2029-04,202904,2029-04-01,2029-04-30,22,1,Sunday,17,16,True
20290423,2029-04-23,2029,2,Q2,4,April,Apr,2029-04,202904,2029-04-01,2029-04-30,23,2,Monday,17,17,False
20290424,2029-04-24,2029,2,Q2,4,April,Apr,2029-04,202904,2029-04-01,2029-04-30,24,3,Tuesday,17,17,False
20290425,2029-04-25,2029,2,Q2,4,April,Apr,2029-04,202904,2029-04-01,2029-04-30,25,4,Wednesday,17,17,False
20290426,2029-04-26,2029,2,Q2,4,April,Apr,2029-04,202904,2029-04-01,2029-04-30,26,5,Thursday,17,17,False
20290427,2029-04-27,2029,2,Q2,4,April,Apr,2029-04,202904,2029-04-01,2029-04-30,27,6,Friday,17,17,False
20290428,2029-04-28,2029,2,Q2,4,April,Apr,2029-04,202904,2029-04-01,2029-04-30,28,7,Saturday,17,17,True
20290429,2029-04-29,2029,2,Q2,4,April,Apr,2029-04,202904,2029-04-01,2029-04-30,29,1,Sunday,18,17,True
20290430,2029-04-30,2029,2,Q2,4,April,Apr,2029-04,202904,2029-04-01,2029-04-30,30,2,Monday,18,18,False
20290501,2029-05-01,2029,2,Q2,5,May,May,2029-05,202905,2029-05-01,2029-05-31,1,3,Tuesday,18,18,False
20290502,2029-05-02,2029,2,Q2,5,May,May,2029-05,202905,2029-05-01,2029-05-31,2,4,Wednesday,18,18,False
20290503,2029-05-03,2029,2,Q2,5,May,May,2029-05,202905,2029-05-01,2029-05-31,3,5,Thursday,18,18,False
20290504,2029-05-04,2029,2,Q2,5,May,May,2029-05,202905,2029-05-01,2029-05-31,4,6,Friday,18,18,False
20290505,2029-05-05,2029,2,Q2,5,May,May,2029-05,202905,2029-05-01,2029-05-31,5,7,Saturday,18,18,True
20290506,2029-05-06,2029,2,Q2,5,May,May,2029-05,202905,2029-05-01,2029-05-31,6,1,Sunday,19,18,True
20290507,2029-05-07,2029,2,Q2,5,May,May,2029-05,202905,2029-05-01,2029-05-31,7,2,Monday,19,19,False
20290508,2029-05-08,2029,2,Q2,5,May,May,2029-05,202905,2029-05-01,2029-05-31,8,3,Tuesday,19,19,False
20290509,2029-05-09,2029,2,Q2,5,May,May,2029-05,202905,2029-05-01,2029-05-31,9,4,Wednesday,19,19,False
20290510,2029-05-10,2029,2,Q2,5,May,May,2029-05,202905,2029-05-01,2029-05-31,10,5,Thursday,19,19,False
20290511,2029-05-11,2029,2,Q2,5,May,May,2029-05,202905,2029-05-01,2029-05-31,11,6,Friday,19,19,False
20290512,2029-05-12,2029,2,Q2,5,May,May,2029-05,202905,2029-05-01,2029-05-31,12,7,Saturday,19,19,True
20290513,2029-05-13,2029,2,Q2,5,May,May,2029-05,202905,2029-05-01,2029-05-31,13,1,Sunday,20,19,True
20290514,2029-05-14,2029,2,Q2,5,May,May,2029-05,202905,2029-05-01,2029-05-31,14,2,Monday,20,20,False
20290515,2029-05-15,2029,2,Q2,5,May,May,2029-05,202905,2029-05-01,2029-05-31,15,3,Tuesday,20,20,False
20290516,2029-05-16,2029,2,Q2,5,May,May,2029-05,202905,2029-05-01,2029-05-31,16,4,Wednesday,20,20,False
20290517,2029-05-17,2029,2,Q2,5,May,May,2029-05,202905,2029-05-01,2029-05-31,17,5,Thursday,20,20,False
20290518,2029-05-18,2029,2,Q2,5,May,May,2029-05,202905,2029-05-01,2029-05-31,18,6,Friday,20,20,False
20290519,2029-05-19,2029,2,Q2,5,May,May,2029-05,202905,2029-05-01,2029-05-31,19,7,Saturday,20,20,True
20290520,2029-05-20,2029,2,Q2,5,May,May,2029-05,202905,2029-05-01,2029-05-31,20,1,Sunday,21,20,True
20290521,2029-05-21,2029,2,Q2,5,May,May,2029-05,202905,2029-05-01,2029-05-31,21,2,Monday,21,21,False
20290522,2029-05-22,2029,2,Q2,5,May,May,2029-05,202905,2029-05-01,2029-05-31,22,3,Tuesday,21,21,False
20290523,2029-05-23,2029,2,Q2,5,May,May,2029-05,202905,2029-05-01,2029-05-31,23,4,Wednesday,21,21,False
20290524,2029-05-24,2029,2,Q2,5,May,May,2029-05,202905,2029-05-01,2029-05-31,24,5,Thursday,21,21,False
20290525,2029-05-25,2029,2,Q2,5,May,May,2029-05,202905,2029-05-01,2029-05-31,25,6,Friday,21,21,False
20290526,2029-05-26,2029,2,Q2,5,May,May,2029-05,202905,2029-05-01,2029-05-31,26,7,Saturday,21,21,True
20290527,2029-05-27,2029,2,Q2,5,May,May,2029-05,202905,2029-05-01,2029-05-31,27,1,Sunday,22,21,True
20290528,2029-05-28,2029,2,Q2,5,May,May,2029-05,202905,2029-05-01,2029-05-31,28,2,Monday,22,22,False
20290529,2029-05-29,2029,2,Q2,5,May,May,2029-05,202905,2029-05-01,2029-05-31,29,3,Tuesday,22,22,False
20290530,2029-05-30,2029,2,Q2,5,May,May,2029-05,202905,2029-05-01,2029-05-31,30,4,Wednesday,22,22,False
20290531,2029-05-31,2029,2,Q2,5,May,May,2029-05,202905,2029-05-01,2029-05-31,31,5,Thursday,22,22,False
20290601,2029-06-01,2029,2,Q2,6,June,Jun,2029-06,202906,2029-06-01,2029-06-30,1,6,Friday,22,22,False
20290602,2029-06-02,2029,2,Q2,6,June,Jun,2029-06,202906,2029-06-01,2029-06-30,2,7,Saturday,22,22,True
20290603,2029-06-03,2029,2,Q2,6,June,Jun,2029-06,202906,2029-06-01,2029-06-30,3,1,Sunday,23,22,True
20290604,2029-06-04,2029,2,Q2,6,June,Jun,2029-06,202906,2029-06-01,2029-06-30,4,2,Monday,23,23,False
20290605,2029-06-05,2029,2,Q2,6,June,Jun,2029-06,202906,2029-06-01,2029-06-30,5,3,Tuesday,23,23,False
20290606,2029-06-06,2029,2,Q2,6,June,Jun,2029-06,202906,2029-06-01,2029-06-30,6,4,Wednesday,23,23,False
20290607,2029-06-07,2029,2,Q2,6,June,Jun,2029-06,202906,2029-06-01,2029-06-30,7,5,Thursday,23,23,False
20290608,2029-06-08,2029,2,Q2,6,June,Jun,2029-06,202906,2029-06-01,2029-06-30,8,6,Friday,23,23,False
20290609,2029-06-09,2029,2,Q2,6,June,Jun,2029-06,202906,2029-06-01,2029-06-30,9,7,Saturday,23,23,True
20290610,2029-06-10,2029,2,Q2,6,June,Jun,2029-06,202906,2029-06-01,2029-06-30,10,1,Sunday,24,23,True
20290611,2029-06-11,2029,2,Q2,6,June,Jun,2029-06,202906,2029-06-01,2029-06-30,11,2,Monday,24,24,False
20290612,2029-06-12,2029,2,Q2,6,June,Jun,2029-06,202906,2029-06-01,2029-06-30,12,3,Tuesday,24,24,False
20290613,2029-06-13,2029,2,Q2,6,June,Jun,2029-06,202906,2029-06-01,2029-06-30,13,4,Wednesday,24,24,False
20290614,2029-06-14,2029,2,Q2,6,June,Jun,2029-06,202906,2029-06-01,2029-06-30,14,5,Thursday,24,24,False
20290615,2029-06-15,2029,2,Q2,6,June,Jun,2029-06,202906,2029-06-01,2029-06-30,15,6,Friday,24,24,False
20290616,2029-06-16,2029,2,Q2,6,June,Jun,2029-06,202906,2029-06-01,2029-06-30,16,7,Saturday,24,24,True
20290617,2029-06-17,2029,2,Q2,6,June,Jun,2029-06,202906,2029-06-01,2029-06-30,17,1,Sunday,25,24,True
20290618,2029-06-18,2029,2,Q2,6,June,Jun,2029-06,202906,2029-06-01,2029-06-30,18,2,Monday,25,25,False
20290619,2029-06-19,2029,2,Q2,6,June,Jun,2029-06,202906,2029-06-01,2029-06-30,19,3,Tuesday,25,25,False
20290620,2029-06-20,2029,2,Q2,6,June,Jun,2029-06,202906,2029-06-01,2029-06-30,20,4,Wednesday,25,25,False
20290621,2029-06-21,2029,2,Q2,6,June,Jun,2029-06,202906,2029-06-01,2029-06-30,21,5,Thursday,25,25,False
20290622,2029-06-22,2029,2,Q2,6,June,Jun,2029-06,202906,2029-06-01,2029-06-30,22,6,Friday,25,25,False
20290623,2029-06-23,2029,2,Q2,6,June,Jun,2029-06,202906,2029-06-01,2029-06-30,23,7,Saturday,25,25,True
20290624,2029-06-24,2029,2,Q2,6,June,Jun,2029-06,202906,2029-06-01,2029-06-30,24,1,Sunday,26,25,True
20290625,2029-06-25,2029,2,Q2,6,June,Jun,2029-06,202906,2029-06-01,2029-06-30,25,2,Monday,26,26,False
20290626,2029-06-26,2029,2,Q2,6,June,Jun,2029-06,202906,2029-06-01,2029-06-30,26,3,Tuesday,26,26,False
20290627,2029-06-27,2029,2,Q2,6,June,Jun,2029-06,202906,2029-06-01,2029-06-30,27,4,Wednesday,26,26,False
20290628,2029-06-28,2029,2,Q2,6,June,Jun,2029-06,202906,2029-06-01,2029-06-30,28,5,Thursday,26,26,False
20290629,2029-06-29,2029,2,Q2,6,June,Jun,2029-06,202906,2029-06-01,2029-06-30,29,6,Friday,26,26,False
20290630,2029-06-30,2029,2,Q2,6,June,Jun,2029-06,202906,2029-06-01,2029-06-30,30,7,Saturday,26,26,True
20290701,2029-07-01,2029,3,Q3,7,July,Jul,2029-07,202907,2029-07-01,2029-07-31,1,1,Sunday,27,26,True
20290702,2029-07-02,2029,3,Q3,7,July,Jul,2029-07,202907,2029-07-01,2029-07-31,2,2,Monday,27,27,False
20290703,2029-07-03,2029,3,Q3,7,July,Jul,2029-07,202907,2029-07-01,2029-07-31,3,3,Tuesday,27,27,False
20290704,2029-07-04,2029,3,Q3,7,July,Jul,2029-07,202907,2029-07-01,2029-07-31,4,4,Wednesday,27,27,False
20290705,2029-07-05,2029,3,Q3,7,July,Jul,2029-07,202907,2029-07-01,2029-07-31,5,5,Thursday,27,27,False
20290706,2029-07-06,2029,3,Q3,7,July,Jul,2029-07,202907,2029-07-01,2029-07-31,6,6,Friday,27,27,False
20290707,2029-07-07,2029,3,Q3,7,July,Jul,2029-07,202907,2029-07-01,2029-07-31,7,7,Saturday,27,27,True
20290708,2029-07-08,2029,3,Q3,7,July,Jul,2029-07,202907,2029-07-01,2029-07-31,8,1,Sunday,28,27,True
20290709,2029-07-09,2029,3,Q3,7,July,Jul,2029-07,202907,2029-07-01,2029-07-31,9,2,Monday,28,28,False
20290710,2029-07-10,2029,3,Q3,7,July,Jul,2029-07,202907,2029-07-01,2029-07-31,10,3,Tuesday,28,28,False
20290711,2029-07-11,2029,3,Q3,7,July,Jul,2029-07,202907,2029-07-01,2029-07-31,11,4,Wednesday,28,28,False
20290712,2029-07-12,2029,3,Q3,7,July,Jul,2029-07,202907,2029-07-01,2029-07-31,12,5,Thursday,28,28,False
20290713,2029-07-13,2029,3,Q3,7,July,Jul,2029-07,202907,2029-07-01,2029-07-31,13,6,Friday,28,28,False
20290714,2029-07-14,2029,3,Q3,7,July,Jul,2029-07,202907,2029-07-01,2029-07-31,14,7,Saturday,28,28,True
20290715,2029-07-15,2029,3,Q3,7,July,Jul,2029-07,202907,2029-07-01,2029-07-31,15,1,Sunday,29,28,True
20290716,2029-07-16,2029,3,Q3,7,July,Jul,2029-07,202907,2029-07-01,2029-07-31,16,2,Monday,29,29,False
20290717,2029-07-17,2029,3,Q3,7,July,Jul,2029-07,202907,2029-07-01,2029-07-31,17,3,Tuesday,29,29,False
20290718,2029-07-18,2029,3,Q3,7,July,Jul,2029-07,202907,2029-07-01,2029-07-31,18,4,Wednesday,29,29,False
20290719,2029-07-19,2029,3,Q3,7,July,Jul,2029-07,202907,2029-07-01,2029-07-31,19,5,Thursday,29,29,False
20290720,2029-07-20,2029,3,Q3,7,July,Jul,2029-07,202907,2029-07-01,2029-07-31,20,6,Friday,29,29,False
20290721,2029-07-21,2029,3,Q3,7,July,Jul,2029-07,202907,2029-07-01,2029-07-31,21,7,Saturday,29,29,True
20290722,2029-07-22,2029,3,Q3,7,July,Jul,2029-07,202907,2029-07-01,2029-07-31,22,1,Sunday,30,29,True
20290723,2029-07-23,2029,3,Q3,7,July,Jul,2029-07,202907,2029-07-01,2029-07-31,23,2,Monday,30,30,False
20290724,2029-07-24,2029,3,Q3,7,July,Jul,2029-07,202907,2029-07-01,2029-07-31,24,3,Tuesday,30,30,False
20290725,2029-07-25,2029,3,Q3,7,July,Jul,2029-07,202907,2029-07-01,2029-07-31,25,4,Wednesday,30,30,False
20290726,2029-07-26,2029,3,Q3,7,July,Jul,2029-07,202907,2029-07-01,2029-07-31,26,5,Thursday,30,30,False
20290727,2029-07-27,2029,3,Q3,7,July,Jul,2029-07,202907,2029-07-01,2029-07-31,27,6,Friday,30,30,False
20290728,2029-07-28,2029,3,Q3,7,July,Jul,2029-07,202907,2029-07-01,2029-07-31,28,7,Saturday,30,30,True
20290729,2029-07-29,2029,3,Q3,7,July,Jul,2029-07,202907,2029-07-01,2029-07-31,29,1,Sunday,31,30,True
20290730,2029-07-30,2029,3,Q3,7,July,Jul,2029-07,202907,2029-07-01,2029-07-31,30,2,Monday,31,31,False
20290731,2029-07-31,2029,3,Q3,7,July,Jul,2029-07,202907,2029-07-01,2029-07-31,31,3,Tuesday,31,31,False
20290801,2029-08-01,2029,3,Q3,8,August,Aug,2029-08,202908,2029-08-01,2029-08-31,1,4,Wednesday,31,31,False
20290802,2029-08-02,2029,3,Q3,8,August,Aug,2029-08,202908,2029-08-01,2029-08-31,2,5,Thursday,31,31,False
20290803,2029-08-03,2029,3,Q3,8,August,Aug,2029-08,202908,2029-08-01,2029-08-31,3,6,Friday,31,31,False
20290804,2029-08-04,2029,3,Q3,8,August,Aug,2029-08,202908,2029-08-01,2029-08-31,4,7,Saturday,31,31,True
20290805,2029-08-05,2029,3,Q3,8,August,Aug,2029-08,202908,2029-08-01,2029-08-31,5,1,Sunday,32,31,True
20290806,2029-08-06,2029,3,Q3,8,August,Aug,2029-08,202908,2029-08-01,2029-08-31,6,2,Monday,32,32,False
20290807,2029-08-07,2029,3,Q3,8,August,Aug,2029-08,202908,2029-08-01,2029-08-31,7,3,Tuesday,32,32,False
20290808,2029-08-08,2029,3,Q3,8,August,Aug,2029-08,202908,2029-08-01,2029-08-31,8,4,Wednesday,32,32,False
20290809,2029-08-09,2029,3,Q3,8,August,Aug,2029-08,202908,2029-08-01,2029-08-31,9,5,Thursday,32,32,False
20290810,2029-08-10,2029,3,Q3,8,August,Aug,2029-08,202908,2029-08-01,2029-08-31,10,6,Friday,32,32,False
20290811,2029-08-11,2029,3,Q3,8,August,Aug,2029-08,202908,2029-08-01,2029-08-31,11,7,Saturday,32,32,True
20290812,2029-08-12,2029,3,Q3,8,August,Aug,2029-08,202908,2029-08-01,2029-08-31,12,1,Sunday,33,32,True
20290813,2029-08-13,2029,3,Q3,8,August,Aug,2029-08,202908,2029-08-01,2029-08-31,13,2,Monday,33,33,False
20290814,2029-08-14,2029,3,Q3,8,August,Aug,2029-08,202908,2029-08-01,2029-08-31,14,3,Tuesday,33,33,False
20290815,2029-08-15,2029,3,Q3,8,August,Aug,2029-08,202908,2029-08-01,2029-08-31,15,4,Wednesday,33,33,False
20290816,2029-08-16,2029,3,Q3,8,August,Aug,2029-08,202908,2029-08-01,2029-08-31,16,5,Thursday,33,33,False
20290817,2029-08-17,2029,3,Q3,8,August,Aug,2029-08,202908,2029-08-01,2029-08-31,17,6,Friday,33,33,False
20290818,2029-08-18,2029,3,Q3,8,August,Aug,2029-08,202908,2029-08-01,2029-08-31,18,7,Saturday,33,33,True
20290819,2029-08-19,2029,3,Q3,8,August,Aug,2029-08,202908,2029-08-01,2029-08-31,19,1,Sunday,34,33,True
20290820,2029-08-20,2029,3,Q3,8,August,Aug,2029-08,202908,2029-08-01,2029-08-31,20,2,Monday,34,34,False
20290821,2029-08-21,2029,3,Q3,8,August,Aug,2029-08,202908,2029-08-01,2029-08-31,21,3,Tuesday,34,34,False
20290822,2029-08-22,2029,3,Q3,8,August,Aug,2029-08,202908,2029-08-01,2029-08-31,22,4,Wednesday,34,34,False
20290823,2029-08-23,2029,3,Q3,8,August,Aug,2029-08,202908,2029-08-01,2029-08-31,23,5,Thursday,34,34,False
20290824,2029-08-24,2029,3,Q3,8,August,Aug,2029-08,202908,2029-08-01,2029-08-31,24,6,Friday,34,34,False
20290825,2029-08-25,2029,3,Q3,8,August,Aug,2029-08,202908,2029-08-01,2029-08-31,25,7,Saturday,34,34,True
20290826,2029-08-26,2029,3,Q3,8,August,Aug,2029-08,202908,2029-08-01,2029-08-31,26,1,Sunday,35,34,True
20290827,2029-08-27,2029,3,Q3,8,August,Aug,2029-08,202908,2029-08-01,2029-08-31,27,2,Monday,35,35,False
20290828,2029-08-28,2029,3,Q3,8,August,Aug,2029-08,202908,2029-08-01,2029-08-31,28,3,Tuesday,35,35,False
20290829,2029-08-29,2029,3,Q3,8,August,Aug,2029-08,202908,2029-08-01,2029-08-31,29,4,Wednesday,35,35,False
20290830,2029-08-30,2029,3,Q3,8,August,Aug,2029-08,202908,2029-08-01,2029-08-31,30,5,Thursday,35,35,False
20290831,2029-08-31,2029,3,Q3,8,August,Aug,2029-08,202908,2029-08-01,2029-08-31,31,6,Friday,35,35,False
20290901,2029-09-01,2029,3,Q3,9,September,Sep,2029-09,202909,2029-09-01,2029-09-30,1,7,Saturday,35,35,True
20290902,2029-09-02,2029,3,Q3,9,September,Sep,2029-09,202909,2029-09-01,2029-09-30,2,1,Sunday,36,35,True
20290903,2029-09-03,2029,3,Q3,9,September,Sep,2029-09,202909,2029-09-01,2029-09-30,3,2,Monday,36,36,False
20290904,2029-09-04,2029,3,Q3,9,September,Sep,2029-09,202909,2029-09-01,2029-09-30,4,3,Tuesday,36,36,False
20290905,2029-09-05,2029,3,Q3,9,September,Sep,2029-09,202909,2029-09-01,2029-09-30,5,4,Wednesday,36,36,False
20290906,2029-09-06,2029,3,Q3,9,September,Sep,2029-09,202909,2029-09-01,2029-09-30,6,5,Thursday,36,36,False
20290907,2029-09-07,2029,3,Q3,9,September,Sep,2029-09,202909,2029-09-01,2029-09-30,7,6,Friday,36,36,False
20290908,2029-09-08,2029,3,Q3,9,September,Sep,2029-09,202909,2029-09-01,2029-09-30,8,7,Saturday,36,36,True
20290909,2029-09-09,2029,3,Q3,9,September,Sep,2029-09,202909,2029-09-01,2029-09-30,9,1,Sunday,37,36,True
20290910,2029-09-10,2029,3,Q3,9,September,Sep,2029-09,202909,2029-09-01,2029-09-30,10,2,Monday,37,37,False
20290911,2029-09-11,2029,3,Q3,9,September,Sep,2029-09,202909,2029-09-01,2029-09-30,11,3,Tuesday,37,37,False
20290912,2029-09-12,2029,3,Q3,9,September,Sep,2029-09,202909,2029-09-01,2029-09-30,12,4,Wednesday,37,37,False
20290913,2029-09-13,2029,3,Q3,9,September,Sep,2029-09,202909,2029-09-01,2029-09-30,13,5,Thursday,37,37,False
20290914,2029-09-14,2029,3,Q3,9,September,Sep,2029-09,202909,2029-09-01,2029-09-30,14,6,Friday,37,37,False
20290915,2029-09-15,2029,3,Q3,9,September,Sep,2029-09,202909,2029-09-01,2029-09-30,15,7,Saturday,37,37,True
20290916,2029-09-16,2029,3,Q3,9,September,Sep,2029-09,202909,2029-09-01,2029-09-30,16,1,Sunday,38,37,True
20290917,2029-09-17,2029,3,Q3,9,September,Sep,2029-09,202909,2029-09-01,2029-09-30,17,2,Monday,38,38,False
20290918,2029-09-18,2029,3,Q3,9,September,Sep,2029-09,202909,2029-09-01,2029-09-30,18,3,Tuesday,38,38,False
20290919,2029-09-19,2029,3,Q3,9,September,Sep,2029-09,202909,2029-09-01,2029-09-30,19,4,Wednesday,38,38,False
20290920,2029-09-20,2029,3,Q3,9,September,Sep,2029-09,202909,2029-09-01,2029-09-30,20,5,Thursday,38,38,False
20290921,2029-09-21,2029,3,Q3,9,September,Sep,2029-09,202909,2029-09-01,2029-09-30,21,6,Friday,38,38,False
20290922,2029-09-22,2029,3,Q3,9,September,Sep,2029-09,202909,2029-09-01,2029-09-30,22,7,Saturday,38,38,True
20290923,2029-09-23,2029,3,Q3,9,September,Sep,2029-09,202909,2029-09-01,2029-09-30,23,1,Sunday,39,38,True
20290924,2029-09-24,2029,3,Q3,9,September,Sep,2029-09,202909,2029-09-01,2029-09-30,24,2,Monday,39,39,False
20290925,2029-09-25,2029,3,Q3,9,September,Sep,2029-09,202909,2029-09-01,2029-09-30,25,3,Tuesday,39,39,False
20290926,2029-09-26,2029,3,Q3,9,September,Sep,2029-09,202909,2029-09-01,2029-09-30,26,4,Wednesday,39,39,False
20290927,2029-09-27,2029,3,Q3,9,September,Sep,2029-09,202909,2029-09-01,2029-09-30,27,5,Thursday,39,39,False
20290928,2029-09-28,2029,3,Q3,9,September,Sep,2029-09,202909,2029-09-01,2029-09-30,28,6,Friday,39,39,False
20290929,2029-09-29,2029,3,Q3,9,September,Sep,2029-09,202909,2029-09-01,2029-09-30,29,7,Saturday,39,39,True
20290930,2029-09-30,2029,3,Q3,9,September,Sep,2029-09,202909,2029-09-01,2029-09-30,30,1,Sunday,40,39,True
20291001,2029-10-01,2029,4,Q4,10,October,Oct,2029-10,202910,2029-10-01,2029-10-31,1,2,Monday,40,40,False
20291002,2029-10-02,2029,4,Q4,10,October,Oct,2029-10,202910,2029-10-01,2029-10-31,2,3,Tuesday,40,40,False
20291003,2029-10-03,2029,4,Q4,10,October,Oct,2029-10,202910,2029-10-01,2029-10-31,3,4,Wednesday,40,40,False
20291004,2029-10-04,2029,4,Q4,10,October,Oct,2029-10,202910,2029-10-01,2029-10-31,4,5,Thursday,40,40,False
20291005,2029-10-05,2029,4,Q4,10,October,Oct,2029-10,202910,2029-10-01,2029-10-31,5,6,Friday,40,40,False
20291006,2029-10-06,2029,4,Q4,10,October,Oct,2029-10,202910,2029-10-01,2029-10-31,6,7,Saturday,40,40,True
20291007,2029-10-07,2029,4,Q4,10,October,Oct,2029-10,202910,2029-10-01,2029-10-31,7,1,Sunday,41,40,True
20291008,2029-10-08,2029,4,Q4,10,October,Oct,2029-10,202910,2029-10-01,2029-10-31,8,2,Monday,41,41,False
20291009,2029-10-09,2029,4,Q4,10,October,Oct,2029-10,202910,2029-10-01,2029-10-31,9,3,Tuesday,41,41,False
20291010,2029-10-10,2029,4,Q4,10,October,Oct,2029-10,202910,2029-10-01,2029-10-31,10,4,Wednesday,41,41,False
20291011,2029-10-11,2029,4,Q4,10,October,Oct,2029-10,202910,2029-10-01,2029-10-31,11,5,Thursday,41,41,False
20291012,2029-10-12,2029,4,Q4,10,October,Oct,2029-10,202910,2029-10-01,2029-10-31,12,6,Friday,41,41,False
20291013,2029-10-13,2029,4,Q4,10,October,Oct,2029-10,202910,2029-10-01,2029-10-31,13,7,Saturday,41,41,True
20291014,2029-10-14,2029,4,Q4,10,October,Oct,2029-10,202910,2029-10-01,2029-10-31,14,1,Sunday,42,41,True
20291015,2029-10-15,2029,4,Q4,10,October,Oct,2029-10,202910,2029-10-01,2029-10-31,15,2,Monday,42,42,False
20291016,2029-10-16,2029,4,Q4,10,October,Oct,2029-10,202910,2029-10-01,2029-10-31,16,3,Tuesday,42,42,False
20291017,2029-10-17,2029,4,Q4,10,October,Oct,2029-10,202910,2029-10-01,2029-10-31,17,4,Wednesday,42,42,False
20291018,2029-10-18,2029,4,Q4,10,October,Oct,2029-10,202910,2029-10-01,2029-10-31,18,5,Thursday,42,42,False
20291019,2029-10-19,2029,4,Q4,10,October,Oct,2029-10,202910,2029-10-01,2029-10-31,19,6,Friday,42,42,False
20291020,2029-10-20,2029,4,Q4,10,October,Oct,2029-10,202910,2029-10-01,2029-10-31,20,7,Saturday,42,42,True
20291021,2029-10-21,2029,4,Q4,10,October,Oct,2029-10,202910,2029-10-01,2029-10-31,21,1,Sunday,43,42,True
20291022,2029-10-22,2029,4,Q4,10,October,Oct,2029-10,202910,2029-10-01,2029-10-31,22,2,Monday,43,43,False
20291023,2029-10-23,2029,4,Q4,10,October,Oct,2029-10,202910,2029-10-01,2029-10-31,23,3,Tuesday,43,43,False
20291024,2029-10-24,2029,4,Q4,10,October,Oct,2029-10,202910,2029-10-01,2029-10-31,24,4,Wednesday,43,43,False
20291025,2029-10-25,2029,4,Q4,10,October,Oct,2029-10,202910,2029-10-01,2029-10-31,25,5,Thursday,43,43,False
20291026,2029-10-26,2029,4,Q4,10,October,Oct,2029-10,202910,2029-10-01,2029-10-31,26,6,Friday,43,43,False
20291027,2029-10-27,2029,4,Q4,10,October,Oct,2029-10,202910,2029-10-01,2029-10-31,27,7,Saturday,43,43,True
20291028,2029-10-28,2029,4,Q4,10,October,Oct,2029-10,202910,2029-10-01,2029-10-31,28,1,Sunday,44,43,True
20291029,2029-10-29,2029,4,Q4,10,October,Oct,2029-10,202910,2029-10-01,2029-10-31,29,2,Monday,44,44,False
20291030,2029-10-30,2029,4,Q4,10,October,Oct,2029-10,202910,2029-10-01,2029-10-31,30,3,Tuesday,44,44,False
20291031,2029-10-31,2029,4,Q4,10,October,Oct,2029-10,202910,2029-10-01,2029-10-31,31,4,Wednesday,44,44,False
20291101,2029-11-01,2029,4,Q4,11,November,Nov,2029-11,202911,2029-11-01,2029-11-30,1,5,Thursday,44,44,False
20291102,2029-11-02,2029,4,Q4,11,November,Nov,2029-11,202911,2029-11-01,2029-11-30,2,6,Friday,44,44,False
20291103,2029-11-03,2029,4,Q4,11,November,Nov,2029-11,202911,2029-11-01,2029-11-30,3,7,Saturday,44,44,True
20291104,2029-11-04,2029,4,Q4,11,November,Nov,2029-11,202911,2029-11-01,2029-11-30,4,1,Sunday,45,44,True
20291105,2029-11-05,2029,4,Q4,11,November,Nov,2029-11,202911,2029-11-01,2029-11-30,5,2,Monday,45,45,False
20291106,2029-11-06,2029,4,Q4,11,November,Nov,2029-11,202911,2029-11-01,2029-11-30,6,3,Tuesday,45,45,False
20291107,2029-11-07,2029,4,Q4,11,November,Nov,2029-11,202911,2029-11-01,2029-11-30,7,4,Wednesday,45,45,False
20291108,2029-11-08,2029,4,Q4,11,November,Nov,2029-11,202911,2029-11-01,2029-11-30,8,5,Thursday,45,45,False
20291109,2029-11-09,2029,4,Q4,11,November,Nov,2029-11,202911,2029-11-01,2029-11-30,9,6,Friday,45,45,False
20291110,2029-11-10,2029,4,Q4,11,November,Nov,2029-11,202911,2029-11-01,2029-11-30,10,7,Saturday,45,45,True
20291111,2029-11-11,2029,4,Q4,11,November,Nov,2029-11,202911,2029-11-01,2029-11-30,11,1,Sunday,46,45,True
20291112,2029-11-12,2029,4,Q4,11,November,Nov,2029-11,202911,2029-11-01,2029-11-30,12,2,Monday,46,46,False
20291113,2029-11-13,2029,4,Q4,11,November,Nov,2029-11,202911,2029-11-01,2029-11-30,13,3,Tuesday,46,46,False
20291114,2029-11-14,2029,4,Q4,11,November,Nov,2029-11,202911,2029-11-01,2029-11-30,14,4,Wednesday,46,46,False
20291115,2029-11-15,2029,4,Q4,11,November,Nov,2029-11,202911,2029-11-01,2029-11-30,15,5,Thursday,46,46,False
20291116,2029-11-16,2029,4,Q4,11,November,Nov,2029-11,202911,2029-11-01,2029-11-30,16,6,Friday,46,46,False
20291117,2029-11-17,2029,4,Q4,11,November,Nov,2029-11,202911,2029-11-01,2029-11-30,17,7,Saturday,46,46,True
20291118,2029-11-18,2029,4,Q4,11,November,Nov,2029-11,202911,2029-11-01,2029-11-30,18,1,Sunday,47,46,True
20291119,2029-11-19,2029,4,Q4,11,November,Nov,2029-11,202911,2029-11-01,2029-11-30,19,2,Monday,47,47,False
20291120,2029-11-20,2029,4,Q4,11,November,Nov,2029-11,202911,2029-11-01,2029-11-30,20,3,Tuesday,47,47,False
20291121,2029-11-21,2029,4,Q4,11,November,Nov,2029-11,202911,2029-11-01,2029-11-30,21,4,Wednesday,47,47,False
20291122,2029-11-22,2029,4,Q4,11,November,Nov,2029-11,202911,2029-11-01,2029-11-30,22,5,Thursday,47,47,False
20291123,2029-11-23,2029,4,Q4,11,November,Nov,2029-11,202911,2029-11-01,2029-11-30,23,6,Friday,47,47,False
20291124,2029-11-24,2029,4,Q4,11,November,Nov,2029-11,202911,2029-11-01,2029-11-30,24,7,Saturday,47,47,True
20291125,2029-11-25,2029,4,Q4,11,November,Nov,2029-11,202911,2029-11-01,2029-11-30,25,1,Sunday,48,47,True
20291126,2029-11-26,2029,4,Q4,11,November,Nov,2029-11,202911,2029-11-01,2029-11-30,26,2,Monday,48,48,False
20291127,2029-11-27,2029,4,Q4,11,November,Nov,2029-11,202911,2029-11-01,2029-11-30,27,3,Tuesday,48,48,False
20291128,2029-11-28,2029,4,Q4,11,November,Nov,2029-11,202911,2029-11-01,2029-11-30,28,4,Wednesday,48,48,False
20291129,2029-11-29,2029,4,Q4,11,November,Nov,2029-11,202911,2029-11-01,2029-11-30,29,5,Thursday,48,48,False
20291130,2029-11-30,2029,4,Q4,11,November,Nov,2029-11,202911,2029-11-01,2029-11-30,30,6,Friday,48,48,False
20291201,2029-12-01,2029,4,Q4,12,December,Dec,2029-12,202912,2029-12-01,2029-12-31,1,7,Saturday,48,48,True
20291202,2029-12-02,2029,4,Q4,12,December,Dec,2029-12,202912,2029-12-01,2029-12-31,2,1,Sunday,49,48,True
20291203,2029-12-03,2029,4,Q4,12,December,Dec,2029-12,202912,2029-12-01,2029-12-31,3,2,Monday,49,49,False
20291204,2029-12-04,2029,4,Q4,12,December,Dec,2029-12,202912,2029-12-01,2029-12-31,4,3,Tuesday,49,49,False
20291205,2029-12-05,2029,4,Q4,12,December,Dec,2029-12,202912,2029-12-01,2029-12-31,5,4,Wednesday,49,49,False
20291206,2029-12-06,2029,4,Q4,12,December,Dec,2029-12,202912,2029-12-01,2029-12-31,6,5,Thursday,49,49,False
20291207,2029-12-07,2029,4,Q4,12,December,Dec,2029-12,202912,2029-12-01,2029-12-31,7,6,Friday,49,49,False
20291208,2029-12-08,2029,4,Q4,12,December,Dec,2029-12,202912,2029-12-01,2029-12-31,8,7,Saturday,49,49,True
20291209,2029-12-09,2029,4,Q4,12,December,Dec,2029-12,202912,2029-12-01,2029-12-31,9,1,Sunday,50,49,True
20291210,2029-12-10,2029,4,Q4,12,December,Dec,2029-12,202912,2029-12-01,2029-12-31,10,2,Monday,50,50,False
20291211,2029-12-11,2029,4,Q4,12,December,Dec,2029-12,202912,2029-12-01,2029-12-31,11,3,Tuesday,50,50,False
20291212,2029-12-12,2029,4,Q4,12,December,Dec,2029-12,202912,2029-12-01,2029-12-31,12,4,Wednesday,50,50,False
20291213,2029-12-13,2029,4,Q4,12,December,Dec,2029-12,202912,2029-12-01,2029-12-31,13,5,Thursday,50,50,False
20291214,2029-12-14,2029,4,Q4,12,December,Dec,2029-12,202912,2029-12-01,2029-12-31,14,6,Friday,50,50,False
20291215,2029-12-15,2029,4,Q4,12,December,Dec,2029-12,202912,2029-12-01,2029-12-31,15,7,Saturday,50,50,True
20291216,2029-12-16,2029,4,Q4,12,December,Dec,2029-12,202912,2029-12-01,2029-12-31,16,1,Sunday,51,50,True
20291217,2029-12-17,2029,4,Q4,12,December,Dec,2029-12,202912,2029-12-01,2029-12-31,17,2,Monday,51,51,False
20291218,2029-12-18,2029,4,Q4,12,December,Dec,2029-12,202912,2029-12-01,2029-12-31,18,3,Tuesday,51,51,False
20291219,2029-12-19,2029,4,Q4,12,December,Dec,2029-12,202912,2029-12-01,2029-12-31,19,4,Wednesday,51,51,False
20291220,2029-12-20,2029,4,Q4,12,December,Dec,2029-12,202912,2029-12-01,2029-12-31,20,5,Thursday,51,51,False
20291221,2029-12-21,2029,4,Q4,12,December,Dec,2029-12,202912,2029-12-01,2029-12-31,21,6,Friday,51,51,False
20291222,2029-12-22,2029,4,Q4,12,December,Dec,2029-12,202912,2029-12-01,2029-12-31,22,7,Saturday,51,51,True
20291223,2029-12-23,2029,4,Q4,12,December,Dec,2029-12,202912,2029-12-01,2029-12-31,23,1,Sunday,52,51,True
20291224,2029-12-24,2029,4,Q4,12,December,Dec,2029-12,202912,2029-12-01,2029-12-31,24,2,Monday,52,52,False
20291225,2029-12-25,2029,4,Q4,12,December,Dec,2029-12,202912,2029-12-01,2029-12-31,25,3,Tuesday,52,52,False
20291226,2029-12-26,2029,4,Q4,12,December,Dec,2029-12,202912,2029-12-01,2029-12-31,26,4,Wednesday,52,52,False
20291227,2029-12-27,2029,4,Q4,12,December,Dec,2029-12,202912,2029-12-01,2029-12-31,27,5,Thursday,52,52,False
20291228,2029-12-28,2029,4,Q4,12,December,Dec,2029-12,202912,2029-12-01,2029-12-31,28,6,Friday,52,52,False
20291229,2029-12-29,2029,4,Q4,12,December,Dec,2029-12,202912,2029-12-01,2029-12-31,29,7,Saturday,52,52,True
20291230,2029-12-30,2029,4,Q4,12,December,Dec,2029-12,202912,2029-12-01,2029-12-31,30,1,Sunday,53,52,True
20291231,2029-12-31,2029,4,Q4,12,December,Dec,2029-12,202912,2029-12-01,2029-12-31,31,2,Monday,53,1,False
20300101,2030-01-01,2030,1,Q1,1,January,Jan,2030-01,203001,2030-01-01,2030-01-31,1,3,Tuesday,1,1,False
20300102,2030-01-02,2030,1,Q1,1,January,Jan,2030-01,203001,2030-01-01,2030-01-31,2,4,Wednesday,1,1,False
20300103,2030-01-03,2030,1,Q1,1,January,Jan,2030-01,203001,2030-01-01,2030-01-31,3,5,Thursday,1,1,False
20300104,2030-01-04,2030,1,Q1,1,January,Jan,2030-01,203001,2030-01-01,2030-01-31,4,6,Friday,1,1,False
20300105,2030-01-05,2030,1,Q1,1,January,Jan,2030-01,203001,2030-01-01,2030-01-31,5,7,Saturday,1,1,True
20300106,2030-01-06,2030,1,Q1,1,January,Jan,2030-01,203001,2030-01-01,2030-01-31,6,1,Sunday,2,1,True
20300107,2030-01-07,2030,1,Q1,1,January,Jan,2030-01,203001,2030-01-01,2030-01-31,7,2,Monday,2,2,False
20300108,2030-01-08,2030,1,Q1,1,January,Jan,2030-01,203001,2030-01-01,2030-01-31,8,3,Tuesday,2,2,False
20300109,2030-01-09,2030,1,Q1,1,January,Jan,2030-01,203001,2030-01-01,2030-01-31,9,4,Wednesday,2,2,False
20300110,2030-01-10,2030,1,Q1,1,January,Jan,2030-01,203001,2030-01-01,2030-01-31,10,5,Thursday,2,2,False
20300111,2030-01-11,2030,1,Q1,1,January,Jan,2030-01,203001,2030-01-01,2030-01-31,11,6,Friday,2,2,False
20300112,2030-01-12,2030,1,Q1,1,January,Jan,2030-01,203001,2030-01-01,2030-01-31,12,7,Saturday,2,2,True
20300113,2030-01-13,2030,1,Q1,1,January,Jan,2030-01,203001,2030-01-01,2030-01-31,13,1,Sunday,3,2,True
20300114,2030-01-14,2030,1,Q1,1,January,Jan,2030-01,203001,2030-01-01,2030-01-31,14,2,Monday,3,3,False
20300115,2030-01-15,2030,1,Q1,1,January,Jan,2030-01,203001,2030-01-01,2030-01-31,15,3,Tuesday,3,3,False
20300116,2030-01-16,2030,1,Q1,1,January,Jan,2030-01,203001,2030-01-01,2030-01-31,16,4,Wednesday,3,3,False
20300117,2030-01-17,2030,1,Q1,1,January,Jan,2030-01,203001,2030-01-01,2030-01-31,17,5,Thursday,3,3,False
20300118,2030-01-18,2030,1,Q1,1,January,Jan,2030-01,203001,2030-01-01,2030-01-31,18,6,Friday,3,3,False
20300119,2030-01-19,2030,1,Q1,1,January,Jan,2030-01,203001,2030-01-01,2030-01-31,19,7,Saturday,3,3,True
20300120,2030-01-20,2030,1,Q1,1,January,Jan,2030-01,203001,2030-01-01,2030-01-31,20,1,Sunday,4,3,True
20300121,2030-01-21,2030,1,Q1,1,January,Jan,2030-01,203001,2030-01-01,2030-01-31,21,2,Monday,4,4,False
20300122,2030-01-22,2030,1,Q1,1,January,Jan,2030-01,203001,2030-01-01,2030-01-31,22,3,Tuesday,4,4,False
20300123,2030-01-23,2030,1,Q1,1,January,Jan,2030-01,203001,2030-01-01,2030-01-31,23,4,Wednesday,4,4,False
20300124,2030-01-24,2030,1,Q1,1,January,Jan,2030-01,203001,2030-01-01,2030-01-31,24,5,Thursday,4,4,False
20300125,2030-01-25,2030,1,Q1,1,January,Jan,2030-01,203001,2030-01-01,2030-01-31,25,6,Friday,4,4,False
20300126,2030-01-26,2030,1,Q1,1,January,Jan,2030-01,203001,2030-01-01,2030-01-31,26,7,Saturday,4,4,True
20300127,2030-01-27,2030,1,Q1,1,January,Jan,2030-01,203001,2030-01-01,2030-01-31,27,1,Sunday,5,4,True
20300128,2030-01-28,2030,1,Q1,1,January,Jan,2030-01,203001,2030-01-01,2030-01-31,28,2,Monday,5,5,False
20300129,2030-01-29,2030,1,Q1,1,January,Jan,2030-01,203001,2030-01-01,2030-01-31,29,3,Tuesday,5,5,False
20300130,2030-01-30,2030,1,Q1,1,January,Jan,2030-01,203001,2030-01-01,2030-01-31,30,4,Wednesday,5,5,False
20300131,2030-01-31,2030,1,Q1,1,January,Jan,2030-01,203001,2030-01-01,2030-01-31,31,5,Thursday,5,5,False
20300201,2030-02-01,2030,1,Q1,2,February,Feb,2030-02,203002,2030-02-01,2030-02-28,1,6,Friday,5,5,False
20300202,2030-02-02,2030,1,Q1,2,February,Feb,2030-02,203002,2030-02-01,2030-02-28,2,7,Saturday,5,5,True
20300203,2030-02-03,2030,1,Q1,2,February,Feb,2030-02,203002,2030-02-01,2030-02-28,3,1,Sunday,6,5,True
20300204,2030-02-04,2030,1,Q1,2,February,Feb,2030-02,203002,2030-02-01,2030-02-28,4,2,Monday,6,6,False
20300205,2030-02-05,2030,1,Q1,2,February,Feb,2030-02,203002,2030-02-01,2030-02-28,5,3,Tuesday,6,6,False
20300206,2030-02-06,2030,1,Q1,2,February,Feb,2030-02,203002,2030-02-01,2030-02-28,6,4,Wednesday,6,6,False
20300207,2030-02-07,2030,1,Q1,2,February,Feb,2030-02,203002,2030-02-01,2030-02-28,7,5,Thursday,6,6,False
20300208,2030-02-08,2030,1,Q1,2,February,Feb,2030-02,203002,2030-02-01,2030-02-28,8,6,Friday,6,6,False
20300209,2030-02-09,2030,1,Q1,2,February,Feb,2030-02,203002,2030-02-01,2030-02-28,9,7,Saturday,6,6,True
20300210,2030-02-10,2030,1,Q1,2,February,Feb,2030-02,203002,2030-02-01,2030-02-28,10,1,Sunday,7,6,True
20300211,2030-02-11,2030,1,Q1,2,February,Feb,2030-02,203002,2030-02-01,2030-02-28,11,2,Monday,7,7,False
20300212,2030-02-12,2030,1,Q1,2,February,Feb,2030-02,203002,2030-02-01,2030-02-28,12,3,Tuesday,7,7,False
20300213,2030-02-13,2030,1,Q1,2,February,Feb,2030-02,203002,2030-02-01,2030-02-28,13,4,Wednesday,7,7,False
20300214,2030-02-14,2030,1,Q1,2,February,Feb,2030-02,203002,2030-02-01,2030-02-28,14,5,Thursday,7,7,False
20300215,2030-02-15,2030,1,Q1,2,February,Feb,2030-02,203002,2030-02-01,2030-02-28,15,6,Friday,7,7,False
20300216,2030-02-16,2030,1,Q1,2,February,Feb,2030-02,203002,2030-02-01,2030-02-28,16,7,Saturday,7,7,True
20300217,2030-02-17,2030,1,Q1,2,February,Feb,2030-02,203002,2030-02-01,2030-02-28,17,1,Sunday,8,7,True
20300218,2030-02-18,2030,1,Q1,2,February,Feb,2030-02,203002,2030-02-01,2030-02-28,18,2,Monday,8,8,False
20300219,2030-02-19,2030,1,Q1,2,February,Feb,2030-02,203002,2030-02-01,2030-02-28,19,3,Tuesday,8,8,False
20300220,2030-02-20,2030,1,Q1,2,February,Feb,2030-02,203002,2030-02-01,2030-02-28,20,4,Wednesday,8,8,False
20300221,2030-02-21,2030,1,Q1,2,February,Feb,2030-02,203002,2030-02-01,2030-02-28,21,5,Thursday,8,8,False
20300222,2030-02-22,2030,1,Q1,2,February,Feb,2030-02,203002,2030-02-01,2030-02-28,22,6,Friday,8,8,False
20300223,2030-02-23,2030,1,Q1,2,February,Feb,2030-02,203002,2030-02-01,2030-02-28,23,7,Saturday,8,8,True
20300224,2030-02-24,2030,1,Q1,2,February,Feb,2030-02,203002,2030-02-01,2030-02-28,24,1,Sunday,9,8,True
20300225,2030-02-25,2030,1,Q1,2,February,Feb,2030-02,203002,2030-02-01,2030-02-28,25,2,Monday,9,9,False
20300226,2030-02-26,2030,1,Q1,2,February,Feb,2030-02,203002,2030-02-01,2030-02-28,26,3,Tuesday,9,9,False
20300227,2030-02-27,2030,1,Q1,2,February,Feb,2030-02,203002,2030-02-01,2030-02-28,27,4,Wednesday,9,9,False
20300228,2030-02-28,2030,1,Q1,2,February,Feb,2030-02,203002,2030-02-01,2030-02-28,28,5,Thursday,9,9,False
20300301,2030-03-01,2030,1,Q1,3,March,Mar,2030-03,203003,2030-03-01,2030-03-31,1,6,Friday,9,9,False
20300302,2030-03-02,2030,1,Q1,3,March,Mar,2030-03,203003,2030-03-01,2030-03-31,2,7,Saturday,9,9,True
20300303,2030-03-03,2030,1,Q1,3,March,Mar,2030-03,203003,2030-03-01,2030-03-31,3,1,Sunday,10,9,True
20300304,2030-03-04,2030,1,Q1,3,March,Mar,2030-03,203003,2030-03-01,2030-03-31,4,2,Monday,10,10,False
20300305,2030-03-05,2030,1,Q1,3,March,Mar,2030-03,203003,2030-03-01,2030-03-31,5,3,Tuesday,10,10,False
20300306,2030-03-06,2030,1,Q1,3,March,Mar,2030-03,203003,2030-03-01,2030-03-31,6,4,Wednesday,10,10,False
20300307,2030-03-07,2030,1,Q1,3,March,Mar,2030-03,203003,2030-03-01,2030-03-31,7,5,Thursday,10,10,False
20300308,2030-03-08,2030,1,Q1,3,March,Mar,2030-03,203003,2030-03-01,2030-03-31,8,6,Friday,10,10,False
20300309,2030-03-09,2030,1,Q1,3,March,Mar,2030-03,203003,2030-03-01,2030-03-31,9,7,Saturday,10,10,True
20300310,2030-03-10,2030,1,Q1,3,March,Mar,2030-03,203003,2030-03-01,2030-03-31,10,1,Sunday,11,10,True
20300311,2030-03-11,2030,1,Q1,3,March,Mar,2030-03,203003,2030-03-01,2030-03-31,11,2,Monday,11,11,False
20300312,2030-03-12,2030,1,Q1,3,March,Mar,2030-03,203003,2030-03-01,2030-03-31,12,3,Tuesday,11,11,False
20300313,2030-03-13,2030,1,Q1,3,March,Mar,2030-03,203003,2030-03-01,2030-03-31,13,4,Wednesday,11,11,False
20300314,2030-03-14,2030,1,Q1,3,March,Mar,2030-03,203003,2030-03-01,2030-03-31,14,5,Thursday,11,11,False
20300315,2030-03-15,2030,1,Q1,3,March,Mar,2030-03,203003,2030-03-01,2030-03-31,15,6,Friday,11,11,False
20300316,2030-03-16,2030,1,Q1,3,March,Mar,2030-03,203003,2030-03-01,2030-03-31,16,7,Saturday,11,11,True
20300317,2030-03-17,2030,1,Q1,3,March,Mar,2030-03,203003,2030-03-01,2030-03-31,17,1,Sunday,12,11,True
20300318,2030-03-18,2030,1,Q1,3,March,Mar,2030-03,203003,2030-03-01,2030-03-31,18,2,Monday,12,12,False
20300319,2030-03-19,2030,1,Q1,3,March,Mar,2030-03,203003,2030-03-01,2030-03-31,19,3,Tuesday,12,12,False
20300320,2030-03-20,2030,1,Q1,3,March,Mar,2030-03,203003,2030-03-01,2030-03-31,20,4,Wednesday,12,12,False
20300321,2030-03-21,2030,1,Q1,3,March,Mar,2030-03,203003,2030-03-01,2030-03-31,21,5,Thursday,12,12,False
20300322,2030-03-22,2030,1,Q1,3,March,Mar,2030-03,203003,2030-03-01,2030-03-31,22,6,Friday,12,12,False
20300323,2030-03-23,2030,1,Q1,3,March,Mar,2030-03,203003,2030-03-01,2030-03-31,23,7,Saturday,12,12,True
20300324,2030-03-24,2030,1,Q1,3,March,Mar,2030-03,203003,2030-03-01,2030-03-31,24,1,Sunday,13,12,True
20300325,2030-03-25,2030,1,Q1,3,March,Mar,2030-03,203003,2030-03-01,2030-03-31,25,2,Monday,13,13,False
20300326,2030-03-26,2030,1,Q1,3,March,Mar,2030-03,203003,2030-03-01,2030-03-31,26,3,Tuesday,13,13,False
20300327,2030-03-27,2030,1,Q1,3,March,Mar,2030-03,203003,2030-03-01,2030-03-31,27,4,Wednesday,13,13,False
20300328,2030-03-28,2030,1,Q1,3,March,Mar,2030-03,203003,2030-03-01,2030-03-31,28,5,Thursday,13,13,False
20300329,2030-03-29,2030,1,Q1,3,March,Mar,2030-03,203003,2030-03-01,2030-03-31,29,6,Friday,13,13,False
20300330,2030-03-30,2030,1,Q1,3,March,Mar,2030-03,203003,2030-03-01,2030-03-31,30,7,Saturday,13,13,True
20300331,2030-03-31,2030,1,Q1,3,March,Mar,2030-03,203003,2030-03-01,2030-03-31,31,1,Sunday,14,13,True
20300401,2030-04-01,2030,2,Q2,4,April,Apr,2030-04,203004,2030-04-01,2030-04-30,1,2,Monday,14,14,False
20300402,2030-04-02,2030,2,Q2,4,April,Apr,2030-04,203004,2030-04-01,2030-04-30,2,3,Tuesday,14,14,False
20300403,2030-04-03,2030,2,Q2,4,April,Apr,2030-04,203004,2030-04-01,2030-04-30,3,4,Wednesday,14,14,False
20300404,2030-04-04,2030,2,Q2,4,April,Apr,2030-04,203004,2030-04-01,2030-04-30,4,5,Thursday,14,14,False
20300405,2030-04-05,2030,2,Q2,4,April,Apr,2030-04,203004,2030-04-01,2030-04-30,5,6,Friday,14,14,False
20300406,2030-04-06,2030,2,Q2,4,April,Apr,2030-04,203004,2030-04-01,2030-04-30,6,7,Saturday,14,14,True
20300407,2030-04-07,2030,2,Q2,4,April,Apr,2030-04,203004,2030-04-01,2030-04-30,7,1,Sunday,15,14,True
20300408,2030-04-08,2030,2,Q2,4,April,Apr,2030-04,203004,2030-04-01,2030-04-30,8,2,Monday,15,15,False
20300409,2030-04-09,2030,2,Q2,4,April,Apr,2030-04,203004,2030-04-01,2030-04-30,9,3,Tuesday,15,15,False
20300410,2030-04-10,2030,2,Q2,4,April,Apr,2030-04,203004,2030-04-01,2030-04-30,10,4,Wednesday,15,15,False
20300411,2030-04-11,2030,2,Q2,4,April,Apr,2030-04,203004,2030-04-01,2030-04-30,11,5,Thursday,15,15,False
20300412,2030-04-12,2030,2,Q2,4,April,Apr,2030-04,203004,2030-04-01,2030-04-30,12,6,Friday,15,15,False
20300413,2030-04-13,2030,2,Q2,4,April,Apr,2030-04,203004,2030-04-01,2030-04-30,13,7,Saturday,15,15,True
20300414,2030-04-14,2030,2,Q2,4,April,Apr,2030-04,203004,2030-04-01,2030-04-30,14,1,Sunday,16,15,True
20300415,2030-04-15,2030,2,Q2,4,April,Apr,2030-04,203004,2030-04-01,2030-04-30,15,2,Monday,16,16,False
20300416,2030-04-16,2030,2,Q2,4,April,Apr,2030-04,203004,2030-04-01,2030-04-30,16,3,Tuesday,16,16,False
20300417,2030-04-17,2030,2,Q2,4,April,Apr,2030-04,203004,2030-04-01,2030-04-30,17,4,Wednesday,16,16,False
20300418,2030-04-18,2030,2,Q2,4,April,Apr,2030-04,203004,2030-04-01,2030-04-30,18,5,Thursday,16,16,False
20300419,2030-04-19,2030,2,Q2,4,April,Apr,2030-04,203004,2030-04-01,2030-04-30,19,6,Friday,16,16,False
20300420,2030-04-20,2030,2,Q2,4,April,Apr,2030-04,203004,2030-04-01,2030-04-30,20,7,Saturday,16,16,True
20300421,2030-04-21,2030,2,Q2,4,April,Apr,2030-04,203004,2030-04-01,2030-04-30,21,1,Sunday,17,16,True
20300422,2030-04-22,2030,2,Q2,4,April,Apr,2030-04,203004,2030-04-01,2030-04-30,22,2,Monday,17,17,False
20300423,2030-04-23,2030,2,Q2,4,April,Apr,2030-04,203004,2030-04-01,2030-04-30,23,3,Tuesday,17,17,False
20300424,2030-04-24,2030,2,Q2,4,April,Apr,2030-04,203004,2030-04-01,2030-04-30,24,4,Wednesday,17,17,False
20300425,2030-04-25,2030,2,Q2,4,April,Apr,2030-04,203004,2030-04-01,2030-04-30,25,5,Thursday,17,17,False
20300426,2030-04-26,2030,2,Q2,4,April,Apr,2030-04,203004,2030-04-01,2030-04-30,26,6,Friday,17,17,False
20300427,2030-04-27,2030,2,Q2,4,April,Apr,2030-04,203004,2030-04-01,2030-04-30,27,7,Saturday,17,17,True
20300428,2030-04-28,2030,2,Q2,4,April,Apr,2030-04,203004,2030-04-01,2030-04-30,28,1,Sunday,18,17,True
20300429,2030-04-29,2030,2,Q2,4,April,Apr,2030-04,203004,2030-04-01,2030-04-30,29,2,Monday,18,18,False
20300430,2030-04-30,2030,2,Q2,4,April,Apr,2030-04,203004,2030-04-01,2030-04-30,30,3,Tuesday,18,18,False
20300501,2030-05-01,2030,2,Q2,5,May,May,2030-05,203005,2030-05-01,2030-05-31,1,4,Wednesday,18,18,False
20300502,2030-05-02,2030,2,Q2,5,May,May,2030-05,203005,2030-05-01,2030-05-31,2,5,Thursday,18,18,False
20300503,2030-05-03,2030,2,Q2,5,May,May,2030-05,203005,2030-05-01,2030-05-31,3,6,Friday,18,18,False
20300504,2030-05-04,2030,2,Q2,5,May,May,2030-05,203005,2030-05-01,2030-05-31,4,7,Saturday,18,18,True
20300505,2030-05-05,2030,2,Q2,5,May,May,2030-05,203005,2030-05-01,2030-05-31,5,1,Sunday,19,18,True
20300506,2030-05-06,2030,2,Q2,5,May,May,2030-05,203005,2030-05-01,2030-05-31,6,2,Monday,19,19,False
20300507,2030-05-07,2030,2,Q2,5,May,May,2030-05,203005,2030-05-01,2030-05-31,7,3,Tuesday,19,19,False
20300508,2030-05-08,2030,2,Q2,5,May,May,2030-05,203005,2030-05-01,2030-05-31,8,4,Wednesday,19,19,False
20300509,2030-05-09,2030,2,Q2,5,May,May,2030-05,203005,2030-05-01,2030-05-31,9,5,Thursday,19,19,False
20300510,2030-05-10,2030,2,Q2,5,May,May,2030-05,203005,2030-05-01,2030-05-31,10,6,Friday,19,19,False
20300511,2030-05-11,2030,2,Q2,5,May,May,2030-05,203005,2030-05-01,2030-05-31,11,7,Saturday,19,19,True
20300512,2030-05-12,2030,2,Q2,5,May,May,2030-05,203005,2030-05-01,2030-05-31,12,1,Sunday,20,19,True
20300513,2030-05-13,2030,2,Q2,5,May,May,2030-05,203005,2030-05-01,2030-05-31,13,2,Monday,20,20,False
20300514,2030-05-14,2030,2,Q2,5,May,May,2030-05,203005,2030-05-01,2030-05-31,14,3,Tuesday,20,20,False
20300515,2030-05-15,2030,2,Q2,5,May,May,2030-05,203005,2030-05-01,2030-05-31,15,4,Wednesday,20,20,False
20300516,2030-05-16,2030,2,Q2,5,May,May,2030-05,203005,2030-05-01,2030-05-31,16,5,Thursday,20,20,False
20300517,2030-05-17,2030,2,Q2,5,May,May,2030-05,203005,2030-05-01,2030-05-31,17,6,Friday,20,20,False
20300518,2030-05-18,2030,2,Q2,5,May,May,2030-05,203005,2030-05-01,2030-05-31,18,7,Saturday,20,20,True
20300519,2030-05-19,2030,2,Q2,5,May,May,2030-05,203005,2030-05-01,2030-05-31,19,1,Sunday,21,20,True
20300520,2030-05-20,2030,2,Q2,5,May,May,2030-05,203005,2030-05-01,2030-05-31,20,2,Monday,21,21,False
20300521,2030-05-21,2030,2,Q2,5,May,May,2030-05,203005,2030-05-01,2030-05-31,21,3,Tuesday,21,21,False
20300522,2030-05-22,2030,2,Q2,5,May,May,2030-05,203005,2030-05-01,2030-05-31,22,4,Wednesday,21,21,False
20300523,2030-05-23,2030,2,Q2,5,May,May,2030-05,203005,2030-05-01,2030-05-31,23,5,Thursday,21,21,False
20300524,2030-05-24,2030,2,Q2,5,May,May,2030-05,203005,2030-05-01,2030-05-31,24,6,Friday,21,21,False
20300525,2030-05-25,2030,2,Q2,5,May,May,2030-05,203005,2030-05-01,2030-05-31,25,7,Saturday,21,21,True
20300526,2030-05-26,2030,2,Q2,5,May,May,2030-05,203005,2030-05-01,2030-05-31,26,1,Sunday,22,21,True
20300527,2030-05-27,2030,2,Q2,5,May,May,2030-05,203005,2030-05-01,2030-05-31,27,2,Monday,22,22,False
20300528,2030-05-28,2030,2,Q2,5,May,May,2030-05,203005,2030-05-01,2030-05-31,28,3,Tuesday,22,22,False
20300529,2030-05-29,2030,2,Q2,5,May,May,2030-05,203005,2030-05-01,2030-05-31,29,4,Wednesday,22,22,False
20300530,2030-05-30,2030,2,Q2,5,May,May,2030-05,203005,2030-05-01,2030-05-31,30,5,Thursday,22,22,False
20300531,2030-05-31,2030,2,Q2,5,May,May,2030-05,203005,2030-05-01,2030-05-31,31,6,Friday,22,22,False
20300601,2030-06-01,2030,2,Q2,6,June,Jun,2030-06,203006,2030-06-01,2030-06-30,1,7,Saturday,22,22,True
20300602,2030-06-02,2030,2,Q2,6,June,Jun,2030-06,203006,2030-06-01,2030-06-30,2,1,Sunday,23,22,True
20300603,2030-06-03,2030,2,Q2,6,June,Jun,2030-06,203006,2030-06-01,2030-06-30,3,2,Monday,23,23,False
20300604,2030-06-04,2030,2,Q2,6,June,Jun,2030-06,203006,2030-06-01,2030-06-30,4,3,Tuesday,23,23,False
20300605,2030-06-05,2030,2,Q2,6,June,Jun,2030-06,203006,2030-06-01,2030-06-30,5,4,Wednesday,23,23,False
20300606,2030-06-06,2030,2,Q2,6,June,Jun,2030-06,203006,2030-06-01,2030-06-30,6,5,Thursday,23,23,False
20300607,2030-06-07,2030,2,Q2,6,June,Jun,2030-06,203006,2030-06-01,2030-06-30,7,6,Friday,23,23,False
20300608,2030-06-08,2030,2,Q2,6,June,Jun,2030-06,203006,2030-06-01,2030-06-30,8,7,Saturday,23,23,True
20300609,2030-06-09,2030,2,Q2,6,June,Jun,2030-06,203006,2030-06-01,2030-06-30,9,1,Sunday,24,23,True
20300610,2030-06-10,2030,2,Q2,6,June,Jun,2030-06,203006,2030-06-01,2030-06-30,10,2,Monday,24,24,False
20300611,2030-06-11,2030,2,Q2,6,June,Jun,2030-06,203006,2030-06-01,2030-06-30,11,3,Tuesday,24,24,False
20300612,2030-06-12,2030,2,Q2,6,June,Jun,2030-06,203006,2030-06-01,2030-06-30,12,4,Wednesday,24,24,False
20300613,2030-06-13,2030,2,Q2,6,June,Jun,2030-06,203006,2030-06-01,2030-06-30,13,5,Thursday,24,24,False
20300614,2030-06-14,2030,2,Q2,6,June,Jun,2030-06,203006,2030-06-01,2030-06-30,14,6,Friday,24,24,False
20300615,2030-06-15,2030,2,Q2,6,June,Jun,2030-06,203006,2030-06-01,2030-06-30,15,7,Saturday,24,24,True
20300616,2030-06-16,2030,2,Q2,6,June,Jun,2030-06,203006,2030-06-01,2030-06-30,16,1,Sunday,25,24,True
20300617,2030-06-17,2030,2,Q2,6,June,Jun,2030-06,203006,2030-06-01,2030-06-30,17,2,Monday,25,25,False
20300618,2030-06-18,2030,2,Q2,6,June,Jun,2030-06,203006,2030-06-01,2030-06-30,18,3,Tuesday,25,25,False
20300619,2030-06-19,2030,2,Q2,6,June,Jun,2030-06,203006,2030-06-01,2030-06-30,19,4,Wednesday,25,25,False
20300620,2030-06-20,2030,2,Q2,6,June,Jun,2030-06,203006,2030-06-01,2030-06-30,20,5,Thursday,25,25,False
20300621,2030-06-21,2030,2,Q2,6,June,Jun,2030-06,203006,2030-06-01,2030-06-30,21,6,Friday,25,25,False
20300622,2030-06-22,2030,2,Q2,6,June,Jun,2030-06,203006,2030-06-01,2030-06-30,22,7,Saturday,25,25,True
20300623,2030-06-23,2030,2,Q2,6,June,Jun,2030-06,203006,2030-06-01,2030-06-30,23,1,Sunday,26,25,True
20300624,2030-06-24,2030,2,Q2,6,June,Jun,2030-06,203006,2030-06-01,2030-06-30,24,2,Monday,26,26,False
20300625,2030-06-25,2030,2,Q2,6,June,Jun,2030-06,203006,2030-06-01,2030-06-30,25,3,Tuesday,26,26,False
20300626,2030-06-26,2030,2,Q2,6,June,Jun,2030-06,203006,2030-06-01,2030-06-30,26,4,Wednesday,26,26,False
20300627,2030-06-27,2030,2,Q2,6,June,Jun,2030-06,203006,2030-06-01,2030-06-30,27,5,Thursday,26,26,False
20300628,2030-06-28,2030,2,Q2,6,June,Jun,2030-06,203006,2030-06-01,2030-06-30,28,6,Friday,26,26,False
20300629,2030-06-29,2030,2,Q2,6,June,Jun,2030-06,203006,2030-06-01,2030-06-30,29,7,Saturday,26,26,True
20300630,2030-06-30,2030,2,Q2,6,June,Jun,2030-06,203006,2030-06-01,2030-06-30,30,1,Sunday,27,26,True
20300701,2030-07-01,2030,3,Q3,7,July,Jul,2030-07,203007,2030-07-01,2030-07-31,1,2,Monday,27,27,False
20300702,2030-07-02,2030,3,Q3,7,July,Jul,2030-07,203007,2030-07-01,2030-07-31,2,3,Tuesday,27,27,False
20300703,2030-07-03,2030,3,Q3,7,July,Jul,2030-07,203007,2030-07-01,2030-07-31,3,4,Wednesday,27,27,False
20300704,2030-07-04,2030,3,Q3,7,July,Jul,2030-07,203007,2030-07-01,2030-07-31,4,5,Thursday,27,27,False
20300705,2030-07-05,2030,3,Q3,7,July,Jul,2030-07,203007,2030-07-01,2030-07-31,5,6,Friday,27,27,False
20300706,2030-07-06,2030,3,Q3,7,July,Jul,2030-07,203007,2030-07-01,2030-07-31,6,7,Saturday,27,27,True
20300707,2030-07-07,2030,3,Q3,7,July,Jul,2030-07,203007,2030-07-01,2030-07-31,7,1,Sunday,28,27,True
20300708,2030-07-08,2030,3,Q3,7,July,Jul,2030-07,203007,2030-07-01,2030-07-31,8,2,Monday,28,28,False
20300709,2030-07-09,2030,3,Q3,7,July,Jul,2030-07,203007,2030-07-01,2030-07-31,9,3,Tuesday,28,28,False
20300710,2030-07-10,2030,3,Q3,7,July,Jul,2030-07,203007,2030-07-01,2030-07-31,10,4,Wednesday,28,28,False
20300711,2030-07-11,2030,3,Q3,7,July,Jul,2030-07,203007,2030-07-01,2030-07-31,11,5,Thursday,28,28,False
20300712,2030-07-12,2030,3,Q3,7,July,Jul,2030-07,203007,2030-07-01,2030-07-31,12,6,Friday,28,28,False
20300713,2030-07-13,2030,3,Q3,7,July,Jul,2030-07,203007,2030-07-01,2030-07-31,13,7,Saturday,28,28,True
20300714,2030-07-14,2030,3,Q3,7,July,Jul,2030-07,203007,2030-07-01,2030-07-31,14,1,Sunday,29,28,True
20300715,2030-07-15,2030,3,Q3,7,July,Jul,2030-07,203007,2030-07-01,2030-07-31,15,2,Monday,29,29,False
20300716,2030-07-16,2030,3,Q3,7,July,Jul,2030-07,203007,2030-07-01,2030-07-31,16,3,Tuesday,29,29,False
20300717,2030-07-17,2030,3,Q3,7,July,Jul,2030-07,203007,2030-07-01,2030-07-31,17,4,Wednesday,29,29,False
20300718,2030-07-18,2030,3,Q3,7,July,Jul,2030-07,203007,2030-07-01,2030-07-31,18,5,Thursday,29,29,False
20300719,2030-07-19,2030,3,Q3,7,July,Jul,2030-07,203007,2030-07-01,2030-07-31,19,6,Friday,29,29,False
20300720,2030-07-20,2030,3,Q3,7,July,Jul,2030-07,203007,2030-07-01,2030-07-31,20,7,Saturday,29,29,True
20300721,2030-07-21,2030,3,Q3,7,July,Jul,2030-07,203007,2030-07-01,2030-07-31,21,1,Sunday,30,29,True
20300722,2030-07-22,2030,3,Q3,7,July,Jul,2030-07,203007,2030-07-01,2030-07-31,22,2,Monday,30,30,False
20300723,2030-07-23,2030,3,Q3,7,July,Jul,2030-07,203007,2030-07-01,2030-07-31,23,3,Tuesday,30,30,False
20300724,2030-07-24,2030,3,Q3,7,July,Jul,2030-07,203007,2030-07-01,2030-07-31,24,4,Wednesday,30,30,False
20300725,2030-07-25,2030,3,Q3,7,July,Jul,2030-07,203007,2030-07-01,2030-07-31,25,5,Thursday,30,30,False
20300726,2030-07-26,2030,3,Q3,7,July,Jul,2030-07,203007,2030-07-01,2030-07-31,26,6,Friday,30,30,False
20300727,2030-07-27,2030,3,Q3,7,July,Jul,2030-07,203007,2030-07-01,2030-07-31,27,7,Saturday,30,30,True
20300728,2030-07-28,2030,3,Q3,7,July,Jul,2030-07,203007,2030-07-01,2030-07-31,28,1,Sunday,31,30,True
20300729,2030-07-29,2030,3,Q3,7,July,Jul,2030-07,203007,2030-07-01,2030-07-31,29,2,Monday,31,31,False
20300730,2030-07-30,2030,3,Q3,7,July,Jul,2030-07,203007,2030-07-01,2030-07-31,30,3,Tuesday,31,31,False
20300731,2030-07-31,2030,3,Q3,7,July,Jul,2030-07,203007,2030-07-01,2030-07-31,31,4,Wednesday,31,31,False
20300801,2030-08-01,2030,3,Q3,8,August,Aug,2030-08,203008,2030-08-01,2030-08-31,1,5,Thursday,31,31,False
20300802,2030-08-02,2030,3,Q3,8,August,Aug,2030-08,203008,2030-08-01,2030-08-31,2,6,Friday,31,31,False
20300803,2030-08-03,2030,3,Q3,8,August,Aug,2030-08,203008,2030-08-01,2030-08-31,3,7,Saturday,31,31,True
20300804,2030-08-04,2030,3,Q3,8,August,Aug,2030-08,203008,2030-08-01,2030-08-31,4,1,Sunday,32,31,True
20300805,2030-08-05,2030,3,Q3,8,August,Aug,2030-08,203008,2030-08-01,2030-08-31,5,2,Monday,32,32,False
20300806,2030-08-06,2030,3,Q3,8,August,Aug,2030-08,203008,2030-08-01,2030-08-31,6,3,Tuesday,32,32,False
20300807,2030-08-07,2030,3,Q3,8,August,Aug,2030-08,203008,2030-08-01,2030-08-31,7,4,Wednesday,32,32,False
20300808,2030-08-08,2030,3,Q3,8,August,Aug,2030-08,203008,2030-08-01,2030-08-31,8,5,Thursday,32,32,False
20300809,2030-08-09,2030,3,Q3,8,August,Aug,2030-08,203008,2030-08-01,2030-08-31,9,6,Friday,32,32,False
20300810,2030-08-10,2030,3,Q3,8,August,Aug,2030-08,203008,2030-08-01,2030-08-31,10,7,Saturday,32,32,True
20300811,2030-08-11,2030,3,Q3,8,August,Aug,2030-08,203008,2030-08-01,2030-08-31,11,1,Sunday,33,32,True
20300812,2030-08-12,2030,3,Q3,8,August,Aug,2030-08,203008,2030-08-01,2030-08-31,12,2,Monday,33,33,False
20300813,2030-08-13,2030,3,Q3,8,August,Aug,2030-08,203008,2030-08-01,2030-08-31,13,3,Tuesday,33,33,False
20300814,2030-08-14,2030,3,Q3,8,August,Aug,2030-08,203008,2030-08-01,2030-08-31,14,4,Wednesday,33,33,False
20300815,2030-08-15,2030,3,Q3,8,August,Aug,2030-08,203008,2030-08-01,2030-08-31,15,5,Thursday,33,33,False
20300816,2030-08-16,2030,3,Q3,8,August,Aug,2030-08,203008,2030-08-01,2030-08-31,16,6,Friday,33,33,False
20300817,2030-08-17,2030,3,Q3,8,August,Aug,2030-08,203008,2030-08-01,2030-08-31,17,7,Saturday,33,33,True
20300818,2030-08-18,2030,3,Q3,8,August,Aug,2030-08,203008,2030-08-01,2030-08-31,18,1,Sunday,34,33,True
20300819,2030-08-19,2030,3,Q3,8,August,Aug,2030-08,203008,2030-08-01,2030-08-31,19,2,Monday,34,34,False
20300820,2030-08-20,2030,3,Q3,8,August,Aug,2030-08,203008,2030-08-01,2030-08-31,20,3,Tuesday,34,34,False
20300821,2030-08-21,2030,3,Q3,8,August,Aug,2030-08,203008,2030-08-01,2030-08-31,21,4,Wednesday,34,34,False
20300822,2030-08-22,2030,3,Q3,8,August,Aug,2030-08,203008,2030-08-01,2030-08-31,22,5,Thursday,34,34,False
20300823,2030-08-23,2030,3,Q3,8,August,Aug,2030-08,203008,2030-08-01,2030-08-31,23,6,Friday,34,34,False
20300824,2030-08-24,2030,3,Q3,8,August,Aug,2030-08,203008,2030-08-01,2030-08-31,24,7,Saturday,34,34,True
20300825,2030-08-25,2030,3,Q3,8,August,Aug,2030-08,203008,2030-08-01,2030-08-31,25,1,Sunday,35,34,True
20300826,2030-08-26,2030,3,Q3,8,August,Aug,2030-08,203008,2030-08-01,2030-08-31,26,2,Monday,35,35,False
20300827,2030-08-27,2030,3,Q3,8,August,Aug,2030-08,203008,2030-08-01,2030-08-31,27,3,Tuesday,35,35,False
20300828,2030-08-28,2030,3,Q3,8,August,Aug,2030-08,203008,2030-08-01,2030-08-31,28,4,Wednesday,35,35,False
20300829,2030-08-29,2030,3,Q3,8,August,Aug,2030-08,203008,2030-08-01,2030-08-31,29,5,Thursday,35,35,False
20300830,2030-08-30,2030,3,Q3,8,August,Aug,2030-08,203008,2030-08-01,2030-08-31,30,6,Friday,35,35,False
20300831,2030-08-31,2030,3,Q3,8,August,Aug,2030-08,203008,2030-08-01,2030-08-31,31,7,Saturday,35,35,True
20300901,2030-09-01,2030,3,Q3,9,September,Sep,2030-09,203009,2030-09-01,2030-09-30,1,1,Sunday,36,35,True
20300902,2030-09-02,2030,3,Q3,9,September,Sep,2030-09,203009,2030-09-01,2030-09-30,2,2,Monday,36,36,False
20300903,2030-09-03,2030,3,Q3,9,September,Sep,2030-09,203009,2030-09-01,2030-09-30,3,3,Tuesday,36,36,False
20300904,2030-09-04,2030,3,Q3,9,September,Sep,2030-09,203009,2030-09-01,2030-09-30,4,4,Wednesday,36,36,False
20300905,2030-09-05,2030,3,Q3,9,September,Sep,2030-09,203009,2030-09-01,2030-09-30,5,5,Thursday,36,36,False
20300906,2030-09-06,2030,3,Q3,9,September,Sep,2030-09,203009,2030-09-01,2030-09-30,6,6,Friday,36,36,False
20300907,2030-09-07,2030,3,Q3,9,September,Sep,2030-09,203009,2030-09-01,2030-09-30,7,7,Saturday,36,36,True
20300908,2030-09-08,2030,3,Q3,9,September,Sep,2030-09,203009,2030-09-01,2030-09-30,8,1,Sunday,37,36,True
20300909,2030-09-09,2030,3,Q3,9,September,Sep,2030-09,203009,2030-09-01,2030-09-30,9,2,Monday,37,37,False
20300910,2030-09-10,2030,3,Q3,9,September,Sep,2030-09,203009,2030-09-01,2030-09-30,10,3,Tuesday,37,37,False
20300911,2030-09-11,2030,3,Q3,9,September,Sep,2030-09,203009,2030-09-01,2030-09-30,11,4,Wednesday,37,37,False
20300912,2030-09-12,2030,3,Q3,9,September,Sep,2030-09,203009,2030-09-01,2030-09-30,12,5,Thursday,37,37,False
20300913,2030-09-13,2030,3,Q3,9,September,Sep,2030-09,203009,2030-09-01,2030-09-30,13,6,Friday,37,37,False
20300914,2030-09-14,2030,3,Q3,9,September,Sep,2030-09,203009,2030-09-01,2030-09-30,14,7,Saturday,37,37,True
20300915,2030-09-15,2030,3,Q3,9,September,Sep,2030-09,203009,2030-09-01,2030-09-30,15,1,Sunday,38,37,True
20300916,2030-09-16,2030,3,Q3,9,September,Sep,2030-09,203009,2030-09-01,2030-09-30,16,2,Monday,38,38,False
20300917,2030-09-17,2030,3,Q3,9,September,Sep,2030-09,203009,2030-09-01,2030-09-30,17,3,Tuesday,38,38,False
20300918,2030-09-18,2030,3,Q3,9,September,Sep,2030-09,203009,2030-09-01,2030-09-30,18,4,Wednesday,38,38,False
20300919,2030-09-19,2030,3,Q3,9,September,Sep,2030-09,203009,2030-09-01,2030-09-30,19,5,Thursday,38,38,False
20300920,2030-09-20,2030,3,Q3,9,September,Sep,2030-09,203009,2030-09-01,2030-09-30,20,6,Friday,38,38,False
20300921,2030-09-21,2030,3,Q3,9,September,Sep,2030-09,203009,2030-09-01,2030-09-30,21,7,Saturday,38,38,True
20300922,2030-09-22,2030,3,Q3,9,September,Sep,2030-09,203009,2030-09-01,2030-09-30,22,1,Sunday,39,38,True
20300923,2030-09-23,2030,3,Q3,9,September,Sep,2030-09,203009,2030-09-01,2030-09-30,23,2,Monday,39,39,False
20300924,2030-09-24,2030,3,Q3,9,September,Sep,2030-09,203009,2030-09-01,2030-09-30,24,3,Tuesday,39,39,False
20300925,2030-09-25,2030,3,Q3,9,September,Sep,2030-09,203009,2030-09-01,2030-09-30,25,4,Wednesday,39,39,False
20300926,2030-09-26,2030,3,Q3,9,September,Sep,2030-09,203009,2030-09-01,2030-09-30,26,5,Thursday,39,39,False
20300927,2030-09-27,2030,3,Q3,9,September,Sep,2030-09,203009,2030-09-01,2030-09-30,27,6,Friday,39,39,False
20300928,2030-09-28,2030,3,Q3,9,September,Sep,2030-09,203009,2030-09-01,2030-09-30,28,7,Saturday,39,39,True
20300929,2030-09-29,2030,3,Q3,9,September,Sep,2030-09,203009,2030-09-01,2030-09-30,29,1,Sunday,40,39,True
20300930,2030-09-30,2030,3,Q3,9,September,Sep,2030-09,203009,2030-09-01,2030-09-30,30,2,Monday,40,40,False
20301001,2030-10-01,2030,4,Q4,10,October,Oct,2030-10,203010,2030-10-01,2030-10-31,1,3,Tuesday,40,40,False
20301002,2030-10-02,2030,4,Q4,10,October,Oct,2030-10,203010,2030-10-01,2030-10-31,2,4,Wednesday,40,40,False
20301003,2030-10-03,2030,4,Q4,10,October,Oct,2030-10,203010,2030-10-01,2030-10-31,3,5,Thursday,40,40,False
20301004,2030-10-04,2030,4,Q4,10,October,Oct,2030-10,203010,2030-10-01,2030-10-31,4,6,Friday,40,40,False
20301005,2030-10-05,2030,4,Q4,10,October,Oct,2030-10,203010,2030-10-01,2030-10-31,5,7,Saturday,40,40,True
20301006,2030-10-06,2030,4,Q4,10,October,Oct,2030-10,203010,2030-10-01,2030-10-31,6,1,Sunday,41,40,True
20301007,2030-10-07,2030,4,Q4,10,October,Oct,2030-10,203010,2030-10-01,2030-10-31,7,2,Monday,41,41,False
20301008,2030-10-08,2030,4,Q4,10,October,Oct,2030-10,203010,2030-10-01,2030-10-31,8,3,Tuesday,41,41,False
20301009,2030-10-09,2030,4,Q4,10,October,Oct,2030-10,203010,2030-10-01,2030-10-31,9,4,Wednesday,41,41,False
20301010,2030-10-10,2030,4,Q4,10,October,Oct,2030-10,203010,2030-10-01,2030-10-31,10,5,Thursday,41,41,False
20301011,2030-10-11,2030,4,Q4,10,October,Oct,2030-10,203010,2030-10-01,2030-10-31,11,6,Friday,41,41,False
20301012,2030-10-12,2030,4,Q4,10,October,Oct,2030-10,203010,2030-10-01,2030-10-31,12,7,Saturday,41,41,True
20301013,2030-10-13,2030,4,Q4,10,October,Oct,2030-10,203010,2030-10-01,2030-10-31,13,1,Sunday,42,41,True
20301014,2030-10-14,2030,4,Q4,10,October,Oct,2030-10,203010,2030-10-01,2030-10-31,14,2,Monday,42,42,False
20301015,2030-10-15,2030,4,Q4,10,October,Oct,2030-10,203010,2030-10-01,2030-10-31,15,3,Tuesday,42,42,False
20301016,2030-10-16,2030,4,Q4,10,October,Oct,2030-10,203010,2030-10-01,2030-10-31,16,4,Wednesday,42,42,False
20301017,2030-10-17,2030,4,Q4,10,October,Oct,2030-10,203010,2030-10-01,2030-10-31,17,5,Thursday,42,42,False
20301018,2030-10-18,2030,4,Q4,10,October,Oct,2030-10,203010,2030-10-01,2030-10-31,18,6,Friday,42,42,False
20301019,2030-10-19,2030,4,Q4,10,October,Oct,2030-10,203010,2030-10-01,2030-10-31,19,7,Saturday,42,42,True
20301020,2030-10-20,2030,4,Q4,10,October,Oct,2030-10,203010,2030-10-01,2030-10-31,20,1,Sunday,43,42,True
20301021,2030-10-21,2030,4,Q4,10,October,Oct,2030-10,203010,2030-10-01,2030-10-31,21,2,Monday,43,43,False
20301022,2030-10-22,2030,4,Q4,10,October,Oct,2030-10,203010,2030-10-01,2030-10-31,22,3,Tuesday,43,43,False
20301023,2030-10-23,2030,4,Q4,10,October,Oct,2030-10,203010,2030-10-01,2030-10-31,23,4,Wednesday,43,43,False
20301024,2030-10-24,2030,4,Q4,10,October,Oct,2030-10,203010,2030-10-01,2030-10-31,24,5,Thursday,43,43,False
20301025,2030-10-25,2030,4,Q4,10,October,Oct,2030-10,203010,2030-10-01,2030-10-31,25,6,Friday,43,43,False
20301026,2030-10-26,2030,4,Q4,10,October,Oct,2030-10,203010,2030-10-01,2030-10-31,26,7,Saturday,43,43,True
20301027,2030-10-27,2030,4,Q4,10,October,Oct,2030-10,203010,2030-10-01,2030-10-31,27,1,Sunday,44,43,True
20301028,2030-10-28,2030,4,Q4,10,October,Oct,2030-10,203010,2030-10-01,2030-10-31,28,2,Monday,44,44,False
20301029,2030-10-29,2030,4,Q4,10,October,Oct,2030-10,203010,2030-10-01,2030-10-31,29,3,Tuesday,44,44,False
20301030,2030-10-30,2030,4,Q4,10,October,Oct,2030-10,203010,2030-10-01,2030-10-31,30,4,Wednesday,44,44,False
20301031,2030-10-31,2030,4,Q4,10,October,Oct,2030-10,203010,2030-10-01,2030-10-31,31,5,Thursday,44,44,False
20301101,2030-11-01,2030,4,Q4,11,November,Nov,2030-11,203011,2030-11-01,2030-11-30,1,6,Friday,44,44,False
20301102,2030-11-02,2030,4,Q4,11,November,Nov,2030-11,203011,2030-11-01,2030-11-30,2,7,Saturday,44,44,True
20301103,2030-11-03,2030,4,Q4,11,November,Nov,2030-11,203011,2030-11-01,2030-11-30,3,1,Sunday,45,44,True
20301104,2030-11-04,2030,4,Q4,11,November,Nov,2030-11,203011,2030-11-01,2030-11-30,4,2,Monday,45,45,False
20301105,2030-11-05,2030,4,Q4,11,November,Nov,2030-11,203011,2030-11-01,2030-11-30,5,3,Tuesday,45,45,False
20301106,2030-11-06,2030,4,Q4,11,November,Nov,2030-11,203011,2030-11-01,2030-11-30,6,4,Wednesday,45,45,False
20301107,2030-11-07,2030,4,Q4,11,November,Nov,2030-11,203011,2030-11-01,2030-11-30,7,5,Thursday,45,45,False
20301108,2030-11-08,2030,4,Q4,11,November,Nov,2030-11,203011,2030-11-01,2030-11-30,8,6,Friday,45,45,False
20301109,2030-11-09,2030,4,Q4,11,November,Nov,2030-11,203011,2030-11-01,2030-11-30,9,7,Saturday,45,45,True
20301110,2030-11-10,2030,4,Q4,11,November,Nov,2030-11,203011,2030-11-01,2030-11-30,10,1,Sunday,46,45,True
20301111,2030-11-11,2030,4,Q4,11,November,Nov,2030-11,203011,2030-11-01,2030-11-30,11,2,Monday,46,46,False
20301112,2030-11-12,2030,4,Q4,11,November,Nov,2030-11,203011,2030-11-01,2030-11-30,12,3,Tuesday,46,46,False
20301113,2030-11-13,2030,4,Q4,11,November,Nov,2030-11,203011,2030-11-01,2030-11-30,13,4,Wednesday,46,46,False
20301114,2030-11-14,2030,4,Q4,11,November,Nov,2030-11,203011,2030-11-01,2030-11-30,14,5,Thursday,46,46,False
20301115,2030-11-15,2030,4,Q4,11,November,Nov,2030-11,203011,2030-11-01,2030-11-30,15,6,Friday,46,46,False
20301116,2030-11-16,2030,4,Q4,11,November,Nov,2030-11,203011,2030-11-01,2030-11-30,16,7,Saturday,46,46,True
20301117,2030-11-17,2030,4,Q4,11,November,Nov,2030-11,203011,2030-11-01,2030-11-30,17,1,Sunday,47,46,True
20301118,2030-11-18,2030,4,Q4,11,November,Nov,2030-11,203011,2030-11-01,2030-11-30,18,2,Monday,47,47,False
20301119,2030-11-19,2030,4,Q4,11,November,Nov,2030-11,203011,2030-11-01,2030-11-30,19,3,Tuesday,47,47,False
20301120,2030-11-20,2030,4,Q4,11,November,Nov,2030-11,203011,2030-11-01,2030-11-30,20,4,Wednesday,47,47,False
20301121,2030-11-21,2030,4,Q4,11,November,Nov,2030-11,203011,2030-11-01,2030-11-30,21,5,Thursday,47,47,False
20301122,2030-11-22,2030,4,Q4,11,November,Nov,2030-11,203011,2030-11-01,2030-11-30,22,6,Friday,47,47,False
20301123,2030-11-23,2030,4,Q4,11,November,Nov,2030-11,203011,2030-11-01,2030-11-30,23,7,Saturday,47,47,True
20301124,2030-11-24,2030,4,Q4,11,November,Nov,2030-11,203011,2030-11-01,2030-11-30,24,1,Sunday,48,47,True
20301125,2030-11-25,2030,4,Q4,11,November,Nov,2030-11,203011,2030-11-01,2030-11-30,25,2,Monday,48,48,False
20301126,2030-11-26,2030,4,Q4,11,November,Nov,2030-11,203011,2030-11-01,2030-11-30,26,3,Tuesday,48,48,False
20301127,2030-11-27,2030,4,Q4,11,November,Nov,2030-11,203011,2030-11-01,2030-11-30,27,4,Wednesday,48,48,False
20301128,2030-11-28,2030,4,Q4,11,November,Nov,2030-11,203011,2030-11-01,2030-11-30,28,5,Thursday,48,48,False
20301129,2030-11-29,2030,4,Q4,11,November,Nov,2030-11,203011,2030-11-01,2030-11-30,29,6,Friday,48,48,False
20301130,2030-11-30,2030,4,Q4,11,November,Nov,2030-11,203011,2030-11-01,2030-11-30,30,7,Saturday,48,48,True
20301201,2030-12-01,2030,4,Q4,12,December,Dec,2030-12,203012,2030-12-01,2030-12-31,1,1,Sunday,49,48,True
20301202,2030-12-02,2030,4,Q4,12,December,Dec,2030-12,203012,2030-12-01,2030-12-31,2,2,Monday,49,49,False
20301203,2030-12-03,2030,4,Q4,12,December,Dec,2030-12,203012,2030-12-01,2030-12-31,3,3,Tuesday,49,49,False
20301204,2030-12-04,2030,4,Q4,12,December,Dec,2030-12,203012,2030-12-01,2030-12-31,4,4,Wednesday,49,49,False
20301205,2030-12-05,2030,4,Q4,12,December,Dec,2030-12,203012,2030-12-01,2030-12-31,5,5,Thursday,49,49,False
20301206,2030-12-06,2030,4,Q4,12,December,Dec,2030-12,203012,2030-12-01,2030-12-31,6,6,Friday,49,49,False
20301207,2030-12-07,2030,4,Q4,12,December,Dec,2030-12,203012,2030-12-01,2030-12-31,7,7,Saturday,49,49,True
20301208,2030-12-08,2030,4,Q4,12,December,Dec,2030-12,203012,2030-12-01,2030-12-31,8,1,Sunday,50,49,True
20301209,2030-12-09,2030,4,Q4,12,December,Dec,2030-12,203012,2030-12-01,2030-12-31,9,2,Monday,50,50,False
20301210,2030-12-10,2030,4,Q4,12,December,Dec,2030-12,203012,2030-12-01,2030-12-31,10,3,Tuesday,50,50,False
20301211,2030-12-11,2030,4,Q4,12,December,Dec,2030-12,203012,2030-12-01,2030-12-31,11,4,Wednesday,50,50,False
20301212,2030-12-12,2030,4,Q4,12,December,Dec,2030-12,203012,2030-12-01,2030-12-31,12,5,Thursday,50,50,False
20301213,2030-12-13,2030,4,Q4,12,December,Dec,2030-12,203012,2030-12-01,2030-12-31,13,6,Friday,50,50,False
20301214,2030-12-14,2030,4,Q4,12,December,Dec,2030-12,203012,2030-12-01,2030-12-31,14,7,Saturday,50,50,True
20301215,2030-12-15,2030,4,Q4,12,December,Dec,2030-12,203012,2030-12-01,2030-12-31,15,1,Sunday,51,50,True
20301216,2030-12-16,2030,4,Q4,12,December,Dec,2030-12,203012,2030-12-01,2030-12-31,16,2,Monday,51,51,False
20301217,2030-12-17,2030,4,Q4,12,December,Dec,2030-12,203012,2030-12-01,2030-12-31,17,3,Tuesday,51,51,False
20301218,2030-12-18,2030,4,Q4,12,December,Dec,2030-12,203012,2030-12-01,2030-12-31,18,4,Wednesday,51,51,False
20301219,2030-12-19,2030,4,Q4,12,December,Dec,2030-12,203012,2030-12-01,2030-12-31,19,5,Thursday,51,51,False
20301220,2030-12-20,2030,4,Q4,12,December,Dec,2030-12,203012,2030-12-01,2030-12-31,20,6,Friday,51,51,False
20301221,2030-12-21,2030,4,Q4,12,December,Dec,2030-12,203012,2030-12-01,2030-12-31,21,7,Saturday,51,51,True
20301222,2030-12-22,2030,4,Q4,12,December,Dec,2030-12,203012,2030-12-01,2030-12-31,22,1,Sunday,52,51,True
20301223,2030-12-23,2030,4,Q4,12,December,Dec,2030-12,203012,2030-12-01,2030-12-31,23,2,Monday,52,52,False
20301224,2030-12-24,2030,4,Q4,12,December,Dec,2030-12,203012,2030-12-01,2030-12-31,24,3,Tuesday,52,52,False
20301225,2030-12-25,2030,4,Q4,12,December,Dec,2030-12,203012,2030-12-01,2030-12-31,25,4,Wednesday,52,52,False
20301226,2030-12-26,2030,4,Q4,12,December,Dec,2030-12,203012,2030-12-01,2030-12-31,26,5,Thursday,52,52,False
20301227,2030-12-27,2030,4,Q4,12,December,Dec,2030-12,203012,2030-12-01,2030-12-31,27,6,Friday,52,52,False
20301228,2030-12-28,2030,4,Q4,12,December,Dec,2030-12,203012,2030-12-01,2030-12-31,28,7,Saturday,52,52,True
20301229,2030-12-29,2030,4,Q4,12,December,Dec,2030-12,203012,2030-12-01,2030-12-31,29,1,Sunday,53,52,True
20301230,2030-12-30,2030,4,Q4,12,December,Dec,2030-12,203012,2030-12-01,2030-12-31,30,2,Monday,53,1,False
20301231,2030-12-31,2030,4,Q4,12,December,Dec,2030-12,203012,2030-12-01,2030-12-31,31,3,Tuesday,53,1,False
