return_id,sales_id,date_id,return_date,customer_id,product_id,region_id,return_units,return_value_eur,return_reason
1,41007,20240303,2024-03-03,270,1016,8,2,2198.06,Wrong Configuration
2,9518,20230325,2023-03-25,953,1054,3,6,2895.6,Defect
3,38983,20250801,2025-08-01,763,1133,6,2,136.27,Wrong Configuration
4,3136,20240322,2024-03-22,611,1128,6,8,902.81,Wrong Configuration
5,38281,20230711,2023-07-11,202,1016,8,4,4118.99,Shipping Damage
6,58559,20251205,2025-12-05,662,1176,3,9,396.45,Wrong Configuration
7,86228,20240619,2024-06-19,170,1066,9,6,1233.73,Customer Cancellation
8,62784,20251112,2025-11-12,1081,1055,4,10,4778.57,Customer Cancellation
9,31626,20251231,2025-12-31,399,1033,5,19,13265.47,Customer Cancellation
10,94887,20240928,2024-09-28,2,1078,6,15,2481.38,Customer Cancellation
11,92529,20231220,2023-12-20,982,1038,1,73,27878.88,Defect
12,93579,20251125,2025-11-25,517,1149,7,10,6833.15,Wrong Configuration
13,66690,20251003,2025-10-03,367,1004,6,9,9654.77,Wrong Configuration
14,102951,20240127,2024-01-27,20,1146,5,7,3686.55,Wrong Configuration
15,23166,20251213,2025-12-13,1158,1085,6,40,23284.95,Other
16,109153,20251208,2025-12-08,517,1164,7,43,1913.55,Defect
17,11930,20251223,2025-12-23,16,1075,4,6,1309.65,Wrong Configuration
18,13566,20250409,2025-04-09,217,1018,4,1,864.34,Wrong Configuration
19,107310,20240530,2024-05-30,952,1163,3,3,171.0,Customer Cancellation
20,82376,20221012,2022-10-12,622,1044,9,1,362.78,Wrong Configuration
21,20403,20251120,2025-11-20,179,1120,6,2,178.01,Wrong Configuration
22,67282,20250418,2025-04-18,304,1130,10,1,90.07,Customer Cancellation
23,110281,20250719,2025-07-19,473,1128,6,5,504.49,Shipping Damage
24,92526,20250908,2025-09-08,265,1073,2,3,425.63,Customer Cancellation
25,50182,20250406,2025-04-06,193,1191,8,1,194.87,Defect
26,22218,20240621,2024-06-21,296,1092,1,5,3479.68,Defect
27,17811,20240804,2024-08-04,1128,1037,7,8,5614.66,Defect
28,34457,20240314,2024-03-14,534,1116,5,8,10772.13,Shipping Damage
29,40249,20241013,2024-10-13,988,1110,4,18,21133.48,Customer Cancellation
30,32783,20220216,2022-02-16,30,1113,1,2,2895.32,Shipping Damage
31,84890,20250704,2025-07-04,170,1130,9,3,258.31,Customer Cancellation
32,75673,20250805,2025-08-05,130,1196,3,25,5600.25,Defect
33,48265,20251012,2025-10-12,568,1107,2,2,2924.47,Other
34,18392,20231217,2023-12-17,193,1124,8,9,731.98,Wrong Configuration
35,107346,20220824,2022-08-24,946,1160,3,4,210.14,Defect
36,45707,20240206,2024-02-06,21,1049,2,6,2931.84,Other
37,95705,20250130,2025-01-30,373,1139,6,1,87.92,Defect
38,42701,20250513,2025-05-13,534,1032,5,17,8817.94,Wrong Configuration
39,91438,20240303,2024-03-03,1020,1121,5,26,2417.72,Defect
40,92640,20221222,2022-12-22,656,1176,2,10,568.18,Defect
41,98486,20240707,2024-07-07,620,1181,3,4,1137.5,Defect
42,109004,20251024,2025-10-24,224,1071,2,4,651.23,Defect
43,94572,20241104,2024-11-04,728,1017,8,7,7098.18,Defect
44,30693,20250202,2025-02-02,1094,1182,5,1,281.8,Defect
45,52819,20251215,2025-12-15,316,1014,7,4,3258.26,Other
46,19023,20251112,2025-11-12,390,1084,8,2,1258.28,Shipping Damage
47,49393,20240725,2024-07-25,400,1104,3,2,2934.08,Customer Cancellation
48,98471,20230625,2023-06-25,1020,1175,5,2,117.94,Shipping Damage
49,108832,20250127,2025-01-27,207,1050,6,1,422.06,Defect
50,93359,20241007,2024-10-07,419,1005,1,20,24089.99,Defect
51,104789,20250405,2025-04-05,478,1161,9,1,48.77,Shipping Damage
52,68578,20241223,2024-12-23,636,1182,3,9,2086.5,Wrong Configuration
53,112092,20240825,2024-08-25,480,1093,1,10,8277.86,Wrong Configuration
54,100307,20250819,2025-08-19,85,1066,1,18,3039.61,Wrong Configuration
55,5585,20240805,2024-08-05,567,1011,3,1,935.66,Defect
56,58574,20230110,2023-01-10,723,1070,5,1,272.63,Defect
57,104651,20221116,2022-11-16,85,1191,1,28,3941.11,Defect
58,66494,20240412,2024-04-12,205,1028,5,12,6203.87,Wrong Configuration
59,110883,20250509,2025-05-09,924,1113,1,2,3160.77,Defect
60,102072,20241119,2024-11-19,248,1040,10,29,8814.77,Shipping Damage
61,6698,20241202,2024-12-02,409,1185,4,2,411.69,Defect
62,31010,20221005,2022-10-05,585,1024,2,39,17671.84,Wrong Configuration
63,11538,20231104,2023-11-04,1164,1014,6,8,6722.87,Wrong Configuration
64,5145,20230620,2023-06-20,88,1175,3,15,861.57,Defect
65,45415,20231031,2023-10-31,549,1131,3,1,88.01,Defect
66,86313,20231003,2023-10-03,828,1103,1,1,1491.51,Defect
67,71796,20240926,2024-09-26,219,1176,1,6,278.24,Shipping Damage
68,22164,20250802,2025-08-02,141,1175,7,6,392.87,Wrong Configuration
69,31425,20230902,2023-09-02,477,1010,6,1,744.96,Other
70,92656,20240728,2024-07-28,382,1184,5,8,1552.42,Shipping Damage
71,114698,20251211,2025-12-11,122,1020,1,17,10571.37,Customer Cancellation
72,115205,20240228,2024-02-28,849,1136,5,5,361.8,Shipping Damage
73,49837,20251209,2025-12-09,1154,1124,8,19,1484.56,Wrong Configuration
74,5485,20251228,2025-12-28,485,1064,1,22,3363.82,Shipping Damage
75,31003,20250811,2025-08-11,1125,1046,6,1,611.17,Wrong Configuration
76,44957,20251124,2025-11-24,956,1066,9,21,3983.12,Defect
77,29403,20231107,2023-11-07,1106,1132,8,1,88.97,Wrong Configuration
78,26910,20251028,2025-10-28,11,1045,3,2,812.66,Defect
79,511,20250421,2025-04-21,1017,1114,1,1,1818.78,Customer Cancellation
80,6129,20210710,2021-07-10,485,1135,1,13,840.12,Defect
81,404,20251011,2025-10-11,465,1077,6,33,7708.89,Other
82,110157,20240607,2024-06-07,416,1035,9,3,1774.05,Wrong Configuration
83,1267,20220507,2022-05-07,134,1083,5,1,1062.67,Wrong Configuration
84,28998,20251225,2025-12-25,1181,1098,3,1,626.07,Defect
85,56772,20240610,2024-06-10,1137,1126,4,37,3049.3,Wrong Configuration
86,87882,20240428,2024-04-28,363,1128,8,8,723.74,Wrong Configuration
87,87794,20240225,2024-02-25,1079,1127,5,6,351.69,Shipping Damage
88,88232,20250111,2025-01-11,44,1104,5,26,33634.31,Wrong Configuration
89,74039,20231105,2023-11-05,717,1007,2,17,20573.33,Defect
90,86965,20220124,2022-01-24,615,1135,9,3,227.98,Shipping Damage
91,64655,20251005,2025-10-05,229,1039,9,11,8164.92,Other
92,85147,20220308,2022-03-08,1026,1167,4,12,704.93,Shipping Damage
93,89322,20231218,2023-12-18,212,1085,6,2,1326.86,Defect
94,32145,20220602,2022-06-02,585,1149,2,12,6620.12,Defect
95,47748,20230921,2023-09-21,583,1062,10,5,847.85,Other
96,46200,20221206,2022-12-06,316,1008,7,22,21495.83,Customer Cancellation
97,2357,20240103,2024-01-03,531,1139,7,3,227.06,Wrong Configuration
98,3011,20251214,2025-12-14,274,1165,5,2,125.47,Wrong Configuration
99,13287,20240709,2024-07-09,1158,1186,6,16,2313.87,Defect
100,75211,20250915,2025-09-15,819,1168,3,17,1022.1,Defect
101,50409,20240521,2024-05-21,812,1031,3,10,6863.06,Defect
102,38765,20251228,2025-12-28,1170,1152,9,1,650.15,Defect
103,60290,20240215,2024-02-15,882,1117,8,3,4838.6,Defect
104,95133,20250122,2025-01-22,800,1054,5,1,496.09,Defect
105,97021,20230416,2023-04-16,770,1037,2,3,2145.13,Defect
106,100181,20230513,2023-05-13,465,1032,6,4,2042.57,Defect
107,69396,20250908,2025-09-08,722,1161,1,5,240.46,Defect
108,117041,20231201,2023-12-01,37,1079,3,12,1944.16,Customer Cancellation
109,103840,20231115,2023-11-15,170,1117,9,1,1402.42,Wrong Configuration
110,30770,20250325,2025-03-25,884,1090,1,1,867.18,Defect
111,203,20250331,2025-03-31,292,1153,1,1,754.23,Wrong Configuration
112,94424,20230313,2023-03-13,269,1054,6,1,394.18,Defect
113,102151,20250622,2025-06-22,162,1058,8,5,2235.66,Wrong Configuration
114,84736,20240513,2024-05-13,416,1126,9,14,1127.98,Shipping Damage
115,108876,20240503,2024-05-03,1083,1097,9,17,11230.85,Shipping Damage
116,43863,20241108,2024-11-08,130,1178,3,29,1336.25,Customer Cancellation
117,15303,20240727,2024-07-27,350,1086,6,11,7620.99,Wrong Configuration
118,94059,20221027,2022-10-27,152,1012,7,7,6926.61,Shipping Damage
119,4655,20230704,2023-07-04,67,1095,6,1,737.7,Defect
120,97870,20230124,2023-01-24,913,1118,7,1,1139.15,Defect
121,36984,20240822,2024-08-22,362,1111,5,6,10026.42,Defect
122,109824,20240813,2024-08-13,1144,1004,8,3,3396.98,Defect
123,2643,20240803,2024-08-03,955,1110,4,30,33454.12,Wrong Configuration
124,66258,20250506,2025-05-06,290,1100,5,13,17174.59,Defect
125,55498,20220620,2022-06-20,263,1129,2,11,524.43,Defect
126,5131,20241226,2024-12-26,904,1000,3,1,1104.92,Defect
127,117677,20220725,2022-07-25,575,1127,3,45,2674.75,Shipping Damage
128,114935,20230930,2023-09-30,585,1177,2,15,860.1,Shipping Damage
129,97763,20230514,2023-05-14,1110,1199,1,1,297.42,Wrong Configuration
130,95641,20250514,2025-05-14,363,1133,8,80,4423.39,Defect
131,37002,20251019,2025-10-19,703,1140,1,8,5853.57,Defect
132,78956,20240223,2024-02-23,323,1031,1,17,11468.34,Defect
133,90728,20231122,2023-11-22,622,1126,9,4,358.44,Defect
134,85538,20240208,2024-02-08,67,1086,6,9,5895.62,Shipping Damage
135,98597,20251230,2025-12-30,814,1192,10,7,1873.91,Defect
136,109985,20250719,2025-07-19,988,1025,4,4,2405.53,Defect
137,7629,20210607,2021-06-07,665,1007,6,3,3581.89,Defect
138,44707,20251001,2025-10-01,145,1060,2,3,412.87,Wrong Configuration
139,119962,20250703,2025-07-03,1070,1104,5,4,5616.49,Wrong Configuration
140,86214,20240327,2024-03-27,1030,1139,10,7,493.54,Wrong Configuration
141,10790,20250125,2025-01-25,1048,1069,2,1,178.18,Customer Cancellation
142,107959,20220817,2022-08-17,110,1097,8,4,2935.17,Customer Cancellation
143,60347,20230622,2023-06-22,740,1099,2,1,765.28,Customer Cancellation
144,79828,20250710,2025-07-10,23,1129,3,10,591.43,Other
145,56932,20241116,2024-11-16,682,1115,8,17,22944.72,Customer Cancellation
146,113505,20231128,2023-11-28,750,1152,5,2,1479.7,Customer Cancellation
147,1953,20221209,2022-12-09,578,1188,2,22,4504.29,Other
148,52695,20230320,2023-03-20,758,1015,10,17,11156.06,Defect
149,18225,20241116,2024-11-16,615,1003,9,4,4104.13,Customer Cancellation
150,66004,20250505,2025-05-05,728,1068,8,13,3166.68,Customer Cancellation
151,33653,20250218,2025-02-18,435,1008,1,4,4202.75,Defect
152,7313,20231217,2023-12-17,128,1067,2,21,3193.17,Defect
153,105868,20240712,2024-07-12,989,1091,7,2,1442.6,Defect
154,74922,20240330,2024-03-30,928,1014,6,19,14706.32,Customer Cancellation
155,55848,20251107,2025-11-07,520,1198,1,1,361.66,Customer Cancellation
156,31044,20250817,2025-08-17,195,1043,4,10,4183.99,Shipping Damage
157,38345,20250609,2025-06-09,734,1019,5,1,921.32,Defect
158,29530,20251020,2025-10-20,351,1161,6,6,281.4,Defect
159,599,20230707,2023-07-07,612,1068,1,24,4539.86,Defect
160,115336,20231030,2023-10-30,738,1094,3,1,772.52,Customer Cancellation
161,110171,20220810,2022-08-10,1076,1094,7,9,6801.62,Wrong Configuration
162,18758,20250205,2025-02-05,1075,1048,4,3,1220.23,Other
163,36337,20230404,2023-04-04,288,1199,2,1,232.57,Shipping Damage
164,64657,20210822,2021-08-22,415,1102,5,6,8099.8,Customer Cancellation
165,76188,20250607,2025-06-07,485,1126,1,23,2017.55,Customer Cancellation
166,81451,20250415,2025-04-15,1180,1008,1,52,53960.28,Defect
167,35845,20250918,2025-09-18,898,1199,4,2,557.85,Shipping Damage
168,68712,20250111,2025-01-11,480,1018,1,2,1686.43,Wrong Configuration
169,77984,20250227,2025-02-27,1126,1199,5,3,717.9,Customer Cancellation
170,115793,20210710,2021-07-10,545,1062,6,5,872.11,Other
171,71867,20250622,2025-06-22,592,1182,10,18,4041.63,Shipping Damage
172,99148,20251230,2025-12-30,518,1099,6,3,2403.15,Customer Cancellation
173,67053,20241021,2024-10-21,436,1160,5,10,533.4,Shipping Damage
174,5245,20250529,2025-05-29,436,1115,5,6,9289.88,Customer Cancellation
175,37555,20230419,2023-04-19,514,1129,10,3,173.94,Defect
176,30397,20251001,2025-10-01,527,1086,8,1,752.45,Defect
177,49737,20251228,2025-12-28,548,1088,8,23,23140.6,Shipping Damage
178,15322,20220322,2022-03-22,679,1106,6,6,6642.67,Defect
179,38013,20250910,2025-09-10,128,1181,2,20,5163.28,Defect
180,11854,20241112,2024-11-12,232,1002,6,4,4187.51,Shipping Damage
181,35383,20220515,2022-05-15,17,1076,1,5,820.85,Shipping Damage
182,93734,20250117,2025-01-17,569,1011,1,12,10704.31,Shipping Damage
183,47107,20230318,2023-03-18,474,1068,5,16,3626.91,Other
184,80867,20250821,2025-08-21,1109,1117,4,4,6287.27,Wrong Configuration
185,84332,20250928,2025-09-28,192,1174,1,4,267.38,Defect
186,10047,20230226,2023-02-26,51,1041,5,1,363.88,Wrong Configuration
187,11717,20251212,2025-12-12,7,1194,4,49,12472.02,Customer Cancellation
188,79708,20251215,2025-12-15,312,1168,6,1,65.94,Defect
189,84813,20211231,2021-12-31,98,1159,3,3,1903.37,Shipping Damage
190,61763,20251111,2025-11-11,13,1028,1,2,1168.26,Shipping Damage
191,24497,20250627,2025-06-27,401,1088,8,16,13155.11,Wrong Configuration
192,38015,20240413,2024-04-13,770,1069,2,2,337.27,Other
193,115199,20230221,2023-02-21,684,1005,1,1,1149.13,Wrong Configuration
194,18770,20221124,2022-11-24,761,1198,1,5,1251.39,Shipping Damage
195,2837,20250426,2025-04-26,945,1155,6,41,22705.57,Wrong Configuration
196,110783,20240919,2024-09-19,1099,1124,5,1,72.35,Wrong Configuration
197,11878,20240411,2024-04-11,653,1056,1,1,348.75,Customer Cancellation
198,95034,20250315,2025-03-15,495,1070,2,2,584.18,Wrong Configuration
199,49671,20220906,2022-09-06,502,1049,3,15,7192.57,Shipping Damage
200,25308,20241024,2024-10-24,193,1020,8,5,3712.34,Customer Cancellation
201,95181,20230815,2023-08-15,296,1008,1,3,3275.4,Wrong Configuration
202,47252,20241128,2024-11-28,1085,1046,6,14,5864.42,Defect
203,115681,20230825,2023-08-25,1164,1059,6,5,2014.36,Defect
204,118066,20251222,2025-12-22,185,1029,4,11,6543.38,Defect
205,74393,20230201,2023-02-01,280,1038,6,1,509.81,Other
206,119768,20240406,2024-04-06,739,1098,1,5,3201.13,Customer Cancellation
207,92371,20230620,2023-06-20,395,1062,1,19,3032.64,Wrong Configuration
208,8402,20241110,2024-11-10,779,1107,5,5,6529.86,Defect
209,56591,20251229,2025-12-29,670,1197,2,1,244.33,Defect
210,63478,20250203,2025-02-03,465,1084,6,6,3790.75,Shipping Damage
211,52198,20240416,2024-04-16,935,1088,2,3,3055.54,Wrong Configuration
212,23987,20250530,2025-05-30,1076,1135,7,12,856.62,Defect
213,37451,20220426,2022-04-26,713,1002,4,3,3101.31,Customer Cancellation
214,76458,20251107,2025-11-07,1081,1078,4,5,849.13,Defect
215,77395,20241010,2024-10-10,117,1049,1,25,10930.92,Wrong Configuration
216,56990,20230904,2023-09-04,385,1163,3,18,923.96,Defect
217,62043,20250208,2025-02-08,475,1076,1,1,191.97,Customer Cancellation
218,94164,20231006,2023-10-06,599,1110,6,7,8552.36,Defect
219,31605,20251024,2025-10-24,395,1165,1,10,597.81,Defect
220,6472,20240828,2024-08-28,201,1021,1,1,568.63,Defect
221,7880,20240603,2024-06-03,911,1119,6,1,1532.92,Wrong Configuration
222,100996,20220922,2022-09-22,998,1056,5,3,1096.85,Defect
223,87061,20220615,2022-06-15,132,1132,6,2,184.2,Defect
224,96349,20240105,2024-01-05,265,1016,2,8,8160.72,Other
225,35879,20250303,2025-03-03,1069,1197,6,5,1068.36,Wrong Configuration
226,40011,20251228,2025-12-28,218,1067,3,11,2038.76,Customer Cancellation
227,114333,20250130,2025-01-30,27,1013,9,10,8083.05,Wrong Configuration
228,87684,20220829,2022-08-29,296,1138,1,4,236.35,Customer Cancellation
229,68375,20240302,2024-03-02,191,1128,9,2,197.27,Customer Cancellation
230,91306,20240611,2024-06-11,598,1043,2,8,3062.65,Wrong Configuration
231,59780,20240314,2024-03-14,167,1081,6,5,4166.47,Shipping Damage
232,31143,20250331,2025-03-31,704,1086,1,3,2112.92,Defect
233,68179,20231206,2023-12-06,1114,1038,2,3,1332.07,Defect
234,2302,20251022,2025-10-22,838,1198,2,1,318.27,Wrong Configuration
235,70486,20230430,2023-04-30,395,1064,1,3,440.85,Defect
236,118093,20231014,2023-10-14,979,1028,1,25,13341.54,Defect
237,18008,20210514,2021-05-14,1042,1109,9,2,3010.39,Wrong Configuration
238,72624,20240928,2024-09-28,968,1183,2,7,1872.36,Customer Cancellation
239,74177,20220411,2022-04-11,430,1131,1,13,1033.89,Defect
240,31643,20250910,2025-09-10,1116,1197,5,34,7213.45,Defect
241,73837,20241213,2024-12-13,309,1081,1,14,9410.46,Defect
242,22675,20250903,2025-09-03,583,1096,10,1,710.23,Defect
243,109272,20250423,2025-04-23,1060,1001,2,12,11097.65,Wrong Configuration
244,50246,20241005,2024-10-05,128,1011,2,14,12221.08,Wrong Configuration
245,18771,20240423,2024-04-23,898,1126,4,4,362.66,Defect
246,68083,20251216,2025-12-16,337,1108,10,1,1348.94,Wrong Configuration
247,114547,20240206,2024-02-06,739,1097,1,1,702.13,Customer Cancellation
248,102922,20240625,2024-06-25,694,1020,9,14,9551.97,Wrong Configuration
249,51346,20251209,2025-12-09,248,1026,10,29,14310.22,Defect
250,91669,20231214,2023-12-14,59,1013,8,3,2199.97,Defect
251,23068,20250308,2025-03-08,569,1169,1,18,1186.3,Wrong Configuration
252,65822,20230130,2023-01-30,928,1030,6,34,16948.4,Wrong Configuration
253,78185,20230701,2023-07-01,704,1145,1,23,17094.76,Defect
254,73650,20250413,2025-04-13,680,1164,2,1,48.02,Wrong Configuration
255,71101,20251227,2025-12-27,1130,1171,2,26,1090.76,Defect
256,40265,20251121,2025-11-21,1025,1043,6,2,833.61,Customer Cancellation
257,16774,20241211,2024-12-11,132,1029,6,4,2577.93,Customer Cancellation
258,61117,20220516,2022-05-16,277,1097,1,27,16274.38,Wrong Configuration
259,79421,20251216,2025-12-16,573,1098,3,4,2566.02,Defect
260,50507,20241011,2024-10-11,983,1029,3,33,18931.6,Customer Cancellation
261,38475,20240505,2024-05-05,1040,1036,1,4,2145.66,Shipping Damage
262,32797,20231227,2023-12-27,562,1112,2,6,7432.14,Other
263,25012,20240325,2024-03-25,179,1100,6,18,24106.58,Shipping Damage
264,44397,20250627,2025-06-27,1162,1169,1,13,852.99,Customer Cancellation
265,32082,20240527,2024-05-27,484,1044,5,1,376.86,Defect
266,25767,20240316,2024-03-16,551,1082,10,2,1792.97,Defect
267,2313,20241222,2024-12-22,1101,1139,6,4,304.43,Wrong Configuration
268,97004,20250111,2025-01-11,170,1146,9,4,2395.05,Defect
269,104230,20250823,2025-08-23,179,1154,6,24,16889.28,Other
270,107270,20250326,2025-03-26,694,1003,9,2,1985.38,Other
271,89783,20231229,2023-12-29,812,1032,3,12,7290.45,Other
272,39698,20241206,2024-12-06,967,1090,7,2,1380.21,Shipping Damage
273,74109,20241216,2024-12-16,311,1155,8,2,1256.22,Customer Cancellation
274,54262,20231205,2023-12-05,937,1171,3,2,79.73,Wrong Configuration
275,22272,20240125,2024-01-25,457,1057,4,16,5375.64,Customer Cancellation
276,33262,20220807,2022-08-07,1044,1002,2,5,4712.1,Defect
277,96926,20250126,2025-01-26,1076,1015,7,43,30838.57,Defect
278,40517,20220915,2022-09-15,124,1038,3,3,1294.15,Defect
279,13714,20251118,2025-11-18,734,1044,5,4,1626.06,Defect
280,21357,20250318,2025-03-18,1079,1125,5,17,1710.91,Wrong Configuration
281,112572,20220707,2022-07-07,1013,1177,1,1,64.99,Defect
282,92170,20251223,2025-12-23,849,1110,5,22,27423.15,Shipping Damage
283,26962,20240308,2024-03-08,465,1176,6,12,573.95,Defect
284,64930,20211122,2021-11-22,622,1036,9,11,5944.19,Shipping Damage
285,28255,20230128,2023-01-28,485,1021,1,9,4266.52,Defect
286,10093,20220930,2022-09-30,74,1150,5,1,551.69,Defect
287,54333,20241228,2024-12-28,781,1081,1,1,842.25,Customer Cancellation
288,8088,20240820,2024-08-20,754,1108,9,11,14974.29,Defect
289,115832,20230813,2023-08-13,1139,1167,10,11,765.79,Defect
290,46119,20241206,2024-12-06,303,1114,1,4,6123.41,Customer Cancellation
291,74782,20240822,2024-08-22,108,1184,10,3,618.32,Defect
292,35345,20231208,2023-12-08,517,1098,7,19,9961.36,Shipping Damage
293,43850,20221226,2022-12-26,770,1062,2,2,331.28,Wrong Configuration
294,81640,20231224,2023-12-24,299,1068,9,1,202.52,Defect
295,66397,20250121,2025-01-21,758,1045,10,16,6963.17,Other
296,58397,20220728,2022-07-28,265,1117,2,7,8422.63,Wrong Configuration
297,112600,20230122,2023-01-22,930,1108,6,8,9954.86,Shipping Damage
298,51039,20240322,2024-03-22,754,1077,9,1,236.25,Defect
299,81691,20240528,2024-05-28,1158,1171,6,38,1615.51,Defect
300,23160,20251203,2025-12-03,1081,1170,4,2,97.78,Customer Cancellation
301,117219,20230930,2023-09-30,721,1072,6,6,1085.0,Customer Cancellation
302,88018,20240406,2024-04-06,790,1045,6,6,2629.26,Wrong Configuration
303,41884,20251209,2025-12-09,281,1034,10,22,17506.18,Customer Cancellation
304,108701,20240308,2024-03-08,351,1087,6,7,3448.89,Other
305,25095,20240705,2024-07-05,589,1022,2,7,4721.17,Shipping Damage
306,106684,20240425,2024-04-25,1160,1128,1,6,656.11,Defect
307,35422,20230319,2023-03-19,415,1136,5,3,252.83,Customer Cancellation
308,8361,20230916,2023-09-16,788,1175,9,58,3035.14,Shipping Damage
309,118339,20231113,2023-11-13,584,1018,9,26,18206.14,Defect
310,48061,20231025,2023-10-25,143,1121,2,4,348.88,Defect
311,38611,20230506,2023-05-06,832,1103,9,20,24326.29,Wrong Configuration
312,28603,20240305,2024-03-05,127,1027,10,23,13295.91,Customer Cancellation
313,111987,20240816,2024-08-16,1158,1169,6,37,2567.11,Customer Cancellation
314,31347,20230913,2023-09-13,742,1164,5,2,89.43,Wrong Configuration
315,32557,20250112,2025-01-12,649,1193,4,31,6296.34,Defect
316,13046,20240206,2024-02-06,446,1047,2,19,6113.62,Wrong Configuration
317,105684,20230826,2023-08-26,1164,1113,6,1,1511.42,Shipping Damage
318,72174,20230916,2023-09-16,980,1079,8,12,1890.92,Other
319,10494,20231116,2023-11-16,728,1124,8,7,482.91,Defect
320,23098,20251010,2025-10-10,856,1125,5,5,546.76,Defect
321,14493,20230411,2023-04-11,404,1095,4,1,882.04,Shipping Damage
322,110606,20220808,2022-08-08,1058,1012,1,1,993.85,Wrong Configuration
323,115291,20250129,2025-01-29,613,1053,1,24,9089.19,Defect
324,41366,20250722,2025-07-22,1118,1095,1,3,2528.09,Defect
325,107602,20250525,2025-05-25,684,1111,1,25,36709.6,Defect
326,80447,20221102,2022-11-02,256,1137,6,2,141.6,Customer Cancellation
327,60178,20240925,2024-09-25,787,1086,9,2,1459.39,Shipping Damage
328,61632,20220321,2022-03-21,548,1085,8,7,4310.63,Other
329,14558,20220429,2022-04-29,639,1024,1,8,3963.61,Wrong Configuration
330,112214,20220907,2022-09-07,13,1148,1,6,3864.53,Wrong Configuration
331,23894,20240303,2024-03-03,979,1074,1,18,2926.69,Customer Cancellation
332,71674,20240409,2024-04-09,733,1071,8,1,174.0,Customer Cancellation
333,72885,20251125,2025-11-25,924,1053,1,7,3352.9,Defect
334,32567,20231203,2023-12-03,85,1090,1,21,13878.89,Customer Cancellation
335,44996,20251223,2025-12-23,293,1171,6,2,92.41,Defect
336,90340,20251105,2025-11-05,387,1061,8,11,2803.84,Customer Cancellation
337,112888,20250204,2025-02-04,841,1110,6,1,1344.55,Wrong Configuration
338,28090,20221108,2022-11-08,271,1106,4,6,7066.3,Customer Cancellation
339,119888,20250831,2025-08-31,360,1123,1,19,1511.6,Defect
340,103556,20230219,2023-02-19,405,1021,4,1,480.18,Defect
341,114265,20251128,2025-11-28,1102,1127,2,3,206.99,Shipping Damage
342,52711,20250404,2025-04-04,1032,1121,6,10,938.22,Defect
343,115952,20230525,2023-05-25,1006,1029,1,1,626.43,Other
344,9544,20240917,2024-09-17,426,1067,1,5,895.05,Defect
345,22536,20250430,2025-04-30,350,1038,6,6,2857.99,Defect
346,105307,20240528,2024-05-28,784,1031,6,1,809.81,Customer Cancellation
347,98096,20251223,2025-12-23,1041,1109,4,6,10673.27,Customer Cancellation
348,16896,20241124,2024-11-24,576,1014,6,31,30139.39,Shipping Damage
349,78389,20250629,2025-06-29,367,1143,6,1,758.22,Other
350,27337,20240710,2024-07-10,713,1192,4,3,828.9,Defect
351,7821,20230309,2023-03-09,425,1107,5,1,1280.74,Customer Cancellation
352,87645,20240324,2024-03-24,37,1094,3,3,2152.11,Defect
353,50753,20230314,2023-03-14,181,1026,2,2,968.36,Wrong Configuration
354,10468,20241005,2024-10-05,649,1068,4,13,2504.38,Defect
355,78411,20240629,2024-06-29,352,1123,4,1,84.1,Wrong Configuration
356,116114,20230530,2023-05-30,1001,1081,7,1,813.01,Other
357,86552,20230626,2023-06-26,170,1005,9,6,7648.82,Shipping Damage
358,107481,20220109,2022-01-09,662,1086,3,9,5017.62,Customer Cancellation
359,64466,20250711,2025-07-11,1057,1069,4,21,3872.39,Customer Cancellation
360,85992,20231031,2023-10-31,431,1187,1,34,8277.79,Shipping Damage
361,106355,20250317,2025-03-17,343,1073,1,2,269.46,Defect
362,17085,20240802,2024-08-02,157,1122,1,1,85.21,Defect
363,6274,20240305,2024-03-05,192,1030,1,3,1423.31,Wrong Configuration
364,55936,20251230,2025-12-30,1033,1011,5,5,4241.85,Wrong Configuration
365,9376,20250810,2025-08-10,545,1173,6,3,179.77,Defect
366,7135,20251208,2025-12-08,137,1128,4,15,1520.28,Defect
367,29867,20250114,2025-01-14,1128,1064,7,5,730.51,Customer Cancellation
368,11329,20240612,2024-06-12,532,1068,10,5,1103.81,Defect
369,4280,20251230,2025-12-30,68,1143,4,3,2052.49,Wrong Configuration
370,108807,20220404,2022-04-04,956,1038,9,26,10280.25,Other
371,94925,20250419,2025-04-19,826,1172,2,1,63.11,Defect
372,59717,20241204,2024-12-04,1184,1010,7,14,9327.67,Other
373,680,20250315,2025-03-15,1026,1063,4,26,3974.84,Wrong Configuration
374,103505,20250118,2025-01-18,1168,1081,4,8,5772.05,Wrong Configuration
375,20157,20250124,2025-01-24,265,1141,2,7,5099.1,Other
376,22713,20220619,2022-06-19,114,1067,10,3,500.06,Defect
377,12838,20220903,2022-09-03,1143,1113,2,1,1431.54,Defect
378,118046,20241024,2024-10-24,832,1024,9,29,13073.18,Defect
379,48872,20230706,2023-07-06,1039,1080,9,28,23336.98,Defect
380,98379,20250825,2025-08-25,410,1074,6,8,1360.37,Defect
381,36069,20250311,2025-03-11,610,1023,3,1,642.76,Wrong Configuration
382,96936,20241001,2024-10-01,612,1057,1,36,16072.39,Wrong Configuration
383,9038,20240329,2024-03-29,1039,1017,9,44,38128.83,Customer Cancellation
384,17517,20240401,2024-04-01,75,1104,2,7,11527.25,Defect
385,92382,20251120,2025-11-20,367,1187,6,6,1663.51,Other
386,36472,20221211,2022-12-11,1172,1067,3,8,1420.21,Customer Cancellation
387,52862,20240703,2024-07-03,864,1177,6,6,396.84,Customer Cancellation
388,33724,20250102,2025-01-02,1058,1006,1,1,988.53,Customer Cancellation
389,32216,20251223,2025-12-23,124,1044,3,16,7084.23,Shipping Damage
390,117314,20251206,2025-12-06,526,1148,6,3,1914.53,Defect
391,28928,20230910,2023-09-10,1143,1136,2,3,233.23,Other
392,13484,20220604,2022-06-04,205,1051,5,23,8083.24,Defect
393,79874,20250407,2025-04-07,1102,1044,2,1,378.11,Wrong Configuration
394,50515,20251017,2025-10-17,1081,1107,4,22,30315.54,Shipping Damage
395,26107,20250122,2025-01-22,663,1041,7,3,1211.24,Other
396,62176,20240921,2024-09-21,211,1063,2,7,971.33,Customer Cancellation
397,71353,20250528,2025-05-28,1076,1129,7,8,478.92,Defect
398,14832,20250102,2025-01-02,906,1100,9,5,7952.76,Shipping Damage
399,76011,20241117,2024-11-17,104,1061,3,1,221.49,Defect
400,93075,20251227,2025-12-27,729,1011,1,18,18951.58,Defect
401,46,20230710,2023-07-10,463,1072,2,2,429.23,Customer Cancellation
402,18302,20251231,2025-12-31,139,1175,6,10,673.77,Wrong Configuration
403,110666,20230607,2023-06-07,372,1010,8,1,736.36,Defect
404,35109,20231211,2023-12-11,720,1083,5,6,6350.32,Shipping Damage
405,69073,20220730,2022-07-30,702,1036,7,11,5425.98,Customer Cancellation
406,107134,20220824,2022-08-24,733,1071,8,4,596.84,Defect
407,69187,20241211,2024-12-11,1116,1134,5,28,3108.86,Wrong Configuration
408,77564,20250616,2025-06-16,388,1083,2,1,1143.18,Defect
409,109344,20250819,2025-08-19,757,1161,6,1,52.71,Other
410,80490,20241026,2024-10-26,356,1105,4,17,19618.48,Defect
411,7276,20251231,2025-12-31,15,1041,6,3,1087.21,Defect
412,72374,20250608,2025-06-08,224,1036,2,2,1085.89,Wrong Configuration
413,66550,20241223,2024-12-23,784,1140,6,6,4640.1,Defect
414,36863,20251214,2025-12-14,34,1007,9,6,8138.68,Customer Cancellation
415,63845,20250121,2025-01-21,633,1088,5,2,1882.4,Customer Cancellation
416,36569,20240419,2024-04-19,718,1115,8,1,1665.92,Customer Cancellation
417,43287,20251217,2025-12-17,98,1052,3,3,1184.54,Defect
418,36124,20240812,2024-08-12,758,1150,10,20,11530.84,Customer Cancellation
419,118711,20251022,2025-10-22,162,1047,8,8,3098.23,Defect
420,36191,20231209,2023-12-09,913,1187,7,17,4535.83,Defect
421,14413,20250522,2025-05-22,311,1084,8,6,4075.98,Defect
422,104505,20250128,2025-01-28,259,1121,2,2,208.61,Other
423,14748,20240223,2024-02-23,230,1082,9,2,1545.9,Defect
424,46961,20231027,2023-10-27,480,1017,1,17,16443.95,Wrong Configuration
425,29140,20240225,2024-02-25,88,1046,3,24,10925.0,Wrong Configuration
426,27448,20230306,2023-03-06,905,1113,1,4,5589.4,Wrong Configuration
427,88077,20251009,2025-10-09,822,1101,7,2,2479.99,Defect
428,117946,20250602,2025-06-02,487,1155,1,3,2084.52,Customer Cancellation
429,66541,20250417,2025-04-17,988,1138,4,22,1335.67,Wrong Configuration
430,35476,20250608,2025-06-08,663,1198,7,1,313.85,Defect
431,74968,20250115,2025-01-15,1116,1171,5,35,1581.07,Shipping Damage
432,108769,20251203,2025-12-03,526,1006,6,5,5245.9,Customer Cancellation
433,86195,20250909,2025-09-09,399,1135,5,17,1244.51,Wrong Configuration
434,21479,20230727,2023-07-27,1154,1184,8,24,3993.78,Customer Cancellation
435,87021,20250823,2025-08-23,862,1136,3,23,1732.58,Defect
436,52928,20250318,2025-03-18,446,1151,2,2,1100.07,Customer Cancellation
437,67378,20240421,2024-04-21,694,1016,9,3,3247.02,Wrong Configuration
438,79581,20250823,2025-08-23,968,1036,2,3,1797.42,Defect
439,19374,20231214,2023-12-14,432,1068,2,2,417.91,Defect
440,54267,20240222,2024-02-22,295,1078,4,1,182.31,Shipping Damage
441,58268,20250610,2025-06-10,37,1191,3,5,859.89,Wrong Configuration
442,53857,20230917,2023-09-17,101,1085,9,12,7704.17,Wrong Configuration
443,29578,20231117,2023-11-17,1055,1021,4,4,2038.92,Other
444,62037,20250507,2025-05-07,29,1058,8,6,2513.02,Defect
445,3944,20240725,2024-07-25,1162,1156,1,16,8506.05,Defect
446,25969,20231001,2023-10-01,473,1077,6,10,1954.25,Other
447,60895,20251116,2025-11-16,11,1012,3,4,4390.27,Wrong Configuration
448,47478,20241014,2024-10-14,152,1094,7,9,6397.27,Wrong Configuration
449,89450,20241231,2024-12-31,816,1074,7,16,2322.32,Shipping Damage
450,11632,20240618,2024-06-18,1128,1087,7,1,514.71,Shipping Damage
451,106108,20240226,2024-02-26,1085,1128,6,28,2336.16,Other
452,50768,20251207,2025-12-07,794,1191,6,4,770.18,Wrong Configuration
453,1534,20240716,2024-07-16,786,1160,1,3,183.73,Customer Cancellation
454,102495,20221107,2022-11-07,271,1003,4,31,26492.22,Defect
455,23021,20250523,2025-05-23,824,1197,8,3,657.52,Defect
456,100122,20240311,2024-03-11,729,1011,1,5,4566.94,Shipping Damage
457,77475,20240825,2024-08-25,551,1161,10,1,46.85,Other
458,38052,20240914,2024-09-14,1047,1044,4,2,715.2,Defect
459,51879,20230208,2023-02-08,130,1096,3,17,9887.38,Wrong Configuration
460,68880,20240330,2024-03-30,583,1069,10,6,1133.37,Other
461,84699,20240430,2024-04-30,1179,1078,5,1,178.28,Customer Cancellation
462,25213,20220803,2022-08-03,465,1176,6,27,1178.32,Customer Cancellation
463,44301,20240506,2024-05-06,569,1055,1,2,842.21,Wrong Configuration
464,52662,20251211,2025-12-11,59,1074,8,1,163.3,Shipping Damage
465,77552,20230610,2023-06-10,319,1105,6,1,1265.22,Defect
466,44713,20240926,2024-09-26,1049,1026,2,6,2889.31,Wrong Configuration
467,103964,20250418,2025-04-18,626,1083,6,1,1200.38,Defect
468,65951,20230727,2023-07-27,642,1075,9,4,815.84,Defect
469,47367,20221004,2022-10-04,20,1185,5,12,1719.14,Customer Cancellation
470,8129,20231118,2023-11-18,703,1180,1,24,4860.12,Shipping Damage
471,101384,20240217,2024-02-17,519,1077,8,15,3619.46,Shipping Damage
472,50002,20251227,2025-12-27,61,1196,10,6,1545.58,Defect
473,86820,20250503,2025-05-03,387,1185,8,12,2217.64,Defect
474,896,20240423,2024-04-23,608,1114,4,3,4954.17,Other
475,35958,20251205,2025-12-05,56,1160,8,28,1685.39,Customer Cancellation
476,77768,20251206,2025-12-06,1056,1019,6,3,2715.29,Other
477,876,20230923,2023-09-23,1111,1111,2,13,19073.14,Other
478,56056,20250618,2025-06-18,960,1098,6,1,664.3,Shipping Damage
479,3205,20250301,2025-03-01,167,1180,6,3,690.81,Defect
480,119978,20241005,2024-10-05,1159,1031,1,1,670.13,Shipping Damage
481,25832,20250908,2025-09-08,729,1031,1,40,24995.98,Shipping Damage
482,18212,20230524,2023-05-24,259,1164,2,1,43.77,Other
483,58091,20250422,2025-04-22,347,1069,5,3,578.99,Shipping Damage
484,64032,20240117,2024-01-17,224,1173,2,1,56.65,Defect
485,31772,20250320,2025-03-20,371,1094,8,13,10076.29,Customer Cancellation
486,88821,20230114,2023-01-14,1167,1076,3,7,1258.34,Other
487,108512,20220308,2022-03-08,354,1168,6,4,250.39,Customer Cancellation
488,41273,20231118,2023-11-18,875,1021,10,13,5517.2,Other
489,51103,20231019,2023-10-19,703,1132,1,13,1062.17,Customer Cancellation
490,116212,20250529,2025-05-29,1084,1116,2,5,7250.1,Other
491,61849,20251026,2025-10-26,406,1110,6,2,2639.95,Wrong Configuration
492,55027,20251218,2025-12-18,929,1045,8,20,8690.6,Customer Cancellation
493,11762,20250514,2025-05-14,957,1193,6,38,8795.17,Customer Cancellation
494,116938,20211124,2021-11-24,647,1009,3,5,3926.15,Shipping Damage
495,89664,20230904,2023-09-04,1,1192,5,2,498.06,Defect
496,41889,20241223,2024-12-23,130,1179,3,9,476.53,Defect
497,70188,20250417,2025-04-17,85,1168,1,4,229.34,Other
498,51207,20251202,2025-12-02,907,1174,9,21,1123.85,Wrong Configuration
499,117,20250514,2025-05-14,395,1090,1,24,16640.87,Wrong Configuration
500,104090,20241018,2024-10-18,546,1084,3,7,5223.3,Defect
501,86742,20240528,2024-05-28,775,1179,4,2,120.26,Wrong Configuration
502,25737,20221127,2022-11-27,871,1114,1,12,19205.71,Wrong Configuration
503,57361,20231104,2023-11-04,488,1017,4,4,4323.82,Shipping Damage
504,72913,20210916,2021-09-16,834,1037,1,5,2888.77,Other
505,32067,20250613,2025-06-13,335,1045,5,34,14443.12,Shipping Damage
506,76535,20251207,2025-12-07,906,1137,9,6,498.24,Defect
507,108752,20240904,2024-09-04,225,1166,4,15,624.92,Customer Cancellation
508,78725,20250601,2025-06-01,1108,1034,2,6,4598.71,Defect
509,38132,20240123,2024-01-23,979,1039,1,8,6446.34,Defect
510,74126,20240706,2024-07-06,584,1069,9,13,2297.79,Defect
511,28718,20220924,2022-09-24,546,1021,3,6,2950.85,Wrong Configuration
512,42134,20231219,2023-12-19,943,1125,6,4,384.68,Shipping Damage
513,38993,20240813,2024-08-13,1079,1062,5,4,676.51,Customer Cancellation
514,89912,20230705,2023-07-05,875,1197,10,41,7386.84,Defect
515,15139,20230707,2023-07-07,933,1199,9,6,1311.87,Defect
516,30936,20250413,2025-04-13,691,1190,4,25,3685.13,Defect
517,10249,20250403,2025-04-03,1155,1184,2,4,886.18,Shipping Damage
518,111406,20220207,2022-02-07,484,1199,5,1,264.63,Customer Cancellation
519,104453,20250829,2025-08-29,534,1148,5,27,14602.21,Wrong Configuration
520,44245,20230221,2023-02-21,1068,1070,4,50,10953.82,Wrong Configuration
521,114274,20240704,2024-07-04,598,1130,2,9,711.8,Other
522,3796,20240918,2024-09-18,37,1061,3,7,1672.09,Defect
523,42034,20220725,2022-07-25,684,1135,1,22,1362.64,Other
524,28580,20250312,2025-03-12,1017,1064,1,3,501.82,Shipping Damage
525,8128,20241101,2024-11-01,181,1186,2,3,527.11,Defect
526,16066,20250429,2025-04-29,868,1142,10,1,635.66,Defect
527,101935,20250722,2025-07-22,874,1033,6,1,765.16,Defect
528,68999,20230405,2023-04-05,579,1152,3,10,6795.54,Customer Cancellation
529,37855,20251225,2025-12-25,1178,1139,1,7,552.55,Shipping Damage
530,84191,20250801,2025-08-01,67,1153,6,5,3395.11,Other
531,28438,20241229,2024-12-29,1070,1111,5,5,8074.43,Defect
532,7932,20250516,2025-05-16,365,1072,1,45,9959.53,Customer Cancellation
533,59898,20251230,2025-12-30,468,1075,2,2,470.81,Customer Cancellation
534,55858,20251222,2025-12-22,100,1074,8,14,2549.54,Other
535,77358,20220109,2022-01-09,545,1157,6,10,5269.83,Defect
536,86769,20231210,2023-12-10,973,1045,9,2,845.93,Shipping Damage
537,108474,20250407,2025-04-07,1109,1075,4,7,1709.18,Defect
538,74349,20220125,2022-01-25,531,1183,7,9,2381.91,Defect
539,48708,20240229,2024-02-29,928,1126,6,5,351.09,Wrong Configuration
540,64778,20240821,2024-08-21,927,1066,5,9,1573.44,Shipping Damage
541,73466,20240714,2024-07-14,832,1080,9,9,7956.08,Defect
542,49061,20250711,2025-07-11,673,1046,6,27,12372.21,Defect
543,45429,20241127,2024-11-27,168,1164,2,3,130.65,Defect
544,45292,20251203,2025-12-03,837,1034,4,20,14036.47,Wrong Configuration
545,64187,20250120,2025-01-20,231,1042,6,1,369.89,Defect
546,54810,20251228,2025-12-28,753,1131,6,30,2301.41,Customer Cancellation
547,15779,20221119,2022-11-19,684,1007,1,5,6022.39,Shipping Damage
548,54186,20241016,2024-10-16,779,1093,5,6,4346.87,Defect
549,112379,20241018,2024-10-18,1126,1181,5,4,917.87,Wrong Configuration
550,78586,20231211,2023-12-11,179,1035,6,45,25978.26,Defect
551,29031,20250824,2025-08-24,475,1107,1,17,27111.48,Other
552,40463,20250129,2025-01-29,702,1061,7,25,5552.19,Other
553,4262,20240806,2024-08-06,492,1012,1,14,12370.33,Shipping Damage
554,112128,20240309,2024-03-09,37,1191,3,6,1039.11,Defect
555,53790,20210425,2021-04-25,1075,1078,4,1,171.75,Customer Cancellation
556,119608,20230301,2023-03-01,684,1036,1,32,16423.06,Defect
557,99953,20250501,2025-05-01,323,1170,1,18,807.22,Defect
558,116148,20230825,2023-08-25,185,1068,4,19,3567.54,Customer Cancellation
559,41536,20240513,2024-05-13,704,1175,1,10,623.88,Defect
560,118255,20221229,2022-12-29,1126,1191,5,4,633.62,Customer Cancellation
561,56739,20240728,2024-07-28,363,1051,8,22,7585.06,Shipping Damage
562,11779,20251119,2025-11-19,128,1066,2,13,2578.96,Defect
563,81713,20241021,2024-10-21,460,1063,9,2,253.6,Defect
564,29147,20240730,2024-07-30,613,1026,1,33,15588.81,Shipping Damage
565,35478,20250410,2025-04-10,718,1066,8,6,1168.98,Wrong Configuration
566,50842,20250616,2025-06-16,1074,1087,5,1,571.34,Defect
567,71891,20251010,2025-10-10,539,1171,6,3,152.51,Wrong Configuration
568,15865,20220930,2022-09-30,409,1196,4,3,727.45,Wrong Configuration
569,66955,20230608,2023-06-08,271,1014,4,4,3397.96,Wrong Configuration
570,115313,20251029,2025-10-29,546,1171,3,2,102.62,Defect
571,34753,20250920,2025-09-20,1092,1058,9,24,9172.35,Customer Cancellation
572,107502,20211114,2021-11-14,472,1075,6,12,2216.8,Customer Cancellation
573,63547,20250713,2025-07-13,868,1168,10,8,544.76,Shipping Damage
574,75489,20210822,2021-08-22,1052,1091,3,3,2214.75,Defect
575,73319,20250122,2025-01-22,1167,1009,3,5,4815.99,Customer Cancellation
576,65054,20250625,2025-06-25,808,1039,2,7,5114.37,Defect
577,7573,20250901,2025-09-01,869,1118,6,3,3543.72,Wrong Configuration
578,116907,20250616,2025-06-16,171,1105,1,1,1337.9,Customer Cancellation
579,117038,20231217,2023-12-17,70,1098,5,3,1754.16,Wrong Configuration
580,75375,20230923,2023-09-23,136,1131,6,3,253.41,Defect
581,109014,20241018,2024-10-18,545,1184,6,6,1224.56,Defect
582,101903,20230215,2023-02-15,6,1056,6,3,1000.36,Defect
583,84095,20251122,2025-11-22,1047,1103,4,6,10147.49,Customer Cancellation
584,104245,20240830,2024-08-30,643,1164,5,1,44.17,Defect
585,62653,20240117,2024-01-17,702,1103,7,17,22224.98,Wrong Configuration
586,74084,20250822,2025-08-22,588,1130,5,5,379.63,Defect
587,8021,20240127,2024-01-27,763,1168,6,14,890.68,Customer Cancellation
588,2895,20240703,2024-07-03,14,1165,3,58,3305.83,Other
589,67581,20220327,2022-03-27,584,1069,9,11,1829.28,Other
590,54068,20230528,2023-05-28,408,1038,2,1,514.53,Shipping Damage
591,73441,20251230,2025-12-30,405,1126,4,1,97.12,Defect
592,52826,20230202,2023-02-02,419,1011,1,25,22924.74,Wrong Configuration
593,114472,20250104,2025-01-04,649,1123,4,5,392.77,Defect
594,67694,20251222,2025-12-22,1028,1114,6,2,3459.08,Shipping Damage
595,15079,20250205,2025-02-05,875,1093,10,6,4904.73,Wrong Configuration
596,32292,20241025,2024-10-25,1028,1088,6,3,2988.92,Other
597,12573,20250817,2025-08-17,190,1194,3,3,787.39,Wrong Configuration
598,36478,20240103,2024-01-03,774,1029,6,2,1153.89,Other
599,94404,20250505,2025-05-05,512,1126,4,5,432.07,Defect
600,110191,20251218,2025-12-18,899,1111,4,9,14975.73,Defect
601,54680,20240203,2024-02-03,417,1161,6,23,912.68,Customer Cancellation
602,18183,20250204,2025-02-04,529,1016,10,31,33842.98,Defect
603,59411,20250716,2025-07-16,980,1130,8,12,833.09,Other
604,72310,20251230,2025-12-30,1047,1100,4,5,8022.78,Shipping Damage
605,71286,20231006,2023-10-06,419,1082,1,7,5268.46,Customer Cancellation
606,3723,20250131,2025-01-31,1156,1060,4,1,108.3,Other
607,54371,20230719,2023-07-19,1010,1199,1,18,4418.21,Defect
608,102902,20230925,2023-09-25,1026,1030,4,7,3241.99,Customer Cancellation
609,3644,20250101,2025-01-01,729,1139,1,42,3109.7,Customer Cancellation
610,81675,20251225,2025-12-25,224,1094,2,1,832.45,Defect
611,55932,20240522,2024-05-22,576,1053,6,3,1359.05,Defect
612,95973,20251027,2025-10-27,1154,1127,8,2,121.46,Defect
613,40745,20241220,2024-12-20,465,1014,6,23,19131.23,Other
614,81510,20250402,2025-04-02,84,1004,1,3,3308.43,Customer Cancellation
615,50366,20220819,2022-08-19,430,1124,1,6,382.92,Defect
616,84464,20240710,2024-07-10,1101,1028,6,1,595.05,Customer Cancellation
617,55025,20221124,2022-11-24,432,1120,2,1,83.84,Other
618,22701,20250912,2025-09-12,113,1014,3,1,1056.65,Customer Cancellation
619,93092,20240819,2024-08-19,708,1119,3,9,11683.61,Wrong Configuration
620,18290,20251029,2025-10-29,862,1128,3,25,2767.07,Shipping Damage
621,12140,20230922,2023-09-22,912,1189,2,4,858.65,Other
622,2248,20240327,2024-03-27,932,1057,1,14,5368.77,Shipping Damage
623,116939,20250801,2025-08-01,765,1152,2,16,10852.47,Shipping Damage
624,91460,20240121,2024-01-21,912,1119,2,1,1438.88,Defect
625,49857,20220511,2022-05-11,739,1138,1,3,215.74,Defect
626,99758,20240306,2024-03-06,1120,1196,6,30,6642.84,Customer Cancellation
627,2053,20251126,2025-11-26,417,1052,6,24,7277.93,Wrong Configuration
628,15823,20250816,2025-08-16,758,1063,10,9,1403.66,Wrong Configuration
629,63991,20250508,2025-05-08,307,1140,1,4,3590.33,Defect
630,65222,20230207,2023-02-07,88,1139,3,23,1708.41,Other
631,87375,20251223,2025-12-23,684,1195,1,4,1038.15,Shipping Damage
632,95935,20251217,2025-12-17,952,1033,3,4,2982.74,Defect
633,14090,20231023,2023-10-23,263,1122,2,6,501.44,Shipping Damage
634,4823,20250528,2025-05-28,955,1023,4,3,1721.07,Defect
635,110462,20230206,2023-02-06,1167,1003,3,8,8876.55,Defect
636,30954,20240316,2024-03-16,862,1166,3,42,1555.38,Wrong Configuration
637,39371,20240110,2024-01-10,576,1191,6,10,1549.76,Defect
638,111269,20241006,2024-10-06,340,1130,1,2,163.47,Wrong Configuration
639,63931,20221207,2022-12-07,873,1031,8,21,12736.37,Customer Cancellation
640,70916,20250506,2025-05-06,409,1025,4,7,4457.99,Other
641,26851,20241214,2024-12-14,1045,1147,2,1,707.65,Other
642,74856,20250516,2025-05-16,392,1035,4,3,1753.21,Wrong Configuration
643,86571,20230425,2023-04-25,294,1000,1,1,1124.9,Wrong Configuration
644,68593,20250722,2025-07-22,281,1126,10,8,682.69,Customer Cancellation
645,9535,20221104,2022-11-04,132,1016,6,7,7200.95,Wrong Configuration
646,109937,20240112,2024-01-12,818,1072,2,2,406.28,Customer Cancellation
647,36602,20240824,2024-08-24,1185,1139,6,20,1643.03,Wrong Configuration
648,41923,20250324,2025-03-24,664,1190,5,2,361.06,Defect
649,60591,20231026,2023-10-26,628,1161,6,8,319.76,Customer Cancellation
650,85234,20250804,2025-08-04,173,1032,8,9,4924.02,Shipping Damage
651,30627,20250313,2025-03-13,1141,1142,2,5,2794.43,Customer Cancellation
652,36905,20240623,2024-06-23,1026,1047,4,2,657.06,Other
653,65306,20250220,2025-02-20,380,1116,4,2,3531.04,Shipping Damage
654,104610,20251220,2025-12-20,1000,1047,3,1,373.7,Wrong Configuration
655,49353,20241109,2024-11-09,576,1137,6,6,409.59,Customer Cancellation
656,52069,20230523,2023-05-23,1010,1078,1,7,1113.81,Customer Cancellation
657,78943,20240916,2024-09-16,350,1068,6,3,661.77,Defect
658,106451,20231003,2023-10-03,673,1062,6,16,2452.17,Shipping Damage
659,46704,20240823,2024-08-23,905,1097,1,5,4023.71,Customer Cancellation
660,60330,20240923,2024-09-23,70,1094,5,2,1509.02,Defect
661,92206,20251228,2025-12-28,598,1150,2,13,7562.49,Wrong Configuration
662,73789,20210812,2021-08-12,951,1027,6,27,14429.59,Shipping Damage
663,61202,20240728,2024-07-28,1188,1186,4,5,901.18,Wrong Configuration
664,104160,20230620,2023-06-20,212,1183,6,3,777.24,Defect
665,94154,20240831,2024-08-31,598,1061,2,31,8063.77,Defect
666,112250,20241115,2024-11-15,44,1157,5,32,17646.05,Customer Cancellation
667,59267,20241220,2024-12-20,122,1029,1,33,17807.98,Wrong Configuration
668,3520,20250718,2025-07-18,85,1089,1,13,7607.27,Shipping Damage
669,65241,20220409,2022-04-09,1131,1079,6,2,329.7,Shipping Damage
670,7020,20231015,2023-10-15,586,1123,2,1,84.38,Defect
671,77780,20251230,2025-12-30,626,1090,6,11,8324.25,Shipping Damage
672,59486,20251226,2025-12-26,246,1058,1,1,446.14,Defect
673,549,20250519,2025-05-19,1012,1061,5,40,9714.74,Customer Cancellation
674,12062,20241003,2024-10-03,898,1006,4,2,2158.29,Wrong Configuration
675,44277,20251125,2025-11-25,778,1169,3,4,277.0,Wrong Configuration
676,65114,20250622,2025-06-22,928,1183,6,12,3497.13,Defect
677,103790,20240321,2024-03-21,363,1122,8,31,2591.25,Shipping Damage
678,55698,20241027,2024-10-27,196,1077,2,2,493.66,Defect
679,97599,20250908,2025-09-08,562,1038,2,1,461.99,Customer Cancellation
680,64750,20220724,2022-07-24,85,1057,1,31,11498.09,Defect
681,2707,20240913,2024-09-13,779,1102,5,33,44859.09,Customer Cancellation
682,116250,20251213,2025-12-13,1152,1052,2,8,2831.54,Defect
683,55329,20240829,2024-08-29,1009,1006,2,3,3573.94,Customer Cancellation
684,56380,20250219,2025-02-19,552,1051,3,1,441.47,Wrong Configuration
685,48297,20250828,2025-08-28,985,1149,10,9,5901.68,Shipping Damage
686,26825,20250131,2025-01-31,849,1015,5,23,16024.72,Other
687,23816,20240403,2024-04-03,1083,1123,9,8,618.64,Defect
688,30102,20231211,2023-12-11,1069,1104,6,14,18412.57,Defect
689,6148,20240913,2024-09-13,725,1000,1,40,41744.52,Customer Cancellation
690,80452,20251123,2025-11-23,723,1126,5,3,245.07,Customer Cancellation
691,8344,20251117,2025-11-17,300,1005,3,2,2481.92,Defect
692,59734,20250210,2025-02-10,168,1160,2,76,4650.85,Defect
693,95155,20250419,2025-04-19,503,1119,6,1,1525.34,Wrong Configuration
694,70056,20240802,2024-08-02,249,1139,3,4,321.53,Defect
695,57534,20251110,2025-11-10,1085,1040,6,7,2015.03,Defect
696,2829,20250426,2025-04-26,1085,1014,6,22,20250.05,Wrong Configuration
697,92039,20250729,2025-07-29,179,1051,6,15,5980.86,Other
698,85917,20231106,2023-11-06,700,1053,7,5,1705.15,Wrong Configuration
699,18172,20230303,2023-03-03,248,1067,10,19,2836.99,Customer Cancellation
700,47849,20220423,2022-04-23,465,1164,6,14,557.96,Wrong Configuration
701,22189,20220511,2022-05-11,60,1036,8,1,492.33,Shipping Damage
702,1036,20251021,2025-10-21,316,1130,7,20,1578.93,Shipping Damage
703,81965,20240311,2024-03-11,126,1070,2,16,4573.55,Wrong Configuration
704,90137,20240302,2024-03-02,904,1120,3,4,408.35,Wrong Configuration
705,53572,20230802,2023-08-02,896,1086,5,3,1849.41,Customer Cancellation
706,27506,20231006,2023-10-06,415,1031,5,10,6121.53,Defect
707,80857,20240814,2024-08-14,390,1172,8,1,63.07,Wrong Configuration
708,9974,20251125,2025-11-25,839,1035,3,91,58357.39,Shipping Damage
709,74638,20250331,2025-03-31,1180,1040,1,21,5803.21,Customer Cancellation
710,81285,20240125,2024-01-25,435,1182,1,1,261.07,Shipping Damage
711,119826,20250511,2025-05-11,770,1027,2,3,2058.77,Shipping Damage
712,57661,20251207,2025-12-07,684,1119,1,17,25044.89,Shipping Damage
713,93907,20250819,2025-08-19,11,1129,3,1,55.95,Shipping Damage
714,12022,20230609,2023-06-09,71,1119,7,1,1407.14,Defect
715,35195,20240604,2024-06-04,883,1006,6,1,1092.3,Wrong Configuration
716,83285,20231014,2023-10-14,1034,1181,5,15,3301.66,Wrong Configuration
717,86810,20241121,2024-11-21,1034,1158,5,50,36626.26,Defect
718,55208,20251209,2025-12-09,878,1014,4,32,32831.58,Shipping Damage
719,115984,20240125,2024-01-25,1128,1018,7,10,8260.82,Customer Cancellation
720,89422,20250224,2025-02-24,52,1077,6,7,1661.0,Other
721,91220,20241007,2024-10-07,394,1003,6,1,996.37,Defect
722,30253,20210607,2021-06-07,739,1062,1,18,2912.93,Defect
723,11907,20220822,2022-08-22,1038,1038,1,12,4568.36,Defect
724,59849,20230924,2023-09-24,564,1055,10,2,833.41,Defect
725,24915,20250814,2025-08-14,265,1092,2,12,9353.94,Shipping Damage
726,83189,20230331,2023-03-31,672,1063,5,2,268.15,Customer Cancellation
727,34819,20251111,2025-11-11,757,1119,6,1,1603.78,Wrong Configuration
728,113955,20221219,2022-12-19,503,1118,6,1,1118.51,Defect
729,54085,20230415,2023-04-15,619,1182,5,6,1379.78,Wrong Configuration
730,57625,20240716,2024-07-16,1195,1131,2,1,86.53,Shipping Damage
731,84912,20221208,2022-12-08,620,1181,3,1,222.88,Defect
732,19387,20250408,2025-04-08,641,1082,1,4,3749.52,Defect
733,104468,20251002,2025-10-02,185,1186,4,4,677.5,Customer Cancellation
734,73788,20250810,2025-08-10,66,1028,10,1,599.02,Wrong Configuration
735,105700,20240904,2024-09-04,623,1029,1,1,645.1,Defect
736,25174,20221122,2022-11-22,833,1015,3,4,2909.88,Wrong Configuration
737,68203,20240101,2024-01-01,1164,1106,6,2,2468.73,Defect
738,31433,20251229,2025-12-29,992,1176,2,1,50.6,Defect
739,67366,20241208,2024-12-08,289,1132,5,4,341.86,Wrong Configuration
740,85996,20231121,2023-11-21,588,1107,5,15,19648.17,Customer Cancellation
741,66871,20250327,2025-03-27,695,1197,1,18,4043.52,Defect
742,60175,20240815,2024-08-15,608,1157,4,1,581.07,Customer Cancellation
743,10092,20241207,2024-12-07,514,1130,10,2,159.05,Wrong Configuration
744,105331,20231023,2023-10-23,663,1174,7,1,65.32,Defect
745,70352,20250710,2025-07-10,765,1015,2,7,5397.01,Wrong Configuration
746,66604,20230725,2023-07-25,792,1112,6,2,2276.72,Wrong Configuration
747,93182,20241010,2024-10-10,1128,1178,7,19,965.5,Defect
748,114201,20230716,2023-07-16,1184,1022,7,10,6138.17,Wrong Configuration
749,28433,20240210,2024-02-10,974,1073,7,3,431.26,Defect
750,119870,20251230,2025-12-30,1065,1093,1,1,969.06,Wrong Configuration
751,85045,20241218,2024-12-18,392,1038,4,7,2959.82,Defect
752,51212,20241004,2024-10-04,595,1011,10,14,11116.0,Shipping Damage
753,46813,20250701,2025-07-01,694,1098,9,2,1379.1,Defect
754,5780,20230220,2023-02-20,853,1062,4,18,2735.11,Defect
755,98156,20241216,2024-12-16,842,1146,1,15,8257.53,Shipping Damage
756,74462,20230511,2023-05-11,476,1042,2,1,412.84,Shipping Damage
757,76733,20250615,2025-06-15,191,1139,9,8,569.51,Customer Cancellation
758,46464,20230610,2023-06-10,886,1040,4,5,1526.22,Shipping Damage
759,109837,20230121,2023-01-21,386,1002,2,7,7802.04,Wrong Configuration
760,105996,20220418,2022-04-18,113,1190,3,13,1997.93,Wrong Configuration
761,74175,20240504,2024-05-04,1047,1085,4,6,3904.83,Customer Cancellation
762,45683,20221003,2022-10-03,525,1094,1,7,5249.64,Defect
763,102654,20251202,2025-12-02,657,1196,6,2,590.64,Shipping Damage
764,15126,20240322,2024-03-22,739,1074,1,5,930.02,Other
765,9230,20220911,2022-09-11,233,1109,5,1,1602.72,Shipping Damage
766,75733,20250419,2025-04-19,152,1045,7,49,18649.21,Other
767,78960,20250204,2025-02-04,1136,1056,6,3,1064.68,Wrong Configuration
768,36934,20251213,2025-12-13,1154,1047,8,7,2283.07,Defect
769,104319,20221202,2022-12-02,547,1182,3,13,3331.02,Defect
770,40167,20250418,2025-04-18,170,1121,9,3,290.64,Other
771,34273,20250123,2025-01-23,1033,1108,5,12,14179.83,Wrong Configuration
772,114606,20220807,2022-08-07,813,1095,8,3,2232.41,Defect
773,63233,20220724,2022-07-24,323,1176,1,32,1414.92,Other
774,80605,20250728,2025-07-28,1120,1083,6,20,19518.21,Other
775,102183,20251227,2025-12-27,912,1109,2,1,1571.2,Defect
776,13201,20250702,2025-07-02,853,1095,4,17,15070.67,Defect
777,109475,20230703,2023-07-03,956,1027,9,25,14687.5,Other
778,85189,20220117,2022-01-17,202,1117,8,6,8175.56,Shipping Damage
779,20750,20250401,2025-04-01,760,1112,5,4,5151.29,Customer Cancellation
780,103105,20250824,2025-08-24,138,1181,4,2,552.7,Customer Cancellation
781,33949,20240422,2024-04-22,316,1106,7,12,15047.35,Customer Cancellation
782,117103,20251005,2025-10-05,605,1170,6,1,49.96,Wrong Configuration
783,12797,20250504,2025-05-04,265,1080,2,10,11015.75,Customer Cancellation
784,91849,20240519,2024-05-19,665,1016,6,2,2368.54,Wrong Configuration
785,27457,20240817,2024-08-17,1087,1017,1,1,1137.88,Defect
786,43201,20240413,2024-04-13,540,1028,2,1,586.55,Wrong Configuration
787,16303,20250706,2025-07-06,528,1193,8,1,230.81,Defect
788,47649,20250601,2025-06-01,101,1110,9,11,14085.98,Other
789,11154,20230410,2023-04-10,557,1022,1,20,12651.33,Defect
790,13221,20230209,2023-02-09,756,1113,4,3,3864.35,Defect
791,112952,20250601,2025-06-01,495,1186,2,3,554.27,Customer Cancellation
792,51261,20240423,2024-04-23,1017,1151,1,4,2344.64,Wrong Configuration
793,56024,20240904,2024-09-04,471,1012,6,1,1294.87,Defect
794,18849,20250721,2025-07-21,288,1029,2,8,5516.82,Other
795,66720,20230116,2023-01-16,430,1176,1,4,203.37,Defect
796,16869,20221018,2022-10-18,420,1198,1,11,2884.36,Defect
797,52591,20250728,2025-07-28,618,1048,5,1,403.8,Wrong Configuration
798,80229,20231004,2023-10-04,623,1032,1,6,3321.46,Defect
799,46630,20250809,2025-08-09,136,1199,6,2,567.5,Wrong Configuration
800,33043,20231228,2023-12-28,977,1174,6,3,156.04,Defect
801,3932,20240926,2024-09-26,1048,1088,2,13,12535.7,Wrong Configuration
802,33530,20230427,2023-04-27,875,1032,10,13,6434.15,Defect
803,34525,20240414,2024-04-14,418,1032,2,4,2118.74,Wrong Configuration
804,6488,20251126,2025-11-26,1021,1138,1,1,78.37,Other
805,29792,20231229,2023-12-29,683,1196,10,6,1545.19,Customer Cancellation
806,812,20230110,2023-01-10,400,1007,3,1,1211.62,Defect
807,69477,20250623,2025-06-23,68,1192,4,2,589.34,Customer Cancellation
808,98552,20240318,2024-03-18,905,1125,1,2,189.75,Defect
809,49050,20250627,2025-06-27,1162,1120,1,8,727.09,Customer Cancellation
810,72688,20240728,2024-07-28,772,1070,8,32,8205.46,Defect
811,62363,20241231,2024-12-31,694,1044,9,4,1664.51,Defect
812,54355,20251230,2025-12-30,105,1012,1,1,1114.35,Customer Cancellation
813,77967,20241020,2024-10-20,130,1007,3,43,50039.03,Shipping Damage
814,76968,20220210,2022-02-10,603,1068,2,1,212.16,Customer Cancellation
815,116604,20230303,2023-03-03,485,1114,1,13,18566.71,Shipping Damage
816,93440,20250603,2025-06-03,974,1082,7,1,908.4,Wrong Configuration
817,93720,20250211,2025-02-11,928,1066,6,21,3464.97,Customer Cancellation
818,89979,20231031,2023-10-31,480,1097,1,11,7718.51,Wrong Configuration
819,7696,20241008,2024-10-08,100,1010,8,1,700.51,Customer Cancellation
820,44678,20241119,2024-11-19,683,1192,10,1,260.43,Other
821,7383,20230628,2023-06-28,688,1044,1,8,2927.98,Customer Cancellation
822,39359,20250730,2025-07-30,264,1055,3,2,910.29,Wrong Configuration
823,29956,20250803,2025-08-03,897,1032,6,9,5347.18,Wrong Configuration
824,71605,20230104,2023-01-04,372,1187,8,1,253.25,Customer Cancellation
825,95248,20250921,2025-09-21,779,1133,5,34,2226.52,Shipping Damage
826,110691,20250515,2025-05-15,16,1076,4,67,12717.9,Other
827,105926,20241123,2024-11-23,191,1120,9,42,3436.08,Wrong Configuration
828,67832,20251222,2025-12-22,684,1192,1,13,3022.25,Defect
829,110863,20240926,2024-09-26,246,1121,1,3,270.39,Defect
830,16795,20250109,2025-01-09,857,1173,4,1,57.79,Wrong Configuration
831,113581,20250310,2025-03-10,130,1060,3,14,1594.23,Other
832,17508,20241105,2024-11-05,362,1038,5,2,931.57,Shipping Damage
833,32895,20251229,2025-12-29,98,1175,3,2,144.19,Defect
834,100831,20210224,2021-02-24,324,1076,6,19,2853.38,Customer Cancellation
835,37943,20250730,2025-07-30,1083,1175,9,11,660.18,Defect
836,111019,20241114,2024-11-14,584,1014,9,69,58431.07,Wrong Configuration
837,74952,20221012,2022-10-12,346,1067,6,39,5888.55,Customer Cancellation
838,89302,20240523,2024-05-23,1030,1042,10,18,6834.75,Wrong Configuration
839,73553,20240930,2024-09-30,916,1041,6,13,4874.53,Defect
840,54194,20251024,2025-10-24,551,1117,10,1,1592.31,Wrong Configuration
841,68782,20241213,2024-12-13,170,1192,9,1,248.92,Other
842,86086,20250309,2025-03-09,385,1024,3,19,8726.16,Customer Cancellation
843,36949,20250104,2025-01-04,977,1130,6,2,145.94,Defect
844,75614,20231010,2023-10-10,261,1063,1,7,1029.34,Defect
845,79797,20221025,2022-10-25,688,1136,1,2,133.04,Shipping Damage
846,2337,20230116,2023-01-16,154,1092,1,2,1413.32,Shipping Damage
847,102846,20230528,2023-05-28,833,1137,3,3,206.5,Customer Cancellation
848,70732,20211102,2021-11-02,472,1109,6,7,10682.65,Customer Cancellation
849,37172,20221209,2022-12-09,1045,1105,2,5,5457.91,Wrong Configuration
850,40290,20240705,2024-07-05,219,1040,1,8,2094.55,Customer Cancellation
851,85000,20250808,2025-08-08,143,1068,2,1,201.7,Customer Cancellation
852,70151,20230718,2023-07-18,51,1047,5,6,2044.24,Other
853,74185,20250419,2025-04-19,306,1130,6,5,427.79,Defect
854,87104,20231218,2023-12-18,395,1135,1,5,391.58,Wrong Configuration
855,46624,20240330,2024-03-30,1133,1174,3,26,1487.67,Defect
856,15920,20241109,2024-11-09,629,1137,1,30,2065.93,Defect
857,108185,20220328,2022-03-28,1154,1051,8,4,1442.35,Defect
858,5638,20240323,2024-03-23,416,1170,9,19,855.78,Customer Cancellation
859,79803,20240825,2024-08-25,614,1184,4,1,209.94,Shipping Damage
860,102971,20251213,2025-12-13,784,1191,6,4,659.78,Customer Cancellation
861,7233,20230914,2023-09-14,346,1135,6,12,788.94,Shipping Damage
862,119580,20241215,2024-12-15,167,1175,6,9,598.78,Defect
863,106189,20250918,2025-09-18,845,1026,10,1,589.12,Customer Cancellation
864,21338,20251225,2025-12-25,1170,1010,9,12,9264.54,Wrong Configuration
865,70613,20240312,2024-03-12,966,1198,2,8,2293.67,Shipping Damage
866,46647,20241223,2024-12-23,375,1114,8,4,7785.44,Wrong Configuration
867,16604,20240407,2024-04-07,629,1163,1,41,1870.64,Shipping Damage
868,86808,20250810,2025-08-10,769,1014,5,15,13376.77,Wrong Configuration
869,55348,20251112,2025-11-12,788,1173,9,6,382.59,Defect
870,50702,20240913,2024-09-13,723,1117,5,6,8897.67,Shipping Damage
871,88103,20240610,2024-06-10,435,1155,1,4,2718.37,Other
872,20298,20251223,2025-12-23,684,1007,1,2,2365.26,Defect
873,25774,20240111,2024-01-11,191,1168,9,11,559.3,Wrong Configuration
874,96812,20220927,2022-09-27,351,1124,6,10,639.66,Other
875,73982,20220527,2022-05-27,659,1117,9,1,1401.97,Wrong Configuration
876,55150,20240116,2024-01-16,98,1063,3,3,450.26,Wrong Configuration
877,53757,20210528,2021-05-28,528,1022,8,3,1692.4,Defect
878,40337,20230719,2023-07-19,106,1125,10,13,1058.41,Customer Cancellation
879,84312,20231222,2023-12-22,988,1168,4,19,1024.89,Wrong Configuration
880,70374,20251219,2025-12-19,355,1116,1,23,33084.42,Other
881,72739,20230209,2023-02-09,230,1135,9,30,1824.43,Other
882,13474,20240428,2024-04-28,136,1098,6,4,2562.32,Defect
883,50413,20251231,2025-12-31,122,1073,1,34,4636.06,Shipping Damage
884,54235,20230618,2023-06-18,594,1097,8,3,2094.31,Shipping Damage
885,42307,20251023,2025-10-23,1081,1044,4,26,10819.49,Shipping Damage
886,83397,20251230,2025-12-30,405,1179,4,1,55.47,Customer Cancellation
887,9496,20240331,2024-03-31,192,1035,1,16,10553.61,Customer Cancellation
888,85325,20250130,2025-01-30,974,1072,7,5,1008.04,Defect
889,67246,20251212,2025-12-12,179,1110,6,17,19671.07,Defect
890,82363,20251204,2025-12-04,642,1186,9,1,198.93,Shipping Damage
891,105155,20250206,2025-02-06,108,1007,10,3,4196.53,Defect
892,11118,20250223,2025-02-23,650,1028,6,8,4922.22,Other
893,77151,20250530,2025-05-30,819,1025,3,20,11697.99,Defect
894,29947,20221228,2022-12-28,1120,1092,6,3,1868.87,Shipping Damage
895,107982,20240331,2024-03-31,492,1045,1,41,14893.28,Other
896,62591,20220216,2022-02-16,591,1002,5,4,3968.04,Wrong Configuration
897,58055,20221201,2022-12-01,758,1183,10,13,3436.54,Shipping Damage
898,5189,20240322,2024-03-22,916,1056,6,14,4981.57,Defect
899,87036,20231002,2023-10-02,1005,1064,7,15,2330.85,Defect
900,40969,20240514,2024-05-14,1055,1008,4,2,2038.66,Shipping Damage
901,78483,20220829,2022-08-29,526,1055,6,11,4344.23,Other
902,99014,20250820,2025-08-20,1005,1064,7,40,6463.33,Shipping Damage
903,104537,20230625,2023-06-25,138,1074,4,3,488.24,Shipping Damage
904,10286,20250212,2025-02-12,700,1129,7,32,1836.89,Defect
905,109257,20240224,2024-02-24,981,1004,3,19,15806.48,Customer Cancellation
906,42423,20220722,2022-07-22,788,1052,9,9,2780.08,Defect
907,6330,20240217,2024-02-17,274,1067,5,3,561.42,Wrong Configuration
908,67835,20250521,2025-05-21,956,1061,9,36,8604.46,Customer Cancellation
909,43738,20230814,2023-08-14,179,1090,6,9,5509.59,Shipping Damage
910,17482,20250305,2025-03-05,1113,1171,8,4,171.23,Customer Cancellation
911,109670,20240627,2024-06-27,122,1180,1,4,850.22,Defect
912,83162,20230602,2023-06-02,998,1164,5,3,124.19,Wrong Configuration
913,86039,20250803,2025-08-03,350,1194,6,4,1222.94,Shipping Damage
914,47436,20220420,2022-04-20,1026,1086,4,7,3977.09,Other
915,59699,20250822,2025-08-22,837,1176,4,27,1323.61,Defect
916,68982,20250929,2025-09-29,565,1098,8,11,6668.57,Customer Cancellation
917,11323,20240410,2024-04-10,1085,1088,6,7,6365.34,Wrong Configuration
918,12446,20231114,2023-11-14,11,1121,3,5,442.51,Defect
919,45456,20240607,2024-06-07,988,1058,4,20,6305.7,Other
920,116747,20231229,2023-12-29,11,1012,3,2,2033.63,Shipping Damage
921,43681,20250915,2025-09-15,353,1111,1,39,58464.5,Wrong Configuration
922,21924,20240607,2024-06-07,148,1035,4,10,6740.2,Shipping Damage
923,101448,20240811,2024-08-11,1130,1132,2,34,2968.1,Other
924,53185,20220626,2022-06-26,52,1172,6,3,158.1,Defect
925,97904,20240417,2024-04-17,259,1047,2,9,3059.96,Wrong Configuration
926,40185,20250906,2025-09-06,876,1036,2,2,1272.49,Customer Cancellation
927,130,20231112,2023-11-12,446,1036,2,18,10045.2,Defect
928,114444,20250312,2025-03-12,474,1128,5,10,1062.78,Defect
929,18795,20240131,2024-01-31,1082,1047,1,1,366.13,Wrong Configuration
930,52809,20250110,2025-01-10,519,1075,8,39,8972.8,Defect
931,65242,20231228,2023-12-28,977,1180,6,7,1586.96,Defect
932,30534,20240603,2024-06-03,788,1043,9,26,10091.14,Customer Cancellation
933,42546,20250604,2025-06-04,132,1178,6,1,58.85,Defect
934,38180,20250325,2025-03-25,102,1078,1,11,1812.79,Defect
935,90641,20240616,2024-06-16,1170,1191,9,6,1086.86,Customer Cancellation
936,82411,20220424,2022-04-24,1132,1016,4,8,6720.8,Defect
937,24758,20240119,2024-01-19,1130,1085,2,35,20912.61,Defect
938,98170,20241206,2024-12-06,808,1194,2,2,531.28,Shipping Damage
939,6578,20230614,2023-06-14,125,1006,4,1,1076.71,Wrong Configuration
940,87015,20251226,2025-12-26,941,1197,9,12,2930.58,Other
941,96268,20250820,2025-08-20,351,1021,6,9,5232.91,Defect
942,32149,20251128,2025-11-28,107,1124,3,1,70.72,Customer Cancellation
943,69000,20250108,2025-01-08,870,1183,6,1,270.73,Other
944,103967,20240106,2024-01-06,517,1175,7,3,165.98,Wrong Configuration
945,101067,20230710,2023-07-10,152,1172,7,16,839.43,Wrong Configuration
946,64425,20241130,2024-11-30,1134,1083,9,7,6636.98,Defect
947,2703,20241129,2024-11-29,666,1107,3,2,2789.61,Customer Cancellation
948,80052,20251229,2025-12-29,888,1164,6,2,92.81,Defect
949,108542,20240311,2024-03-11,1177,1075,3,6,1482.98,Wrong Configuration
950,991,20251230,2025-12-30,283,1158,3,11,9161.32,Shipping Damage
951,56327,20240905,2024-09-05,1018,1146,2,4,2125.12,Defect
952,13356,20230317,2023-03-17,955,1046,4,23,9362.95,Wrong Configuration
953,27373,20241209,2024-12-09,894,1037,3,1,821.44,Other
954,37404,20250724,2025-07-24,110,1152,8,10,7213.57,Defect
955,64253,20250902,2025-09-02,1010,1058,1,3,1237.68,Shipping Damage
956,69681,20250925,2025-09-25,779,1047,5,24,7762.16,Wrong Configuration
957,2045,20230419,2023-04-19,1013,1171,1,2,85.36,Defect
958,80381,20240606,2024-06-06,1168,1015,4,4,3195.14,Wrong Configuration
959,49753,20240429,2024-04-29,1191,1041,3,2,712.85,Shipping Damage
960,110891,20251212,2025-12-12,186,1168,8,4,226.62,Other
961,21628,20250209,2025-02-09,130,1156,3,27,14902.14,Customer Cancellation
962,7386,20240809,2024-08-09,321,1046,6,3,1320.79,Defect
963,99431,20250602,2025-06-02,436,1158,5,8,6354.79,Customer Cancellation
964,113175,20230422,2023-04-22,950,1074,5,2,309.29,Wrong Configuration
965,93451,20240613,2024-06-13,418,1152,2,12,6512.43,Customer Cancellation
966,45984,20220821,2022-08-21,984,1042,6,41,13625.15,Shipping Damage
967,11642,20251210,2025-12-10,46,1132,9,1,104.65,Defect
968,28333,20250103,2025-01-03,418,1125,2,52,4434.79,Customer Cancellation
969,18796,20220314,2022-03-14,679,1131,6,1,85.82,Shipping Damage
970,69631,20211128,2021-11-28,1177,1189,3,18,3609.08,Customer Cancellation
971,118222,20220403,2022-04-03,419,1168,1,33,1738.76,Customer Cancellation
972,102454,20230317,2023-03-17,507,1199,5,6,1446.74,Shipping Damage
973,80168,20230811,2023-08-11,1076,1125,7,11,1018.37,Shipping Damage
974,25601,20250920,2025-09-20,401,1127,8,2,126.45,Defect
975,20705,20210930,2021-09-30,1028,1168,6,6,369.74,Defect
976,79042,20250716,2025-07-16,734,1045,5,8,3607.12,Customer Cancellation
977,32949,20251230,2025-12-30,420,1057,1,38,14445.42,Wrong Configuration
978,96678,20240125,2024-01-25,356,1149,4,13,9437.33,Defect
979,70019,20250818,2025-08-18,565,1061,8,5,1318.0,Shipping Damage
980,99188,20240229,2024-02-29,154,1000,1,1,1212.54,Shipping Damage
981,45247,20240611,2024-06-11,362,1128,5,2,209.03,Wrong Configuration
982,93969,20250820,2025-08-20,358,1013,9,3,2302.2,Customer Cancellation
983,2677,20240406,2024-04-06,1068,1094,4,13,11102.63,Defect
984,27318,20250509,2025-05-09,864,1162,6,1,60.57,Defect
985,85288,20231220,2023-12-20,777,1105,1,2,2403.69,Other
986,18086,20220608,2022-06-08,304,1052,10,2,690.56,Defect
987,114869,20241114,2024-11-14,918,1191,2,2,353.47,Defect
988,68222,20240414,2024-04-14,465,1110,6,5,5955.51,Defect
989,101259,20250216,2025-02-16,543,1007,5,10,14080.47,Wrong Configuration
990,77724,20251128,2025-11-28,894,1148,3,5,3663.51,Defect
991,54952,20240705,2024-07-05,610,1049,3,1,464.22,Wrong Configuration
992,118804,20250531,2025-05-31,834,1162,1,30,1466.94,Defect
993,20926,20230221,2023-02-21,88,1007,3,11,12379.2,Shipping Damage
994,59014,20250203,2025-02-03,136,1117,6,3,5129.7,Wrong Configuration
995,27552,20240725,2024-07-25,392,1055,4,15,6664.95,Wrong Configuration
996,92990,20250122,2025-01-22,1133,1071,3,3,434.36,Defect
997,106575,20251219,2025-12-19,636,1121,3,10,906.03,Defect
998,33241,20251009,2025-10-09,137,1093,4,6,4073.47,Customer Cancellation
999,47432,20240115,2024-01-15,1170,1126,9,2,160.84,Shipping Damage
1000,114808,20250612,2025-06-12,1081,1022,4,11,7556.6,Shipping Damage
1001,1399,20210918,2021-09-18,428,1069,7,1,172.22,Wrong Configuration
1002,78852,20230705,2023-07-05,548,1101,8,6,7465.1,Customer Cancellation
1003,66943,20241002,2024-10-02,1038,1174,1,18,1099.35,Shipping Damage
1004,44294,20251119,2025-11-19,355,1097,1,56,33470.21,Customer Cancellation
1005,58957,20241015,2024-10-15,702,1086,7,10,6756.36,Shipping Damage
1006,27811,20250725,2025-07-25,906,1077,9,2,525.42,Defect
1007,102753,20230825,2023-08-25,844,1067,2,1,163.23,Shipping Damage
1008,32370,20250305,2025-03-05,935,1050,2,1,360.21,Defect
1009,2394,20240731,2024-07-31,1162,1061,1,14,3555.98,Shipping Damage
1010,67791,20220921,2022-09-21,800,1109,5,1,1530.13,Shipping Damage
1011,55963,20250624,2025-06-24,395,1045,1,3,1248.3,Wrong Configuration
1012,13747,20241016,2024-10-16,1090,1192,3,5,1305.81,Defect
1013,105216,20240221,2024-02-21,410,1097,6,13,9129.03,Defect
1014,67746,20250524,2025-05-24,733,1100,8,6,8980.63,Wrong Configuration
1015,117741,20240113,2024-01-13,519,1090,8,18,10449.0,Wrong Configuration
1016,23182,20240507,2024-05-07,170,1013,9,10,7540.32,Defect
1017,30372,20250913,2025-09-13,193,1177,8,2,136.11,Shipping Damage
1018,95251,20250129,2025-01-29,572,1019,6,2,1627.48,Wrong Configuration
1019,188,20230604,2023-06-04,855,1197,5,23,3869.13,Shipping Damage
1020,57350,20240223,2024-02-23,994,1025,7,1,530.83,Defect
1021,69391,20240726,2024-07-26,516,1019,2,1,927.44,Defect
1022,83032,20251205,2025-12-05,1191,1108,3,5,6978.55,Wrong Configuration
1023,45619,20241112,2024-11-12,575,1075,3,9,2041.49,Wrong Configuration
1024,93568,20220218,2022-02-18,290,1008,5,39,34707.07,Customer Cancellation
1025,93972,20251120,2025-11-20,585,1162,2,37,1597.21,Defect
1026,29838,20250113,2025-01-13,363,1114,8,30,41920.14,Other
1027,55493,20251002,2025-10-02,191,1132,9,44,4004.36,Shipping Damage
1028,68739,20250606,2025-06-06,1019,1036,3,1,507.02,Shipping Damage
1029,36487,20230124,2023-01-24,974,1163,7,1,51.08,Defect
1030,33230,20231222,2023-12-22,293,1010,6,2,1314.64,Customer Cancellation
1031,107091,20250930,2025-09-30,303,1179,1,35,1954.66,Customer Cancellation
1032,55825,20251204,2025-12-04,767,1051,4,3,1384.8,Defect
1033,87035,20230708,2023-07-08,258,1057,9,4,1638.39,Defect
1034,30702,20240203,2024-02-03,853,1006,4,5,4817.28,Wrong Configuration
1035,56299,20251106,2025-11-06,784,1005,6,13,17547.99,Customer Cancellation
1036,113842,20241010,2024-10-10,679,1197,6,4,887.15,Defect
1037,7122,20241105,2024-11-05,868,1019,10,5,4336.86,Defect
1038,75252,20241205,2024-12-05,1113,1081,8,1,771.65,Defect
1039,17521,20240706,2024-07-06,101,1018,9,16,12005.62,Shipping Damage
1040,5362,20231020,2023-10-20,137,1105,4,9,8583.17,Customer Cancellation
1041,88320,20240823,2024-08-23,613,1145,1,11,8326.19,Other
1042,38488,20240215,2024-02-15,684,1004,1,17,18767.72,Shipping Damage
1043,45345,20230121,2023-01-21,274,1197,5,2,430.89,Wrong Configuration
1044,57210,20231207,2023-12-07,446,1078,2,4,668.33,Wrong Configuration
1045,61244,20240624,2024-06-24,1085,1100,6,30,39717.51,Wrong Configuration
1046,100067,20220702,2022-07-02,994,1173,7,7,396.03,Other
1047,58039,20250709,2025-07-09,1031,1013,6,1,730.87,Other
1048,107137,20230428,2023-04-28,575,1159,3,13,7966.22,Customer Cancellation
1049,7261,20251112,2025-11-12,734,1157,5,2,1162.23,Defect
1050,21320,20240721,2024-07-21,1076,1086,7,8,5614.87,Customer Cancellation
1051,50111,20251222,2025-12-22,784,1171,6,9,378.7,Defect
1052,795,20250623,2025-06-23,559,1111,1,13,23712.91,Defect
1053,108845,20241004,2024-10-04,628,1198,6,10,2566.02,Customer Cancellation
1054,63070,20240508,2024-05-08,1038,1194,1,7,1806.9,Customer Cancellation
1055,83821,20240702,2024-07-02,302,1125,2,5,477.29,Other
1056,77878,20221221,2022-12-21,17,1061,1,2,475.22,Customer Cancellation
1057,36033,20251202,2025-12-02,443,1036,5,1,540.06,Shipping Damage
1058,62113,20251118,2025-11-18,480,1148,1,14,9310.25,Defect
1059,41965,20221024,2022-10-24,598,1187,2,31,6681.19,Wrong Configuration
1060,89570,20230606,2023-06-06,428,1120,7,6,553.31,Customer Cancellation
1061,103288,20230207,2023-02-07,946,1035,3,14,7127.79,Customer Cancellation
1062,62040,20250518,2025-05-18,316,1076,7,10,1795.05,Customer Cancellation
1063,32111,20240905,2024-09-05,950,1147,5,16,10716.96,Shipping Damage
1064,34164,20231204,2023-12-04,389,1060,6,1,126.21,Shipping Damage
1065,115136,20241218,2024-12-18,778,1007,3,3,4373.13,Wrong Configuration
1066,48797,20250509,2025-05-09,858,1174,1,1,68.82,Defect
1067,119817,20231230,2023-12-30,113,1125,3,4,380.46,Wrong Configuration
1068,77782,20240105,2024-01-05,6,1122,6,8,696.81,Customer Cancellation
1069,15814,20250514,2025-05-14,101,1189,9,4,920.51,Shipping Damage
1070,108935,20230901,2023-09-01,1069,1049,6,30,14860.5,Defect
1071,67758,20251110,2025-11-10,11,1021,3,1,596.55,Customer Cancellation
1072,99763,20241126,2024-11-26,632,1005,2,1,1284.48,Defect
1073,24798,20220827,2022-08-27,765,1137,2,32,2099.38,Wrong Configuration
1074,87843,20251111,2025-11-11,1076,1138,7,31,2147.91,Defect
1075,96708,20250130,2025-01-30,579,1084,3,24,18622.01,Defect
1076,74759,20250809,2025-08-09,659,1172,9,1,59.72,Defect
1077,24039,20230130,2023-01-30,85,1095,1,22,16625.31,Defect
1078,82750,20251213,2025-12-13,1175,1074,8,4,710.97,Other
1079,109167,20251207,2025-12-07,1010,1069,1,3,586.32,Customer Cancellation
1080,65349,20230703,2023-07-03,527,1119,8,1,1375.24,Wrong Configuration
1081,35579,20240514,2024-05-14,152,1193,7,30,5591.95,Shipping Damage
1082,18005,20240925,2024-09-25,722,1029,1,5,3199.55,Other
1083,18586,20230101,2023-01-01,15,1041,6,4,1394.05,Defect
1084,102683,20251105,2025-11-05,301,1020,10,5,3111.38,Customer Cancellation
1085,44727,20250621,2025-06-21,1047,1060,4,2,264.75,Defect
1086,6808,20230212,2023-02-12,936,1108,1,4,5405.91,Defect
1087,47103,20230823,2023-08-23,263,1026,2,3,1442.28,Customer Cancellation
1088,28123,20241105,2024-11-05,382,1136,5,5,416.33,Wrong Configuration
1089,71514,20240603,2024-06-03,388,1116,2,6,9428.32,Other
1090,105586,20231225,2023-12-25,916,1195,6,17,3800.92,Other
1091,75096,20231120,2023-11-20,480,1020,1,30,20896.35,Defect
1092,2763,20250517,2025-05-17,853,1168,4,4,239.67,Shipping Damage
1093,58309,20231225,2023-12-25,400,1094,3,9,5841.96,Shipping Damage
1094,11265,20250312,2025-03-12,569,1001,1,14,12263.35,Wrong Configuration
1095,47379,20230914,2023-09-14,157,1063,1,5,666.26,Defect
1096,92311,20230908,2023-09-08,601,1107,4,2,2267.15,Shipping Damage
1097,45178,20251217,2025-12-17,912,1118,2,1,1223.37,Other
1098,96114,20250716,2025-07-16,614,1014,4,1,875.89,Wrong Configuration
1099,60778,20250704,2025-07-04,21,1016,2,4,3700.78,Wrong Configuration
1100,15237,20220504,2022-05-04,1155,1012,2,3,3245.8,Customer Cancellation
1101,51793,20251104,2025-11-04,1092,1087,9,25,12471.34,Defect
1102,22402,20230705,2023-07-05,152,1061,7,22,5247.04,Wrong Configuration
1103,116263,20230926,2023-09-26,1054,1007,1,1,1379.41,Other
1104,118964,20250306,2025-03-06,839,1170,3,1,52.35,Defect
1105,106429,20251227,2025-12-27,558,1070,1,5,1291.86,Shipping Damage
1106,43840,20250530,2025-05-30,451,1130,3,35,2655.92,Shipping Damage
1107,70185,20241022,2024-10-22,721,1117,6,5,8075.23,Defect
1108,103416,20251001,2025-10-01,584,1150,9,21,12156.28,Defect
1109,16273,20220828,2022-08-28,871,1148,1,10,6861.43,Wrong Configuration
1110,9624,20240526,2024-05-26,1038,1097,1,20,13782.74,Shipping Damage
1111,82245,20250118,2025-01-18,154,1045,1,4,1829.07,Customer Cancellation
1112,20596,20250517,2025-05-17,779,1045,5,6,2517.76,Shipping Damage
1113,1210,20251216,2025-12-16,568,1047,2,7,2558.06,Defect
1114,67696,20221225,2022-12-25,753,1186,6,8,1239.03,Shipping Damage
1115,44961,20230926,2023-09-26,44,1082,5,70,52832.58,Defect
1116,75183,20241211,2024-12-11,324,1131,6,38,3044.43,Defect
1117,657,20240403,2024-04-03,324,1005,6,7,8560.31,Defect
1118,61962,20210416,2021-04-16,174,1019,7,6,4892.27,Defect
1119,99784,20231102,2023-11-02,258,1052,9,2,750.31,Defect
1120,91812,20220705,2022-07-05,323,1129,1,45,1833.03,Defect
1121,41058,20251106,2025-11-06,1109,1131,4,5,488.06,Wrong Configuration
1122,49527,20220317,2022-03-17,1138,1191,3,16,1904.85,Customer Cancellation
1123,32482,20250808,2025-08-08,814,1066,10,1,194.02,Defect
1124,66837,20251127,2025-11-27,967,1135,7,3,257.18,Defect
1125,68305,20210623,2021-06-23,241,1035,6,2,1262.12,Defect
1126,22330,20220125,2022-01-25,192,1076,1,16,2458.43,Defect
1127,33137,20250330,2025-03-30,513,1177,5,9,631.63,Defect
1128,38329,20221004,2022-10-04,558,1199,1,7,1700.93,Wrong Configuration
1129,30547,20240906,2024-09-06,872,1120,6,2,193.15,Defect
1130,49001,20240418,2024-04-18,1031,1110,6,6,7371.75,Defect
1131,38838,20250104,2025-01-04,407,1045,4,1,417.87,Shipping Damage
1132,82637,20251207,2025-12-07,1138,1121,3,17,1376.48,Defect
1133,59479,20251208,2025-12-08,159,1072,2,1,209.8,Customer Cancellation
1134,89480,20250906,2025-09-06,321,1071,6,33,5546.16,Defect
1135,32277,20231027,2023-10-27,668,1063,1,2,289.08,Customer Cancellation
1136,68809,20250610,2025-06-10,733,1139,8,4,358.4,Wrong Configuration
1137,38116,20220711,2022-07-11,1181,1032,3,3,1710.63,Shipping Damage
1138,50331,20240101,2024-01-01,1065,1046,1,1,502.25,Shipping Damage
1139,3827,20231011,2023-10-11,914,1032,5,14,7218.69,Other
1140,20198,20241030,2024-10-30,1093,1183,6,4,1064.51,Wrong Configuration
1141,72410,20220905,2022-09-05,274,1083,5,4,4576.71,Wrong Configuration
1142,90273,20240727,2024-07-27,606,1192,6,1,258.39,Other
1143,55950,20211110,2021-11-10,37,1164,3,19,696.81,Shipping Damage
1144,17883,20240204,2024-02-04,912,1190,2,2,339.54,Wrong Configuration
1145,32493,20220324,2022-03-24,668,1008,1,1,1035.32,Defect
1146,53019,20251211,2025-12-11,575,1093,3,12,9643.75,Defect
1147,82458,20241108,2024-11-08,71,1170,7,3,159.31,Wrong Configuration
1148,35966,20230219,2023-02-19,127,1193,10,15,3191.89,Defect
1149,99561,20240709,2024-07-09,704,1125,1,7,631.29,Wrong Configuration
1150,53665,20250906,2025-09-06,439,1056,2,1,419.66,Wrong Configuration
1151,56388,20250711,2025-07-11,870,1172,6,20,1221.93,Defect
1152,89243,20240628,2024-06-28,420,1174,1,11,586.1,Wrong Configuration
1153,55902,20250208,2025-02-08,1086,1167,1,5,267.82,Defect
1154,21577,20231210,2023-12-10,517,1160,7,16,1017.21,Defect
1155,67461,20251202,2025-12-02,1134,1040,9,10,3122.93,Customer Cancellation
1156,96705,20240223,2024-02-23,126,1092,2,8,6027.76,Shipping Damage
1157,39867,20230819,2023-08-19,16,1017,4,20,17388.79,Other
1158,20968,20230429,2023-04-29,1069,1020,6,16,10098.03,Defect
1159,3071,20230228,2023-02-28,984,1057,6,36,13413.52,Defect
1160,17086,20230714,2023-07-14,880,1174,1,2,125.93,Shipping Damage
1161,105161,20241212,2024-12-12,1116,1193,5,9,1894.71,Other
1162,108251,20240409,2024-04-09,475,1017,1,5,5626.2,Defect
1163,71091,20251230,2025-12-30,67,1129,6,22,1310.47,Wrong Configuration
1164,44922,20250420,2025-04-20,714,1050,6,4,1467.76,Customer Cancellation
1165,4368,20240801,2024-08-01,908,1090,6,4,3139.22,Wrong Configuration
1166,104162,20240312,2024-03-12,580,1025,7,3,1811.83,Defect
1167,82430,20220211,2022-02-11,916,1079,6,17,2924.29,Wrong Configuration
1168,106425,20250712,2025-07-12,1130,1087,2,24,11387.15,Wrong Configuration
1169,43662,20230409,2023-04-09,496,1006,4,3,2946.62,Shipping Damage
1170,105094,20250516,2025-05-16,600,1176,1,2,101.89,Other
1171,52601,20250131,2025-01-31,862,1011,3,20,17591.51,Shipping Damage
1172,118800,20250224,2025-02-24,848,1081,1,15,11861.79,Defect
1173,45158,20230130,2023-01-30,1026,1037,4,10,6330.1,Wrong Configuration
1174,129,20241209,2024-12-09,833,1112,3,3,3375.34,Defect
1175,3582,20231216,2023-12-16,977,1107,6,8,10463.78,Defect
1176,70244,20250629,2025-06-29,112,1073,4,16,2162.77,Defect
1177,60624,20250224,2025-02-24,351,1070,6,9,2225.93,Shipping Damage
1178,108254,20220523,2022-05-23,441,1052,7,15,4556.09,Defect
1179,98906,20220906,2022-09-06,576,1061,6,15,3154.36,Other
1180,119572,20240226,2024-02-26,627,1192,8,12,2965.37,Customer Cancellation
1181,68274,20250621,2025-06-21,1085,1032,6,9,4953.29,Defect
1182,28565,20240408,2024-04-08,832,1142,9,36,19262.3,Wrong Configuration
1183,91261,20251221,2025-12-21,118,1121,8,6,556.36,Defect
1184,1529,20250121,2025-01-21,486,1089,3,7,4463.15,Defect
1185,39258,20241122,2024-11-22,783,1193,9,10,2399.19,Wrong Configuration
1186,105813,20250423,2025-04-23,694,1063,9,8,1171.83,Defect
1187,109240,20250210,2025-02-10,419,1199,1,23,5330.18,Customer Cancellation
1188,119093,20250501,2025-05-01,351,1083,6,18,19667.59,Defect
1189,49615,20241005,2024-10-05,137,1052,4,19,7082.33,Defect
1190,34469,20240713,2024-07-13,1160,1154,1,7,5688.34,Defect
1191,42619,20230109,2023-01-09,899,1077,4,9,1983.53,Customer Cancellation
1192,70389,20211222,2021-12-22,545,1177,6,4,238.27,Defect
1193,80043,20250929,2025-09-29,1079,1119,5,3,3940.91,Shipping Damage
1194,100425,20230707,2023-07-07,672,1176,5,1,48.78,Other
1195,76437,20240517,2024-05-17,409,1045,4,3,1368.01,Defect
1196,34475,20250301,2025-03-01,1160,1008,1,12,12906.22,Defect
1197,81947,20250822,2025-08-22,1066,1094,6,39,27073.1,Shipping Damage
1198,23045,20251204,2025-12-04,4,1090,6,2,1504.16,Customer Cancellation
1199,32723,20240628,2024-06-28,564,1170,10,2,107.04,Defect
1200,97262,20230322,2023-03-22,28,1023,4,7,3773.12,Wrong Configuration
1201,70673,20250429,2025-04-29,897,1196,6,5,1330.53,Wrong Configuration
1202,85103,20240121,2024-01-21,935,1183,2,3,845.57,Other
1203,17466,20240720,2024-07-20,592,1064,10,8,1002.84,Shipping Damage
1204,24506,20231121,2023-11-21,851,1121,2,35,2721.93,Defect
1205,29480,20240406,2024-04-06,488,1103,4,1,1669.14,Customer Cancellation
1206,54673,20251118,2025-11-18,643,1013,5,1,759.06,Defect
1207,62442,20221115,2022-11-15,1156,1012,4,10,9598.78,Defect
1208,82067,20230123,2023-01-23,695,1107,1,16,23809.43,Shipping Damage
1209,13612,20240424,2024-04-24,613,1124,1,10,654.13,Customer Cancellation
1210,64,20240903,2024-09-03,379,1024,6,2,1226.71,Customer Cancellation
1211,20667,20251211,2025-12-11,526,1123,6,7,536.27,Customer Cancellation
1212,4336,20250809,2025-08-09,807,1099,1,7,5186.29,Customer Cancellation
1213,38929,20240201,2024-02-01,64,1192,1,8,1966.38,Defect
1214,79240,20250805,2025-08-05,591,1138,5,1,70.37,Defect
1215,90544,20231224,2023-12-24,704,1092,1,19,11893.57,Customer Cancellation
1216,16878,20241017,2024-10-17,34,1085,9,5,2989.85,Defect
1217,30003,20240310,2024-03-10,304,1049,10,1,486.15,Customer Cancellation
1218,44389,20240123,2024-01-23,862,1047,3,7,2149.34,Shipping Damage
1219,53501,20230408,2023-04-08,927,1189,5,18,3382.1,Defect
1220,108143,20241123,2024-11-23,878,1106,4,25,29680.38,Defect
1221,118390,20251025,2025-10-25,1109,1196,4,6,1497.36,Defect
1222,26232,20240315,2024-03-15,899,1008,4,2,2069.69,Defect
1223,41230,20250810,2025-08-10,416,1173,9,7,391.74,Wrong Configuration
1224,34216,20251022,2025-10-22,907,1047,9,25,7711.17,Defect
1225,116181,20250312,2025-03-12,1017,1138,1,9,598.82,Other
1226,117303,20240420,2024-04-20,96,1019,9,1,931.58,Wrong Configuration
1227,66230,20250921,2025-09-21,96,1177,9,1,73.29,Other
1228,97381,20250517,2025-05-17,1061,1122,2,11,1008.13,Shipping Damage
1229,3495,20240122,2024-01-22,517,1141,7,33,21877.34,Other
1230,115070,20250815,2025-08-15,605,1116,6,1,1636.9,Other
1231,105489,20251115,2025-11-15,517,1013,7,26,18209.38,Defect
1232,43587,20250603,2025-06-03,91,1065,10,3,463.7,Defect
1233,107219,20240228,2024-02-28,27,1097,9,8,5894.91,Wrong Configuration
1234,8712,20240503,2024-05-03,586,1015,2,2,1527.42,Customer Cancellation
1235,47797,20240423,2024-04-23,277,1164,1,46,1647.24,Other
1236,85800,20250128,2025-01-28,346,1109,6,26,39862.52,Wrong Configuration
1237,85710,20250201,2025-02-01,106,1180,10,4,853.33,Wrong Configuration
1238,72783,20240805,2024-08-05,533,1145,5,1,743.84,Wrong Configuration
1239,24328,20210829,2021-08-29,873,1059,8,2,693.45,Wrong Configuration
1240,22200,20251231,2025-12-31,1025,1016,6,9,10578.11,Customer Cancellation
1241,45115,20250922,2025-09-22,622,1090,9,18,12404.45,Wrong Configuration
1242,43204,20240410,2024-04-10,765,1079,2,13,2116.2,Customer Cancellation
1243,31553,20231228,2023-12-28,707,1087,6,15,7351.43,Defect
1244,75818,20240204,2024-02-04,928,1117,6,15,20245.0,Other
1245,51183,20251022,2025-10-22,900,1074,1,13,2421.16,Other
1246,54403,20230429,2023-04-29,545,1026,6,3,1607.58,Other
1247,17971,20250803,2025-08-03,334,1036,1,2,1133.04,Other
1248,38153,20251123,2025-11-23,812,1011,3,1,984.18,Customer Cancellation
1249,112616,20250519,2025-05-19,772,1046,8,10,4117.74,Shipping Damage
1250,39793,20250901,2025-09-01,769,1161,5,3,137.86,Defect
1251,55397,20240831,2024-08-31,179,1123,6,25,1841.26,Wrong Configuration
1252,100065,20250715,2025-07-15,981,1145,3,16,11473.48,Customer Cancellation
1253,19643,20230915,2023-09-15,945,1023,6,16,6739.17,Wrong Configuration
1254,418,20211128,2021-11-28,192,1136,1,33,2184.18,Wrong Configuration
1255,60463,20251205,2025-12-05,985,1014,10,39,28942.19,Shipping Damage
1256,37864,20251203,2025-12-03,956,1118,9,18,18305.26,Customer Cancellation
1257,80319,20250323,2025-03-23,783,1016,9,8,9427.22,Defect
1258,75995,20230315,2023-03-15,198,1067,9,1,190.53,Customer Cancellation
1259,93978,20251217,2025-12-17,470,1055,3,36,15585.4,Customer Cancellation
1260,105961,20230423,2023-04-23,527,1062,8,6,985.04,Shipping Damage
1261,110527,20251127,2025-11-27,139,1079,6,8,1480.86,Customer Cancellation
1262,5008,20250911,2025-09-11,154,1013,1,7,5429.66,Defect
1263,69571,20250802,2025-08-02,989,1026,7,2,1114.7,Other
1264,112576,20240814,2024-08-14,907,1164,9,9,341.81,Shipping Damage
1265,64807,20240718,2024-07-18,1084,1075,2,2,466.72,Customer Cancellation
1266,115305,20240214,2024-02-14,363,1026,8,23,10964.26,Shipping Damage
1267,110098,20240518,2024-05-18,306,1178,6,2,128.03,Other
1268,11671,20211020,2021-10-20,37,1028,3,8,3716.87,Other
1269,99211,20221031,2022-10-31,955,1186,4,26,4280.94,Customer Cancellation
1270,78660,20240212,2024-02-12,419,1114,1,5,7186.25,Defect
1271,5916,20240205,2024-02-05,1081,1073,4,23,3212.82,Wrong Configuration
1272,55261,20241128,2024-11-28,579,1168,3,2,139.1,Shipping Damage
1273,108363,20241001,2024-10-01,1116,1012,5,27,24774.41,Wrong Configuration
1274,41247,20251223,2025-12-23,848,1045,1,5,2171.16,Customer Cancellation
1275,25003,20220911,2022-09-11,152,1087,7,16,7045.05,Defect
1276,51765,20211024,2021-10-24,1178,1086,1,7,4512.87,Defect
1277,25338,20241225,2024-12-25,485,1073,1,7,1013.8,Defect
1278,112147,20210304,2021-03-04,16,1063,4,20,2236.01,Wrong Configuration
1279,9543,20230816,2023-08-16,784,1177,6,3,213.83,Customer Cancellation
1280,84377,20221102,2022-11-02,70,1122,5,2,172.53,Shipping Damage
1281,11922,20240702,2024-07-02,717,1063,2,8,1167.5,Defect
1282,64316,20240921,2024-09-21,878,1006,4,4,4605.64,Defect
1283,53979,20250620,2025-06-20,334,1051,1,19,8436.47,Other
1284,41791,20241211,2024-12-11,970,1179,5,2,110.53,Defect
1285,30688,20231220,2023-12-20,390,1109,8,4,6319.48,Wrong Configuration
1286,26249,20250103,2025-01-03,465,1020,6,15,11435.75,Wrong Configuration
1287,18525,20230214,2023-02-14,137,1182,4,23,4957.19,Shipping Damage
1288,89244,20220603,2022-06-03,58,1181,2,5,1074.1,Wrong Configuration
1289,74279,20230109,2023-01-09,304,1181,10,1,249.12,Other
1290,80920,20240104,2024-01-04,713,1184,4,7,1181.39,Wrong Configuration
1291,49316,20251016,2025-10-16,935,1181,2,1,261.84,Defect
1292,33318,20250204,2025-02-04,104,1023,3,15,8820.14,Shipping Damage
1293,40904,20251223,2025-12-23,254,1169,3,5,346.32,Customer Cancellation
1294,87145,20231004,2023-10-04,300,1016,3,1,1051.96,Other
1295,55452,20211103,2021-11-03,951,1017,6,11,9854.01,Defect
1296,3535,20231219,2023-12-19,142,1015,9,1,764.12,Defect
1297,73783,20240414,2024-04-14,462,1089,2,4,2961.95,Wrong Configuration
1298,77179,20210127,2021-01-27,795,1184,3,4,637.85,Defect
1299,1604,20241229,2024-12-29,155,1034,8,34,22205.4,Customer Cancellation
1300,2344,20251022,2025-10-22,1031,1056,6,10,4301.48,Shipping Damage
1301,49446,20230407,2023-04-07,994,1054,7,9,4488.59,Other
1302,36989,20231010,2023-10-10,205,1103,5,5,7088.81,Wrong Configuration
1303,7202,20240417,2024-04-17,1050,1021,1,6,3226.96,Defect
1304,20186,20251215,2025-12-15,519,1126,8,56,4103.64,Defect
1305,5525,20240619,2024-06-19,898,1010,4,4,2930.06,Wrong Configuration
1306,111911,20250612,2025-06-12,415,1037,5,3,2637.87,Wrong Configuration
1307,960,20250103,2025-01-03,704,1006,1,4,3877.77,Defect
1308,17746,20240914,2024-09-14,576,1163,6,12,625.46,Wrong Configuration
1309,96351,20251009,2025-10-09,706,1099,8,1,789.28,Shipping Damage
1310,7470,20230522,2023-05-22,950,1051,5,18,6586.72,Wrong Configuration
1311,22861,20240608,2024-06-08,2,1005,6,19,20896.89,Customer Cancellation
1312,74323,20240506,2024-05-06,560,1083,3,1,1147.64,Customer Cancellation
1313,42688,20240228,2024-02-28,418,1120,2,2,149.65,Wrong Configuration
1314,26749,20230629,2023-06-29,943,1184,6,2,377.41,Defect
1315,67415,20231218,2023-12-18,903,1045,7,8,3224.33,Customer Cancellation
1316,58042,20250211,2025-02-11,393,1126,7,4,325.74,Defect
1317,76488,20221107,2022-11-07,576,1099,6,6,4099.12,Wrong Configuration
1318,49180,20250107,2025-01-07,356,1037,4,2,1476.43,Customer Cancellation
1319,28441,20251202,2025-12-02,37,1014,3,9,7882.11,Customer Cancellation
1320,111243,20230622,2023-06-22,779,1150,5,16,8368.24,Wrong Configuration
1321,77452,20231006,2023-10-06,695,1146,1,24,11639.94,Shipping Damage
1322,119595,20251105,2025-11-05,524,1197,8,7,1292.84,Defect
1323,13757,20231108,2023-11-08,981,1129,3,10,472.54,Defect
1324,10046,20241201,2024-12-01,502,1191,3,12,1947.78,Defect
1325,104719,20251209,2025-12-09,1092,1128,9,6,615.98,Customer Cancellation
1326,64639,20251102,2025-11-02,65,1133,6,1,69.37,Shipping Damage
1327,69155,20240229,2024-02-29,297,1187,10,5,1449.46,Defect
1328,44907,20240429,2024-04-29,1128,1045,7,13,4694.29,Customer Cancellation
1329,96733,20250211,2025-02-11,421,1110,5,4,5135.59,Customer Cancellation
1330,90605,20230105,2023-01-05,1197,1030,9,1,504.27,Wrong Configuration
1331,73606,20230201,2023-02-01,21,1040,2,8,2409.61,Defect
1332,93452,20250902,2025-09-02,1116,1190,5,12,2021.96,Defect
1333,115333,20221114,2022-11-14,462,1113,2,3,4350.45,Other
1334,17731,20241002,2024-10-02,431,1120,1,11,880.09,Customer Cancellation
1335,36532,20250925,2025-09-25,208,1093,1,57,43928.44,Defect
1336,60334,20251230,2025-12-30,139,1037,6,8,6803.13,Defect
1337,85562,20241103,2024-11-03,193,1106,8,5,6705.69,Defect
1338,80242,20241112,2024-11-12,437,1194,3,4,1051.62,Wrong Configuration
1339,61054,20240910,2024-09-10,4,1017,6,1,1043.52,Defect
1340,28242,20240108,2024-01-08,258,1079,9,7,1170.11,Other
1341,61576,20220430,2022-04-30,684,1055,1,9,3658.71,Shipping Damage
1342,85048,20241023,2024-10-23,321,1125,6,22,1615.68,Defect
1343,15546,20240725,2024-07-25,565,1113,8,13,18807.94,Wrong Configuration
1344,12884,20241019,2024-10-19,870,1160,6,9,493.65,Wrong Configuration
1345,114064,20251130,2025-11-30,203,1162,6,1,56.09,Defect
1346,54900,20240201,2024-02-01,67,1131,6,22,1520.82,Other
1347,79934,20230730,2023-07-30,462,1073,2,5,739.62,Customer Cancellation
1348,103335,20250204,2025-02-04,679,1041,6,8,2975.66,Wrong Configuration
1349,76201,20241211,2024-12-11,649,1074,4,27,4493.63,Defect
1350,107712,20250911,2025-09-11,916,1034,6,6,4144.23,Other
1351,92113,20250126,2025-01-26,841,1185,6,1,208.66,Shipping Damage
1352,67697,20220717,2022-07-17,713,1037,4,9,6358.2,Defect
1353,36761,20250428,2025-04-28,410,1085,6,43,25880.4,Other
1354,39058,20230405,2023-04-05,534,1120,5,2,177.05,Customer Cancellation
1355,556,20250716,2025-07-16,1128,1192,7,22,5346.09,Defect
1356,71019,20220125,2022-01-25,30,1077,1,3,647.01,Defect
1357,114211,20240415,2024-04-15,415,1096,5,16,10099.7,Defect
1358,66484,20250427,2025-04-27,185,1016,4,12,12171.15,Wrong Configuration
1359,60876,20240519,2024-05-19,895,1100,6,1,1417.45,Wrong Configuration
1360,62540,20241129,2024-11-29,952,1082,3,1,958.53,Other
1361,42342,20210929,2021-09-29,415,1136,5,7,472.95,Wrong Configuration
1362,71246,20230729,2023-07-29,509,1138,5,5,334.33,Defect
1363,64802,20240419,2024-04-19,725,1111,1,5,7316.07,Customer Cancellation
1364,93173,20250120,2025-01-20,916,1024,6,4,2113.4,Customer Cancellation
1365,25653,20230220,2023-02-20,689,1168,9,29,1626.89,Defect
1366,32129,20240324,2024-03-24,541,1009,9,9,6115.64,Wrong Configuration
1367,6146,20240416,2024-04-16,1116,1101,5,19,21183.83,Customer Cancellation
1368,8405,20250424,2025-04-24,640,1179,1,23,1052.55,Wrong Configuration
1369,44831,20241106,2024-11-06,700,1078,7,54,7860.68,Other
1370,45520,20230619,2023-06-19,136,1119,6,5,7247.83,Defect
1371,3761,20230713,2023-07-13,50,1191,1,3,525.35,Defect
1372,73443,20230513,2023-05-13,260,1097,6,14,9046.97,Defect
1373,66175,20251125,2025-11-25,901,1008,1,3,3347.71,Wrong Configuration
1374,67244,20250127,2025-01-27,1096,1117,10,1,1631.82,Customer Cancellation
1375,58432,20230204,2023-02-04,1087,1184,1,1,172.98,Defect
1376,74144,20210522,2021-05-22,929,1055,8,16,6419.62,Shipping Damage
1377,66995,20241105,2024-11-05,1173,1054,6,19,9209.73,Customer Cancellation
1378,19516,20251216,2025-12-16,692,1199,4,2,510.75,Shipping Damage
1379,93129,20240414,2024-04-14,842,1127,1,38,2331.21,Wrong Configuration
1380,21283,20240101,2024-01-01,905,1132,1,4,342.92,Wrong Configuration
1381,51339,20251224,2025-12-24,436,1006,5,12,12553.23,Defect
1382,10714,20240901,2024-09-01,584,1034,9,31,21749.83,Shipping Damage
1383,85476,20251220,2025-12-20,521,1009,3,1,804.72,Defect
1384,52546,20220124,2022-01-24,927,1069,5,14,1798.28,Customer Cancellation
1385,50861,20250321,2025-03-21,281,1167,10,15,1001.65,Customer Cancellation
1386,100589,20241018,2024-10-18,576,1000,6,13,15079.58,Customer Cancellation
1387,53228,20210419,2021-04-19,695,1132,1,13,1088.87,Customer Cancellation
1388,76432,20211221,2021-12-21,1141,1069,2,17,2367.55,Defect
1389,50810,20230921,2023-09-21,385,1109,3,9,13852.69,Shipping Damage
1390,21886,20231228,2023-12-28,1031,1161,6,1,43.12,Defect
1391,107368,20240425,2024-04-25,363,1000,8,3,3084.12,Shipping Damage
1392,110892,20240730,2024-07-30,1039,1161,9,24,891.45,Defect
1393,25471,20240617,2024-06-17,59,1129,8,2,101.03,Customer Cancellation
1394,2148,20251119,2025-11-19,941,1137,9,7,524.97,Defect
1395,865,20231112,2023-11-12,371,1004,8,6,7125.69,Defect
1396,8835,20210330,2021-03-30,1,1186,5,5,892.77,Wrong Configuration
1397,23679,20210526,2021-05-26,505,1077,3,9,1973.18,Wrong Configuration
1398,48932,20230605,2023-06-05,636,1055,3,15,6019.61,Other
1399,31631,20220702,2022-07-02,899,1159,4,6,3769.07,Customer Cancellation
1400,37495,20250430,2025-04-30,1193,1084,6,1,764.84,Customer Cancellation
1401,13588,20240315,2024-03-15,122,1174,1,8,396.54,Customer Cancellation
1402,98703,20230612,2023-06-12,157,1111,1,9,14672.23,Defect
1403,111122,20250404,2025-04-04,1133,1011,3,4,3431.67,Shipping Damage
1404,51492,20251203,2025-12-03,956,1181,9,11,2907.75,Defect
1405,76938,20251020,2025-10-20,694,1082,9,3,2699.39,Shipping Damage
1406,44655,20231026,2023-10-26,304,1026,10,4,2073.51,Defect
1407,39869,20231117,2023-11-17,234,1026,1,4,2081.71,Shipping Damage
1408,72999,20230223,2023-02-23,572,1052,6,5,1695.8,Defect
1409,95047,20250414,2025-04-14,832,1172,9,40,2062.07,Wrong Configuration
1410,115038,20240810,2024-08-10,63,1011,2,2,1837.16,Wrong Configuration
1411,104644,20250812,2025-08-12,427,1005,8,8,9008.74,Defect
1412,37751,20250722,2025-07-22,417,1168,6,22,1227.43,Defect
1413,77075,20241125,2024-11-25,98,1119,3,16,21916.45,Defect
1414,96956,20240410,2024-04-10,1189,1113,3,4,5817.8,Wrong Configuration
1415,33871,20241114,2024-11-14,431,1024,1,22,11637.92,Customer Cancellation
1416,2896,20241202,2024-12-02,446,1062,2,4,616.71,Wrong Configuration
1417,94146,20250510,2025-05-10,128,1038,2,5,2540.73,Wrong Configuration
1418,55812,20251231,2025-12-31,982,1154,1,25,18088.58,Defect
1419,25421,20230904,2023-09-04,124,1189,3,4,835.68,Customer Cancellation
1420,112168,20221118,2022-11-18,91,1145,10,1,790.57,Other
1421,20100,20250312,2025-03-12,878,1091,4,18,13726.16,Wrong Configuration
1422,65633,20210805,2021-08-05,681,1112,2,1,1117.67,Wrong Configuration
1423,98668,20240711,2024-07-11,442,1198,1,24,6130.52,Customer Cancellation
1424,23961,20231017,2023-10-17,982,1131,1,7,585.54,Defect
1425,112971,20230609,2023-06-09,1052,1035,3,4,2714.6,Wrong Configuration
1426,108282,20251213,2025-12-13,98,1158,3,5,4120.64,Defect
1427,84367,20251105,2025-11-05,393,1156,7,3,1946.36,Defect
1428,73304,20240109,2024-01-09,136,1029,6,5,3132.29,Wrong Configuration
1429,24005,20241118,2024-11-18,371,1196,8,9,2599.89,Shipping Damage
1430,67516,20250114,2025-01-14,779,1130,5,18,1330.67,Wrong Configuration
1431,62534,20251118,2025-11-18,618,1018,5,3,2718.0,Defect
1432,71535,20240527,2024-05-27,530,1181,7,3,711.13,Defect
1433,23114,20240604,2024-06-04,317,1097,6,3,2103.96,Shipping Damage
1434,108443,20250422,2025-04-22,769,1185,5,9,1639.94,Customer Cancellation
1435,25884,20231227,2023-12-27,886,1110,4,1,1156.75,Wrong Configuration
1436,84772,20230910,2023-09-10,385,1013,3,16,10367.23,Shipping Damage
1437,44381,20251214,2025-12-14,1101,1007,6,4,5395.46,Defect
1438,53108,20250820,2025-08-20,758,1126,10,23,2003.73,Customer Cancellation
1439,50731,20250107,2025-01-07,1085,1116,6,36,49927.73,Defect
1440,965,20250222,2025-02-22,1038,1012,1,13,15133.82,Other
1441,60450,20220726,2022-07-26,956,1070,9,5,1136.09,Shipping Damage
1442,30807,20250819,2025-08-19,390,1105,8,5,6076.98,Defect
1443,32221,20251019,2025-10-19,100,1076,8,2,370.27,Defect
1444,112042,20240211,2024-02-11,799,1051,4,42,15863.93,Defect
1445,69005,20250909,2025-09-09,891,1099,7,1,755.67,Defect
1446,1764,20230610,2023-06-10,466,1145,3,1,696.13,Wrong Configuration
1447,15228,20231109,2023-11-09,271,1050,4,8,3406.78,Customer Cancellation
1448,54274,20251207,2025-12-07,752,1105,1,2,2600.52,Defect
1449,55948,20240604,2024-06-04,967,1060,7,4,497.17,Wrong Configuration
1450,102073,20231224,2023-12-24,67,1196,6,30,7998.01,Defect
1451,83849,20240815,2024-08-15,1154,1056,8,4,1296.15,Shipping Damage
1452,71218,20240507,2024-05-07,119,1124,4,1,78.46,Wrong Configuration
1453,6691,20231103,2023-11-03,622,1125,9,14,1291.12,Wrong Configuration
1454,7542,20250712,2025-07-12,415,1143,5,8,4851.63,Defect
1455,22785,20250806,2025-08-06,980,1046,8,27,12664.46,Defect
1456,73467,20251230,2025-12-30,359,1056,4,25,8345.1,Other
1457,116130,20241204,2024-12-04,93,1134,5,4,511.65,Customer Cancellation
1458,1656,20230228,2023-02-28,1183,1026,2,20,10104.45,Customer Cancellation
1459,3984,20230911,2023-09-11,387,1070,8,10,2700.6,Defect
1460,35167,20231119,2023-11-19,1075,1023,4,1,597.43,Shipping Damage
1461,47472,20250501,2025-05-01,1020,1066,5,5,899.74,Defect
1462,112404,20250704,2025-07-04,1001,1160,7,1,62.34,Customer Cancellation
1463,112201,20240331,2024-03-31,955,1087,4,26,11889.7,Defect
1464,19997,20241231,2024-12-31,980,1010,8,20,12177.32,Defect
1465,47270,20230412,2023-04-12,985,1030,10,26,11717.27,Defect
1466,45749,20220622,2022-06-22,465,1042,6,17,6323.13,Defect
1467,106055,20220620,2022-06-20,58,1169,2,2,127.71,Customer Cancellation
1468,1127,20231216,2023-12-16,263,1011,2,62,48902.93,Defect
1469,9248,20240617,2024-06-17,492,1091,1,77,46104.37,Defect
1470,71139,20241228,2024-12-28,1080,1086,5,33,20596.63,Wrong Configuration
1471,39235,20231227,2023-12-27,701,1122,6,1,85.03,Wrong Configuration
1472,70111,20221015,2022-10-15,1123,1002,7,4,4360.43,Defect
1473,6109,20240807,2024-08-07,1141,1008,2,34,33292.57,Wrong Configuration
1474,71733,20250808,2025-08-08,214,1144,9,16,10786.54,Wrong Configuration
1475,3894,20251211,2025-12-11,647,1060,3,6,767.43,Defect
1476,94665,20250520,2025-05-20,598,1128,2,6,550.5,Other
1477,7210,20250519,2025-05-19,544,1035,5,6,4200.17,Wrong Configuration
1478,116464,20230527,2023-05-27,1070,1163,5,11,578.48,Shipping Damage
1479,93719,20230221,2023-02-21,276,1193,1,7,1754.39,Defect
1480,21794,20221206,2022-12-06,1066,1164,6,16,532.89,Defect
1481,86063,20221022,2022-10-22,480,1012,1,30,28260.16,Defect
1482,69058,20250210,2025-02-10,934,1120,3,1,103.95,Defect
1483,114381,20220913,2022-09-13,265,1123,2,21,1502.29,Defect
1484,8826,20221229,2022-12-29,221,1120,9,2,164.09,Defect
1485,90510,20230711,2023-07-11,975,1042,1,1,371.3,Other
1486,44811,20231016,2023-10-16,608,1197,4,11,2652.26,Customer Cancellation
1487,21265,20240208,2024-02-08,608,1110,4,1,1303.59,Defect
1488,45455,20241110,2024-11-10,910,1036,1,9,5713.24,Defect
1489,29730,20251009,2025-10-09,1081,1007,4,20,25586.98,Defect
1490,56525,20241224,2024-12-24,942,1076,5,9,1621.52,Defect
1491,58912,20241217,2024-12-17,258,1105,9,234,282026.82,Customer Cancellation
1492,2288,20221021,2022-10-21,719,1052,1,3,1023.71,Defect
1493,82851,20251123,2025-11-23,263,1081,2,9,7622.74,Defect
1494,99703,20230111,2023-01-11,1050,1019,1,21,16972.23,Customer Cancellation
1495,97986,20241211,2024-12-11,757,1024,6,1,551.58,Wrong Configuration
1496,59183,20230303,2023-03-03,576,1035,6,7,4356.65,Customer Cancellation
1497,44676,20231106,2023-11-06,974,1136,7,2,150.03,Wrong Configuration
1498,116403,20250615,2025-06-15,613,1181,1,2,452.82,Shipping Damage
1499,46454,20230802,2023-08-02,683,1005,10,12,15047.49,Wrong Configuration
1500,10204,20251209,2025-12-09,152,1033,7,15,10905.11,Customer Cancellation
1501,73618,20240823,2024-08-23,997,1038,7,13,5668.72,Defect
1502,44415,20240605,2024-06-05,122,1058,1,58,21505.16,Customer Cancellation
1503,42477,20240402,2024-04-02,916,1173,6,7,426.7,Wrong Configuration
1504,68450,20250825,2025-08-25,1128,1037,7,18,15249.12,Customer Cancellation
1505,112848,20230924,2023-09-24,888,1044,6,4,1348.36,Shipping Damage
1506,87060,20241106,2024-11-06,399,1176,5,4,170.66,Defect
1507,27755,20250727,2025-07-27,873,1008,8,43,44912.23,Defect
1508,42374,20230429,2023-04-29,1128,1073,7,38,5527.92,Defect
1509,2705,20241211,2024-12-11,131,1128,3,12,1049.25,Shipping Damage
1510,13461,20250914,2025-09-14,360,1187,1,24,7063.08,Defect
1511,24700,20250709,2025-07-09,70,1092,5,6,4675.3,Defect
1512,108304,20241029,2024-10-29,639,1072,1,7,1526.0,Defect
1513,74313,20231213,2023-12-13,274,1032,5,5,2740.69,Customer Cancellation
1514,49141,20240329,2024-03-29,170,1198,9,1,296.52,Shipping Damage
1515,3086,20241030,2024-10-30,580,1163,7,2,108.2,Wrong Configuration
1516,100675,20230724,2023-07-24,758,1036,10,2,966.95,Customer Cancellation
1517,12845,20240207,2024-02-07,980,1196,8,33,7692.0,Other
1518,109647,20230204,2023-02-04,702,1005,7,9,10625.29,Defect
1519,21504,20240207,2024-02-07,425,1061,5,6,1482.23,Shipping Damage
1520,2728,20251214,2025-12-14,75,1014,2,10,9701.62,Wrong Configuration
1521,82650,20221203,2022-12-03,11,1077,3,5,1101.3,Wrong Configuration
1522,41824,20231114,2023-11-14,25,1108,6,1,1369.74,Other
1523,89758,20250527,2025-05-27,927,1172,5,32,1797.2,Defect
1524,52821,20210815,2021-08-15,897,1138,6,11,664.68,Defect
1525,84193,20251018,2025-10-18,575,1154,3,3,2161.72,Defect
1526,46221,20250204,2025-02-04,169,1160,8,51,2739.12,Wrong Configuration
1527,88615,20250623,2025-06-23,1153,1169,1,13,770.25,Defect
1528,119551,20240518,2024-05-18,979,1124,1,5,381.15,Defect
1529,68623,20251020,2025-10-20,808,1004,2,35,34060.2,Defect
1530,17628,20240220,2024-02-20,37,1065,3,3,409.17,Wrong Configuration
1531,8834,20250101,2025-01-01,982,1119,1,8,10154.17,Shipping Damage
1532,93196,20240216,2024-02-16,275,1177,7,19,1147.55,Shipping Damage
1533,53872,20220831,2022-08-31,365,1071,1,7,1043.36,Wrong Configuration
1534,61904,20241224,2024-12-24,201,1015,1,2,1622.12,Defect
1535,31580,20230810,2023-08-10,191,1101,9,6,5890.34,Wrong Configuration
1536,94685,20231205,2023-12-05,1069,1120,6,21,1499.81,Customer Cancellation
1537,73536,20250202,2025-02-02,139,1008,6,2,2070.28,Defect
1538,9725,20240401,2024-04-01,688,1182,1,15,4298.6,Defect
1539,51917,20250502,2025-05-02,171,1179,1,4,238.85,Shipping Damage
1540,61254,20251231,2025-12-31,192,1148,1,9,6218.24,Wrong Configuration
1541,114557,20250928,2025-09-28,471,1125,6,1,106.1,Customer Cancellation
1542,113948,20251230,2025-12-30,29,1076,8,1,166.47,Defect
1543,93714,20240714,2024-07-14,1167,1011,3,2,1959.6,Wrong Configuration
1544,50605,20221211,2022-12-11,566,1095,1,2,1548.12,Wrong Configuration
1545,75022,20250504,2025-05-04,758,1098,10,9,5556.18,Defect
1546,25763,20220124,2022-01-24,790,1109,6,4,5897.85,Defect
1547,96832,20251115,2025-11-15,1081,1048,4,2,678.36,Customer Cancellation
1548,85835,20250809,2025-08-09,343,1171,1,2,86.3,Defect
1549,27408,20241114,2024-11-14,1032,1132,6,4,367.76,Defect
1550,44256,20240806,2024-08-06,1072,1172,1,3,173.81,Wrong Configuration
1551,93633,20210316,2021-03-16,432,1035,2,7,4514.06,Defect
1552,59850,20241216,2024-12-16,946,1043,3,16,6639.85,Wrong Configuration
1553,19664,20230410,2023-04-10,851,1003,2,24,19468.93,Defect
1554,2639,20231021,2023-10-21,728,1123,8,33,2616.35,Defect
1555,90035,20230201,2023-02-01,294,1029,1,3,1875.6,Wrong Configuration
1556,25596,20250814,2025-08-14,867,1009,1,18,14587.62,Other
1557,89908,20240923,2024-09-23,1160,1056,1,6,2379.92,Defect
1558,89,20231225,2023-12-25,202,1077,8,7,1465.33,Wrong Configuration
1559,107589,20250322,2025-03-22,844,1130,2,1,85.32,Wrong Configuration
1560,110136,20240510,2024-05-10,70,1060,5,3,373.17,Wrong Configuration
1561,66381,20231113,2023-11-13,888,1147,6,1,757.53,Wrong Configuration
1562,116319,20241119,2024-11-19,143,1139,2,1,76.52,Customer Cancellation
1563,40181,20240523,2024-05-23,674,1142,8,31,19013.25,Customer Cancellation
1564,45444,20251011,2025-10-11,1038,1074,1,21,4035.59,Customer Cancellation
1565,8234,20221117,2022-11-17,271,1103,4,6,8928.64,Wrong Configuration
1566,40980,20220409,2022-04-09,362,1086,5,1,610.13,Customer Cancellation
1567,61243,20231013,2023-10-13,927,1188,5,5,896.53,Customer Cancellation
1568,37682,20240106,2024-01-06,34,1125,9,4,350.47,Wrong Configuration
1569,106012,20241129,2024-11-29,321,1182,6,21,4913.89,Customer Cancellation
1570,86888,20240414,2024-04-14,350,1049,6,2,1025.03,Wrong Configuration
1571,57086,20251229,2025-12-29,1160,1029,1,4,2901.88,Defect
1572,26949,20251211,2025-12-11,478,1067,9,7,1405.79,Other
1573,67163,20240103,2024-01-03,66,1120,10,1,83.77,Defect
1574,79795,20250627,2025-06-27,202,1145,8,7,5731.65,Wrong Configuration
1575,21546,20230205,2023-02-05,228,1008,8,4,4121.57,Defect
1576,109874,20251218,2025-12-18,684,1020,1,6,4201.27,Wrong Configuration
1577,117456,20251127,2025-11-27,473,1030,6,20,9356.98,Wrong Configuration
1578,27914,20241118,2024-11-18,1060,1075,2,26,6015.67,Other
1579,10571,20220614,2022-06-14,1130,1057,2,12,4669.95,Shipping Damage
1580,85314,20230620,2023-06-20,32,1000,1,7,7853.32,Other
1581,70193,20240521,2024-05-21,362,1032,5,4,2296.38,Customer Cancellation
1582,95204,20241124,2024-11-24,894,1142,3,1,664.33,Customer Cancellation
1583,119695,20240623,2024-06-23,692,1131,4,12,1036.8,Defect
1584,50037,20250413,2025-04-13,307,1000,1,33,32890.67,Defect
1585,6431,20220727,2022-07-27,375,1031,8,4,2572.17,Defect
1586,25800,20240925,2024-09-25,846,1049,2,15,6817.93,Shipping Damage
1587,40168,20230808,2023-08-08,741,1015,6,3,2341.11,Defect
1588,61919,20221226,2022-12-26,659,1160,9,1,54.39,Wrong Configuration
1589,100841,20250819,2025-08-19,694,1084,9,8,5350.32,Wrong Configuration
1590,63421,20210131,2021-01-31,779,1183,5,4,906.7,Defect
1591,35115,20221217,2022-12-17,375,1138,8,1,63.0,Defect
1592,56157,20240217,2024-02-17,67,1051,6,6,2188.09,Defect
1593,63879,20220311,2022-03-11,705,1022,5,12,7281.3,Wrong Configuration
1594,51637,20210614,2021-06-14,1060,1135,2,11,797.05,Defect
1595,2557,20251024,2025-10-24,428,1097,7,2,1601.41,Defect
1596,16865,20240130,2024-01-30,578,1030,2,31,14413.01,Wrong Configuration
1597,89700,20230718,2023-07-18,705,1076,5,25,4227.92,Defect
1598,104095,20221118,2022-11-18,544,1078,5,4,718.82,Customer Cancellation
1599,119614,20240516,2024-05-16,1153,1135,1,7,474.79,Wrong Configuration
1600,14850,20241029,2024-10-29,309,1057,1,112,47778.24,Other
1601,38813,20250301,2025-03-01,260,1001,6,7,5736.21,Wrong Configuration
1602,118767,20250920,2025-09-20,1167,1119,3,5,7314.19,Wrong Configuration
1603,89241,20250128,2025-01-28,185,1067,4,22,3834.86,Defect
1604,13701,20240415,2024-04-15,319,1071,6,1,175.96,Wrong Configuration
1605,78334,20220627,2022-06-27,684,1030,1,2,978.82,Other
1606,61198,20250130,2025-01-30,941,1082,9,7,6584.43,Shipping Damage
1607,90034,20230602,2023-06-02,770,1132,2,7,685.39,Wrong Configuration
1608,45005,20221228,2022-12-28,393,1070,7,1,271.92,Defect
1609,8751,20240316,2024-03-16,391,1127,9,2,133.91,Defect
1610,75243,20250721,2025-07-21,419,1107,1,9,11838.65,Wrong Configuration
1611,64260,20241210,2024-12-10,758,1124,10,18,1081.45,Defect
1612,92919,20231224,2023-12-24,1017,1195,1,1,233.04,Other
1613,17583,20211107,2021-11-07,565,1119,8,8,10022.16,Defect
1614,18550,20240207,2024-02-07,5,1083,8,3,3043.32,Wrong Configuration
1615,6044,20250413,2025-04-13,130,1114,3,23,34845.82,Wrong Configuration
1616,17807,20250730,2025-07-30,555,1001,9,2,1859.12,Customer Cancellation
1617,4300,20231122,2023-11-22,208,1030,1,241,115726.5,Wrong Configuration
1618,82431,20231122,2023-11-22,606,1193,6,1,240.36,Defect
1619,100749,20210919,2021-09-19,829,1132,1,1,82.26,Wrong Configuration
1620,30452,20241227,2024-12-27,132,1106,6,11,14801.66,Shipping Damage
1621,83174,20250113,2025-01-13,929,1048,8,14,5251.1,Other
1622,68304,20240615,2024-06-15,832,1011,9,3,2295.01,Defect
1623,53903,20240207,2024-02-07,1154,1088,8,10,9178.72,Wrong Configuration
1624,47373,20240201,2024-02-01,166,1057,10,1,459.63,Defect
1625,100098,20230801,2023-08-01,784,1024,6,6,3121.23,Defect
1626,85549,20251218,2025-12-18,931,1115,1,1,1660.79,Defect
1627,87065,20250123,2025-01-23,168,1114,2,5,8350.96,Wrong Configuration
1628,27640,20231212,2023-12-12,988,1067,4,2,336.45,Defect
1629,26645,20250521,2025-05-21,1027,1117,3,1,1484.55,Shipping Damage
1630,101351,20230904,2023-09-04,283,1015,3,11,8214.7,Other
1631,37613,20240202,2024-02-02,129,1049,2,1,521.9,Customer Cancellation
1632,94225,20231230,2023-12-30,875,1182,10,15,3602.26,Wrong Configuration
1633,118367,20250211,2025-02-11,758,1090,10,36,23568.52,Other
1634,12114,20250518,2025-05-18,1048,1064,2,3,505.12,Defect
1635,80749,20231227,2023-12-27,1141,1120,2,27,1909.37,Customer Cancellation
1636,18679,20221204,2022-12-04,596,1194,3,8,1859.36,Defect
1637,24162,20230508,2023-05-08,680,1009,2,1,834.82,Wrong Configuration
1638,82195,20251228,2025-12-28,192,1039,1,15,11869.35,Other
1639,66996,20240620,2024-06-20,363,1010,8,15,9342.07,Shipping Damage
1640,41532,20251115,2025-11-15,113,1192,3,10,2736.62,Shipping Damage
1641,1166,20250208,2025-02-08,1093,1024,6,5,2808.56,Other
1642,83442,20240308,2024-03-08,1177,1004,3,49,55080.44,Defect
1643,2056,20240209,2024-02-09,314,1131,1,1,84.22,Defect
1644,2682,20251120,2025-11-20,393,1040,7,5,1590.62,Wrong Configuration
1645,1778,20251106,2025-11-06,954,1170,6,7,343.76,Shipping Damage
1646,89356,20250501,2025-05-01,761,1097,1,9,5817.2,Wrong Configuration
1647,92129,20250917,2025-09-17,214,1130,9,6,449.89,Customer Cancellation
1648,14559,20251118,2025-11-18,141,1077,7,3,751.57,Other
1649,11968,20250829,2025-08-29,703,1145,1,17,11027.35,Customer Cancellation
1650,118997,20231015,2023-10-15,783,1077,9,5,1175.98,Wrong Configuration
1651,37378,20241119,2024-11-19,684,1134,1,20,2300.41,Defect
1652,87298,20240423,2024-04-23,956,1012,9,27,28869.29,Wrong Configuration
1653,96047,20250705,2025-07-05,272,1174,2,2,126.2,Defect
1654,18436,20240215,2024-02-15,672,1147,5,3,2191.3,Shipping Damage
1655,53107,20230202,2023-02-02,530,1122,7,23,1664.65,Shipping Damage
1656,6524,20250227,2025-02-27,952,1108,3,7,9361.11,Customer Cancellation
1657,64983,20250201,2025-02-01,725,1075,1,66,13462.1,Other
1658,103176,20240202,2024-02-02,576,1022,6,16,9439.82,Other
1659,27634,20251231,2025-12-31,921,1069,6,26,4196.51,Customer Cancellation
1660,110020,20241109,2024-11-09,102,1178,1,12,702.8,Defect
1661,73560,20231109,2023-11-09,226,1181,6,16,3778.58,Other
1662,5004,20230915,2023-09-15,684,1117,1,25,38540.91,Customer Cancellation
1663,3941,20210705,2021-07-05,1022,1160,2,6,314.91,Defect
1664,21175,20231230,2023-12-30,842,1002,1,22,20800.42,Customer Cancellation
1665,34105,20241214,2024-12-14,473,1199,6,5,1160.84,Customer Cancellation
1666,112874,20251126,2025-11-26,666,1070,3,2,525.06,Defect
1667,13279,20230104,2023-01-04,88,1173,3,21,1102.65,Customer Cancellation
1668,15438,20250129,2025-01-29,889,1139,1,1,87.17,Defect
1669,95004,20250913,2025-09-13,406,1015,6,1,860.6,Defect
1670,62479,20230325,2023-03-25,582,1078,5,3,546.04,Wrong Configuration
1671,43843,20220321,2022-03-21,128,1138,2,4,252.03,Other
1672,70833,20250218,2025-02-18,1153,1014,1,18,17155.3,Customer Cancellation
1673,112126,20240513,2024-05-13,102,1093,1,17,12136.95,Defect
1674,71788,20250103,2025-01-03,1100,1005,7,1,1333.7,Shipping Damage
1675,77544,20251228,2025-12-28,340,1105,1,6,6605.18,Customer Cancellation
1676,96040,20250120,2025-01-20,1156,1036,4,2,1039.51,Defect
1677,16290,20250825,2025-08-25,363,1085,8,22,11549.89,Shipping Damage
1678,99563,20230315,2023-03-15,435,1036,1,1,542.33,Customer Cancellation
1679,62380,20231027,2023-10-27,684,1052,1,18,5931.28,Defect
1680,53600,20240515,2024-05-15,596,1131,3,9,872.32,Wrong Configuration
1681,37608,20251204,2025-12-04,543,1090,5,1,760.6,Other
1682,12327,20251114,2025-11-14,114,1089,10,1,703.92,Wrong Configuration
1683,72832,20250719,2025-07-19,925,1010,2,13,8777.57,Shipping Damage
1684,21210,20250203,2025-02-03,581,1026,6,1,569.0,Defect
1685,49697,20250622,2025-06-22,794,1036,6,5,2697.85,Customer Cancellation
1686,54774,20251113,2025-11-13,369,1178,10,3,193.24,Wrong Configuration
1687,94535,20240601,2024-06-01,594,1066,8,14,2678.38,Other
1688,50034,20250416,2025-04-16,812,1185,3,4,777.14,Defect
1689,9190,20240822,2024-08-22,102,1084,1,13,8819.1,Defect
1690,38749,20231008,2023-10-08,1144,1003,8,9,8069.68,Defect
1691,15730,20230411,2023-04-11,275,1109,7,36,54344.78,Customer Cancellation
1692,96107,20220601,2022-06-01,684,1124,1,2,127.88,Wrong Configuration
1693,87101,20241126,2024-11-26,792,1035,6,7,5012.0,Defect
1694,105075,20220325,2022-03-25,1184,1181,7,21,4157.52,Other
1695,70522,20241006,2024-10-06,372,1073,8,1,170.88,Defect
1696,23794,20250312,2025-03-12,324,1179,6,32,1508.8,Shipping Damage
1697,27619,20251026,2025-10-26,766,1134,4,14,1684.95,Defect
1698,82562,20240924,2024-09-24,694,1091,9,1,698.5,Customer Cancellation
1699,26246,20230829,2023-08-29,1167,1121,3,2,169.1,Shipping Damage
1700,88109,20250519,2025-05-19,238,1122,4,11,937.67,Customer Cancellation
1701,62527,20240329,2024-03-29,469,1124,2,2,150.87,Other
1702,74490,20220321,2022-03-21,581,1196,6,1,254.09,Wrong Configuration
1703,55204,20240725,2024-07-25,633,1186,5,2,370.24,Other
1704,95680,20230219,2023-02-19,612,1063,1,9,1326.01,Defect
1705,53897,20240717,2024-07-17,497,1035,5,1,739.83,Wrong Configuration
1706,31466,20241221,2024-12-21,423,1126,1,15,1260.58,Customer Cancellation
1707,45222,20251103,2025-11-03,759,1172,3,2,128.14,Defect
1708,30173,20250717,2025-07-17,526,1152,6,19,11786.7,Defect
1709,43184,20250704,2025-07-04,767,1045,4,4,1767.37,Wrong Configuration
1710,74307,20250701,2025-07-01,940,1128,4,1,113.33,Other
1711,82685,20250502,2025-05-02,615,1178,9,1,61.69,Wrong Configuration
1712,37067,20251203,2025-12-03,368,1022,9,7,4856.77,Defect
1713,42063,20230122,2023-01-22,292,1094,1,1,795.37,Defect
1714,117148,20250203,2025-02-03,88,1024,3,6,2960.49,Defect
1715,109585,20251228,2025-12-28,462,1044,2,5,2010.88,Customer Cancellation
1716,76644,20240721,2024-07-21,936,1188,1,2,523.29,Defect
1717,96825,20241122,2024-11-22,517,1139,7,22,1698.07,Customer Cancellation
1718,80323,20250606,2025-06-06,142,1130,9,1,91.9,Customer Cancellation
1719,92857,20251223,2025-12-23,1195,1012,2,1,1120.28,Customer Cancellation
1720,117613,20230808,2023-08-08,875,1029,10,24,14590.91,Defect
1721,68783,20251221,2025-12-21,684,1107,1,7,10452.16,Defect
1722,7551,20241119,2024-11-19,627,1086,8,7,4783.82,Customer Cancellation
1723,25964,20240522,2024-05-22,104,1193,3,5,1165.59,Other
1724,44470,20240331,2024-03-31,349,1165,5,2,116.93,Shipping Damage
1725,104327,20220331,2022-03-31,866,1015,6,8,6257.97,Customer Cancellation
1726,69204,20231027,2023-10-27,1193,1181,6,1,256.51,Defect
1727,114267,20241217,2024-12-17,708,1125,3,14,1256.23,Defect
1728,15286,20241209,2024-12-09,799,1001,4,10,7139.52,Defect
1729,32769,20250529,2025-05-29,179,1077,6,30,6581.41,Defect
1730,76227,20250126,2025-01-26,206,1060,2,3,352.68,Defect
1731,91030,20240106,2024-01-06,1121,1075,5,4,906.68,Other
1732,52408,20210729,2021-07-29,316,1068,7,19,3507.95,Shipping Damage
1733,20077,20230124,2023-01-24,684,1087,1,26,12770.33,Customer Cancellation
1734,72972,20220906,2022-09-06,507,1009,5,12,8916.22,Customer Cancellation
1735,40868,20241204,2024-12-04,869,1125,6,2,219.66,Shipping Damage
1736,82197,20250303,2025-03-03,720,1021,5,24,13252.77,Other
1737,116303,20240218,2024-02-18,599,1053,6,4,1888.53,Other
1738,105917,20221030,2022-10-30,351,1048,6,15,5253.56,Defect
1739,71321,20231114,2023-11-14,916,1156,6,14,6637.02,Shipping Damage
1740,98999,20230309,2023-03-09,684,1081,1,12,8152.83,Defect
1741,46648,20250131,2025-01-31,580,1160,7,1,67.53,Wrong Configuration
1742,3125,20241030,2024-10-30,1085,1198,6,15,4274.26,Defect
1743,102990,20230508,2023-05-08,371,1036,8,13,7148.13,Other
1744,63344,20231202,2023-12-02,1017,1106,1,4,5249.03,Defect
1745,62915,20220831,2022-08-31,465,1160,6,15,779.12,Other
1746,2078,20240908,2024-09-08,437,1106,3,6,8233.39,Shipping Damage
1747,70920,20240416,2024-04-16,281,1186,10,2,347.74,Customer Cancellation
1748,43281,20231224,2023-12-24,812,1019,3,8,6683.58,Wrong Configuration
1749,31851,20240713,2024-07-13,152,1057,7,3,1129.14,Defect
1750,8295,20250114,2025-01-14,1070,1033,5,12,8429.31,Defect
1751,100666,20251107,2025-11-07,465,1005,6,5,5560.91,Shipping Damage
1752,89600,20221002,2022-10-02,732,1106,10,2,2403.77,Defect
1753,1875,20240922,2024-09-22,837,1112,4,8,8254.61,Defect
1754,45918,20211115,2021-11-15,1079,1077,5,12,2392.11,Shipping Damage
1755,60887,20250329,2025-03-29,480,1007,1,1,1387.23,Wrong Configuration
1756,53732,20250104,2025-01-04,100,1110,8,1,1252.86,Defect
1757,88405,20240314,2024-03-14,7,1090,4,5,3045.85,Customer Cancellation
1758,16309,20230908,2023-09-08,845,1063,10,1,146.66,Defect
1759,32920,20240522,2024-05-22,1079,1187,5,2,480.23,Defect
1760,47782,20241003,2024-10-03,694,1069,9,5,846.81,Shipping Damage
1761,118885,20251224,2025-12-24,188,1189,6,43,9148.7,Defect
1762,28662,20220603,2022-06-03,432,1030,2,10,5176.12,Defect
1763,90427,20251001,2025-10-01,379,1000,6,4,4429.74,Customer Cancellation
1764,30487,20250118,2025-01-18,777,1183,1,7,1950.09,Defect
1765,74034,20241017,2024-10-17,983,1169,3,4,218.99,Defect
1766,68211,20240311,2024-03-11,202,1124,8,7,472.66,Defect
1767,28741,20250714,2025-07-14,988,1176,4,22,853.87,Customer Cancellation
1768,82457,20250410,2025-04-10,659,1187,9,1,299.29,Defect
1769,44313,20240517,2024-05-17,154,1120,1,2,178.78,Shipping Damage
1770,64128,20240721,2024-07-21,878,1079,4,3,482.3,Customer Cancellation
1771,26393,20231222,2023-12-22,307,1011,1,6,5606.93,Defect
1772,2410,20231231,2023-12-31,1154,1013,8,4,2806.84,Defect
1773,58317,20230611,2023-06-11,420,1052,1,36,11717.86,Defect
1774,57819,20250125,2025-01-25,44,1180,5,9,1777.61,Wrong Configuration
1775,97728,20210514,2021-05-14,693,1116,3,6,8276.13,Customer Cancellation
1776,4226,20240708,2024-07-08,877,1156,1,2,1174.79,Wrong Configuration
1777,80491,20240619,2024-06-19,792,1197,6,3,736.57,Shipping Damage
1778,119358,20230725,2023-07-25,271,1040,4,4,1229.17,Defect
1779,42062,20230214,2023-02-14,957,1114,6,6,9558.83,Shipping Damage
1780,11636,20240411,2024-04-11,669,1105,5,4,4574.3,Wrong Configuration
1781,42854,20250613,2025-06-13,1101,1150,6,1,592.36,Customer Cancellation
1782,107097,20250112,2025-01-12,328,1169,5,1,74.69,Defect
1783,75732,20240611,2024-06-11,812,1177,3,2,134.39,Defect
1784,18984,20240104,2024-01-04,599,1068,6,6,1227.08,Wrong Configuration
1785,105432,20240114,2024-01-14,39,1054,10,7,3286.05,Wrong Configuration
1786,29810,20240702,2024-07-02,8,1007,4,1,1410.17,Wrong Configuration
1787,59786,20241225,2024-12-25,1079,1199,5,3,762.96,Wrong Configuration
1788,56921,20240525,2024-05-25,241,1099,6,5,3554.86,Wrong Configuration
1789,11958,20240828,2024-08-28,18,1109,1,1,1675.04,Wrong Configuration
1790,69711,20230110,2023-01-10,607,1162,2,1,50.49,Shipping Damage
1791,652,20230213,2023-02-13,73,1145,1,1,755.27,Wrong Configuration
1792,102820,20221106,2022-11-06,1052,1163,3,1,49.65,Customer Cancellation
1793,61366,20230204,2023-02-04,484,1097,5,1,827.66,Shipping Damage
1794,61625,20230321,2023-03-21,19,1173,2,8,486.93,Defect
1795,53033,20250819,2025-08-19,130,1164,3,12,502.89,Wrong Configuration
1796,16553,20250319,2025-03-19,611,1100,6,8,10872.96,Wrong Configuration
1797,53693,20251201,2025-12-01,792,1058,6,4,1587.56,Shipping Damage
1798,98220,20250827,2025-08-27,988,1168,4,20,1216.27,Wrong Configuration
1799,94357,20230429,2023-04-29,557,1101,1,5,5123.55,Customer Cancellation
1800,114940,20240721,2024-07-21,478,1055,9,1,469.96,Shipping Damage
1801,9853,20251027,2025-10-27,883,1090,6,1,700.57,Defect
1802,16336,20251229,2025-12-29,875,1130,10,25,1793.89,Defect
1803,7288,20240306,2024-03-06,154,1082,1,3,2981.46,Wrong Configuration
1804,69649,20250613,2025-06-13,898,1007,4,5,6948.09,Defect
1805,108936,20250805,2025-08-05,421,1008,5,4,4316.05,Shipping Damage
1806,76996,20240725,2024-07-25,118,1062,8,61,10273.27,Defect
1807,119432,20240412,2024-04-12,1079,1138,5,45,2890.31,Defect
1808,67820,20220706,2022-07-06,684,1108,1,7,9216.49,Wrong Configuration
1809,109016,20250224,2025-02-24,951,1115,6,21,30526.96,Customer Cancellation
1810,41600,20240425,2024-04-25,1099,1080,5,2,2100.03,Wrong Configuration
1811,117941,20210412,2021-04-12,679,1147,6,4,2649.95,Defect
1812,67503,20240213,2024-02-13,473,1040,6,22,6518.61,Shipping Damage
1813,73273,20220731,2022-07-31,762,1116,2,6,8789.23,Customer Cancellation
1814,87306,20241123,2024-11-23,1098,1030,8,2,1046.16,Wrong Configuration
1815,73464,20240215,2024-02-15,316,1066,7,14,2785.31,Defect
1816,4523,20230831,2023-08-31,796,1128,7,4,423.69,Defect
1817,9980,20250816,2025-08-16,608,1056,4,1,384.94,Wrong Configuration
1818,50368,20241107,2024-11-07,988,1109,4,19,28311.84,Shipping Damage
1819,32658,20251023,2025-10-23,1128,1101,7,26,31374.92,Defect
1820,20412,20250102,2025-01-02,32,1035,1,16,9703.47,Shipping Damage
1821,67018,20250904,2025-09-04,1067,1099,6,30,22476.68,Defect
1822,59303,20250129,2025-01-29,1047,1084,4,6,4333.17,Defect
1823,81984,20250412,2025-04-12,736,1170,7,2,93.13,Wrong Configuration
1824,48414,20250508,2025-05-08,1124,1056,6,4,1477.59,Defect
1825,39020,20250404,2025-04-04,485,1115,1,2,3147.48,Defect
1826,53794,20240927,2024-09-27,598,1049,2,4,1916.28,Shipping Damage
1827,40948,20240525,2024-05-25,1061,1137,2,4,320.25,Customer Cancellation
1828,77483,20221214,2022-12-14,631,1135,4,6,476.61,Wrong Configuration
1829,102331,20250507,2025-05-07,1070,1092,5,4,3274.68,Other
1830,24580,20250621,2025-06-21,263,1107,2,16,23459.76,Shipping Damage
1831,11615,20240203,2024-02-03,281,1007,10,4,4929.49,Shipping Damage
1832,118346,20251221,2025-12-21,957,1071,6,16,2462.55,Wrong Configuration
1833,77935,20240320,2024-03-20,398,1010,6,1,793.32,Customer Cancellation
1834,88901,20230810,2023-08-10,601,1121,4,10,910.69,Customer Cancellation
1835,94386,20240420,2024-04-20,564,1043,10,6,2089.27,Shipping Damage
1836,76422,20250702,2025-07-02,1026,1094,4,27,20433.97,Defect
1837,15486,20240524,2024-05-24,752,1024,1,1,580.62,Defect
1838,31372,20250110,2025-01-10,706,1081,8,1,776.55,Defect
1839,31661,20230604,2023-06-04,127,1117,10,16,21384.5,Defect
1840,53613,20251223,2025-12-23,718,1100,8,1,1594.64,Shipping Damage
1841,50223,20240925,2024-09-25,928,1031,6,3,2051.02,Wrong Configuration
1842,65553,20251126,2025-11-26,484,1047,5,1,372.74,Shipping Damage
1843,11871,20241031,2024-10-31,144,1194,6,1,281.52,Defect
1844,16078,20251218,2025-12-18,780,1086,1,1,703.08,Shipping Damage
1845,8168,20231102,2023-11-02,878,1147,4,14,9973.01,Customer Cancellation
1846,57445,20230422,2023-04-22,522,1013,8,25,16849.63,Customer Cancellation
1847,37058,20251013,2025-10-13,982,1007,1,15,18647.14,Wrong Configuration
1848,30095,20250307,2025-03-07,405,1193,4,1,255.02,Wrong Configuration
1849,105177,20231005,2023-10-05,697,1171,6,8,373.03,Customer Cancellation
1850,112300,20241120,2024-11-20,417,1014,6,16,11666.56,Defect
1851,43029,20240421,2024-04-21,882,1145,8,2,1533.87,Wrong Configuration
1852,37225,20240503,2024-05-03,211,1083,2,2,1880.22,Wrong Configuration
1853,75847,20251214,2025-12-14,359,1165,4,28,1590.16,Defect
1854,39690,20250212,2025-02-12,941,1106,9,3,4121.69,Wrong Configuration
1855,6451,20230709,2023-07-09,994,1191,7,8,1288.37,Shipping Damage
1856,100097,20250927,2025-09-27,627,1093,8,20,17802.7,Shipping Damage
1857,8364,20250201,2025-02-01,268,1029,9,1,579.66,Defect
1858,40584,20250820,2025-08-20,200,1173,6,1,71.84,Wrong Configuration
1859,109616,20250430,2025-04-30,1180,1152,1,240,129189.27,Wrong Configuration
1860,1653,20250804,2025-08-04,904,1166,3,5,201.73,Defect
1861,91080,20251119,2025-11-19,728,1087,8,12,5438.52,Customer Cancellation
1862,11305,20241227,2024-12-27,658,1196,3,3,785.94,Other
1863,73818,20220821,2022-08-21,552,1122,3,1,76.14,Defect
1864,8761,20250915,2025-09-15,409,1153,4,2,1367.23,Wrong Configuration
1865,30533,20250102,2025-01-02,84,1098,1,1,645.3,Defect
1866,6399,20251229,2025-12-29,303,1094,1,25,15898.86,Defect
1867,46139,20251224,2025-12-24,365,1030,1,6,3282.62,Customer Cancellation
1868,87487,20240214,2024-02-14,716,1018,1,3,2688.6,Shipping Damage
1869,52710,20240420,2024-04-20,576,1016,6,4,4066.73,Customer Cancellation
1870,64114,20241012,2024-10-12,289,1075,5,2,437.4,Shipping Damage
1871,59794,20220307,2022-03-07,1115,1197,2,1,221.55,Defect
1872,69683,20250319,2025-03-19,470,1122,3,15,1217.01,Defect
1873,70157,20250210,2025-02-10,237,1071,1,30,4252.77,Defect
1874,63339,20251201,2025-12-01,37,1099,3,9,6598.22,Wrong Configuration
1875,47549,20250329,2025-03-29,412,1158,5,1,874.25,Shipping Damage
1876,87662,20220515,2022-05-15,563,1121,9,1,98.09,Customer Cancellation
1877,30396,20241007,2024-10-07,694,1127,9,14,940.82,Defect
1878,63113,20250206,2025-02-06,393,1064,7,2,335.61,Shipping Damage
1879,91388,20231011,2023-10-11,13,1126,1,1,85.08,Customer Cancellation
1880,111009,20230829,2023-08-29,85,1113,1,13,15133.95,Other
1881,18992,20230814,2023-08-14,615,1171,9,2,89.97,Wrong Configuration
1882,85614,20251007,2025-10-07,784,1015,6,7,5291.38,Defect
1883,22050,20251223,2025-12-23,250,1004,3,5,5848.42,Defect
1884,23269,20221016,2022-10-16,695,1067,1,25,3504.85,Defect
1885,22943,20241211,2024-12-11,128,1067,2,12,1958.96,Shipping Damage
1886,720,20250107,2025-01-07,856,1090,5,1,780.7,Defect
1887,51145,20240715,2024-07-15,465,1188,6,10,2017.82,Other
1888,87321,20250702,2025-07-02,271,1159,4,4,2451.56,Defect
1889,52283,20250112,2025-01-12,332,1130,6,8,667.0,Customer Cancellation
1890,38313,20251012,2025-10-12,418,1093,2,6,4076.88,Defect
1891,85332,20250525,2025-05-25,724,1196,3,6,1444.96,Defect
1892,68369,20240524,2024-05-24,131,1034,3,19,11813.66,Wrong Configuration
1893,108747,20240130,2024-01-30,152,1113,7,34,44154.93,Other
1894,24513,20240908,2024-09-08,686,1094,8,2,1482.47,Wrong Configuration
1895,8504,20250115,2025-01-15,601,1188,4,2,401.86,Wrong Configuration
1896,97704,20250626,2025-06-26,849,1163,5,23,1066.47,Defect
1897,57709,20231207,2023-12-07,512,1048,4,3,1211.86,Defect
1898,35105,20251011,2025-10-11,417,1111,6,37,58122.88,Shipping Damage
1899,12335,20240102,2024-01-02,1017,1197,1,3,642.25,Wrong Configuration
1900,28382,20240526,2024-05-26,462,1125,2,3,291.29,Shipping Damage
1901,37100,20250720,2025-07-20,842,1111,1,24,41393.14,Defect
1902,89930,20230809,2023-08-09,1069,1082,6,3,2376.58,Customer Cancellation
1903,66848,20230830,2023-08-30,1164,1005,6,1,1032.68,Shipping Damage
1904,54290,20230203,2023-02-03,840,1023,9,1,576.09,Defect
1905,27702,20220109,2022-01-09,534,1124,5,7,451.35,Shipping Damage
1906,51702,20240614,2024-06-14,522,1112,8,12,13129.75,Customer Cancellation
1907,81796,20241129,2024-11-29,1111,1069,2,28,4612.11,Wrong Configuration
1908,54493,20251206,2025-12-06,192,1184,1,14,2836.02,Other
1909,87497,20240530,2024-05-30,135,1116,4,1,1605.33,Customer Cancellation
1910,14960,20231114,2023-11-14,935,1073,2,3,466.0,Customer Cancellation
1911,19293,20230605,2023-06-05,507,1195,5,3,637.0,Defect
1912,94266,20231130,2023-11-30,1041,1013,4,2,1336.16,Wrong Configuration
1913,111901,20230923,2023-09-23,684,1116,1,28,40191.62,Other
1914,114172,20240928,2024-09-28,584,1137,9,13,961.2,Other
1915,9192,20250617,2025-06-17,1141,1045,2,4,1758.17,Other
1916,72458,20240813,2024-08-13,356,1124,4,23,1696.57,Other
1917,36731,20251231,2025-12-31,400,1089,3,2,1444.26,Defect
1918,94838,20251023,2025-10-23,684,1059,1,32,12729.94,Other
1919,55388,20230208,2023-02-08,632,1124,2,2,147.17,Wrong Configuration
1920,63282,20221002,2022-10-02,779,1139,5,16,1051.69,Other
1921,102961,20241218,2024-12-18,662,1083,3,19,18189.49,Defect
1922,13181,20241018,2024-10-18,1086,1088,1,16,12265.82,Wrong Configuration
1923,103246,20240516,2024-05-16,1161,1167,8,11,750.85,Defect
1924,73887,20250506,2025-05-06,407,1015,4,7,6570.85,Customer Cancellation
1925,80093,20240917,2024-09-17,513,1109,5,8,13328.41,Defect
1926,51374,20240111,2024-01-11,1160,1006,1,10,10542.37,Defect
1927,37969,20251117,2025-11-17,179,1003,6,29,30287.31,Shipping Damage
1928,69963,20230306,2023-03-06,1070,1090,5,35,22087.23,Other
1929,83296,20220318,2022-03-18,152,1122,7,22,1550.32,Defect
1930,28053,20251106,2025-11-06,282,1136,1,23,1825.53,Wrong Configuration
1931,90759,20250307,2025-03-07,1047,1074,4,6,944.48,Defect
1932,24667,20231223,2023-12-23,524,1056,8,18,6226.3,Defect
1933,45301,20250317,2025-03-17,192,1035,1,9,5842.33,Wrong Configuration
1934,29175,20240906,2024-09-06,695,1120,1,4,316.8,Shipping Damage
1935,19936,20220904,2022-09-04,323,1077,1,8,1527.03,Shipping Damage
1936,77274,20230420,2023-04-20,608,1174,4,5,280.8,Other
1937,70327,20241218,2024-12-18,608,1095,4,5,4086.34,Shipping Damage
1938,17964,20251226,2025-12-26,98,1130,3,11,886.94,Customer Cancellation
1939,84673,20250322,2025-03-22,519,1060,8,5,611.68,Defect
1940,18378,20240820,2024-08-20,346,1077,6,5,1000.44,Other
1941,65126,20240923,2024-09-23,93,1085,5,1,773.68,Customer Cancellation
1942,80756,20210808,2021-08-08,127,1028,10,11,4586.69,Defect
1943,114834,20240601,2024-06-01,700,1041,7,81,31740.48,Wrong Configuration
1944,63139,20210819,2021-08-19,401,1132,8,6,527.16,Other
1945,63617,20240608,2024-06-08,1179,1175,5,4,250.14,Shipping Damage
1946,70330,20251127,2025-11-27,130,1170,3,22,1006.56,Other
1947,99172,20241113,2024-11-13,249,1039,3,5,3994.57,Shipping Damage
1948,101739,20241001,2024-10-01,2,1104,6,23,34041.52,Customer Cancellation
1949,37572,20250516,2025-05-16,450,1060,2,7,885.94,Shipping Damage
1950,61624,20251109,2025-11-09,808,1065,2,6,734.69,Defect
1951,58277,20230710,2023-07-10,30,1075,1,7,1546.26,Defect
1952,2915,20241029,2024-10-29,1141,1161,2,15,608.68,Customer Cancellation
1953,50451,20251118,2025-11-18,255,1077,1,7,1664.36,Other
1954,69041,20220612,2022-06-12,502,1199,3,15,2881.54,Customer Cancellation
1955,54881,20220226,2022-02-26,859,1030,9,8,3762.05,Customer Cancellation
1956,73665,20240930,2024-09-30,37,1090,3,23,16826.05,Defect
1957,106800,20241207,2024-12-07,390,1020,8,3,2060.25,Wrong Configuration
1958,111603,20251203,2025-12-03,707,1006,6,15,15280.62,Shipping Damage
1959,8528,20250201,2025-02-01,827,1115,2,3,4921.36,Wrong Configuration
1960,49247,20210913,2021-09-13,929,1062,8,4,571.52,Defect
1961,24289,20250522,2025-05-22,179,1002,6,21,20888.93,Customer Cancellation
1962,106899,20240429,2024-04-29,230,1169,9,7,394.24,Customer Cancellation
1963,71489,20251019,2025-10-19,570,1105,9,2,2297.2,Customer Cancellation
1964,49230,20240118,2024-01-18,875,1166,10,18,655.14,Defect
1965,108753,20240501,2024-05-01,646,1181,9,11,2842.37,Customer Cancellation
1966,35455,20250505,2025-05-05,1084,1132,2,1,98.79,Wrong Configuration
1967,16090,20251231,2025-12-31,334,1087,1,2,1200.28,Wrong Configuration
1968,92131,20250527,2025-05-27,1081,1041,4,18,6268.51,Wrong Configuration
1969,38460,20250807,2025-08-07,368,1156,9,3,1686.47,Other
1970,7672,20251225,2025-12-25,929,1166,8,16,613.32,Customer Cancellation
1971,116774,20241115,2024-11-15,812,1033,3,1,724.2,Shipping Damage
1972,32654,20221007,2022-10-07,799,1037,4,3,1868.62,Defect
1973,48011,20250921,2025-09-21,769,1037,5,8,5364.01,Defect
1974,88778,20250210,2025-02-10,1173,1005,6,6,7576.6,Other
1975,39632,20251216,2025-12-16,1081,1028,4,5,2747.4,Shipping Damage
1976,24223,20250514,2025-05-14,473,1016,6,23,19204.19,Shipping Damage
1977,52018,20230529,2023-05-29,11,1082,3,8,7569.59,Wrong Configuration
1978,42351,20251204,2025-12-04,316,1066,7,2,407.75,Wrong Configuration
1979,29067,20230820,2023-08-20,238,1105,4,11,11634.01,Wrong Configuration
1980,622,20241130,2024-11-30,485,1193,1,14,2949.67,Wrong Configuration
1981,72493,20240320,2024-03-20,277,1186,1,20,3209.25,Customer Cancellation
1982,51831,20230625,2023-06-25,20,1072,5,14,2457.92,Other
1983,55240,20220723,2022-07-23,385,1184,3,3,511.61,Defect
1984,49086,20231203,2023-12-03,394,1171,6,7,293.58,Wrong Configuration
1985,108592,20240724,2024-07-24,983,1072,3,42,6987.81,Shipping Damage
1986,88040,20240108,2024-01-08,619,1190,5,28,3608.79,Defect
1987,25054,20240715,2024-07-15,1047,1193,4,6,1400.06,Defect
1988,47319,20230707,2023-07-07,882,1020,8,9,6683.41,Defect
1989,19612,20250813,2025-08-13,914,1149,5,23,13856.87,Other
1990,29468,20240511,2024-05-11,505,1027,3,12,7790.09,Customer Cancellation
1991,56732,20250408,2025-04-08,355,1124,1,17,1071.46,Wrong Configuration
1992,3831,20210810,2021-08-10,385,1116,3,14,17917.67,Shipping Damage
1993,92647,20240401,2024-04-01,949,1028,1,1,544.69,Wrong Configuration
1994,18211,20240728,2024-07-28,1120,1122,6,21,1529.67,Other
1995,23120,20251007,2025-10-07,891,1057,7,1,438.4,Wrong Configuration
1996,79697,20221205,2022-12-05,1083,1169,9,9,528.33,Defect
1997,10106,20251231,2025-12-31,720,1105,5,3,3203.83,Customer Cancellation
1998,96986,20251122,2025-11-22,421,1109,5,6,10480.46,Customer Cancellation
1999,108461,20250812,2025-08-12,290,1093,5,13,9683.61,Other
2000,109975,20231128,2023-11-28,661,1013,3,4,2827.54,Wrong Configuration
2001,89380,20231222,2023-12-22,145,1049,2,11,5039.15,Shipping Damage
2002,113745,20231015,2023-10-15,882,1137,8,4,287.84,Wrong Configuration
2003,37504,20251111,2025-11-11,1017,1160,1,8,542.81,Wrong Configuration
2004,64712,20230912,2023-09-12,431,1076,1,45,6874.78,Shipping Damage
2005,8366,20250618,2025-06-18,417,1013,6,22,13627.13,Wrong Configuration
2006,104680,20220704,2022-07-04,1038,1138,1,20,1204.21,Other
2007,15908,20250406,2025-04-06,124,1136,3,6,509.01,Other
2008,36328,20241031,2024-10-31,1136,1131,6,1,99.29,Wrong Configuration
2009,46408,20250222,2025-02-22,355,1058,1,4,1529.54,Defect
2010,67708,20230411,2023-04-11,89,1021,9,19,8476.84,Wrong Configuration
2011,101073,20250528,2025-05-28,718,1129,8,8,499.77,Shipping Damage
2012,101228,20230519,2023-05-19,832,1012,9,29,27092.89,Wrong Configuration
2013,118202,20250925,2025-09-25,705,1013,5,7,5590.99,Wrong Configuration
2014,29856,20251003,2025-10-03,239,1096,5,3,2156.81,Wrong Configuration
2015,97024,20230612,2023-06-12,981,1006,3,14,12790.54,Wrong Configuration
2016,35342,20251104,2025-11-04,475,1015,1,2,1422.83,Other
2017,73947,20231120,2023-11-20,729,1043,1,34,11096.69,Shipping Damage
2018,100222,20230713,2023-07-13,680,1011,2,1,1056.79,Defect
2019,54435,20241029,2024-10-29,179,1026,6,22,8680.49,Defect
2020,61212,20230929,2023-09-29,1156,1110,4,1,1239.95,Customer Cancellation
2021,76931,20240827,2024-08-27,250,1037,3,1,789.38,Defect
2022,9480,20250423,2025-04-23,281,1060,10,11,1260.18,Customer Cancellation
2023,18617,20250219,2025-02-19,1017,1069,1,8,1354.97,Shipping Damage
2024,50064,20241216,2024-12-16,170,1080,9,5,5461.27,Customer Cancellation
2025,13880,20220525,2022-05-25,1173,1071,6,17,2759.3,Defect
2026,68638,20220914,2022-09-14,387,1028,8,19,9822.95,Defect
2027,71455,20210307,2021-03-07,994,1185,7,6,934.33,Wrong Configuration
2028,15960,20240728,2024-07-28,1154,1020,8,24,14688.22,Shipping Damage
2029,61333,20240724,2024-07-24,1044,1023,2,21,10559.36,Wrong Configuration
2030,12963,20240905,2024-09-05,334,1011,1,14,12893.37,Defect
2031,28616,20240814,2024-08-14,206,1029,2,17,10300.57,Defect
2032,98545,20240626,2024-06-26,898,1087,4,12,6163.47,Shipping Damage
2033,61716,20240329,2024-03-29,1106,1169,8,2,134.62,Defect
2034,55841,20240105,2024-01-05,1085,1114,6,14,19604.31,Other
2035,110901,20231207,2023-12-07,385,1176,3,27,1252.71,Defect
2036,83607,20230109,2023-01-09,908,1182,6,1,243.94,Wrong Configuration
2037,65840,20251026,2025-10-26,695,1174,1,53,3074.76,Other
2038,32521,20240523,2024-05-23,162,1164,8,7,310.74,Customer Cancellation
2039,27626,20241201,2024-12-01,889,1055,1,1,399.8,Customer Cancellation
2040,114292,20240816,2024-08-16,1031,1172,6,3,177.51,Shipping Damage
2041,16216,20240912,2024-09-12,52,1124,6,6,511.62,Wrong Configuration
2042,27329,20231114,2023-11-14,684,1069,1,24,3740.03,Defect
2043,77127,20240601,2024-06-01,138,1004,4,3,3184.04,Wrong Configuration
2044,37359,20240217,2024-02-17,130,1184,3,28,4669.07,Defect
2045,83536,20240506,2024-05-06,303,1003,1,15,12173.76,Other
2046,90695,20251212,2025-12-12,1012,1010,5,10,7181.79,Defect
2047,28192,20230621,2023-06-21,211,1015,2,9,6503.32,Customer Cancellation
2048,13929,20250331,2025-03-31,316,1173,7,9,460.26,Wrong Configuration
2049,60464,20250330,2025-03-30,37,1136,3,7,548.33,Other
2050,9343,20210926,2021-09-26,1130,1154,2,26,17496.55,Customer Cancellation
2051,118473,20240924,2024-09-24,622,1057,9,2,910.48,Customer Cancellation
2052,77443,20230618,2023-06-18,527,1168,8,3,175.54,Defect
2053,23907,20210705,2021-07-05,77,1120,6,11,905.94,Defect
2054,37610,20250701,2025-07-01,819,1081,3,28,20794.45,Other
2055,68291,20241203,2024-12-03,1158,1057,6,31,11686.07,Wrong Configuration
2056,9862,20240611,2024-06-11,412,1093,5,4,3336.9,Wrong Configuration
2057,16084,20240507,2024-05-07,933,1036,9,35,18323.5,Other
2058,21410,20251211,2025-12-11,371,1170,8,7,373.86,Defect
2059,61686,20251026,2025-10-26,920,1130,3,3,257.71,Wrong Configuration
2060,67869,20221223,2022-12-23,886,1027,4,4,2285.62,Other
2061,8741,20251216,2025-12-16,744,1003,3,2,2058.05,Customer Cancellation
2062,13618,20221218,2022-12-18,739,1121,1,4,342.81,Shipping Damage
2063,39674,20240111,2024-01-11,403,1067,6,1,186.7,Wrong Configuration
2064,85677,20241221,2024-12-21,875,1186,10,7,1245.93,Wrong Configuration
2065,81851,20250504,2025-05-04,834,1191,1,5,827.81,Defect
2066,118382,20230310,2023-03-10,88,1035,3,6,3692.53,Customer Cancellation
2067,78180,20251111,2025-11-11,576,1074,6,7,1200.77,Wrong Configuration
2068,53972,20230206,2023-02-06,684,1192,1,2,472.77,Shipping Damage
2069,92236,20251220,2025-12-20,170,1005,9,2,2588.45,Customer Cancellation
2070,90910,20231124,2023-11-24,394,1013,6,4,3145.24,Shipping Damage
2071,69865,20250914,2025-09-14,975,1132,1,4,384.65,Wrong Configuration
2072,73167,20250408,2025-04-08,197,1179,1,4,205.22,Defect
2073,56205,20251227,2025-12-27,1144,1092,8,8,6262.78,Wrong Configuration
2074,47475,20231215,2023-12-15,1081,1102,4,12,16168.51,Defect
2075,47282,20250709,2025-07-09,1079,1111,5,24,39369.47,Customer Cancellation
2076,88847,20230718,2023-07-18,816,1126,7,8,597.64,Wrong Configuration
2077,82270,20241117,2024-11-17,53,1123,1,1,82.1,Customer Cancellation
2078,107152,20231226,2023-12-26,130,1137,3,21,1450.96,Customer Cancellation
2079,36174,20250610,2025-06-10,311,1186,8,1,203.82,Customer Cancellation
2080,76496,20251203,2025-12-03,1184,1177,7,17,1139.45,Defect
2081,110508,20240615,2024-06-15,238,1032,4,23,11490.42,Wrong Configuration
2082,56776,20240717,2024-07-17,957,1173,6,6,391.12,Shipping Damage
2083,13848,20250420,2025-04-20,230,1169,9,10,638.01,Wrong Configuration
2084,94918,20220715,2022-07-15,192,1062,1,23,3343.66,Wrong Configuration
2085,6943,20220218,2022-02-18,1137,1080,4,18,14217.2,Customer Cancellation
2086,83504,20240129,2024-01-29,1079,1119,5,20,27680.44,Defect
2087,92466,20210917,2021-09-17,125,1132,4,1,88.07,Wrong Configuration
2088,116532,20250520,2025-05-20,736,1084,7,4,2734.49,Defect
2089,34372,20240828,2024-08-28,908,1164,6,4,173.22,Defect
2090,54773,20240831,2024-08-31,315,1146,8,2,1238.99,Customer Cancellation
2091,109115,20250422,2025-04-22,758,1130,10,4,314.53,Defect
2092,43904,20221218,2022-12-18,265,1036,2,6,2793.59,Defect
2093,69499,20251110,2025-11-10,214,1081,9,12,9369.51,Customer Cancellation
2094,107329,20250715,2025-07-15,913,1186,7,2,374.32,Customer Cancellation
2095,109405,20240429,2024-04-29,645,1030,3,2,1088.29,Other
2096,54471,20230513,2023-05-13,409,1015,4,6,4853.76,Wrong Configuration
2097,7568,20240506,2024-05-06,387,1189,8,10,2065.95,Shipping Damage
2098,66385,20231123,2023-11-23,441,1021,7,42,18538.38,Wrong Configuration
2099,22014,20230930,2023-09-30,179,1027,6,45,27735.12,Wrong Configuration
2100,98739,20231103,2023-11-03,1134,1123,9,8,610.6,Defect
2101,62860,20250120,2025-01-20,556,1087,3,4,2353.38,Defect
2102,77488,20250717,2025-07-17,43,1058,1,2,809.85,Other
2103,15925,20251007,2025-10-07,472,1113,6,57,97039.3,Shipping Damage
2104,58744,20240116,2024-01-16,5,1087,8,12,6033.22,Wrong Configuration
2105,19378,20250804,2025-08-04,570,1000,9,1,1210.51,Defect
2106,41788,20241105,2024-11-05,640,1039,1,36,25530.75,Shipping Damage
2107,92524,20251207,2025-12-07,634,1118,2,1,1276.02,Shipping Damage
2108,11342,20251219,2025-12-19,1175,1065,8,6,948.52,Defect
2109,45330,20240701,2024-07-01,878,1055,4,2,891.09,Wrong Configuration
2110,83581,20251225,2025-12-25,1128,1060,7,24,2935.65,Wrong Configuration
2111,10169,20251219,2025-12-19,14,1011,3,16,13260.44,Shipping Damage
2112,14957,20220403,2022-04-03,369,1067,10,3,513.56,Customer Cancellation
2113,30091,20231218,2023-12-18,184,1162,5,1,54.11,Wrong Configuration
2114,41575,20250611,2025-06-11,640,1180,1,9,2001.69,Customer Cancellation
2115,6224,20240627,2024-06-27,15,1093,6,9,6280.03,Defect
2116,63677,20221214,2022-12-14,1030,1187,10,59,14018.44,Shipping Damage
2117,109343,20240418,2024-04-18,1089,1058,2,1,403.09,Customer Cancellation
2118,26595,20251225,2025-12-25,829,1126,1,13,1276.82,Defect
2119,31379,20240609,2024-06-09,1054,1049,1,1,559.12,Shipping Damage
2120,36959,20240915,2024-09-15,695,1052,1,22,7314.94,Other
2121,65658,20240119,2024-01-19,17,1086,1,6,4006.26,Defect
2122,114359,20240813,2024-08-13,478,1137,9,5,405.41,Customer Cancellation
2123,5653,20250401,2025-04-01,1160,1156,1,1,599.46,Wrong Configuration
2124,3714,20250122,2025-01-22,1182,1155,6,3,1948.87,Wrong Configuration
2125,16140,20240522,2024-05-22,485,1130,1,4,297.18,Customer Cancellation
2126,27744,20220510,2022-05-10,963,1145,6,1,705.57,Customer Cancellation
2127,100245,20251215,2025-12-15,325,1018,8,1,930.04,Wrong Configuration
2128,65539,20251020,2025-10-20,732,1014,10,12,10338.19,Wrong Configuration
2129,83192,20230908,2023-09-08,465,1018,6,16,12435.08,Wrong Configuration
2130,96797,20240214,2024-02-14,819,1105,3,8,8047.39,Shipping Damage
2131,101082,20251117,2025-11-17,290,1180,5,45,9642.11,Wrong Configuration
2132,11700,20251216,2025-12-16,570,1137,9,8,639.28,Customer Cancellation
2133,21404,20250916,2025-09-16,395,1179,1,21,1119.54,Defect
2134,23656,20251220,2025-12-20,347,1076,5,2,423.0,Shipping Damage
2135,110439,20230306,2023-03-06,89,1126,9,17,1163.52,Customer Cancellation
2136,66336,20251129,2025-11-29,583,1024,10,1,541.38,Defect
2137,63374,20250106,2025-01-06,122,1014,1,11,8940.17,Shipping Damage
2138,64765,20240424,2024-04-24,116,1022,10,19,13685.58,Wrong Configuration
2139,117007,20250706,2025-07-06,1153,1174,1,10,524.01,Defect
2140,80266,20240224,2024-02-24,332,1116,6,12,18807.67,Wrong Configuration
2141,108246,20251027,2025-10-27,720,1013,5,19,13997.12,Shipping Damage
2142,3052,20240907,2024-09-07,117,1091,1,39,27950.9,Wrong Configuration
2143,29425,20251217,2025-12-17,102,1111,1,6,9984.06,Customer Cancellation
2144,30109,20250601,2025-06-01,325,1198,8,1,326.72,Customer Cancellation
2145,29440,20230328,2023-03-28,557,1037,1,43,26332.96,Wrong Configuration
2146,96791,20250901,2025-09-01,224,1016,2,6,6712.56,Defect
2147,81004,20241213,2024-12-13,1120,1046,6,24,9581.51,Defect
2148,26122,20240224,2024-02-24,245,1168,6,1,69.01,Shipping Damage
2149,91330,20250818,2025-08-18,475,1149,1,2,1521.21,Defect
2150,32333,20230630,2023-06-30,762,1042,2,4,1506.31,Customer Cancellation
2151,59567,20240726,2024-07-26,170,1011,9,6,6283.77,Shipping Damage
2152,95493,20240117,2024-01-17,636,1141,3,26,17898.66,Defect
2153,108795,20250319,2025-03-19,465,1119,6,42,61470.02,Customer Cancellation
2154,75681,20240521,2024-05-21,170,1085,9,2,1308.41,Wrong Configuration
2155,59403,20230131,2023-01-31,400,1009,3,4,3430.8,Wrong Configuration
2156,13892,20240806,2024-08-06,627,1015,8,3,2053.0,Wrong Configuration
2157,57339,20250328,2025-03-28,418,1024,2,17,7947.41,Defect
2158,54932,20240203,2024-02-03,395,1087,1,6,2589.98,Shipping Damage
2159,59141,20241027,2024-10-27,1000,1158,3,5,4602.06,Defect
2160,113181,20241124,2024-11-24,761,1038,1,19,8290.22,Wrong Configuration
2161,25291,20240117,2024-01-17,921,1037,6,22,14790.64,Shipping Damage
2162,20930,20250609,2025-06-09,799,1045,4,47,18569.29,Defect
2163,108499,20230510,2023-05-10,514,1098,10,1,640.57,Defect
2164,17923,20251227,2025-12-27,22,1120,10,5,352.64,Defect
2165,82799,20250604,2025-06-04,718,1108,8,2,2711.43,Customer Cancellation
2166,83764,20211021,2021-10-21,534,1118,5,13,11212.1,Wrong Configuration
2167,47685,20240827,2024-08-27,194,1004,6,14,14896.14,Wrong Configuration
2168,42681,20241106,2024-11-06,879,1101,4,1,1320.32,Other
2169,31709,20220113,2022-01-13,1126,1043,5,4,1584.29,Defect
2170,101979,20230922,2023-09-22,617,1005,1,1,1277.69,Wrong Configuration
2171,110552,20240131,2024-01-31,1175,1071,8,6,971.5,Wrong Configuration
2172,80419,20240118,2024-01-18,1161,1169,8,13,839.94,Wrong Configuration
2173,112035,20220423,2022-04-23,152,1181,7,10,1995.47,Shipping Damage
2174,69993,20240716,2024-07-16,435,1074,1,2,336.36,Defect
2175,74682,20231231,2023-12-31,927,1022,5,14,8336.46,Defect
2176,64235,20230223,2023-02-23,1173,1123,6,1,77.78,Shipping Damage
2177,113946,20240302,2024-03-02,88,1111,3,6,9815.95,Defect
2178,63403,20240119,2024-01-19,1079,1062,5,5,801.85,Defect
2179,6582,20241227,2024-12-27,207,1116,6,1,1627.02,Defect
2180,57320,20240416,2024-04-16,197,1022,1,1,704.69,Shipping Damage
2181,39685,20240607,2024-06-07,945,1113,6,6,7141.37,Wrong Configuration
2182,24910,20230602,2023-06-02,927,1150,5,32,14544.38,Defect
2183,16277,20231015,2023-10-15,1144,1186,8,4,715.83,Wrong Configuration
2184,78321,20231217,2023-12-17,66,1186,10,1,194.41,Wrong Configuration
2185,119963,20221107,2022-11-07,695,1117,1,15,21390.71,Customer Cancellation
2186,86721,20240417,2024-04-17,1058,1127,1,9,541.48,Wrong Configuration
2187,2467,20241026,2024-10-26,288,1064,2,5,864.33,Defect
2188,53555,20250316,2025-03-16,724,1174,3,1,63.78,Wrong Configuration
2189,102984,20250417,2025-04-17,249,1082,3,4,3886.57,Shipping Damage
2190,12880,20250507,2025-05-07,986,1049,1,1,528.12,Defect
2191,100195,20250907,2025-09-07,584,1173,9,58,3299.7,Customer Cancellation
2192,53408,20240614,2024-06-14,1017,1030,1,7,3993.03,Wrong Configuration
2193,21305,20241203,2024-12-03,405,1056,4,3,1078.86,Defect
2194,113853,20250420,2025-04-20,75,1110,2,7,8321.46,Wrong Configuration
2195,49743,20250727,2025-07-27,351,1130,6,5,433.27,Wrong Configuration
2196,60040,20250829,2025-08-29,101,1162,9,1,48.59,Shipping Damage
2197,4587,20230630,2023-06-30,779,1097,5,32,21133.98,Defect
2198,42646,20211125,2021-11-25,149,1180,2,4,884.72,Defect
2199,114175,20250624,2025-06-24,1147,1087,5,1,603.15,Defect
2200,34433,20250412,2025-04-12,1117,1084,6,1,763.6,Other
2201,73738,20240613,2024-06-13,462,1116,2,1,1710.45,Defect
2202,41312,20240430,2024-04-30,1128,1077,7,34,8476.15,Shipping Damage
2203,24131,20250803,2025-08-03,149,1126,2,5,448.82,Defect
2204,66315,20220714,2022-07-14,294,1113,1,7,9718.27,Wrong Configuration
2205,115448,20210525,2021-05-25,779,1189,5,9,1603.46,Wrong Configuration
2206,33539,20230529,2023-05-29,439,1020,2,2,1459.18,Wrong Configuration
2207,6086,20250523,2025-05-23,494,1022,1,2,1460.3,Defect
2208,110839,20251227,2025-12-27,139,1004,6,4,4740.77,Defect
2209,7376,20241206,2024-12-06,846,1126,2,3,215.4,Other
2210,71344,20221129,2022-11-29,416,1061,9,11,2657.44,Wrong Configuration
2211,119569,20241207,2024-12-07,613,1169,1,26,1441.75,Shipping Damage
2212,63087,20231011,2023-10-11,1020,1098,5,2,1198.7,Wrong Configuration
2213,117748,20251228,2025-12-28,584,1042,9,15,5565.91,Wrong Configuration
2214,111487,20250405,2025-04-05,786,1098,1,2,1215.88,Wrong Configuration
2215,6395,20251213,2025-12-13,100,1013,8,4,3194.16,Shipping Damage
2216,66195,20230816,2023-08-16,528,1187,8,4,1006.89,Customer Cancellation
2217,84793,20211117,2021-11-17,658,1150,3,1,551.38,Other
2218,72142,20250507,2025-05-07,1083,1049,9,25,11563.59,Wrong Configuration
2219,31594,20251229,2025-12-29,695,1039,1,13,11161.03,Wrong Configuration
2220,117771,20221010,2022-10-10,128,1122,2,6,436.8,Wrong Configuration
2221,57697,20250919,2025-09-19,425,1189,5,12,2836.17,Other
2222,8882,20240311,2024-03-11,684,1006,1,25,25428.3,Defect
2223,72340,20231206,2023-12-06,1020,1020,5,4,2572.63,Customer Cancellation
2224,37656,20250801,2025-08-01,613,1004,1,14,12834.52,Defect
2225,84863,20230226,2023-02-26,465,1017,6,19,18760.26,Customer Cancellation
2226,45603,20240920,2024-09-20,545,1167,6,4,257.33,Customer Cancellation
2227,57104,20241128,2024-11-28,1167,1037,3,1,796.26,Customer Cancellation
2228,36616,20250222,2025-02-22,1185,1069,6,15,2599.12,Shipping Damage
2229,102019,20211107,2021-11-07,700,1051,7,49,16736.72,Wrong Configuration
2230,35861,20230429,2023-04-29,358,1075,9,6,1338.2,Wrong Configuration
2231,48167,20230210,2023-02-10,236,1078,6,3,529.59,Wrong Configuration
2232,62227,20250108,2025-01-08,130,1146,3,18,9425.25,Defect
2233,118172,20220204,2022-02-04,1016,1024,4,7,3552.21,Customer Cancellation
2234,346,20231128,2023-11-28,255,1127,1,12,702.61,Customer Cancellation
2235,94756,20250617,2025-06-17,37,1163,3,8,452.21,Defect
2236,19358,20220416,2022-04-16,465,1168,6,19,1019.62,Defect
2237,70877,20240110,2024-01-10,514,1155,10,1,734.38,Defect
2238,36794,20231231,2023-12-31,912,1193,2,2,483.22,Wrong Configuration
2239,53718,20251130,2025-11-30,45,1100,6,6,9246.56,Defect
2240,51263,20250429,2025-04-29,547,1022,3,6,3794.74,Defect
2241,2910,20240816,2024-08-16,350,1199,6,12,3233.27,Wrong Configuration
2242,34551,20240216,2024-02-16,583,1110,10,4,4882.22,Wrong Configuration
2243,108018,20240305,2024-03-05,1126,1139,5,2,169.46,Defect
2244,88380,20250108,2025-01-08,414,1145,4,3,2337.2,Defect
2245,27071,20230215,2023-02-15,232,1041,6,1,331.29,Defect
2246,23849,20251105,2025-11-05,1116,1160,5,23,1327.53,Other
2247,104119,20240730,2024-07-30,409,1060,4,3,427.27,Defect
2248,105308,20251210,2025-12-10,596,1082,3,13,11856.06,Wrong Configuration
2249,78267,20251107,2025-11-07,744,1114,3,5,7860.62,Wrong Configuration
2250,55980,20250819,2025-08-19,1131,1019,6,1,945.34,Customer Cancellation
2251,9492,20220109,2022-01-09,85,1052,1,20,5772.07,Defect
2252,68361,20240831,2024-08-31,184,1170,5,1,46.38,Other
2253,55759,20250421,2025-04-21,117,1058,1,17,6102.14,Customer Cancellation
2254,90948,20230305,2023-03-05,403,1032,6,3,1618.89,Wrong Configuration
2255,109278,20231106,2023-11-06,498,1081,1,1,719.5,Customer Cancellation
2256,24786,20230619,2023-06-19,121,1147,6,1,743.24,Defect
2257,74619,20230512,2023-05-12,723,1121,5,6,562.92,Defect
2258,54334,20250218,2025-02-18,415,1145,5,1,752.2,Defect
2259,65999,20251113,2025-11-13,405,1052,4,9,3332.72,Other
2260,98630,20240323,2024-03-23,431,1145,1,54,39369.84,Customer Cancellation
2261,96653,20230917,2023-09-17,281,1160,10,20,1127.43,Customer Cancellation
2262,94776,20251105,2025-11-05,814,1174,10,3,172.68,Wrong Configuration
2263,80346,20250425,2025-04-25,246,1174,1,1,73.94,Shipping Damage
2264,77350,20250108,2025-01-08,852,1132,1,1,94.1,Wrong Configuration
2265,90519,20240819,2024-08-19,349,1070,5,6,1843.85,Wrong Configuration
2266,94771,20250602,2025-06-02,198,1156,9,1,602.06,Defect
2267,86622,20250211,2025-02-11,224,1062,2,2,375.99,Defect
2268,893,20211125,2021-11-25,852,1044,1,1,401.31,Defect
2269,17903,20250929,2025-09-29,464,1057,9,1,497.72,Defect
2270,42005,20251010,2025-10-10,487,1160,1,2,126.97,Wrong Configuration
2271,43145,20241018,2024-10-18,700,1024,7,6,3306.1,Defect
2272,49089,20250127,2025-01-27,1036,1107,6,1,1560.37,Defect
2273,50677,20251128,2025-11-28,1158,1122,6,33,2489.05,Defect
2274,96609,20230110,2023-01-10,886,1184,4,4,768.37,Customer Cancellation
2275,31304,20251226,2025-12-26,363,1003,8,14,12497.02,Defect
2276,46616,20230429,2023-04-29,591,1072,5,3,576.79,Other
2277,72915,20250208,2025-02-08,769,1066,5,17,3319.79,Wrong Configuration
2278,112813,20231017,2023-10-17,262,1099,1,1,734.16,Customer Cancellation
2279,37320,20251222,2025-12-22,202,1178,8,8,498.18,Shipping Damage
2280,6847,20231107,2023-11-07,684,1017,1,5,4721.4,Shipping Damage
2281,77275,20230515,2023-05-15,194,1128,6,51,4988.64,Customer Cancellation
2282,61845,20240302,2024-03-02,480,1004,1,12,11748.29,Defect
2283,114578,20221024,2022-10-24,762,1119,2,7,9756.62,Customer Cancellation
2284,12619,20220518,2022-05-18,536,1053,5,12,5274.69,Wrong Configuration
2285,29345,20231016,2023-10-16,725,1184,1,42,6711.15,Defect
2286,62189,20250128,2025-01-28,1021,1185,1,1,195.06,Defect
2287,36214,20240121,2024-01-21,1134,1071,9,8,1205.12,Shipping Damage
2288,71460,20251230,2025-12-30,1136,1174,6,1,68.34,Defect
2289,36009,20251206,2025-12-06,837,1163,4,9,445.92,Wrong Configuration
2290,81924,20251225,2025-12-25,629,1052,1,3,926.18,Shipping Damage
2291,26877,20241103,2024-11-03,182,1190,3,32,4229.52,Defect
2292,106835,20240221,2024-02-21,878,1196,4,21,5292.1,Shipping Damage
2293,77255,20220917,2022-09-17,407,1075,4,1,211.42,Wrong Configuration
2294,118282,20250531,2025-05-31,493,1125,6,1,106.77,Shipping Damage
2295,110696,20220110,2022-01-10,26,1101,7,1,1174.47,Customer Cancellation
2296,31784,20240322,2024-03-22,902,1165,7,3,180.32,Wrong Configuration
2297,94932,20241023,2024-10-23,1116,1048,5,20,6699.76,Shipping Damage
2298,19671,20210510,2021-05-10,974,1197,7,4,809.3,Defect
2299,71479,20240410,2024-04-10,792,1054,6,4,1895.59,Defect
2300,99814,20231130,2023-11-30,353,1000,1,15,14639.57,Wrong Configuration
2301,27490,20241110,2024-11-10,952,1084,3,4,2819.02,Customer Cancellation
2302,118972,20240530,2024-05-30,499,1116,6,42,55625.86,Defect
2303,70080,20230118,2023-01-18,85,1077,1,14,2926.14,Customer Cancellation
2304,103077,20251216,2025-12-16,694,1046,9,8,3387.32,Defect
2305,37906,20250322,2025-03-22,123,1144,10,22,14967.22,Customer Cancellation
2306,94816,20230209,2023-02-09,1109,1032,4,13,6805.35,Wrong Configuration
2307,86170,20251206,2025-12-06,887,1116,8,1,1575.51,Defect
2308,103303,20240930,2024-09-30,1121,1146,5,8,4436.44,Defect
2309,34956,20250129,2025-01-29,88,1085,3,20,13805.57,Wrong Configuration
2310,56411,20240930,2024-09-30,692,1062,4,3,530.01,Defect
2311,21482,20230421,2023-04-21,905,1121,1,2,175.9,Shipping Damage
2312,23657,20240310,2024-03-10,499,1162,6,8,331.53,Defect
2313,39969,20250312,2025-03-12,205,1174,5,6,369.74,Wrong Configuration
2314,2778,20211203,2021-12-03,454,1185,2,1,196.03,Other
2315,95413,20251225,2025-12-25,170,1055,9,7,3313.61,Shipping Damage
2316,53865,20231020,2023-10-20,517,1039,7,11,8851.64,Other
2317,86401,20250105,2025-01-05,613,1110,1,9,9783.06,Wrong Configuration
2318,57064,20251217,2025-12-17,612,1008,1,13,14283.25,Defect
2319,42398,20230721,2023-07-21,1126,1174,5,7,393.78,Customer Cancellation
2320,4911,20240828,2024-08-28,283,1057,3,5,1949.87,Defect
2321,15408,20241109,2024-11-09,488,1133,4,1,70.15,Wrong Configuration
2322,114599,20250719,2025-07-19,495,1097,2,15,11597.38,Other
2323,48701,20240113,2024-01-13,1017,1023,1,8,4542.24,Defect
2324,96525,20250904,2025-09-04,477,1125,6,1,99.48,Wrong Configuration
2325,93612,20231106,2023-11-06,465,1013,6,1,706.11,Customer Cancellation
2326,22909,20230613,2023-06-13,12,1012,5,2,2253.22,Other
2327,65566,20250103,2025-01-03,812,1169,3,3,211.63,Defect
2328,60963,20231015,2023-10-15,88,1036,3,22,12025.38,Defect
2329,78470,20251210,2025-12-10,465,1118,6,13,14032.11,Shipping Damage
2330,71332,20240323,2024-03-23,762,1127,2,1,65.82,Customer Cancellation
2331,49411,20250808,2025-08-08,945,1052,6,5,1603.58,Defect
2332,14203,20240222,2024-02-22,387,1189,8,21,4136.3,Customer Cancellation
2333,93479,20250117,2025-01-17,101,1136,9,25,1949.32,Wrong Configuration
2334,46836,20240118,2024-01-18,1006,1041,1,3,1030.72,Wrong Configuration
2335,94949,20250108,2025-01-08,575,1060,3,14,1559.85,Shipping Damage
2336,106028,20231124,2023-11-24,487,1037,1,3,2268.49,Defect
2337,20471,20241128,2024-11-28,325,1111,8,1,1741.13,Defect
2338,86902,20250124,2025-01-24,401,1075,8,18,4239.42,Customer Cancellation
2339,10544,20241117,2024-11-17,417,1041,6,18,6462.84,Defect
2340,107174,20221231,2022-12-31,1056,1032,6,5,2566.39,Defect
2341,58466,20231212,2023-12-12,311,1131,8,2,170.59,Wrong Configuration
2342,80977,20240210,2024-02-10,170,1146,9,2,1074.45,Defect
2343,94992,20240108,2024-01-08,1031,1033,6,1,633.68,Wrong Configuration
2344,63665,20240824,2024-08-24,547,1026,3,8,3869.21,Customer Cancellation
2345,80601,20230324,2023-03-24,576,1123,6,14,988.53,Wrong Configuration
2346,40043,20220503,2022-05-03,465,1096,6,16,10517.9,Defect
2347,108453,20241016,2024-10-16,389,1082,6,2,1746.04,Defect
2348,43704,20251124,2025-11-24,558,1183,1,4,1137.75,Defect
2349,42096,20240728,2024-07-28,1143,1013,2,2,1447.45,Defect
2350,1998,20210717,2021-07-17,807,1014,1,1,813.2,Defect
2351,58666,20221017,2022-10-17,51,1040,5,10,3056.0,Defect
2352,117730,20231021,2023-10-21,837,1033,4,9,6111.91,Defect
2353,92086,20251117,2025-11-17,1139,1055,10,3,1338.16,Customer Cancellation
2354,25920,20220923,2022-09-23,124,1167,3,2,125.42,Customer Cancellation
2355,61692,20250624,2025-06-24,395,1146,1,2,1034.47,Shipping Damage
2356,9382,20251117,2025-11-17,254,1046,3,7,3921.77,Wrong Configuration
2357,44343,20240201,2024-02-01,973,1158,9,2,1585.77,Other
2358,98254,20210802,2021-08-02,52,1099,6,3,1882.16,Defect
2359,49084,20251230,2025-12-30,85,1017,1,33,34431.63,Defect
2360,14207,20240305,2024-03-05,359,1149,4,19,10791.73,Shipping Damage
2361,55483,20231222,2023-12-22,697,1160,6,1,61.13,Wrong Configuration
2362,77461,20250630,2025-06-30,2,1067,6,54,8318.99,Wrong Configuration
2363,45146,20251102,2025-11-02,1080,1171,5,10,402.03,Customer Cancellation
2364,278,20250321,2025-03-21,323,1171,1,15,615.48,Shipping Damage
2365,104114,20230103,2023-01-03,1194,1183,5,17,4306.05,Wrong Configuration
2366,74728,20250617,2025-06-17,363,1181,8,64,14597.84,Defect
2367,5094,20230811,2023-08-11,89,1124,9,2,138.28,Shipping Damage
2368,14663,20220614,2022-06-14,129,1008,2,1,1159.36,Customer Cancellation
2369,23173,20211118,2021-11-18,940,1118,4,4,4215.96,Defect
2370,84352,20240603,2024-06-03,941,1005,9,9,10412.58,Defect
2371,115273,20240728,2024-07-28,332,1028,6,1,611.56,Shipping Damage
2372,76248,20251020,2025-10-20,155,1072,8,47,8704.74,Wrong Configuration
2373,26070,20251115,2025-11-15,700,1184,7,12,2283.75,Customer Cancellation
2374,61641,20230101,2023-01-01,932,1063,1,66,8372.43,Defect
2375,99673,20231119,2023-11-19,1162,1063,1,3,428.82,Shipping Damage
2376,86108,20250623,2025-06-23,1010,1073,1,1,169.5,Defect
2377,7318,20220925,2022-09-25,406,1108,6,3,3959.17,Wrong Configuration
2378,42381,20230622,2023-06-22,1183,1081,2,24,16317.89,Defect
2379,62682,20240930,2024-09-30,88,1130,3,3,254.51,Defect
2380,18715,20250502,2025-05-02,750,1182,5,1,304.74,Shipping Damage
2381,52355,20240620,2024-06-20,1081,1001,4,14,11911.29,Wrong Configuration
2382,107837,20220702,2022-07-02,1054,1135,1,1,83.03,Wrong Configuration
2383,13205,20240221,2024-02-21,154,1048,1,2,667.64,Customer Cancellation
2384,25833,20250619,2025-06-19,502,1088,3,9,8944.16,Wrong Configuration
2385,58568,20250817,2025-08-17,427,1126,8,1,85.46,Wrong Configuration
2386,25293,20240811,2024-08-11,1116,1032,5,45,21180.76,Customer Cancellation
2387,102781,20250404,2025-04-04,1134,1025,9,13,8137.27,Shipping Damage
2388,16201,20231103,2023-11-03,1019,1079,3,3,560.78,Wrong Configuration
2389,36981,20251223,2025-12-23,122,1000,1,24,22693.62,Defect
2390,108612,20250204,2025-02-04,237,1175,1,26,1403.01,Defect
2391,58337,20250705,2025-07-05,102,1017,1,11,11250.38,Defect
2392,106065,20220512,2022-05-12,610,1118,3,1,1098.71,Defect
2393,40495,20240426,2024-04-26,1039,1022,9,8,4415.85,Shipping Damage
2394,16434,20230104,2023-01-04,1128,1090,7,3,1797.59,Shipping Damage
2395,29946,20250515,2025-05-15,179,1089,6,3,1726.59,Other
2396,40764,20240619,2024-06-19,627,1119,8,5,6492.26,Customer Cancellation
2397,29783,20250101,2025-01-01,407,1009,4,1,789.85,Wrong Configuration
2398,51814,20240913,2024-09-13,684,1158,1,8,6247.57,Wrong Configuration
2399,110758,20240521,2024-05-21,385,1083,3,17,17873.51,Defect
2400,106821,20250117,2025-01-17,620,1114,3,1,1728.18,Shipping Damage
2401,62820,20240518,2024-05-18,753,1113,6,7,9844.91,Shipping Damage
2402,109756,20231215,2023-12-15,695,1014,1,13,10662.57,Wrong Configuration
2403,58663,20240725,2024-07-25,170,1088,9,1,1082.93,Defect
2404,14395,20250310,2025-03-10,248,1007,10,12,14193.05,Shipping Damage
2405,5675,20240126,2024-01-26,101,1093,9,14,10670.71,Wrong Configuration
2406,113863,20241125,2024-11-25,989,1052,7,2,813.19,Wrong Configuration
2407,83373,20230410,2023-04-10,1017,1081,1,3,2388.5,Defect
2408,5171,20250713,2025-07-13,271,1022,4,4,2513.84,Wrong Configuration
2409,119045,20250617,2025-06-17,736,1178,7,5,280.88,Defect
2410,87279,20221207,2022-12-07,765,1185,2,14,2089.87,Shipping Damage
2411,73431,20240603,2024-06-03,982,1032,1,24,12550.09,Defect
2412,4608,20251013,2025-10-13,599,1047,6,4,1418.66,Defect
2413,11133,20230811,2023-08-11,128,1122,2,4,320.22,Customer Cancellation
2414,5251,20250202,2025-02-02,494,1171,1,7,308.27,Defect
2415,28755,20240417,2024-04-17,227,1047,1,71,23477.19,Customer Cancellation
2416,9222,20241222,2024-12-22,334,1069,1,5,901.83,Shipping Damage
2417,54861,20251216,2025-12-16,14,1134,3,20,2448.42,Defect
2418,37633,20250121,2025-01-21,998,1015,5,1,809.99,Defect
2419,98344,20251202,2025-12-02,1020,1092,5,4,2818.28,Defect
2420,17694,20251202,2025-12-02,429,1052,1,2,799.14,Customer Cancellation
2421,113434,20240523,2024-05-23,864,1094,6,3,2508.46,Wrong Configuration
2422,72358,20250418,2025-04-18,1030,1166,10,13,450.82,Shipping Damage
2423,83511,20241116,2024-11-16,733,1154,8,1,737.34,Defect
2424,81688,20251231,2025-12-31,534,1093,5,12,8998.33,Defect
2425,24812,20250818,2025-08-18,769,1171,5,22,925.22,Customer Cancellation
2426,110081,20241010,2024-10-10,303,1087,1,9,4226.3,Wrong Configuration
2427,45057,20241115,2024-11-15,2,1108,6,29,35613.47,Wrong Configuration
2428,18207,20250914,2025-09-14,1034,1109,5,20,28512.46,Other
2429,114523,20240817,2024-08-17,475,1054,1,5,2167.2,Customer Cancellation
2430,61204,20240220,2024-02-20,209,1059,7,3,1251.83,Wrong Configuration
2431,92746,20250611,2025-06-11,988,1000,4,17,17375.12,Defect
2432,104822,20240829,2024-08-29,808,1172,2,6,319.58,Customer Cancellation
2433,102567,20240816,2024-08-16,1092,1010,9,21,13190.72,Wrong Configuration
2434,117566,20240220,2024-02-20,219,1152,1,17,11537.32,Customer Cancellation
2435,45007,20221129,2022-11-29,888,1101,6,2,2530.17,Shipping Damage
2436,68515,20250814,2025-08-14,362,1045,5,1,504.36,Wrong Configuration
2437,84385,20240519,2024-05-19,904,1147,3,3,2208.43,Customer Cancellation
2438,43002,20251202,2025-12-02,702,1163,7,8,399.46,Customer Cancellation
2439,4343,20230624,2023-06-24,683,1147,10,5,3535.08,Wrong Configuration
2440,8107,20240127,2024-01-27,51,1160,5,3,179.52,Defect
2441,37708,20240614,2024-06-14,472,1128,6,7,710.78,Shipping Damage
2442,81740,20230110,2023-01-10,157,1017,1,4,3789.79,Customer Cancellation
2443,19912,20221126,2022-11-26,192,1157,1,9,4914.65,Wrong Configuration
2444,16788,20240911,2024-09-11,863,1128,5,3,292.44,Defect
2445,30400,20231011,2023-10-11,291,1091,6,1,777.91,Wrong Configuration
2446,69566,20240509,2024-05-09,990,1111,2,2,3722.59,Shipping Damage
2447,106289,20230314,2023-03-14,1184,1187,7,17,4545.85,Shipping Damage
2448,95804,20250129,2025-01-29,1096,1117,10,2,3500.3,Defect
2449,71885,20250228,2025-02-28,197,1125,1,6,602.94,Wrong Configuration
2450,70981,20251005,2025-10-05,783,1089,9,1,677.39,Customer Cancellation
2451,75629,20240630,2024-06-30,176,1198,1,1,288.65,Wrong Configuration
2452,19408,20230805,2023-08-05,910,1196,1,9,2265.28,Defect
2453,117903,20211230,2021-12-30,316,1022,7,5,3066.43,Wrong Configuration
2454,81990,20251028,2025-10-28,950,1083,5,8,7808.0,Defect
2455,32787,20230102,2023-01-02,769,1054,5,13,5315.67,Defect
2456,101760,20220803,2022-08-03,909,1076,10,33,5734.08,Customer Cancellation
2457,114168,20230221,2023-02-21,473,1037,6,30,16218.38,Defect
2458,61310,20251226,2025-12-26,601,1017,4,1,1203.0,Customer Cancellation
2459,32503,20250704,2025-07-04,164,1162,4,4,207.31,Defect
2460,58896,20250210,2025-02-10,403,1144,6,2,1528.21,Other
2461,16189,20240714,2024-07-14,437,1083,3,3,3213.23,Shipping Damage
2462,11330,20230903,2023-09-03,897,1106,6,19,23364.18,Customer Cancellation
2463,1706,20250121,2025-01-21,542,1122,7,1,89.33,Wrong Configuration
2464,40262,20240105,2024-01-05,312,1085,6,1,719.48,Shipping Damage
2465,97933,20230305,2023-03-05,772,1056,8,10,3396.15,Other
2466,51157,20250504,2025-05-04,1180,1105,1,23,22167.15,Shipping Damage
2467,86449,20230412,2023-04-12,866,1180,6,3,779.62,Defect
2468,92799,20240317,2024-03-17,33,1038,5,2,906.55,Shipping Damage
2469,78084,20240223,2024-02-23,2,1076,6,14,2119.15,Defect
2470,107960,20251223,2025-12-23,1052,1078,3,2,339.94,Wrong Configuration
2471,54725,20240424,2024-04-24,355,1130,1,39,2693.1,Shipping Damage
2472,50999,20240811,2024-08-11,442,1120,1,18,1405.14,Defect
2473,26027,20250726,2025-07-26,805,1089,4,1,734.98,Customer Cancellation
2474,95535,20251009,2025-10-09,928,1084,6,24,18119.57,Defect
2475,64828,20231030,2023-10-30,955,1013,4,32,19721.75,Wrong Configuration
2476,112511,20250613,2025-06-13,720,1197,5,5,1141.6,Other
2477,79539,20250325,2025-03-25,307,1168,1,12,797.83,Wrong Configuration
2478,29821,20231031,2023-10-31,137,1057,4,11,4273.64,Defect
2479,54919,20251220,2025-12-20,669,1067,5,13,2659.59,Wrong Configuration
2480,59306,20250131,2025-01-31,15,1010,6,5,3624.51,Other
2481,2805,20240408,2024-04-08,425,1052,5,2,753.49,Defect
2482,71325,20250702,2025-07-02,838,1020,2,1,784.24,Defect
2483,59962,20220924,2022-09-24,984,1173,6,30,1467.01,Defect
2484,39919,20221201,2022-12-01,932,1024,1,7,3093.08,Other
2485,24078,20240619,2024-06-19,518,1198,6,2,634.66,Shipping Damage
2486,113813,20250512,2025-05-12,945,1012,6,7,6804.91,Wrong Configuration
2487,88607,20240817,2024-08-17,195,1105,4,2,2275.7,Customer Cancellation
2488,65317,20230424,2023-04-24,1128,1076,7,24,4470.12,Customer Cancellation
2489,1807,20230520,2023-05-20,831,1020,4,1,732.79,Shipping Damage
2490,77898,20230916,2023-09-16,765,1029,2,7,4106.29,Defect
2491,119946,20240229,2024-02-29,472,1068,6,9,1675.8,Defect
2492,63391,20250115,2025-01-15,866,1059,6,6,2507.95,Customer Cancellation
2493,49833,20250501,2025-05-01,403,1047,6,7,2639.18,Wrong Configuration
2494,116705,20240705,2024-07-05,414,1008,4,4,4338.83,Shipping Damage
2495,99877,20241214,2024-12-14,418,1184,2,3,464.84,Wrong Configuration
2496,60945,20230415,2023-04-15,1040,1052,1,1,317.87,Defect
2497,28062,20240102,2024-01-02,232,1136,6,1,86.78,Wrong Configuration
2498,67836,20220324,2022-03-24,951,1189,6,44,8267.18,Customer Cancellation
2499,39190,20241005,2024-10-05,480,1087,1,25,11295.34,Defect
2500,28574,20250618,2025-06-18,738,1094,3,1,808.15,Defect
2501,24935,20240601,2024-06-01,228,1176,8,1,47.0,Shipping Damage
2502,13821,20251121,2025-11-21,301,1062,10,10,1500.14,Customer Cancellation
2503,40405,20240415,2024-04-15,894,1129,3,1,55.67,Shipping Damage
2504,36575,20241225,2024-12-25,565,1068,8,9,1669.17,Shipping Damage
2505,15589,20250109,2025-01-09,957,1175,6,22,1280.11,Shipping Damage
2506,20944,20250502,2025-05-02,1106,1118,8,4,4763.11,Defect
2507,8618,20251226,2025-12-26,311,1052,8,1,383.64,Other
2508,102826,20251224,2025-12-24,772,1001,8,12,10594.23,Defect
2509,74324,20251222,2025-12-22,1160,1060,1,2,248.75,Defect
2510,62447,20230509,2023-05-09,677,1181,2,14,3021.84,Shipping Damage
2511,6741,20240412,2024-04-12,845,1110,10,1,1299.16,Customer Cancellation
2512,73047,20240119,2024-01-19,256,1166,6,1,37.46,Wrong Configuration
2513,34131,20220401,2022-04-01,362,1186,5,9,1667.78,Defect
2514,10901,20220806,2022-08-06,739,1002,1,2,1883.72,Wrong Configuration
2515,67075,20251115,2025-11-15,784,1076,6,3,596.92,Customer Cancellation
2516,24709,20240520,2024-05-20,1005,1039,7,20,15591.94,Defect
2517,45979,20251206,2025-12-06,33,1081,5,1,817.44,Defect
2518,13102,20241112,2024-11-12,784,1083,6,1,1027.58,Wrong Configuration
2519,70212,20250117,2025-01-17,375,1013,8,12,9975.68,Defect
2520,61435,20250927,2025-09-27,480,1040,1,13,3821.27,Wrong Configuration
2521,39415,20230925,2023-09-25,465,1162,6,7,306.81,Shipping Damage
2522,40737,20250226,2025-02-26,1172,1191,3,2,311.74,Defect
2523,6568,20241115,2024-11-15,1025,1091,6,3,2106.14,Defect
2524,13011,20240625,2024-06-25,761,1193,1,4,790.52,Shipping Damage
2525,25654,20250828,2025-08-28,307,1122,1,3,246.19,Defect
2526,47191,20250428,2025-04-28,495,1135,2,2,159.06,Wrong Configuration
2527,80354,20250322,2025-03-22,1051,1198,1,1,324.6,Defect
2528,63737,20220729,2022-07-29,97,1023,5,1,617.17,Defect
2529,25902,20231207,2023-12-07,37,1167,3,8,499.24,Defect
2530,42953,20220606,2022-06-06,237,1189,1,17,3393.89,Wrong Configuration
2531,72096,20240610,2024-06-10,495,1199,2,6,1409.81,Defect
2532,19694,20221201,2022-12-01,211,1061,2,4,959.03,Customer Cancellation
2533,37131,20251006,2025-10-06,340,1039,1,1,824.81,Other
2534,107806,20240922,2024-09-22,310,1139,7,1,91.01,Defect
2535,72698,20231226,2023-12-26,1111,1156,2,27,16102.74,Wrong Configuration
2536,119882,20250210,2025-02-10,898,1041,4,7,2716.12,Defect
2537,39878,20230912,2023-09-12,354,1020,6,1,761.25,Defect
2538,33759,20230423,2023-04-23,911,1136,6,1,77.88,Wrong Configuration
2539,22109,20250310,2025-03-10,608,1003,4,1,1038.36,Customer Cancellation
2540,23350,20250902,2025-09-02,568,1082,2,7,6273.22,Other
2541,53405,20251210,2025-12-10,950,1186,5,7,1437.05,Other
2542,116894,20230613,2023-06-13,601,1063,4,15,2077.1,Wrong Configuration
2543,71363,20240214,2024-02-14,1061,1117,2,1,1441.13,Defect
2544,107940,20250107,2025-01-07,127,1064,10,34,4147.49,Wrong Configuration
2545,29035,20240710,2024-07-10,506,1121,5,3,262.32,Wrong Configuration
2546,60739,20241123,2024-11-23,130,1034,3,6,4245.88,Wrong Configuration
2547,5616,20231230,2023-12-30,897,1052,6,5,1507.37,Wrong Configuration
2548,104768,20221225,2022-12-25,407,1196,4,1,243.14,Defect
2549,80999,20210612,2021-06-12,799,1037,4,10,5866.21,Wrong Configuration
2550,17659,20251124,2025-11-24,451,1150,3,16,9184.54,Defect
2551,63637,20251106,2025-11-06,580,1195,7,1,246.73,Wrong Configuration
2552,57404,20250528,2025-05-28,507,1159,5,7,4684.24,Wrong Configuration
2553,12593,20230913,2023-09-13,548,1152,8,7,4692.21,Wrong Configuration
2554,36223,20250411,2025-04-11,392,1100,4,11,14900.12,Defect
2555,42806,20250523,2025-05-23,888,1113,6,1,1645.94,Wrong Configuration
2556,57132,20250519,2025-05-19,276,1176,1,8,466.48,Defect
2557,75451,20241121,2024-11-21,692,1006,4,8,8587.57,Other
2558,103287,20250411,2025-04-11,998,1093,5,1,945.26,Other
2559,7353,20240629,2024-06-29,1126,1077,5,33,7876.76,Customer Cancellation
2560,15917,20250326,2025-03-26,232,1177,6,2,134.41,Defect
2561,99435,20211121,2021-11-21,672,1154,5,2,1410.49,Customer Cancellation
2562,72035,20250810,2025-08-10,362,1169,5,2,139.12,Shipping Damage
2563,85354,20240703,2024-07-03,784,1026,6,7,3406.21,Wrong Configuration
2564,4712,20251205,2025-12-05,694,1176,9,1,49.33,Wrong Configuration
2565,14615,20230920,2023-09-20,1158,1102,6,13,14715.77,Defect
2566,36866,20240829,2024-08-29,682,1104,8,1,1693.12,Defect
2567,91587,20230606,2023-06-06,889,1127,1,10,583.42,Customer Cancellation
2568,58469,20240512,2024-05-12,857,1029,4,2,1303.59,Wrong Configuration
2569,115196,20240922,2024-09-22,751,1070,8,6,1847.75,Defect
2570,52014,20240530,2024-05-30,351,1043,6,14,5667.78,Shipping Damage
2571,104697,20220911,2022-09-11,1044,1107,2,5,6697.11,Customer Cancellation
2572,116522,20250922,2025-09-22,1048,1157,2,17,9820.7,Wrong Configuration
2573,54189,20250201,2025-02-01,197,1005,1,3,3748.62,Defect
2574,15457,20250415,2025-04-15,699,1188,7,1,231.6,Customer Cancellation
2575,65831,20250824,2025-08-24,232,1153,6,5,3623.59,Wrong Configuration
2576,119408,20220622,2022-06-22,662,1020,3,11,6353.48,Defect
2577,57370,20241017,2024-10-17,915,1174,4,1,60.76,Wrong Configuration
2578,21231,20250211,2025-02-11,88,1018,3,37,29946.59,Customer Cancellation
2579,22047,20251227,2025-12-27,139,1083,6,7,7759.04,Defect
2580,67564,20250707,2025-07-07,39,1033,10,5,3688.23,Shipping Damage
2581,8598,20231230,2023-12-30,301,1088,10,7,6366.48,Wrong Configuration
2582,96709,20240206,2024-02-06,192,1111,1,2,2926.63,Customer Cancellation
2583,101223,20230712,2023-07-12,723,1114,5,1,1644.46,Wrong Configuration
2584,17269,20230622,2023-06-22,599,1181,6,6,1597.96,Customer Cancellation
2585,6557,20251209,2025-12-09,371,1018,8,11,9413.22,Wrong Configuration
2586,21632,20220521,2022-05-21,485,1189,1,7,1431.23,Customer Cancellation
2587,52008,20220626,2022-06-26,1182,1135,6,24,2010.84,Defect
2588,55256,20250204,2025-02-04,977,1180,6,10,2178.49,Defect
2589,25956,20251230,2025-12-30,980,1125,8,23,2125.53,Other
2590,19297,20250210,2025-02-10,588,1017,5,4,4306.42,Defect
2591,112891,20230205,2023-02-05,929,1057,8,10,3591.73,Wrong Configuration
2592,63165,20251222,2025-12-22,935,1088,2,9,9984.5,Defect
2593,109348,20241116,2024-11-16,307,1031,1,11,7960.96,Defect
2594,99665,20250212,2025-02-12,1057,1077,4,23,4678.53,Wrong Configuration
2595,106571,20230910,2023-09-10,248,1189,10,27,5526.2,Defect
2596,29710,20241228,2024-12-28,108,1065,10,1,152.94,Customer Cancellation
2597,28263,20251002,2025-10-02,1178,1192,1,4,1105.11,Customer Cancellation
2598,60017,20241203,2024-12-03,265,1102,2,31,51295.75,Shipping Damage
2599,89337,20240817,2024-08-17,424,1103,6,2,3391.76,Wrong Configuration
2600,37152,20250116,2025-01-16,37,1054,3,17,7478.82,Shipping Damage
2601,23428,20241124,2024-11-24,779,1032,5,33,16983.27,Shipping Damage
2602,12129,20221218,2022-12-18,446,1104,2,4,6297.05,Defect
2603,59879,20230323,2023-03-23,731,1109,5,22,29820.93,Defect
2604,98442,20251119,2025-11-19,950,1120,5,32,2836.18,Defect
2605,55696,20240811,2024-08-11,1155,1160,2,2,128.02,Defect
2606,71591,20240810,2024-08-10,538,1019,8,12,11671.81,Wrong Configuration
2607,28907,20241218,2024-12-18,271,1194,4,2,489.34,Wrong Configuration
2608,66190,20241112,2024-11-12,521,1013,3,5,3886.85,Wrong Configuration
2609,46730,20230426,2023-04-26,553,1068,3,1,210.12,Customer Cancellation
2610,29503,20251229,2025-12-29,84,1090,1,1,811.85,Customer Cancellation
2611,11824,20251216,2025-12-16,1076,1100,7,11,14928.49,Customer Cancellation
2612,101698,20230621,2023-06-21,802,1016,9,8,8667.71,Defect
2613,116529,20250930,2025-09-30,803,1110,3,1,1431.08,Customer Cancellation
2614,18986,20250225,2025-02-25,928,1046,6,7,3183.62,Defect
2615,38552,20210227,2021-02-27,955,1159,4,33,17482.79,Other
2616,29299,20240318,2024-03-18,692,1125,4,26,2317.39,Defect
2617,92671,20251123,2025-11-23,429,1095,1,1,872.88,Defect
2618,10946,20241123,2024-11-23,1084,1114,2,2,3357.58,Other
2619,19772,20251228,2025-12-28,954,1035,6,5,3230.56,Customer Cancellation
2620,105383,20230823,2023-08-23,720,1126,5,3,246.57,Wrong Configuration
2621,3268,20240403,2024-04-03,380,1098,4,1,665.29,Wrong Configuration
2622,68521,20211117,2021-11-17,834,1109,1,4,5464.9,Other
2623,24242,20240323,2024-03-23,425,1021,5,4,2124.25,Defect
2624,96162,20251225,2025-12-25,69,1195,9,1,263.75,Defect
2625,21902,20250422,2025-04-22,767,1014,4,35,30885.44,Defect
2626,101883,20230413,2023-04-13,2,1032,6,24,11547.55,Wrong Configuration
2627,60954,20230506,2023-05-06,188,1103,6,25,32250.85,Wrong Configuration
2628,91707,20230225,2023-02-25,873,1040,8,18,4856.52,Shipping Damage
2629,77054,20241210,2024-12-10,808,1187,2,5,1179.95,Customer Cancellation
2630,71565,20241104,2024-11-04,1049,1085,2,9,5809.28,Defect
2631,33078,20240212,2024-02-12,479,1184,9,1,207.72,Customer Cancellation
2632,68932,20251014,2025-10-14,387,1185,8,7,1158.55,Defect
2633,11836,20240117,2024-01-17,67,1125,6,7,593.25,Customer Cancellation
2634,68354,20220704,2022-07-04,769,1017,5,3,3047.01,Customer Cancellation
2635,96538,20241222,2024-12-22,417,1036,6,40,22167.64,Customer Cancellation
2636,93692,20251024,2025-10-24,344,1033,1,10,6134.63,Shipping Damage
2637,9652,20241128,2024-11-28,472,1179,6,6,326.57,Defect
2638,102894,20240204,2024-02-04,251,1013,1,1,721.33,Wrong Configuration
2639,113892,20220815,2022-08-15,699,1181,7,1,223.95,Other
2640,114382,20241107,2024-11-07,799,1076,4,11,1838.61,Customer Cancellation
2641,103621,20250516,2025-05-16,378,1160,1,4,241.22,Defect
2642,44997,20220412,2022-04-12,195,1028,4,6,3157.95,Customer Cancellation
2643,46742,20221209,2022-12-09,907,1173,9,24,1320.09,Shipping Damage
2644,58618,20240320,2024-03-20,871,1071,1,4,666.54,Customer Cancellation
2645,49217,20240709,2024-07-09,211,1178,2,6,370.69,Other
2646,90369,20230421,2023-04-21,564,1126,10,14,1013.31,Defect
2647,16732,20231109,2023-11-09,707,1010,6,16,11182.0,Wrong Configuration
2648,98869,20241108,2024-11-08,959,1025,8,1,668.36,Wrong Configuration
2649,66089,20240711,2024-07-11,589,1183,2,7,2002.74,Other
2650,115876,20250109,2025-01-09,812,1042,3,9,3547.87,Wrong Configuration
2651,7478,20250812,2025-08-12,112,1102,4,16,27452.7,Customer Cancellation
2652,65957,20241119,2024-11-19,569,1124,1,6,366.9,Defect
2653,109234,20230610,2023-06-10,778,1119,3,1,1526.2,Defect
2654,43106,20241019,2024-10-19,163,1088,1,24,20855.79,Defect
2655,15234,20220523,2022-05-23,947,1119,3,8,10160.42,Defect
2656,42466,20221226,2022-12-26,693,1190,3,3,467.76,Defect
2657,41261,20251028,2025-10-28,667,1005,4,1,1327.23,Defect
2658,21873,20241214,2024-12-14,470,1115,3,33,49528.64,Defect
2659,89852,20240813,2024-08-13,399,1020,5,6,4167.71,Wrong Configuration
2660,106995,20231210,2023-12-10,863,1059,5,4,1566.96,Defect
2661,1295,20230625,2023-06-25,1170,1023,9,17,10461.99,Defect
2662,85602,20240903,2024-09-03,193,1037,8,11,9159.77,Wrong Configuration
2663,83152,20250211,2025-02-11,759,1122,3,2,187.24,Customer Cancellation
2664,109567,20230331,2023-03-31,441,1061,7,4,970.36,Shipping Damage
2665,57716,20240114,2024-01-14,406,1113,6,1,1649.26,Wrong Configuration
2666,47873,20220925,2022-09-25,594,1039,8,19,14001.18,Wrong Configuration
2667,70217,20240603,2024-06-03,208,1074,1,316,40481.56,Wrong Configuration
2668,89305,20230223,2023-02-23,1026,1029,4,17,9551.38,Defect
2669,79279,20230925,2023-09-25,126,1118,2,4,4316.98,Shipping Damage
2670,61662,20221208,2022-12-08,473,1063,6,10,1125.46,Wrong Configuration
2671,72295,20240712,2024-07-12,543,1016,5,1,1031.62,Defect
2672,89624,20250623,2025-06-23,338,1180,5,11,2469.95,Wrong Configuration
2673,104717,20250911,2025-09-11,380,1037,4,1,826.35,Defect
2674,8742,20251031,2025-10-31,395,1136,1,20,1458.07,Defect
2675,87931,20221123,2022-11-23,897,1169,6,14,825.92,Customer Cancellation
2676,11599,20251201,2025-12-01,676,1005,5,2,2605.87,Defect
2677,51758,20241228,2024-12-28,758,1111,10,10,16578.3,Wrong Configuration
2678,34613,20241101,2024-11-01,137,1116,4,25,33942.94,Wrong Configuration
2679,49497,20220414,2022-04-14,991,1083,1,1,1069.2,Wrong Configuration
2680,84104,20240207,2024-02-07,67,1146,6,25,13773.17,Defect
2681,116535,20250801,2025-08-01,529,1179,10,2,101.17,Other
2682,111069,20220608,2022-06-08,401,1041,8,9,3102.09,Wrong Configuration
2683,8637,20250222,2025-02-22,1162,1013,1,57,43544.08,Wrong Configuration
2684,6181,20221124,2022-11-24,18,1196,1,6,1500.62,Other
2685,56280,20231221,2023-12-21,1102,1087,2,1,509.55,Wrong Configuration
2686,48455,20251211,2025-12-11,480,1071,1,14,2340.62,Customer Cancellation
2687,10724,20241105,2024-11-05,819,1168,3,9,540.34,Customer Cancellation
2688,9336,20251213,2025-12-13,368,1077,9,3,709.94,Other
2689,98288,20231227,2023-12-27,488,1005,4,4,4806.69,Other
2690,110168,20241103,2024-11-03,231,1036,6,12,6536.95,Other
2691,36309,20221116,2022-11-16,269,1107,6,19,24011.54,Customer Cancellation
2692,42898,20250312,2025-03-12,346,1166,6,16,599.19,Other
2693,115704,20251125,2025-11-25,896,1100,5,16,23863.74,Defect
2694,86357,20230717,2023-07-17,642,1017,9,2,1928.55,Other
2695,63355,20210804,2021-08-04,409,1188,4,4,814.55,Defect
2696,67375,20231226,2023-12-26,733,1018,8,5,4499.46,Wrong Configuration
2697,76002,20240527,2024-05-27,1196,1009,6,4,3305.99,Wrong Configuration
2698,53683,20230613,2023-06-13,639,1176,1,5,218.22,Wrong Configuration
2699,53257,20240402,2024-04-02,627,1108,8,8,9972.26,Customer Cancellation
2700,68315,20241127,2024-11-27,417,1020,6,10,6619.56,Customer Cancellation
2701,75785,20251222,2025-12-22,1167,1107,3,5,8420.68,Wrong Configuration
2702,74659,20250319,2025-03-19,587,1053,2,1,462.74,Customer Cancellation
2703,10910,20240927,2024-09-27,1170,1174,9,6,373.11,Shipping Damage
2704,74399,20221222,2022-12-22,982,1055,1,12,4587.0,Wrong Configuration
2705,69447,20230920,2023-09-20,608,1018,4,1,778.68,Defect
2706,51094,20241124,2024-11-24,312,1186,6,1,202.73,Defect
2707,27622,20231123,2023-11-23,346,1118,6,26,26154.58,Defect
2708,95810,20221225,2022-12-25,1068,1035,4,14,7635.84,Defect
2709,6560,20250529,2025-05-29,198,1183,9,1,303.89,Defect
2710,98974,20231204,2023-12-04,874,1027,6,1,670.17,Shipping Damage
2711,88284,20240709,2024-07-09,1020,1055,5,4,1759.71,Customer Cancellation
2712,3305,20241018,2024-10-18,932,1085,1,15,9550.71,Customer Cancellation
2713,1877,20230318,2023-03-18,871,1181,1,1,237.02,Defect
2714,65005,20210324,2021-03-24,432,1091,2,7,4467.18,Shipping Damage
2715,51625,20251008,2025-10-08,928,1076,6,26,4925.46,Wrong Configuration
2716,111427,20240916,2024-09-16,430,1192,1,6,1428.93,Other
2717,77138,20251211,2025-12-11,106,1127,10,14,763.23,Defect
2718,5389,20230407,2023-04-07,164,1187,4,6,1525.88,Defect
2719,40187,20251009,2025-10-09,1081,1064,4,10,1645.97,Other
2720,104405,20220301,2022-03-01,20,1145,5,25,16332.86,Defect
2721,30158,20241210,2024-12-10,977,1114,6,9,16124.98,Customer Cancellation
2722,44693,20240202,2024-02-02,417,1046,6,9,3258.5,Shipping Damage
2723,31480,20221007,2022-10-07,550,1106,5,1,1305.86,Customer Cancellation
2724,79418,20230529,2023-05-29,708,1146,3,32,13937.39,Shipping Damage
2725,7271,20231008,2023-10-08,365,1016,1,3,3310.3,Wrong Configuration
2726,25572,20250607,2025-06-07,913,1153,7,39,26493.21,Customer Cancellation
2727,44271,20240211,2024-02-11,1152,1177,2,1,77.51,Wrong Configuration
2728,14430,20240610,2024-06-10,325,1019,8,1,977.22,Other
2729,80049,20241218,2024-12-18,977,1179,6,12,591.47,Wrong Configuration
2730,108715,20240730,2024-07-30,620,1129,3,2,111.03,Defect
2731,89630,20240601,2024-06-01,1030,1157,10,38,17779.44,Customer Cancellation
2732,112808,20240224,2024-02-24,666,1013,3,13,9761.18,Defect
2733,60057,20210602,2021-06-02,974,1091,7,1,677.09,Other
2734,31950,20220912,2022-09-12,1048,1031,2,8,5187.65,Customer Cancellation
2735,86376,20240624,2024-06-24,502,1066,3,17,2597.81,Shipping Damage
2736,89911,20240720,2024-07-20,399,1018,5,5,3932.79,Other
2737,20924,20230215,2023-02-15,982,1043,1,25,8268.58,Customer Cancellation
2738,75067,20250904,2025-09-04,792,1090,6,18,13963.48,Defect
2739,74533,20230813,2023-08-13,245,1074,6,1,164.54,Defect
2740,27197,20250312,2025-03-12,807,1025,1,9,5783.34,Customer Cancellation
2741,91033,20251220,2025-12-20,877,1135,1,5,409.86,Defect
2742,29964,20251109,2025-11-09,694,1018,9,4,3504.89,Wrong Configuration
2743,74600,20251207,2025-12-07,336,1160,3,7,461.16,Wrong Configuration
2744,52866,20240814,2024-08-14,170,1179,9,1,49.74,Defect
2745,33236,20230314,2023-03-14,943,1196,6,11,2842.92,Customer Cancellation
2746,4435,20240412,2024-04-12,365,1095,1,4,3031.74,Defect
2747,105242,20231128,2023-11-28,27,1047,9,2,633.39,Wrong Configuration
2748,54781,20240205,2024-02-05,102,1179,1,9,444.11,Defect
2749,32461,20251217,2025-12-17,656,1064,2,2,355.28,Wrong Configuration
2750,23263,20240322,2024-03-22,924,1130,1,6,504.86,Wrong Configuration
2751,3076,20250525,2025-05-25,13,1145,1,4,3327.8,Shipping Damage
2752,33672,20250102,2025-01-02,708,1076,3,17,3315.82,Customer Cancellation
2753,72791,20241123,2024-11-23,258,1023,9,1,608.76,Defect
2754,5578,20251220,2025-12-20,237,1077,1,49,10292.43,Other
2755,117408,20250118,2025-01-18,957,1033,6,17,13585.78,Wrong Configuration
2756,98631,20230609,2023-06-09,232,1122,6,1,80.06,Wrong Configuration
2757,2411,20250217,2025-02-17,425,1193,5,7,1502.74,Shipping Damage
2758,73347,20240407,2024-04-07,1116,1026,5,32,15251.62,Other
2759,118801,20210520,2021-05-20,758,1138,10,23,1303.14,Customer Cancellation
2760,73645,20250329,2025-03-29,16,1084,4,13,8462.38,Shipping Damage
2761,66445,20230416,2023-04-16,1127,1018,6,1,882.6,Customer Cancellation
2762,79215,20240420,2024-04-20,482,1191,3,5,870.66,Shipping Damage
2763,116986,20240616,2024-06-16,895,1069,6,3,550.63,Defect
2764,98463,20251022,2025-10-22,359,1053,4,16,5570.0,Customer Cancellation
2765,85850,20230910,2023-09-10,764,1073,2,2,306.28,Other
2766,2592,20240418,2024-04-18,322,1058,1,3,1133.39,Defect
2767,44500,20251006,2025-10-06,37,1041,3,6,2216.23,Wrong Configuration
2768,59020,20250722,2025-07-22,136,1043,6,3,1220.26,Defect
2769,30331,20250506,2025-05-06,914,1075,5,22,4749.74,Shipping Damage
2770,33590,20250320,2025-03-20,824,1029,8,9,5380.71,Other
2771,38130,20250119,2025-01-19,779,1184,5,10,1732.0,Defect
2772,97274,20250107,2025-01-07,355,1081,1,11,7545.52,Customer Cancellation
2773,60747,20250501,2025-05-01,253,1182,5,2,606.06,Wrong Configuration
2774,56648,20230430,2023-04-30,413,1068,1,1,224.89,Customer Cancellation
2775,3607,20230327,2023-03-27,903,1000,7,5,4790.92,Wrong Configuration
2776,106773,20220105,2022-01-05,76,1102,1,1,1316.1,Wrong Configuration
2777,33182,20240916,2024-09-16,1009,1180,2,7,1608.85,Wrong Configuration
2778,49194,20250901,2025-09-01,1128,1042,7,12,5356.9,Customer Cancellation
2779,91646,20250916,2025-09-16,85,1148,1,14,9053.11,Wrong Configuration
2780,87915,20240922,2024-09-22,683,1177,10,4,310.98,Shipping Damage
2781,55521,20210626,2021-06-26,695,1124,1,11,711.46,Defect
2782,23806,20231113,2023-11-13,909,1138,10,33,1847.69,Wrong Configuration
2783,110095,20240201,2024-02-01,259,1074,2,9,1506.89,Shipping Damage
2784,93027,20250521,2025-05-21,1070,1170,5,1,48.29,Defect
2785,48232,20240518,2024-05-18,851,1191,2,30,4906.7,Other
2786,14138,20231213,2023-12-13,842,1162,1,15,678.44,Shipping Damage
2787,98095,20230204,2023-02-04,365,1008,1,19,19518.59,Other
2788,41876,20251208,2025-12-08,555,1136,9,1,89.09,Defect
2789,110061,20241229,2024-12-29,488,1024,4,1,568.22,Shipping Damage
2790,75392,20241209,2024-12-09,1001,1197,7,3,791.99,Shipping Damage
2791,45926,20251226,2025-12-26,1135,1061,1,3,848.85,Shipping Damage
2792,36677,20230913,2023-09-13,1085,1156,6,54,27196.11,Customer Cancellation
2793,85571,20250827,2025-08-27,849,1171,5,24,1002.08,Defect
2794,58424,20240913,2024-09-13,678,1179,7,2,113.52,Shipping Damage
2795,108072,20240503,2024-05-03,1070,1134,5,29,3234.76,Defect
2796,7024,20220813,2022-08-13,37,1106,3,5,5286.54,Wrong Configuration
2797,45781,20220822,2022-08-22,362,1028,5,11,5923.93,Defect
2798,41786,20241025,2024-10-25,832,1156,9,14,7606.84,Shipping Damage
2799,44791,20240107,2024-01-07,1117,1091,6,1,714.36,Defect
2800,85557,20250909,2025-09-09,1019,1110,3,4,4952.61,Shipping Damage
2801,76400,20240407,2024-04-07,37,1034,3,13,8788.37,Defect
2802,37854,20230305,2023-03-05,340,1120,1,4,354.15,Shipping Damage
2803,36168,20250429,2025-04-29,829,1081,1,9,7691.62,Defect
2804,59903,20230211,2023-02-11,262,1119,1,1,1580.25,Customer Cancellation
2805,36266,20231221,2023-12-21,446,1155,2,10,5927.75,Defect
2806,20919,20250519,2025-05-19,878,1168,4,11,699.52,Customer Cancellation
2807,75797,20240520,2024-05-20,461,1198,4,2,593.69,Wrong Configuration
2808,101816,20251019,2025-10-19,772,1110,8,6,7357.37,Customer Cancellation
2809,64087,20241018,2024-10-18,1153,1073,1,9,1319.41,Shipping Damage
2810,116027,20230111,2023-01-11,691,1159,4,9,4845.53,Shipping Damage
2811,49925,20220730,2022-07-30,153,1186,5,1,169.72,Wrong Configuration
2812,33226,20250320,2025-03-20,543,1061,5,5,1370.52,Shipping Damage
2813,4929,20241107,2024-11-07,732,1125,10,5,500.29,Customer Cancellation
2814,115642,20220605,2022-06-05,1137,1107,4,68,87140.09,Customer Cancellation
2815,104332,20220503,2022-05-03,149,1039,2,3,2270.72,Defect
2816,39866,20240816,2024-08-16,1079,1063,5,9,1393.24,Defect
2817,116065,20250710,2025-07-10,1153,1094,1,12,10193.08,Customer Cancellation
2818,90162,20240801,2024-08-01,855,1083,5,16,15336.11,Other
2819,47208,20250519,2025-05-19,301,1128,10,8,808.21,Customer Cancellation
2820,99019,20230214,2023-02-14,771,1171,6,4,158.81,Other
2821,71058,20241117,2024-11-17,1000,1060,3,5,645.97,Defect
2822,53591,20220919,2022-09-19,11,1107,3,6,8278.57,Wrong Configuration
2823,82976,20251120,2025-11-20,502,1072,3,3,590.32,Wrong Configuration
2824,99993,20240415,2024-04-15,385,1026,3,2,990.93,Shipping Damage
2825,27050,20241102,2024-11-02,582,1055,5,23,10751.89,Defect
2826,38980,20220128,2022-01-28,578,1014,2,10,7068.83,Customer Cancellation
2827,112612,20240319,2024-03-19,1081,1044,4,9,3476.15,Other
2828,12582,20240217,2024-02-17,692,1182,4,8,2227.92,Wrong Configuration
2829,33346,20230910,2023-09-10,354,1098,6,2,1279.56,Defect
2830,72773,20231202,2023-12-02,324,1014,6,20,14777.47,Shipping Damage
2831,21718,20240215,2024-02-15,449,1010,7,2,1581.43,Defect
2832,107408,20221017,2022-10-17,779,1180,5,55,9440.74,Customer Cancellation
2833,2159,20251216,2025-12-16,467,1141,8,1,745.8,Wrong Configuration
2834,21719,20250816,2025-08-16,45,1018,6,6,4968.23,Customer Cancellation
2835,54605,20221219,2022-12-19,476,1028,2,6,3088.89,Defect
2836,114273,20241224,2024-12-24,703,1057,1,5,1953.61,Shipping Damage
2837,57800,20230504,2023-05-04,1089,1110,2,1,1294.2,Customer Cancellation
2838,84934,20230827,2023-08-27,304,1111,10,5,7964.28,Defect
2839,63989,20240705,2024-07-05,466,1106,3,1,1462.45,Shipping Damage
2840,36681,20220421,2022-04-21,323,1053,1,23,8376.49,Customer Cancellation
2841,16673,20250105,2025-01-05,179,1122,6,14,1078.71,Shipping Damage
2842,60673,20250416,2025-04-16,1120,1159,6,16,7919.46,Customer Cancellation
2843,85231,20221015,2022-10-15,684,1191,1,2,310.76,Customer Cancellation
2844,75206,20240410,2024-04-10,878,1057,4,25,10342.53,Defect
2845,48928,20230626,2023-06-26,622,1002,9,7,7643.56,Wrong Configuration
2846,57805,20220425,2022-04-25,712,1014,9,3,2671.43,Defect
2847,87291,20250823,2025-08-23,855,1077,5,59,14023.25,Other
2848,85766,20251230,2025-12-30,1047,1163,4,5,266.79,Defect
2849,97221,20250413,2025-04-13,695,1130,1,6,497.68,Customer Cancellation
2850,87862,20240131,2024-01-31,40,1132,1,13,1181.87,Customer Cancellation
2851,91148,20250620,2025-06-20,186,1029,8,6,3752.11,Defect
2852,110084,20240224,2024-02-24,890,1063,10,1,157.0,Defect
2853,112219,20240528,2024-05-28,495,1168,2,8,463.72,Customer Cancellation
2854,66874,20250306,2025-03-06,883,1129,6,1,59.84,Defect
2855,34910,20240123,2024-01-23,387,1016,8,7,7303.36,Defect
2856,41787,20220728,2022-07-28,880,1183,1,10,2654.64,Defect
2857,76760,20250118,2025-01-18,241,1050,6,2,837.72,Defect
2858,106633,20241201,2024-12-01,1069,1078,6,10,1396.06,Defect
2859,67872,20220715,2022-07-15,560,1075,3,4,881.66,Other
2860,65961,20240527,2024-05-27,136,1145,6,1,814.5,Wrong Configuration
2861,115133,20240915,2024-09-15,290,1139,5,21,1656.23,Shipping Damage
2862,104754,20230620,2023-06-20,833,1037,3,10,7153.95,Defect
2863,71296,20231220,2023-12-20,92,1182,5,5,1039.39,Defect
2864,106950,20251113,2025-11-13,916,1116,6,27,43438.97,Wrong Configuration
2865,79209,20251012,2025-10-12,619,1054,5,67,32336.3,Defect
2866,77913,20230910,2023-09-10,819,1136,3,24,1737.9,Customer Cancellation
2867,75550,20230601,2023-06-01,268,1075,9,43,9668.65,Wrong Configuration
2868,76203,20250407,2025-04-07,944,1149,6,1,779.77,Defect
2869,26416,20251225,2025-12-25,197,1000,1,3,3803.92,Wrong Configuration
2870,59697,20250907,2025-09-07,584,1139,9,31,2066.6,Defect
2871,90648,20221130,2022-11-30,765,1004,2,12,11659.74,Defect
2872,31184,20230209,2023-02-09,1079,1167,5,8,521.65,Defect
2873,33395,20241212,2024-12-12,777,1054,1,1,473.17,Customer Cancellation
2874,21397,20240311,2024-03-11,933,1012,9,11,10846.69,Shipping Damage
2875,42533,20251231,2025-12-31,1128,1014,7,10,8559.12,Wrong Configuration
2876,111864,20241223,2024-12-23,274,1092,5,1,722.69,Customer Cancellation
2877,114135,20250709,2025-07-09,878,1026,4,11,5429.48,Defect
2878,97404,20240315,2024-03-15,763,1105,6,3,3725.43,Defect
2879,48865,20251231,2025-12-31,767,1004,4,3,3702.86,Customer Cancellation
2880,17319,20250416,2025-04-16,138,1076,4,1,179.33,Shipping Damage
2881,64588,20250412,2025-04-12,848,1049,1,20,10342.91,Shipping Damage
2882,56231,20250509,2025-05-09,351,1028,6,17,8910.22,Shipping Damage
2883,50388,20251107,2025-11-07,430,1173,1,1,68.4,Wrong Configuration
2884,52690,20240919,2024-09-19,179,1132,6,15,1245.36,Wrong Configuration
2885,89122,20241209,2024-12-09,1171,1085,1,1,690.79,Defect
2886,101659,20240423,2024-04-23,102,1011,1,6,5950.71,Wrong Configuration
2887,42834,20250810,2025-08-10,101,1003,9,19,19869.09,Wrong Configuration
2888,24106,20250619,2025-06-19,694,1037,9,11,8829.61,Wrong Configuration
2889,5208,20251115,2025-11-15,640,1090,1,138,81935.74,Defect
2890,57968,20231122,2023-11-22,648,1057,4,1,452.92,Shipping Damage
2891,102712,20251215,2025-12-15,862,1069,3,23,3635.19,Shipping Damage
2892,119665,20251214,2025-12-14,478,1051,9,3,1449.23,Shipping Damage
2893,80850,20250720,2025-07-20,640,1066,1,7,1219.13,Defect
2894,15359,20240725,2024-07-25,997,1047,7,11,4018.56,Other
2895,101322,20230905,2023-09-05,274,1056,5,2,767.77,Shipping Damage
2896,92566,20220517,2022-05-17,17,1061,1,3,714.58,Defect
2897,91401,20230602,2023-06-02,211,1050,2,1,360.8,Shipping Damage
2898,34609,20250829,2025-08-29,13,1005,1,3,3628.44,Customer Cancellation
2899,83303,20250413,2025-04-13,395,1160,1,14,876.81,Customer Cancellation
2900,91034,20230215,2023-02-15,1083,1169,9,30,1669.43,Defect
2901,101494,20251217,2025-12-17,926,1033,1,1,796.03,Customer Cancellation
2902,74962,20210526,2021-05-26,598,1019,2,15,11047.57,Wrong Configuration
2903,109049,20251006,2025-10-06,267,1184,9,1,217.64,Other
2904,11812,20250709,2025-07-09,465,1128,6,11,1130.68,Defect
2905,77093,20250702,2025-07-02,725,1197,1,22,4718.61,Customer Cancellation
2906,95838,20251219,2025-12-19,762,1085,2,1,759.05,Wrong Configuration
2907,78420,20251207,2025-12-07,684,1043,1,16,6398.78,Defect
2908,99503,20240904,2024-09-04,987,1073,1,2,309.84,Defect
2909,41178,20240221,2024-02-21,981,1017,3,20,18928.18,Customer Cancellation
2910,35259,20241227,2024-12-27,868,1034,10,4,2691.01,Wrong Configuration
2911,106000,20241030,2024-10-30,565,1141,8,17,12232.28,Defect
2912,111581,20250106,2025-01-06,175,1136,5,1,76.49,Shipping Damage
2913,7214,20240604,2024-06-04,640,1050,1,17,5727.84,Defect
2914,47822,20240626,2024-06-26,1163,1109,10,1,1706.1,Wrong Configuration
2915,113247,20251210,2025-12-10,438,1184,2,1,205.97,Defect
2916,45135,20250519,2025-05-19,1183,1105,2,12,13705.66,Defect
2917,54458,20240719,2024-07-19,608,1129,4,1,52.96,Shipping Damage
2918,17605,20250113,2025-01-13,192,1049,1,10,5197.07,Customer Cancellation
2919,89634,20240725,2024-07-25,1183,1163,2,22,1144.21,Defect
2920,75810,20251215,2025-12-15,539,1097,6,2,1746.48,Defect
2921,35083,20251219,2025-12-19,456,1071,9,2,369.75,Wrong Configuration
2922,103347,20251229,2025-12-29,717,1094,2,26,22323.17,Defect
2923,94930,20240211,2024-02-11,437,1005,3,3,3428.4,Defect
2924,56856,20220320,2022-03-20,439,1169,2,3,210.48,Wrong Configuration
2925,113816,20240607,2024-06-07,427,1122,8,2,161.73,Shipping Damage
2926,55808,20240123,2024-01-23,855,1138,5,15,906.77,Customer Cancellation
2927,65036,20251116,2025-11-16,476,1060,2,3,416.05,Other
2928,97264,20231105,2023-11-05,301,1190,10,329,48509.38,Defect
2929,91353,20251209,2025-12-09,1057,1071,4,7,942.49,Customer Cancellation
2930,22367,20251125,2025-11-25,753,1163,6,12,634.91,Other
2931,77059,20240229,2024-02-29,725,1049,1,5,2199.82,Defect
2932,88979,20240113,2024-01-13,561,1041,3,2,718.28,Customer Cancellation
2933,93812,20250806,2025-08-06,37,1081,3,7,5069.31,Customer Cancellation
2934,50079,20250910,2025-09-10,911,1148,6,1,759.1,Customer Cancellation
2935,3871,20240128,2024-01-28,1106,1048,8,10,3490.59,Customer Cancellation
2936,43156,20251009,2025-10-09,320,1000,2,10,11811.25,Shipping Damage
2937,79055,20250404,2025-04-04,675,1019,1,1,948.64,Customer Cancellation
2938,31515,20211007,2021-10-07,559,1077,1,22,4416.39,Shipping Damage
2939,6370,20240316,2024-03-16,934,1007,3,1,1389.86,Wrong Configuration
2940,38944,20240324,2024-03-24,281,1100,10,13,16061.54,Defect
2941,4079,20240123,2024-01-23,832,1136,9,11,782.88,Customer Cancellation
2942,101166,20220719,2022-07-19,360,1114,1,44,73439.08,Customer Cancellation
2943,107867,20250316,2025-03-16,1000,1089,3,13,8714.53,Other
2944,17313,20251230,2025-12-30,575,1165,3,12,677.97,Defect
2945,21691,20240719,2024-07-19,703,1077,1,35,8128.67,Defect
2946,15041,20250521,2025-05-21,878,1028,4,5,2835.24,Wrong Configuration
2947,4939,20240320,2024-03-20,548,1087,8,5,2526.49,Wrong Configuration
2948,100921,20241209,2024-12-09,435,1019,1,2,1725.7,Defect
2949,65376,20210419,2021-04-19,514,1137,10,3,221.96,Defect
2950,82491,20250219,2025-02-19,1155,1185,2,1,203.42,Customer Cancellation
2951,65174,20220502,2022-05-02,170,1091,9,7,4773.68,Customer Cancellation
2952,118612,20250222,2025-02-22,536,1072,5,7,1409.64,Wrong Configuration
2953,62918,20240512,2024-05-12,1116,1165,5,7,311.39,Shipping Damage
2954,31795,20241020,2024-10-20,587,1132,2,1,91.63,Defect
2955,71673,20240510,2024-05-10,1020,1018,5,2,1562.37,Defect
2956,12044,20250905,2025-09-05,126,1000,2,3,3569.5,Defect
2957,78452,20240930,2024-09-30,575,1051,3,14,5591.67,Defect
2958,20872,20220105,2022-01-05,217,1056,4,6,1924.79,Defect
2959,63012,20250107,2025-01-07,1034,1117,5,13,17803.02,Wrong Configuration
2960,115885,20220315,2022-03-15,21,1065,2,4,511.25,Shipping Damage
2961,10133,20250509,2025-05-09,186,1100,8,5,7322.01,Wrong Configuration
2962,35401,20250311,2025-03-11,677,1072,2,17,3365.02,Wrong Configuration
2963,17117,20241216,2024-12-16,774,1110,6,3,3685.64,Shipping Damage
2964,119977,20240824,2024-08-24,475,1096,1,11,7361.96,Defect
2965,85429,20230717,2023-07-17,110,1199,8,6,1378.35,Defect
2966,93411,20240926,2024-09-26,738,1199,3,2,495.07,Other
2967,102407,20241216,2024-12-16,104,1121,3,2,176.35,Customer Cancellation
2968,27303,20231005,2023-10-05,1161,1011,8,22,20116.18,Customer Cancellation
2969,83238,20241103,2024-11-03,92,1133,5,21,1204.89,Defect
2970,53716,20231105,2023-11-05,282,1174,1,42,2423.95,Wrong Configuration
2971,23367,20240921,2024-09-21,338,1029,5,4,2243.34,Customer Cancellation
2972,74961,20250612,2025-06-12,1052,1108,3,4,5267.56,Wrong Configuration
2973,112159,20240611,2024-06-11,346,1083,6,18,19417.58,Other
2974,10377,20221226,2022-12-26,355,1062,1,24,3595.85,Wrong Configuration
2975,43793,20231216,2023-12-16,928,1160,6,15,745.14,Wrong Configuration
2976,112843,20240511,2024-05-11,487,1018,1,3,2682.94,Customer Cancellation
2977,45853,20250714,2025-07-14,1026,1163,4,13,788.53,Wrong Configuration
2978,107356,20230605,2023-06-05,888,1068,6,1,204.44,Wrong Configuration
2979,108171,20250225,2025-02-25,1109,1095,4,5,4720.57,Defect
2980,86877,20221105,2022-11-05,229,1122,9,6,436.88,Other
2981,117496,20250511,2025-05-11,417,1180,6,27,6715.47,Other
2982,22038,20250126,2025-01-26,1,1082,5,7,6338.53,Defect
2983,70980,20250116,2025-01-16,957,1082,6,10,9649.41,Shipping Damage
2984,62252,20240926,2024-09-26,958,1003,2,1,1054.45,Shipping Damage
2985,3160,20250604,2025-06-04,633,1013,5,1,785.49,Shipping Damage
2986,15277,20250514,2025-05-14,1085,1069,6,12,2238.62,Defect
2987,112053,20221208,2022-12-08,258,1197,9,8,1777.27,Shipping Damage
2988,5746,20250712,2025-07-12,1134,1096,9,4,2457.61,Defect
2989,29949,20240430,2024-04-30,415,1103,5,13,18793.52,Wrong Configuration
2990,69647,20220216,2022-02-16,882,1014,8,9,7980.15,Defect
2991,4147,20221005,2022-10-05,450,1120,2,4,324.71,Defect
2992,44950,20240428,2024-04-28,684,1091,1,4,2581.26,Other
2993,79904,20230807,2023-08-07,970,1131,5,2,186.64,Defect
2994,19445,20241227,2024-12-27,208,1041,1,11,3705.85,Wrong Configuration
2995,6458,20250927,2025-09-27,719,1081,1,2,1890.68,Defect
2996,61797,20230613,2023-06-13,684,1026,1,15,8119.98,Other
2997,16917,20250907,2025-09-07,274,1094,5,3,2618.4,Defect
2998,24210,20241223,2024-12-23,919,1192,4,4,1111.78,Shipping Damage
2999,83153,20231001,2023-10-01,334,1127,1,4,249.44,Defect
3000,21707,20240828,2024-08-28,487,1104,1,5,8207.18,Defect
3001,48958,20210421,2021-04-21,130,1032,3,33,13017.38,Defect
3002,91372,20231224,2023-12-24,25,1112,6,1,1366.55,Shipping Damage
3003,76391,20250511,2025-05-11,205,1045,5,17,6481.22,Shipping Damage
3004,7985,20230529,2023-05-29,1039,1186,9,12,1781.59,Defect
3005,109459,20230802,2023-08-02,1083,1013,9,23,16834.71,Defect
3006,82335,20231122,2023-11-22,784,1083,6,3,3285.97,Other
3007,65605,20240721,2024-07-21,170,1002,9,4,4263.92,Wrong Configuration
3008,46665,20231229,2023-12-29,542,1046,7,1,482.53,Customer Cancellation
3009,6410,20240217,2024-02-17,417,1160,6,28,1244.48,Shipping Damage
3010,46011,20250518,2025-05-18,837,1172,4,6,331.96,Customer Cancellation
3011,45291,20240727,2024-07-27,934,1069,3,1,188.19,Defect
3012,39786,20240404,2024-04-04,321,1117,6,18,22398.64,Wrong Configuration
3013,29348,20231007,2023-10-07,1085,1068,6,25,4731.25,Wrong Configuration
3014,30510,20231107,2023-11-07,106,1189,10,29,6418.34,Defect
3015,62307,20250103,2025-01-03,125,1177,4,1,66.5,Wrong Configuration
3016,73953,20250101,2025-01-01,598,1122,2,14,1020.03,Shipping Damage
3017,27398,20240605,2024-06-05,1141,1084,2,15,8354.88,Defect
3018,21098,20230628,2023-06-28,281,1037,10,3,2247.98,Defect
3019,3683,20231211,2023-12-11,220,1122,6,4,329.7,Customer Cancellation
3020,27965,20230902,2023-09-02,275,1173,7,16,794.15,Defect
3021,27912,20240529,2024-05-29,1128,1100,7,18,22843.62,Customer Cancellation
3022,89051,20230409,2023-04-09,441,1054,7,10,4226.21,Other
3023,47777,20241211,2024-12-11,465,1038,6,13,5892.43,Wrong Configuration
3024,45935,20220927,2022-09-27,442,1122,1,29,2024.81,Other
3025,84884,20251227,2025-12-27,636,1178,3,14,760.0,Defect
3026,9516,20230712,2023-07-12,873,1016,8,8,7814.1,Customer Cancellation
3027,50046,20240320,2024-03-20,910,1053,1,12,5910.15,Customer Cancellation
3028,112066,20230419,2023-04-19,897,1090,6,10,6956.7,Defect
3029,78394,20230111,2023-01-11,1189,1001,3,3,2719.38,Shipping Damage
3030,85245,20251222,2025-12-22,949,1112,1,1,1268.21,Defect
3031,57443,20241004,2024-10-04,626,1031,6,6,3948.42,Shipping Damage
3032,105067,20251126,2025-11-26,1026,1036,4,38,22324.38,Wrong Configuration
3033,80622,20250215,2025-02-15,632,1128,2,2,222.51,Defect
3034,107995,20250925,2025-09-25,387,1090,8,5,3473.53,Defect
3035,106423,20250901,2025-09-01,1186,1085,8,2,1473.63,Shipping Damage
3036,1484,20220903,2022-09-03,950,1003,5,14,12086.71,Shipping Damage
3037,34355,20240304,2024-03-04,1134,1197,9,6,1223.9,Wrong Configuration
3038,7183,20250512,2025-05-12,20,1071,5,14,2295.17,Customer Cancellation
3039,23420,20250327,2025-03-27,565,1095,8,8,5991.59,Customer Cancellation
3040,49178,20250107,2025-01-07,316,1000,7,6,6460.97,Wrong Configuration
3041,64097,20240919,2024-09-19,629,1068,1,6,1163.65,Defect
3042,54323,20251030,2025-10-30,114,1136,10,2,162.52,Wrong Configuration
3043,102572,20250723,2025-07-23,316,1061,7,9,2339.35,Defect
3044,19071,20251106,2025-11-06,6,1178,6,9,525.88,Defect
3045,116519,20240217,2024-02-17,372,1111,8,3,5677.48,Defect
3046,5686,20221223,2022-12-23,284,1176,2,1,34.98,Defect
3047,53150,20230514,2023-05-14,837,1016,4,12,13198.91,Defect
3048,2461,20231119,2023-11-19,764,1118,2,5,5449.54,Customer Cancellation
3049,39120,20230514,2023-05-14,900,1110,1,1,1182.8,Customer Cancellation
3050,52411,20250429,2025-04-29,878,1006,4,20,18870.98,Customer Cancellation
3051,117484,20230804,2023-08-04,110,1064,8,9,1362.47,Customer Cancellation
3052,1246,20250629,2025-06-29,1084,1064,2,3,469.23,Wrong Configuration
3053,50802,20230803,2023-08-03,18,1108,1,5,6884.6,Defect
3054,39377,20250720,2025-07-20,1132,1152,4,22,15105.26,Customer Cancellation
3055,7928,20241121,2024-11-21,367,1126,6,5,418.76,Wrong Configuration
3056,50712,20241201,2024-12-01,192,1081,1,13,9423.65,Defect
3057,83862,20220902,2022-09-02,784,1008,6,1,1112.54,Shipping Damage
3058,99155,20240207,2024-02-07,480,1022,1,28,18966.09,Defect
3059,103700,20230609,2023-06-09,1195,1173,2,3,169.21,Customer Cancellation
3060,44102,20250322,2025-03-22,371,1006,8,4,4898.23,Other
3061,21256,20231226,2023-12-26,1148,1125,4,1,109.49,Defect
3062,7569,20230803,2023-08-03,1049,1075,2,15,3345.06,Defect
3063,113062,20250223,2025-02-23,839,1000,3,6,6921.17,Customer Cancellation
3064,27604,20231219,2023-12-19,76,1102,1,4,4926.55,Wrong Configuration
3065,4024,20240625,2024-06-25,52,1116,6,3,4882.1,Wrong Configuration
3066,39977,20231211,2023-12-11,921,1171,6,27,855.08,Defect
3067,109346,20240831,2024-08-31,303,1199,1,4,937.52,Defect
3068,87397,20250927,2025-09-27,150,1122,2,5,450.96,Shipping Damage
3069,3925,20251103,2025-11-03,988,1055,4,4,1593.73,Shipping Damage
3070,20442,20250513,2025-05-13,1080,1137,5,28,2173.44,Defect
3071,89442,20251125,2025-11-25,858,1129,1,10,585.12,Wrong Configuration
3072,14627,20231231,2023-12-31,281,1085,10,24,15250.35,Shipping Damage
3073,108759,20240625,2024-06-25,225,1091,4,28,20283.24,Customer Cancellation
3074,44865,20251209,2025-12-09,763,1107,6,7,10902.45,Other
3075,1879,20220501,2022-05-01,192,1196,1,10,2368.12,Wrong Configuration
3076,36938,20240818,2024-08-18,1035,1076,8,1,208.67,Defect
3077,19050,20241112,2024-11-12,1055,1182,4,1,277.34,Defect
3078,116949,20250605,2025-06-05,465,1127,6,66,4052.77,Customer Cancellation
3079,48471,20230914,2023-09-14,905,1136,1,6,498.43,Shipping Damage
3080,43754,20240629,2024-06-29,984,1020,6,21,12851.54,Customer Cancellation
3081,108623,20230428,2023-04-28,317,1193,6,4,877.4,Customer Cancellation
3082,28847,20250123,2025-01-23,933,1033,9,6,3450.4,Defect
3083,60410,20230310,2023-03-10,202,1048,8,1,361.38,Defect
3084,110125,20231123,2023-11-23,109,1017,1,1,1176.52,Defect
3085,8935,20250220,2025-02-20,1141,1080,2,46,39160.83,Defect
3086,117887,20251227,2025-12-27,74,1161,5,1,54.24,Wrong Configuration
3087,29120,20241003,2024-10-03,253,1148,5,8,5416.32,Customer Cancellation
3088,44538,20250119,2025-01-19,1052,1092,3,6,4761.7,Wrong Configuration
3089,75034,20250510,2025-05-10,695,1134,1,60,6496.97,Defect
3090,91935,20250612,2025-06-12,1172,1049,3,6,3010.12,Other
3091,75851,20230222,2023-02-22,923,1035,1,1,720.49,Shipping Damage
3092,38262,20240708,2024-07-08,344,1003,1,32,28811.87,Wrong Configuration
3093,88827,20251007,2025-10-07,323,1084,1,25,17366.57,Wrong Configuration
3094,98439,20220104,2022-01-04,665,1002,6,1,994.6,Other
3095,32653,20230428,2023-04-28,845,1092,10,4,3041.86,Wrong Configuration
3096,43474,20250503,2025-05-03,208,1023,1,21,9616.07,Shipping Damage
3097,111280,20250610,2025-06-10,754,1095,9,2,1668.62,Customer Cancellation
3098,32416,20241226,2024-12-26,418,1175,2,20,1111.02,Shipping Damage
3099,73503,20251023,2025-10-23,409,1133,4,3,222.54,Shipping Damage
3100,97709,20250610,2025-06-10,68,1007,4,1,1400.67,Defect
3101,87241,20250724,2025-07-24,169,1101,8,10,12158.72,Other
3102,54541,20251201,2025-12-01,988,1106,4,4,4510.48,Wrong Configuration
3103,22808,20250704,2025-07-04,612,1196,1,11,2901.24,Other
3104,24554,20250503,2025-05-03,834,1085,1,13,8830.5,Defect
3105,32578,20251115,2025-11-15,878,1099,4,2,1463.1,Defect
3106,47626,20230511,2023-05-11,1083,1028,9,10,5381.35,Wrong Configuration
3107,65451,20250115,2025-01-15,569,1093,1,5,4086.56,Customer Cancellation
3108,65752,20220414,2022-04-14,265,1132,2,9,824.43,Other
3109,105039,20240310,2024-03-10,981,1085,3,60,38509.78,Customer Cancellation
3110,17155,20240126,2024-01-26,684,1078,1,15,2435.2,Defect
3111,63435,20231006,2023-10-06,845,1070,10,4,1125.57,Defect
3112,70756,20250608,2025-06-08,1092,1198,9,24,6325.0,Wrong Configuration
3113,76980,20231118,2023-11-18,302,1004,2,7,8170.97,Wrong Configuration
3114,85668,20240207,2024-02-07,1069,1138,6,211,13097.82,Defect
3115,96591,20250501,2025-05-01,965,1028,2,1,574.52,Defect
3116,51403,20230412,2023-04-12,145,1106,2,12,14094.63,Wrong Configuration
3117,62652,20230916,2023-09-16,627,1087,8,13,6350.41,Defect
3118,96420,20241224,2024-12-24,1085,1198,6,18,4887.91,Defect
3119,66593,20240831,2024-08-31,1101,1045,6,2,976.62,Customer Cancellation
3120,112831,20250430,2025-04-30,465,1080,6,14,13985.57,Wrong Configuration
3121,39378,20250427,2025-04-27,783,1083,9,3,3258.92,Shipping Damage
3122,70255,20251223,2025-12-23,584,1008,9,18,17739.66,Shipping Damage
3123,47020,20250929,2025-09-29,395,1133,1,11,710.47,Other
3124,34863,20240725,2024-07-25,766,1033,4,4,2715.08,Shipping Damage
3125,6439,20250107,2025-01-07,979,1121,1,5,396.59,Wrong Configuration
3126,68098,20241115,2024-11-15,224,1012,2,7,8418.57,Defect
3127,68681,20251111,2025-11-11,684,1033,1,8,5729.21,Wrong Configuration
3128,36751,20210815,2021-08-15,395,1173,1,18,977.63,Customer Cancellation
3129,68775,20220601,2022-06-01,564,1002,10,8,7847.64,Shipping Damage
3130,62092,20240603,2024-06-03,656,1123,2,1,82.95,Other
3131,6285,20240824,2024-08-24,683,1041,10,1,362.6,Customer Cancellation
3132,105195,20240820,2024-08-20,155,1181,8,10,2500.57,Defect
3133,65764,20251015,2025-10-15,304,1092,10,3,2265.18,Wrong Configuration
3134,118689,20220708,2022-07-08,240,1085,1,1,783.01,Shipping Damage
3135,81247,20251018,2025-10-18,1000,1091,3,5,3754.77,Customer Cancellation
3136,87296,20231213,2023-12-13,583,1109,10,4,6975.98,Defect
3137,49641,20251229,2025-12-29,952,1068,3,2,403.66,Defect
3138,78912,20240619,2024-06-19,866,1120,6,2,174.11,Customer Cancellation
3139,108829,20240704,2024-07-04,400,1054,3,27,11503.44,Defect
3140,13075,20231014,2023-10-14,882,1064,8,1,154.4,Customer Cancellation
3141,92045,20240420,2024-04-20,877,1003,1,7,7419.23,Other
3142,74369,20250104,2025-01-04,1179,1011,5,2,1910.55,Customer Cancellation
3143,7745,20241212,2024-12-12,545,1180,6,3,658.91,Wrong Configuration
3144,92067,20250908,2025-09-08,636,1182,3,18,5138.24,Wrong Configuration
3145,74999,20240911,2024-09-11,862,1164,3,6,229.42,Shipping Damage
3146,63731,20250108,2025-01-08,469,1065,2,4,571.53,Other
3147,40035,20231118,2023-11-18,878,1082,4,16,13353.39,Defect
3148,66866,20250102,2025-01-02,702,1104,7,29,43760.51,Customer Cancellation
3149,119990,20231028,2023-10-28,829,1038,1,1,462.94,Defect
3150,7875,20240204,2024-02-04,534,1124,5,1,56.06,Other
3151,4846,20230422,2023-04-22,951,1177,6,8,491.7,Defect
3152,37205,20231225,2023-12-25,945,1144,6,26,14273.75,Other
3153,32512,20250519,2025-05-19,44,1013,5,24,15654.06,Shipping Damage
3154,94453,20251226,2025-12-26,1108,1039,2,2,1964.28,Customer Cancellation
3155,83217,20240722,2024-07-22,1116,1011,5,13,10253.33,Customer Cancellation
3156,92407,20230202,2023-02-02,170,1117,9,10,13978.95,Defect
3157,66053,20210511,2021-05-11,713,1051,4,4,1468.44,Wrong Configuration
3158,94402,20241118,2024-11-18,192,1159,1,13,8177.25,Defect
3159,85808,20250710,2025-07-10,539,1020,6,1,808.54,Defect
3160,70722,20240513,2024-05-13,1060,1118,2,21,24981.4,Other
3161,4737,20250816,2025-08-16,620,1061,3,8,2331.24,Other
3162,17028,20230501,2023-05-01,905,1188,1,1,200.71,Other
3163,49035,20250129,2025-01-29,446,1082,2,23,18584.07,Wrong Configuration
3164,84918,20231128,2023-11-28,756,1078,4,2,320.41,Customer Cancellation
3165,59929,20230824,2023-08-24,949,1064,1,2,306.11,Defect
3166,39379,20240427,2024-04-27,1158,1171,6,6,202.15,Customer Cancellation
3167,82847,20251207,2025-12-07,265,1180,2,18,3757.22,Shipping Damage
3168,8806,20240404,2024-04-04,1070,1024,5,15,8031.01,Other
3169,118749,20240720,2024-07-20,211,1164,2,7,317.71,Defect
3170,32105,20230709,2023-07-09,967,1040,7,5,1532.87,Shipping Damage
3171,40974,20240509,2024-05-09,519,1167,8,37,1965.09,Shipping Damage
3172,98670,20250623,2025-06-23,1154,1053,8,1,400.89,Wrong Configuration
3173,15216,20250227,2025-02-27,904,1071,3,3,480.95,Wrong Configuration
3174,114901,20230124,2023-01-24,742,1173,5,4,235.54,Defect
3175,20447,20230422,2023-04-22,708,1182,3,28,7200.12,Shipping Damage
3176,63382,20210513,2021-05-13,981,1080,3,9,6808.64,Wrong Configuration
3177,85559,20211215,2021-12-15,629,1077,1,36,6944.69,Customer Cancellation
3178,13226,20250405,2025-04-05,363,1185,8,13,2103.23,Wrong Configuration
3179,87820,20250627,2025-06-27,249,1028,3,4,2696.76,Defect
3180,70639,20250524,2025-05-24,849,1011,5,37,29157.36,Other
3181,116360,20211004,2021-10-04,636,1186,3,10,1539.92,Defect
3182,47057,20250122,2025-01-22,1,1131,5,2,184.43,Shipping Damage
3183,60796,20250922,2025-09-22,197,1070,1,3,940.52,Defect
3184,104745,20250608,2025-06-08,260,1052,6,23,7976.36,Other
3185,112780,20240314,2024-03-14,913,1009,7,3,2702.94,Shipping Damage
3186,31219,20250627,2025-06-27,1047,1106,4,3,4171.28,Wrong Configuration
3187,30707,20240524,2024-05-24,205,1008,5,24,23531.97,Defect
3188,84584,20251220,2025-12-20,458,1175,1,2,141.5,Defect
3189,104865,20240120,2024-01-20,27,1098,9,8,4952.05,Customer Cancellation
3190,2745,20251229,2025-12-29,216,1190,3,1,178.99,Defect
3191,46511,20250526,2025-05-26,1047,1109,4,3,5615.22,Wrong Configuration
3192,99174,20250227,2025-02-27,304,1166,10,7,287.46,Defect
3193,70739,20250330,2025-03-30,608,1017,4,1,890.13,Defect
3194,45101,20210831,2021-08-31,316,1122,7,7,411.04,Customer Cancellation
3195,46466,20251031,2025-10-31,584,1165,9,8,447.85,Wrong Configuration
3196,15427,20251229,2025-12-29,807,1038,1,8,3901.49,Defect
3197,81299,20251213,2025-12-13,593,1176,6,1,54.55,Defect
3198,51545,20240513,2024-05-13,923,1140,1,2,1753.4,Other
3199,104588,20231110,2023-11-10,627,1176,8,11,555.32,Defect
3200,58733,20251119,2025-11-19,968,1128,2,9,983.48,Wrong Configuration
3201,62105,20240512,2024-05-12,626,1132,6,8,718.49,Defect
3202,16526,20240303,2024-03-03,640,1067,1,39,6995.8,Shipping Damage
3203,40126,20240222,2024-02-22,358,1027,9,1,686.98,Wrong Configuration
3204,82295,20250310,2025-03-10,74,1028,5,1,616.61,Wrong Configuration
3205,116680,20241129,2024-11-29,979,1188,1,8,1603.51,Customer Cancellation
3206,116023,20240202,2024-02-02,124,1055,3,3,1198.02,Shipping Damage
3207,106310,20251225,2025-12-25,7,1158,4,15,9799.88,Shipping Damage
3208,71826,20240205,2024-02-05,48,1104,6,1,1651.71,Shipping Damage
3209,62528,20230320,2023-03-20,375,1063,8,1,130.39,Wrong Configuration
3210,38952,20240518,2024-05-18,313,1117,4,1,1669.04,Wrong Configuration
3211,114061,20231020,2023-10-20,565,1039,8,14,9697.56,Shipping Damage
3212,93417,20251122,2025-11-22,553,1003,3,1,1112.0,Defect
3213,57885,20241211,2024-12-11,1069,1082,6,26,18842.1,Defect
3214,81969,20220317,2022-03-17,598,1168,2,6,333.84,Customer Cancellation
3215,113762,20230511,2023-05-11,316,1147,7,20,13764.42,Defect
3216,42815,20220605,2022-06-05,622,1056,9,1,384.83,Defect
3217,95617,20221123,2022-11-23,355,1035,1,11,5915.24,Defect
3218,19037,20251107,2025-11-07,220,1132,6,1,105.83,Customer Cancellation
3219,43703,20250825,2025-08-25,685,1027,8,4,2969.66,Customer Cancellation
3220,42378,20230514,2023-05-14,37,1008,3,2,1792.18,Customer Cancellation
3221,13169,20231103,2023-11-03,629,1174,1,33,1782.94,Shipping Damage
3222,3312,20241023,2024-10-23,29,1038,8,1,444.75,Shipping Damage
3223,33553,20240720,2024-07-20,301,1155,10,16,9700.43,Defect
3224,78034,20250812,2025-08-12,281,1137,10,24,1948.5,Defect
3225,70871,20220217,2022-02-17,421,1176,5,9,413.55,Wrong Configuration
3226,15401,20230720,2023-07-20,351,1155,6,13,7876.79,Wrong Configuration
3227,14603,20250213,2025-02-13,170,1137,9,6,486.16,Defect
3228,30279,20230712,2023-07-12,249,1153,3,1,719.06,Defect
3229,38462,20230603,2023-06-03,1185,1103,6,3,3662.29,Defect
3230,1552,20240625,2024-06-25,241,1078,6,10,1805.36,Shipping Damage
3231,84490,20241022,2024-10-22,18,1005,1,3,3826.84,Wrong Configuration
3232,6272,20250607,2025-06-07,80,1008,1,2,2163.73,Wrong Configuration
3233,8296,20251109,2025-11-09,966,1095,2,3,2798.76,Wrong Configuration
3234,57453,20230728,2023-07-28,171,1022,1,3,1926.92,Defect
3235,9620,20230210,2023-02-10,192,1151,1,14,7386.05,Customer Cancellation
3236,25290,20220123,2022-01-23,1176,1183,6,4,1024.91,Customer Cancellation
3237,56271,20251129,2025-11-29,557,1191,1,6,1122.05,Wrong Configuration
3238,27017,20251228,2025-12-28,1081,1150,4,7,4182.92,Shipping Damage
3239,20954,20250611,2025-06-11,262,1020,1,1,754.59,Defect
3240,15758,20241015,2024-10-15,565,1064,8,24,4001.67,Defect
3241,78867,20240607,2024-06-07,534,1128,5,42,3214.93,Shipping Damage
3242,41125,20240630,2024-06-30,34,1028,9,9,5153.28,Defect
3243,25821,20250605,2025-06-05,1085,1014,6,42,34605.91,Other
3244,110572,20250306,2025-03-06,682,1066,8,4,738.84,Customer Cancellation
3245,5785,20231228,2023-12-28,757,1153,6,1,680.95,Other
3246,44429,20241219,2024-12-19,569,1025,1,10,5576.23,Defect
3247,110302,20230426,2023-04-26,1128,1013,7,13,8514.26,Customer Cancellation
3248,115148,20240625,2024-06-25,1077,1183,5,1,242.69,Other
3249,78457,20241031,2024-10-31,362,1046,5,4,2113.01,Defect
3250,104347,20241130,2024-11-30,445,1001,2,1,944.94,Defect
3251,103709,20250308,2025-03-08,161,1017,4,2,2240.59,Defect
3252,84680,20250203,2025-02-03,37,1122,3,20,1683.81,Defect
3253,103946,20251202,2025-12-02,849,1159,5,3,1853.27,Defect
3254,27354,20251209,2025-12-09,294,1130,1,1,85.3,Shipping Damage
3255,49630,20220412,2022-04-12,783,1131,9,5,447.69,Customer Cancellation
3256,78024,20230108,2023-01-08,1142,1181,1,1,240.83,Customer Cancellation
3257,53394,20231214,2023-12-14,209,1047,7,4,1434.49,Customer Cancellation
3258,8460,20250918,2025-09-18,1134,1082,9,6,5467.14,Customer Cancellation
3259,93985,20220926,2022-09-26,499,1079,6,40,6757.67,Defect
3260,78823,20220624,2022-06-24,304,1017,10,3,3296.72,Other
3261,106944,20251230,2025-12-30,399,1031,5,10,6362.52,Shipping Damage
3262,63444,20251030,2025-10-30,1086,1061,1,23,5635.34,Defect
3263,52020,20230212,2023-02-12,663,1000,7,1,1163.54,Defect
3264,19422,20251002,2025-10-02,238,1063,4,17,2366.26,Customer Cancellation
3265,16655,20251109,2025-11-09,251,1097,1,4,3270.59,Defect
3266,67781,20230413,2023-04-13,1144,1129,8,3,151.64,Customer Cancellation
3267,11533,20241108,2024-11-08,790,1126,6,1,86.01,Wrong Configuration
3268,84533,20250115,2025-01-15,11,1004,3,3,3336.14,Other
3269,66217,20231022,2023-10-22,254,1138,3,1,62.9,Shipping Damage
3270,51045,20230109,2023-01-09,171,1108,1,1,1243.26,Defect
3271,71009,20251228,2025-12-28,117,1069,1,6,923.19,Wrong Configuration
3272,113547,20230310,2023-03-10,567,1038,3,2,965.25,Defect
3273,11214,20230719,2023-07-19,932,1145,1,24,13738.67,Wrong Configuration
3274,57995,20240303,2024-03-03,385,1018,3,5,4135.7,Defect
3275,119707,20250516,2025-05-16,945,1191,6,9,1443.9,Customer Cancellation
3276,14567,20211013,2021-10-13,893,1118,1,7,7381.34,Shipping Damage
3277,5092,20251115,2025-11-15,211,1040,2,5,1618.44,Defect
3278,64200,20221015,2022-10-15,909,1188,10,48,9312.0,Shipping Damage
3279,65297,20231015,2023-10-15,149,1176,2,3,162.53,Shipping Damage
3280,89801,20250703,2025-07-03,52,1114,6,5,7953.35,Wrong Configuration
3281,57550,20250222,2025-02-22,33,1134,5,6,726.98,Customer Cancellation
3282,86652,20241226,2024-12-26,758,1055,10,26,10743.09,Wrong Configuration
3283,108685,20240528,2024-05-28,708,1125,3,15,1224.66,Wrong Configuration
3284,66324,20240620,2024-06-20,387,1036,8,8,4066.96,Shipping Damage
3285,66254,20230614,2023-06-14,387,1030,8,9,4486.18,Shipping Damage
3286,112987,20230114,2023-01-14,674,1092,8,2,1076.93,Customer Cancellation
3287,108432,20250210,2025-02-10,1059,1179,1,9,463.74,Shipping Damage
3288,17418,20240215,2024-02-15,1154,1003,8,7,7462.0,Customer Cancellation
3289,78745,20230201,2023-02-01,404,1137,4,1,75.94,Other
3290,3310,20220517,2022-05-17,815,1096,6,1,609.74,Shipping Damage
3291,105682,20221227,2022-12-27,1058,1079,1,1,170.9,Customer Cancellation
3292,66697,20241020,2024-10-20,401,1052,8,13,4638.04,Defect
3293,36665,20210328,2021-03-28,1061,1177,2,4,235.95,Defect
3294,2559,20251209,2025-12-09,784,1118,6,9,10509.44,Defect
3295,88245,20240523,2024-05-23,1162,1026,1,16,7422.39,Defect
3296,54912,20240326,2024-03-26,376,1038,6,4,1923.86,Defect
3297,114360,20240406,2024-04-06,916,1166,6,6,243.38,Shipping Damage
3298,91477,20250908,2025-09-08,61,1118,10,13,16668.54,Other
3299,21045,20251226,2025-12-26,136,1125,6,6,596.08,Shipping Damage
3300,71481,20241027,2024-10-27,990,1115,2,1,1643.87,Shipping Damage
3301,89004,20241206,2024-12-06,205,1140,5,13,9208.55,Defect
3302,46028,20250517,2025-05-17,340,1197,1,2,438.29,Wrong Configuration
3303,89269,20221011,2022-10-11,545,1116,6,11,15967.22,Other
3304,70625,20230314,2023-03-14,1128,1105,7,13,13806.91,Defect
3305,78651,20220508,2022-05-08,769,1110,5,17,21047.6,Wrong Configuration
3306,88788,20221222,2022-12-22,75,1143,2,2,1317.41,Wrong Configuration
3307,72163,20251128,2025-11-28,1197,1163,9,1,55.27,Shipping Damage
3308,79349,20240703,2024-07-03,1162,1064,1,94,13985.11,Shipping Damage
3309,49337,20250126,2025-01-26,868,1181,10,5,1361.78,Other
3310,13271,20251215,2025-12-15,950,1023,5,19,10717.23,Defect
3311,67856,20250910,2025-09-10,239,1047,5,3,1190.05,Wrong Configuration
3312,55590,20251230,2025-12-30,496,1198,4,7,2066.25,Shipping Damage
3313,99477,20221107,2022-11-07,170,1037,9,5,3425.52,Defect
3314,31800,20240911,2024-09-11,1090,1085,3,1,612.35,Defect
3315,30993,20240118,2024-01-18,487,1097,1,4,3128.2,Defect
3316,2990,20250127,2025-01-27,1052,1100,3,1,1433.61,Defect
3317,35593,20240528,2024-05-28,936,1098,1,2,1250.13,Customer Cancellation
3318,51047,20211003,2021-10-03,376,1147,6,8,5781.95,Customer Cancellation
3319,41151,20251208,2025-12-08,694,1005,9,1,1273.14,Wrong Configuration
3320,47601,20241126,2024-11-26,872,1125,6,2,206.39,Shipping Damage
3321,85648,20250307,2025-03-07,351,1069,6,7,1224.76,Customer Cancellation
3322,14862,20240608,2024-06-08,913,1000,7,4,4551.95,Defect
3323,56902,20241021,2024-10-21,1025,1170,6,1,54.41,Wrong Configuration
3324,39799,20240327,2024-03-27,1092,1147,9,13,8298.39,Wrong Configuration
3325,32852,20230406,2023-04-06,1091,1196,10,1,256.11,Defect
3326,117181,20241104,2024-11-04,351,1105,6,8,8411.55,Wrong Configuration
3327,19650,20221118,2022-11-18,1158,1167,6,26,1633.34,Customer Cancellation
3328,119052,20231201,2023-12-01,205,1036,5,12,4982.71,Defect
3329,4689,20230307,2023-03-07,695,1102,1,7,9465.12,Shipping Damage
3330,24477,20250518,2025-05-18,514,1013,10,1,770.58,Defect
3331,28293,20250909,2025-09-09,694,1084,9,16,12001.33,Defect
3332,28264,20230919,2023-09-19,650,1123,6,2,153.66,Defect
3333,58137,20250824,2025-08-24,730,1015,2,11,7885.4,Defect
3334,73210,20240210,2024-02-10,1000,1145,3,8,5398.28,Shipping Damage
3335,74662,20220521,2022-05-21,1158,1140,6,23,12975.68,Other
3336,118891,20230722,2023-07-22,913,1085,7,5,3362.42,Wrong Configuration
3337,78114,20251225,2025-12-25,67,1033,6,30,22547.18,Customer Cancellation
3338,105210,20231104,2023-11-04,238,1192,4,15,3748.78,Defect
3339,115883,20220530,2022-05-30,834,1039,1,11,7743.41,Wrong Configuration
3340,68150,20250209,2025-02-09,99,1022,3,2,1305.29,Shipping Damage
3341,19182,20241128,2024-11-28,281,1064,10,15,2041.64,Wrong Configuration
3342,62624,20251031,2025-10-31,102,1109,1,8,12896.86,Defect
3343,35360,20240731,2024-07-31,44,1170,5,15,688.88,Customer Cancellation
3344,111743,20240229,2024-02-29,1164,1127,6,14,920.7,Other
3345,8602,20230805,2023-08-05,758,1003,10,4,3651.22,Defect
3346,114870,20250720,2025-07-20,872,1123,6,1,87.95,Customer Cancellation
3347,20548,20250111,2025-01-11,45,1134,6,16,1957.75,Defect
3348,52134,20240328,2024-03-28,957,1064,6,16,2422.46,Defect
3349,107560,20240930,2024-09-30,251,1010,1,1,735.32,Customer Cancellation
3350,115864,20230512,2023-05-12,184,1070,5,1,313.5,Customer Cancellation
3351,10435,20220207,2022-02-07,769,1038,5,8,3321.36,Customer Cancellation
3352,62426,20220916,2022-09-16,1197,1169,9,2,123.11,Defect
3353,93679,20241022,2024-10-22,1126,1052,5,1,388.18,Defect
3354,80796,20250321,2025-03-21,708,1098,3,4,2545.17,Customer Cancellation
3355,106148,20251212,2025-12-12,171,1028,1,1,510.43,Shipping Damage
3356,97471,20250408,2025-04-08,578,1193,2,19,3702.16,Wrong Configuration
3357,97063,20250813,2025-08-13,901,1083,1,4,4467.41,Wrong Configuration
3358,95480,20250905,2025-09-05,8,1091,4,1,801.39,Wrong Configuration
3359,49861,20240115,2024-01-15,875,1036,10,35,16025.27,Shipping Damage
3360,39518,20241016,2024-10-16,272,1128,2,2,219.89,Wrong Configuration
3361,73257,20251216,2025-12-16,763,1044,6,2,828.83,Wrong Configuration
3362,37521,20241203,2024-12-03,928,1119,6,29,40980.15,Defect
3363,96075,20250317,2025-03-17,1134,1006,9,7,7401.68,Other
3364,38562,20230307,2023-03-07,803,1054,3,2,912.66,Shipping Damage
3365,71953,20240320,2024-03-20,706,1194,8,3,901.87,Wrong Configuration
3366,50132,20250811,2025-08-11,576,1134,6,12,1373.56,Customer Cancellation
3367,73144,20240805,2024-08-05,762,1117,2,5,7836.52,Defect
3368,38173,20240801,2024-08-01,656,1082,2,2,1863.94,Other
3369,59951,20230114,2023-01-14,540,1017,2,1,1048.74,Shipping Damage
3370,42795,20250715,2025-07-15,29,1139,8,2,165.31,Wrong Configuration
3371,78239,20251220,2025-12-20,410,1117,6,13,19814.01,Wrong Configuration
3372,47430,20250417,2025-04-17,733,1118,8,4,4747.78,Shipping Damage
3373,36523,20240601,2024-06-01,684,1082,1,4,3568.24,Shipping Damage
3374,22697,20230526,2023-05-26,909,1195,10,19,4130.79,Defect
3375,76049,20240805,2024-08-05,576,1156,6,9,5277.26,Wrong Configuration
3376,64125,20241205,2024-12-05,966,1019,2,9,8602.02,Shipping Damage
3377,26667,20231121,2023-11-21,891,1168,7,3,167.62,Shipping Damage
3378,65622,20240214,2024-02-14,1152,1039,2,5,4510.23,Wrong Configuration
3379,96738,20250128,2025-01-28,85,1088,1,30,25098.65,Customer Cancellation
3380,30642,20220517,2022-05-17,66,1187,10,1,278.6,Wrong Configuration
3381,20886,20231210,2023-12-10,121,1016,6,5,5185.43,Other
3382,55509,20240311,2024-03-11,952,1023,3,5,2880.83,Defect
3383,87548,20240802,2024-08-02,1047,1097,4,2,1428.58,Shipping Damage
3384,14619,20210510,2021-05-10,565,1096,8,20,11891.36,Customer Cancellation
3385,81068,20250512,2025-05-12,1023,1193,8,2,516.02,Other
3386,97851,20231223,2023-12-23,1055,1127,4,1,65.23,Customer Cancellation
3387,33801,20221120,2022-11-20,988,1164,4,7,252.99,Defect
3388,78333,20250527,2025-05-27,596,1114,3,6,10961.78,Other
3389,98217,20240803,2024-08-03,263,1186,2,13,2431.44,Customer Cancellation
3390,76515,20220115,2022-01-15,974,1124,7,7,501.25,Other
3391,4892,20241027,2024-10-27,906,1146,9,7,3955.26,Shipping Damage
3392,74868,20250827,2025-08-27,855,1118,5,32,33908.02,Defect
3393,102323,20240712,2024-07-12,1032,1040,6,5,1582.16,Defect
3394,109440,20251129,2025-11-29,1017,1006,1,6,6902.15,Wrong Configuration
3395,25441,20250419,2025-04-19,1182,1045,6,3,1352.92,Wrong Configuration
3396,23888,20240816,2024-08-16,723,1031,5,2,1331.96,Other
3397,65322,20230112,2023-01-12,684,1002,1,9,8850.87,Customer Cancellation
3398,7442,20251216,2025-12-16,769,1107,5,16,21985.34,Customer Cancellation
3399,49902,20250102,2025-01-02,417,1030,6,22,9943.15,Defect
3400,96776,20251107,2025-11-07,277,1109,1,11,16001.41,Defect
3401,109375,20240520,2024-05-20,891,1003,7,5,5169.64,Other
3402,24111,20240117,2024-01-17,842,1017,1,8,7992.09,Shipping Damage
3403,58715,20240322,2024-03-22,1109,1090,4,3,2101.04,Defect
3404,55618,20240727,2024-07-27,957,1171,6,12,547.77,Defect
3405,44603,20250222,2025-02-22,100,1022,8,1,698.36,Other
3406,18528,20250717,2025-07-17,834,1128,1,30,2869.49,Defect
3407,81065,20210524,2021-05-24,589,1168,2,7,388.72,Wrong Configuration
3408,26120,20251224,2025-12-24,692,1118,4,28,29478.01,Other
3409,85425,20220909,2022-09-09,21,1009,2,22,16129.02,Defect
3410,86391,20240804,2024-08-04,1141,1005,2,16,18848.24,Wrong Configuration
3411,48024,20250611,2025-06-11,465,1194,6,9,2147.4,Customer Cancellation
3412,24537,20240224,2024-02-24,251,1170,1,4,208.73,Wrong Configuration
3413,100662,20251212,2025-12-12,85,1002,1,13,14097.76,Shipping Damage
3414,118641,20250414,2025-04-14,565,1115,8,8,11318.04,Wrong Configuration
3415,115047,20250222,2025-02-22,773,1057,10,2,947.95,Defect
3416,81888,20231126,2023-11-26,358,1168,9,1,61.64,Wrong Configuration
3417,104428,20220327,2022-03-27,432,1199,2,5,1196.11,Shipping Damage
3418,36169,20250218,2025-02-18,629,1191,1,3,476.29,Defect
3419,93211,20250822,2025-08-22,1043,1156,1,1,645.35,Defect
3420,97871,20240402,2024-04-02,416,1000,9,15,16632.67,Other
3421,15886,20250904,2025-09-04,875,1044,10,8,2759.57,Defect
3422,36776,20230528,2023-05-28,316,1126,7,3,243.3,Other
3423,85475,20231011,2023-10-11,89,1155,9,23,14464.08,Wrong Configuration
3424,108401,20231227,2023-12-27,37,1006,3,26,28945.37,Defect
3425,101964,20240125,2024-01-25,417,1023,6,32,14488.67,Other
3426,79878,20230222,2023-02-22,779,1085,5,21,12310.92,Defect
3427,4529,20250329,2025-03-29,115,1125,4,1,107.47,Customer Cancellation
3428,10053,20230213,2023-02-13,1178,1013,1,3,2235.03,Defect
3429,43506,20241115,2024-11-15,407,1036,4,3,1506.7,Other
3430,63246,20240412,2024-04-12,465,1028,6,25,13720.43,Defect
3431,12879,20240501,2024-05-01,1076,1172,7,31,1779.77,Shipping Damage
3432,102534,20231105,2023-11-05,1154,1148,8,3,1856.2,Defect
3433,64250,20250803,2025-08-03,684,1005,1,8,9337.64,Wrong Configuration
3434,94784,20230317,2023-03-17,51,1138,5,9,548.87,Customer Cancellation
3435,3687,20250712,2025-07-12,578,1066,2,61,9771.49,Wrong Configuration
3436,9199,20230515,2023-05-15,1008,1022,6,3,1945.74,Shipping Damage
3437,57331,20251124,2025-11-24,219,1153,1,12,7619.25,Wrong Configuration
3438,30201,20230714,2023-07-14,642,1051,9,12,4532.36,Wrong Configuration
3439,81543,20210926,2021-09-26,37,1137,3,11,756.46,Shipping Damage
3440,85565,20240313,2024-03-13,985,1153,10,23,13311.93,Defect
3441,53805,20251230,2025-12-30,418,1193,2,9,2129.04,Customer Cancellation
3442,86661,20230914,2023-09-14,274,1149,5,2,1284.03,Defect
3443,47073,20240505,2024-05-05,236,1126,6,5,428.28,Defect
3444,1835,20251224,2025-12-24,291,1150,6,1,612.97,Defect
3445,110120,20240305,2024-03-05,1081,1099,4,25,17357.16,Customer Cancellation
3446,39153,20251029,2025-10-29,835,1186,2,1,198.81,Customer Cancellation
3447,84914,20250529,2025-05-29,729,1062,1,28,4641.64,Defect
3448,78020,20251228,2025-12-28,528,1026,8,3,1605.73,Defect
3449,77462,20251119,2025-11-19,37,1068,3,9,1946.59,Shipping Damage
3450,80064,20230307,2023-03-07,1073,1018,7,1,862.58,Customer Cancellation
3451,109273,20241019,2024-10-19,121,1187,6,1,264.45,Shipping Damage
3452,50641,20250904,2025-09-04,878,1093,4,16,12165.01,Defect
3453,95290,20241026,2024-10-26,1111,1013,2,18,10695.87,Customer Cancellation
3454,6791,20240731,2024-07-31,988,1178,4,29,1178.01,Customer Cancellation
3455,112510,20230119,2023-01-19,1176,1002,6,1,1040.14,Other
3456,61574,20240321,2024-03-21,25,1062,6,1,171.58,Shipping Damage
3457,96057,20251231,2025-12-31,170,1137,9,7,588.71,Customer Cancellation
3458,78522,20240623,2024-06-23,887,1005,8,2,2437.11,Defect
3459,113565,20251108,2025-11-08,179,1186,6,12,2060.48,Other
3460,29712,20240819,2024-08-19,232,1098,6,2,1300.8,Defect
3461,104889,20240415,2024-04-15,770,1191,2,5,935.95,Wrong Configuration
3462,28151,20240715,2024-07-15,737,1160,1,3,179.02,Shipping Damage
3463,53725,20220414,2022-04-14,117,1039,1,13,8207.78,Wrong Configuration
3464,1230,20250219,2025-02-19,848,1063,1,13,1742.82,Customer Cancellation
3465,111689,20240117,2024-01-17,128,1048,2,6,1994.87,Defect
3466,42988,20230206,2023-02-06,1034,1044,5,54,18773.64,Customer Cancellation
3467,2747,20240110,2024-01-10,7,1083,4,79,84433.7,Defect
3468,94628,20241217,2024-12-17,359,1030,4,15,7181.88,Defect
3469,15596,20221110,2022-11-10,631,1016,4,6,5759.18,Defect
3470,117016,20220210,2022-02-10,107,1020,3,3,2048.05,Defect
3471,70692,20241015,2024-10-15,769,1085,5,19,12683.43,Shipping Damage
3472,77227,20250530,2025-05-30,560,1021,3,2,1157.25,Defect
3473,51400,20251216,2025-12-16,546,1185,3,1,193.09,Customer Cancellation
3474,87178,20251202,2025-12-02,578,1122,2,22,1687.77,Defect
3475,37097,20230711,2023-07-11,407,1006,4,2,2062.88,Wrong Configuration
3476,70219,20251209,2025-12-09,338,1131,5,31,2305.23,Other
3477,102970,20220916,2022-09-16,1162,1033,1,6,3853.86,Wrong Configuration
3478,94500,20231120,2023-11-20,119,1182,4,1,271.63,Defect
3479,79991,20230513,2023-05-13,9,1183,1,1,277.29,Customer Cancellation
3480,69271,20240121,2024-01-21,1026,1079,4,12,2125.81,Customer Cancellation
3481,35694,20240822,2024-08-22,1086,1197,1,22,4400.72,Defect
3482,39177,20240831,2024-08-31,935,1182,2,3,894.94,Wrong Configuration
3483,38089,20250221,2025-02-21,262,1179,1,1,57.38,Defect
3484,91571,20240310,2024-03-10,1039,1029,9,3,1495.2,Other
3485,113835,20250129,2025-01-29,832,1083,9,26,26149.51,Customer Cancellation
3486,112912,20251116,2025-11-16,703,1012,1,3,2693.93,Customer Cancellation
3487,58215,20220809,2022-08-09,454,1195,2,5,1257.28,Defect
3488,43183,20230909,2023-09-09,636,1004,3,5,5360.81,Wrong Configuration
3489,31349,20231021,2023-10-21,77,1129,6,3,157.86,Shipping Damage
3490,115827,20240819,2024-08-19,1079,1117,5,19,29983.92,Defect
3491,42816,20250726,2025-07-26,425,1190,5,5,770.15,Customer Cancellation
3492,99765,20250406,2025-04-06,734,1168,5,9,578.27,Wrong Configuration
3493,49849,20230218,2023-02-18,32,1183,1,1,259.07,Shipping Damage
3494,111419,20240331,2024-03-31,95,1160,6,1,63.09,Wrong Configuration
3495,99664,20230923,2023-09-23,32,1175,1,5,286.15,Defect
3496,22452,20251105,2025-11-05,1050,1114,1,4,6760.21,Customer Cancellation
3497,114424,20240930,2024-09-30,855,1015,5,14,8270.45,Defect
3498,55376,20250125,2025-01-25,321,1025,6,43,24486.0,Wrong Configuration
3499,92439,20230224,2023-02-24,855,1098,5,9,4774.46,Wrong Configuration
3500,110877,20250403,2025-04-03,707,1088,6,14,12727.38,Other
3501,59331,20241126,2024-11-26,470,1016,3,25,25042.63,Wrong Configuration
3502,12866,20240908,2024-09-08,526,1087,6,26,13231.8,Customer Cancellation
3503,69221,20240202,2024-02-02,546,1169,3,9,591.43,Shipping Damage
3504,90814,20250118,2025-01-18,599,1100,6,4,5930.22,Wrong Configuration
3505,50025,20250528,2025-05-28,700,1169,7,3,165.47,Other
3506,4248,20251130,2025-11-30,833,1172,3,2,130.19,Defect
3507,45003,20241023,2024-10-23,476,1139,2,3,255.87,Wrong Configuration
3508,46713,20251231,2025-12-31,410,1168,6,20,1277.95,Customer Cancellation
3509,67155,20251217,2025-12-17,100,1109,8,4,7304.98,Defect
3510,54256,20240429,2024-04-29,126,1130,2,1,85.89,Defect
3511,3019,20231120,2023-11-20,588,1139,5,12,879.38,Customer Cancellation
3512,12465,20241125,2024-11-25,1026,1130,4,19,1473.98,Wrong Configuration
3513,79182,20240601,2024-06-01,982,1011,1,14,11561.83,Defect
3514,61510,20240117,2024-01-17,104,1071,3,3,479.13,Defect
3515,95208,20240715,2024-07-15,268,1042,9,6,2422.28,Defect
3516,8584,20250310,2025-03-10,38,1035,2,1,615.65,Wrong Configuration
3517,63336,20240426,2024-04-26,473,1024,6,21,10762.41,Defect
3518,25146,20250706,2025-07-06,933,1029,9,75,43112.44,Customer Cancellation
3519,1425,20240123,2024-01-23,631,1180,4,3,659.01,Shipping Damage
3520,63575,20231223,2023-12-23,89,1151,9,3,1527.2,Customer Cancellation
3521,7480,20240318,2024-03-18,359,1100,4,23,27827.22,Wrong Configuration
3522,98938,20251230,2025-12-30,234,1197,1,1,238.62,Defect
3523,66601,20210409,2021-04-09,316,1001,7,6,4642.49,Defect
3524,119791,20220607,2022-06-07,267,1188,9,4,845.28,Wrong Configuration
3525,114357,20220925,2022-09-25,423,1075,1,6,1250.22,Defect
3526,35835,20211210,2021-12-10,147,1136,4,4,305.82,Shipping Damage
3527,42758,20240329,2024-03-29,684,1082,1,14,12063.34,Defect
3528,36126,20250928,2025-09-28,799,1192,4,14,3446.15,Defect
3529,90613,20241018,2024-10-18,435,1092,1,9,7151.22,Customer Cancellation
3530,33274,20250901,2025-09-01,276,1087,1,1,531.93,Other
3531,88395,20250419,2025-04-19,866,1192,6,1,272.58,Defect
3532,76021,20231004,2023-10-04,945,1007,6,16,18601.11,Shipping Damage
3533,106766,20251208,2025-12-08,175,1108,5,7,9554.74,Customer Cancellation
3534,83187,20240915,2024-09-15,119,1028,4,1,601.71,Wrong Configuration
3535,29393,20230514,2023-05-14,688,1017,1,5,4391.65,Defect
3536,62564,20251201,2025-12-01,1085,1051,6,13,5377.4,Other
3537,5411,20241026,2024-10-26,769,1084,5,6,4071.64,Customer Cancellation
3538,19967,20240709,2024-07-09,431,1130,1,4,315.31,Customer Cancellation
3539,53777,20240425,2024-04-25,575,1047,3,11,3466.44,Defect
3540,109627,20240411,2024-04-11,441,1156,7,12,6387.51,Customer Cancellation
3541,102855,20240404,2024-04-04,392,1161,4,23,988.94,Defect
3542,77011,20250803,2025-08-03,848,1074,1,23,3830.28,Wrong Configuration
3543,43439,20230626,2023-06-26,913,1122,7,5,450.36,Wrong Configuration
3544,96770,20240416,2024-04-16,191,1117,9,35,49121.59,Shipping Damage
3545,71678,20240626,2024-06-26,979,1044,1,5,1793.97,Defect
3546,114109,20241227,2024-12-27,1085,1169,6,16,983.45,Shipping Damage
3547,9265,20230726,2023-07-26,401,1013,8,11,8857.83,Defect
3548,64489,20251224,2025-12-24,548,1058,8,21,9516.12,Defect
3549,42634,20230624,2023-06-24,905,1156,1,5,3280.62,Customer Cancellation
3550,100494,20250116,2025-01-16,393,1100,7,7,9460.1,Defect
3551,85252,20231229,2023-12-29,1081,1111,4,11,16163.32,Shipping Damage
3552,89643,20241108,2024-11-08,1079,1071,5,16,2721.99,Customer Cancellation
3553,106602,20240529,2024-05-29,1105,1005,4,1,1260.98,Wrong Configuration
3554,15891,20251230,2025-12-30,67,1171,6,31,1472.02,Customer Cancellation
3555,56174,20241211,2024-12-11,185,1060,4,8,913.11,Shipping Damage
3556,81010,20250429,2025-04-29,754,1195,9,1,234.23,Defect
3557,100665,20250904,2025-09-04,709,1115,6,6,9572.23,Shipping Damage
3558,76879,20241209,2024-12-09,316,1023,7,16,8472.07,Wrong Configuration
3559,85387,20231109,2023-11-09,999,1038,4,4,1695.57,Defect
3560,34756,20250620,2025-06-20,758,1074,10,1,154.55,Defect
3561,99505,20240513,2024-05-13,183,1172,8,2,112.16,Defect
3562,31924,20241210,2024-12-10,926,1144,1,1,694.73,Defect
3563,58622,20250718,2025-07-18,986,1094,1,1,838.14,Other
3564,67901,20221228,2022-12-28,584,1108,9,27,27363.55,Defect
3565,12832,20251030,2025-10-30,1131,1138,6,3,206.64,Customer Cancellation
3566,17709,20250704,2025-07-04,351,1086,6,3,1973.98,Defect
3567,4576,20240920,2024-09-20,695,1131,1,11,967.54,Other
3568,89627,20240209,2024-02-09,191,1040,9,23,6572.36,Defect
3569,51906,20251231,2025-12-31,1034,1059,5,15,5188.34,Defect
3570,21292,20240612,2024-06-12,260,1166,6,200,7407.27,Customer Cancellation
3571,73872,20250511,2025-05-11,400,1137,3,3,265.33,Wrong Configuration
3572,105501,20240926,2024-09-26,1130,1022,2,8,5131.3,Customer Cancellation
3573,52190,20221125,2022-11-25,938,1028,1,1,526.36,Customer Cancellation
3574,59239,20230115,2023-01-15,988,1079,4,11,1803.33,Wrong Configuration
3575,54011,20241112,2024-11-12,688,1135,1,9,743.79,Defect
3576,90609,20250910,2025-09-10,546,1175,3,3,170.77,Customer Cancellation
3577,90353,20240601,2024-06-01,1032,1131,6,1,85.87,Wrong Configuration
3578,82732,20240619,2024-06-19,662,1169,3,16,994.89,Customer Cancellation
3579,61521,20250205,2025-02-05,666,1129,3,3,152.42,Defect
3580,69381,20250817,2025-08-17,1065,1128,1,1,119.09,Customer Cancellation
3581,31213,20250516,2025-05-16,88,1134,3,39,4843.72,Customer Cancellation
3582,29308,20250807,2025-08-07,716,1132,1,1,99.16,Defect
3583,76158,20230131,2023-01-31,1044,1012,2,3,2836.67,Other
3584,87098,20241110,2024-11-10,688,1146,1,14,7576.35,Customer Cancellation
3585,119957,20240222,2024-02-22,758,1183,10,27,7328.45,Other
3586,38357,20250328,2025-03-28,301,1050,10,32,11325.98,Customer Cancellation
3587,118472,20241212,2024-12-12,1116,1180,5,31,7174.62,Defect
3588,99643,20251220,2025-12-20,942,1092,5,5,3753.21,Wrong Configuration
3589,68177,20251216,2025-12-16,1189,1021,3,3,1816.2,Customer Cancellation
3590,101468,20220203,2022-02-03,1020,1083,5,5,5278.21,Defect
3591,101609,20231219,2023-12-19,434,1088,6,1,975.57,Defect
3592,65140,20231013,2023-10-13,1081,1129,4,8,384.91,Customer Cancellation
3593,30017,20240119,2024-01-19,303,1128,1,26,2391.08,Defect
3594,2276,20241116,2024-11-16,475,1050,1,5,1821.81,Customer Cancellation
3595,90542,20230502,2023-05-02,530,1005,7,17,18161.53,Wrong Configuration
3596,42039,20220527,2022-05-27,291,1090,6,1,781.52,Defect
3597,17438,20240620,2024-06-20,995,1156,4,1,647.55,Customer Cancellation
3598,80851,20220702,2022-07-02,1045,1012,2,1,1025.84,Customer Cancellation
3599,87950,20220222,2022-02-22,783,1008,9,4,3963.0,Shipping Damage
3600,108819,20250730,2025-07-30,470,1085,3,35,21544.25,Wrong Configuration
3601,14508,20230423,2023-04-23,753,1011,6,21,15987.48,Wrong Configuration
3602,4503,20240216,2024-02-16,1076,1142,7,4,2581.25,Defect
3603,96607,20220414,2022-04-14,584,1077,9,7,1403.51,Customer Cancellation
3604,367,20251005,2025-10-05,425,1075,5,4,908.48,Defect
3605,68998,20250817,2025-08-17,387,1023,8,12,7223.46,Defect
3606,115888,20250323,2025-03-23,687,1177,1,1,76.49,Wrong Configuration
3607,55036,20250319,2025-03-19,642,1046,9,5,2475.88,Wrong Configuration
3608,32158,20240121,2024-01-21,531,1078,7,4,684.31,Defect
3609,9562,20240115,2024-01-15,27,1008,9,2,2209.75,Defect
3610,115485,20250302,2025-03-02,988,1065,4,21,2517.59,Other
3611,92049,20240922,2024-09-22,775,1066,4,3,552.95,Defect
3612,13904,20230608,2023-06-08,1179,1005,5,3,3265.81,Defect
3613,52583,20250821,2025-08-21,104,1131,3,1,95.5,Defect
3614,61865,20250422,2025-04-22,663,1011,7,4,3939.15,Wrong Configuration
3615,37534,20221214,2022-12-14,723,1009,5,6,4530.13,Customer Cancellation
3616,89350,20250606,2025-06-06,232,1075,6,1,219.54,Defect
3617,2458,20240528,2024-05-28,977,1189,6,8,1877.67,Wrong Configuration
3618,48481,20250205,2025-02-05,984,1064,6,12,1552.31,Shipping Damage
3619,84581,20231123,2023-11-23,767,1111,4,1,1724.44,Wrong Configuration
3620,67752,20240526,2024-05-26,1026,1018,4,3,2718.91,Defect
3621,2340,20250206,2025-02-06,415,1199,5,6,1644.56,Defect
3622,27320,20230528,2023-05-28,707,1083,6,4,4134.91,Wrong Configuration
3623,8590,20240122,2024-01-22,1154,1083,8,13,12451.97,Defect
3624,14169,20251231,2025-12-31,1153,1050,1,14,5729.6,Customer Cancellation
3625,25498,20250317,2025-03-17,191,1108,9,4,4765.62,Other
3626,7474,20221009,2022-10-09,85,1157,1,7,3323.89,Other
3627,86654,20231114,2023-11-14,191,1141,9,17,10581.25,Defect
3628,29973,20240226,2024-02-26,429,1064,1,1,153.0,Other
3629,92152,20250508,2025-05-08,495,1030,2,15,7742.02,Other
3630,106908,20231229,2023-12-29,419,1009,1,19,12754.51,Other
3631,20450,20241116,2024-11-16,613,1191,1,43,7639.19,Customer Cancellation
3632,50176,20251227,2025-12-27,401,1083,8,12,11931.82,Other
3633,10582,20250316,2025-03-16,113,1052,3,3,1143.1,Shipping Damage
3634,49314,20240414,2024-04-14,582,1111,5,2,3552.64,Customer Cancellation
3635,47195,20240211,2024-02-11,710,1054,1,2,909.76,Defect
3636,2853,20231203,2023-12-03,46,1097,9,1,817.65,Customer Cancellation
3637,46458,20241023,2024-10-23,335,1183,5,5,1242.56,Shipping Damage
3638,29824,20250721,2025-07-21,779,1028,5,11,5921.57,Customer Cancellation
3639,24898,20240406,2024-04-06,878,1003,4,39,34827.13,Defect
3640,105010,20230322,2023-03-22,794,1108,6,2,2571.14,Wrong Configuration
3641,67348,20230629,2023-06-29,316,1028,7,6,2999.63,Customer Cancellation
3642,6387,20250105,2025-01-05,952,1106,3,1,1444.96,Defect
3643,75126,20240217,2024-02-17,702,1053,7,32,11762.2,Defect
3644,75894,20230525,2023-05-25,684,1033,1,10,6733.33,Other
3645,110566,20250120,2025-01-20,102,1140,1,10,7097.68,Customer Cancellation
3646,62977,20251119,2025-11-19,129,1128,2,1,108.18,Customer Cancellation
3647,24293,20241006,2024-10-06,807,1030,1,7,3765.95,Other
3648,112409,20230701,2023-07-01,366,1008,4,1,1069.37,Customer Cancellation
3649,96480,20220421,2022-04-21,1044,1097,2,12,7676.66,Wrong Configuration
3650,83638,20240204,2024-02-04,130,1071,3,15,2093.27,Wrong Configuration
3651,56808,20250617,2025-06-17,152,1095,7,21,17405.92,Wrong Configuration
3652,59002,20250227,2025-02-27,898,1024,4,11,5842.61,Wrong Configuration
3653,75960,20231217,2023-12-17,721,1087,6,4,2241.05,Customer Cancellation
3654,86841,20240320,2024-03-20,34,1184,9,7,1343.39,Defect
3655,114184,20230501,2023-05-01,1126,1081,5,2,1458.23,Customer Cancellation
3656,71373,20230130,2023-01-30,575,1107,3,3,4772.29,Shipping Damage
3657,87094,20251217,2025-12-17,442,1032,1,35,19763.5,Wrong Configuration
3658,23684,20231003,2023-10-03,27,1132,9,3,262.44,Defect
3659,109045,20240526,2024-05-26,1153,1079,1,24,4019.82,Defect
3660,70290,20250814,2025-08-14,713,1099,4,4,3428.53,Customer Cancellation
3661,49582,20250609,2025-06-09,870,1099,6,11,8711.34,Defect
3662,94701,20251020,2025-10-20,272,1139,2,1,83.39,Shipping Damage
3663,42952,20250112,2025-01-12,935,1033,2,4,2827.33,Wrong Configuration
3664,106304,20220708,2022-07-08,712,1092,9,6,3774.17,Shipping Damage
3665,88115,20240219,2024-02-19,195,1015,4,2,1399.93,Shipping Damage
3666,13967,20230331,2023-03-31,904,1046,3,1,492.21,Defect
3667,105972,20240217,2024-02-17,684,1123,1,12,938.17,Shipping Damage
3668,59201,20250616,2025-06-16,475,1035,1,1,769.47,Defect
3669,33966,20250912,2025-09-12,277,1137,1,16,1147.55,Wrong Configuration
3670,95234,20220623,2022-06-23,915,1172,4,3,177.71,Defect
3671,117130,20240521,2024-05-21,784,1004,6,1,1210.99,Customer Cancellation
3672,46399,20250506,2025-05-06,4,1061,6,5,1440.76,Wrong Configuration
3673,117024,20230219,2023-02-19,702,1166,7,15,559.34,Customer Cancellation
3674,80721,20240314,2024-03-14,1085,1044,6,9,3192.19,Defect
3675,7540,20240622,2024-06-22,16,1197,4,3,610.48,Wrong Configuration
3676,30065,20220210,2022-02-10,124,1056,3,4,1357.16,Wrong Configuration
3677,105662,20251203,2025-12-03,551,1132,10,2,194.79,Wrong Configuration
3678,46962,20231101,2023-11-01,474,1182,5,3,737.34,Wrong Configuration
3679,65165,20230730,2023-07-30,1081,1117,4,186,278749.54,Wrong Configuration
3680,105710,20241023,2024-10-23,1083,1105,9,11,12314.41,Other
3681,65032,20230705,2023-07-05,536,1006,5,2,2007.91,Wrong Configuration
3682,29497,20251219,2025-12-19,538,1160,8,6,354.79,Wrong Configuration
3683,34708,20251228,2025-12-28,469,1099,2,4,2972.07,Other
3684,97954,20230529,2023-05-29,163,1037,1,35,23263.82,Customer Cancellation
3685,21679,20220525,2022-05-25,271,1129,4,20,1081.76,Shipping Damage
3686,113419,20210919,2021-09-19,762,1032,2,1,530.48,Shipping Damage
3687,33405,20240126,2024-01-26,323,1164,1,32,1179.28,Customer Cancellation
3688,50850,20240921,2024-09-21,1128,1186,7,4,757.5,Shipping Damage
3689,63222,20221106,2022-11-06,814,1199,10,5,1006.0,Other
3690,49348,20251207,2025-12-07,1136,1088,6,3,3073.17,Defect
3691,96560,20230711,2023-07-11,756,1110,4,1,1288.06,Other
3692,97490,20251029,2025-10-29,102,1091,1,12,8217.82,Defect
3693,28665,20250110,2025-01-10,898,1081,4,6,4097.56,Defect
3694,88308,20250228,2025-02-28,725,1122,1,39,2927.96,Shipping Damage
3695,112,20211208,2021-12-08,829,1028,1,1,494.09,Defect
3696,2391,20220806,2022-08-06,34,1148,9,10,6305.85,Wrong Configuration
3697,308,20231122,2023-11-22,513,1039,5,2,1515.44,Defect
3698,60263,20240527,2024-05-27,389,1111,6,3,5073.68,Customer Cancellation
3699,86867,20251222,2025-12-22,288,1123,2,7,655.86,Defect
3700,4498,20251226,2025-12-26,534,1081,5,22,14047.09,Defect
3701,27642,20231204,2023-12-04,564,1098,10,8,4654.48,Defect
3702,31876,20250107,2025-01-07,268,1120,9,6,524.94,Defect
3703,72735,20230212,2023-02-12,453,1195,8,1,244.61,Customer Cancellation
3704,24731,20251221,2025-12-21,777,1095,1,2,1704.78,Defect
3705,99500,20241124,2024-11-24,882,1056,8,8,2642.91,Customer Cancellation
3706,116122,20241102,2024-11-02,783,1173,9,1,63.77,Wrong Configuration
3707,89942,20250105,2025-01-05,1031,1158,6,1,781.75,Shipping Damage
3708,83784,20250707,2025-07-07,879,1076,4,1,179.83,Defect
3709,105184,20241206,2024-12-06,485,1146,1,10,5658.77,Defect
3710,886,20250423,2025-04-23,427,1133,8,2,157.67,Wrong Configuration
3711,111459,20240407,2024-04-07,833,1152,3,6,4175.91,Defect
3712,98888,20240625,2024-06-25,520,1068,1,1,238.48,Defect
3713,83099,20211203,2021-12-03,1184,1147,7,6,3817.56,Defect
3714,19013,20240506,2024-05-06,304,1093,10,8,6556.91,Customer Cancellation
3715,108133,20240726,2024-07-26,352,1071,4,1,189.27,Wrong Configuration
3716,56401,20230124,2023-01-24,585,1196,2,29,5982.31,Customer Cancellation
3717,99916,20241111,2024-11-11,102,1144,1,15,10157.99,Defect
3718,71694,20250415,2025-04-15,576,1194,6,19,5278.33,Other
3719,115519,20230221,2023-02-21,1079,1169,5,19,1324.94,Defect
3720,82312,20240801,2024-08-01,1066,1170,6,25,1021.0,Other
3721,5946,20250529,2025-05-29,829,1131,1,2,192.09,Shipping Damage
3722,71979,20231011,2023-10-11,1070,1069,5,15,2483.54,Defect
3723,75421,20240701,2024-07-01,734,1171,5,16,703.47,Customer Cancellation
3724,87334,20250807,2025-08-07,152,1197,7,45,10561.7,Defect
3725,93525,20231127,2023-11-27,837,1123,4,14,1021.07,Wrong Configuration
3726,32738,20230323,2023-03-23,1069,1044,6,19,6127.94,Customer Cancellation
3727,94025,20240125,2024-01-25,1200,1061,1,5,1123.83,Defect
3728,109741,20251128,2025-11-28,981,1136,3,49,3566.09,Wrong Configuration
3729,105569,20230601,2023-06-01,1084,1076,2,1,171.68,Defect
3730,45809,20210214,2021-02-14,38,1062,2,3,515.98,Defect
3731,86590,20250403,2025-04-03,1051,1147,1,1,864.58,Defect
3732,72625,20230825,2023-08-25,6,1086,6,4,2811.62,Shipping Damage
3733,75706,20250329,2025-03-29,690,1194,4,1,280.85,Wrong Configuration
3734,48107,20250124,2025-01-24,1032,1065,6,2,261.59,Other
3735,72753,20250918,2025-09-18,136,1115,6,14,23758.47,Wrong Configuration
3736,5216,20240613,2024-06-13,672,1118,5,2,2215.12,Customer Cancellation
3737,91729,20250110,2025-01-10,192,1173,1,13,663.28,Wrong Configuration
3738,66799,20250810,2025-08-10,626,1008,6,6,6377.14,Customer Cancellation
3739,15198,20241126,2024-11-26,591,1015,5,4,3116.39,Defect
3740,56383,20250623,2025-06-23,850,1057,3,4,1990.82,Wrong Configuration
3741,51355,20220501,2022-05-01,1184,1049,7,27,13569.33,Defect
3742,18415,20251210,2025-12-10,219,1116,1,27,42068.99,Customer Cancellation
3743,14650,20240509,2024-05-09,1070,1196,5,16,3934.7,Customer Cancellation
3744,12608,20251109,2025-11-09,739,1054,1,4,1980.23,Wrong Configuration
3745,35390,20250408,2025-04-08,5,1057,8,3,1233.06,Customer Cancellation
3746,113943,20220225,2022-02-25,584,1090,9,14,8779.09,Customer Cancellation
3747,7157,20251213,2025-12-13,395,1075,1,12,2718.07,Defect
3748,37046,20251213,2025-12-13,102,1090,1,9,6039.92,Wrong Configuration
3749,110360,20230119,2023-01-19,999,1038,4,9,4280.23,Customer Cancellation
3750,29789,20250212,2025-02-12,905,1026,1,8,3964.21,Defect
3751,39953,20240315,2024-03-15,1034,1046,5,7,3498.02,Customer Cancellation
3752,103765,20250620,2025-06-20,301,1035,10,10,5532.29,Other
3753,50253,20240721,2024-07-21,418,1006,2,33,29382.57,Shipping Damage
3754,84622,20220103,2022-01-03,649,1144,4,19,9767.68,Other
3755,54943,20221119,2022-11-19,707,1102,6,7,9701.86,Defect
3756,72161,20251022,2025-10-22,690,1120,4,2,213.02,Customer Cancellation
3757,108531,20230704,2023-07-04,136,1026,6,9,4654.79,Shipping Damage
3758,31902,20241115,2024-11-15,763,1121,6,7,730.79,Wrong Configuration
3759,15367,20220227,2022-02-27,163,1186,1,8,1339.35,Shipping Damage
3760,46433,20230204,2023-02-04,910,1072,1,7,1504.86,Defect
3761,28583,20241117,2024-11-17,708,1016,3,22,20179.43,Defect
3762,109891,20220216,2022-02-16,684,1183,1,23,6194.31,Other
3763,57030,20240530,2024-05-30,1116,1024,5,44,20395.73,Defect
3764,116498,20251204,2025-12-04,951,1196,6,3,772.47,Other
3765,84836,20251211,2025-12-11,894,1059,3,1,476.8,Wrong Configuration
3766,111577,20250506,2025-05-06,829,1111,1,17,31733.29,Wrong Configuration
3767,18750,20230316,2023-03-16,845,1038,10,4,2014.67,Defect
3768,56303,20241102,2024-11-02,823,1130,1,1,83.32,Customer Cancellation
3769,80461,20231216,2023-12-16,598,1067,2,10,1667.45,Other
3770,75456,20230313,2023-03-13,550,1020,5,1,718.75,Shipping Damage
3771,94366,20230303,2023-03-03,265,1148,2,3,1854.85,Defect
3772,26256,20230607,2023-06-07,307,1068,1,18,4159.52,Defect
3773,44080,20211130,2021-11-30,256,1102,6,3,3558.17,Other
3774,7802,20230429,2023-04-29,1038,1105,1,2,2030.16,Defect
3775,99915,20210526,2021-05-26,565,1078,8,2,316.93,Wrong Configuration
3776,66180,20241223,2024-12-23,598,1115,2,31,47611.74,Defect
3777,95334,20241125,2024-11-25,15,1193,6,2,485.49,Customer Cancellation
3778,49103,20211012,2021-10-12,1041,1195,4,5,1037.09,Wrong Configuration
3779,69123,20220622,2022-06-22,58,1042,2,16,6380.48,Defect
3780,66170,20250520,2025-05-20,349,1006,5,7,6617.65,Defect
3781,80922,20241031,2024-10-31,1050,1084,1,6,4154.82,Customer Cancellation
3782,54495,20240310,2024-03-10,1133,1124,3,33,2048.82,Defect
3783,11220,20250510,2025-05-10,578,1021,2,33,17963.98,Shipping Damage
3784,55241,20230405,2023-04-05,748,1138,6,14,904.7,Shipping Damage
3785,68266,20251029,2025-10-29,320,1000,2,1,1205.85,Customer Cancellation
3786,76580,20231124,2023-11-24,167,1031,6,3,1991.77,Shipping Damage
3787,15424,20251207,2025-12-07,1180,1191,1,43,7040.38,Shipping Damage
3788,69300,20251017,2025-10-17,291,1071,6,5,895.96,Customer Cancellation
3789,65708,20241104,2024-11-04,935,1082,2,6,4663.19,Other
3790,55030,20231030,2023-10-30,2,1128,6,32,2873.22,Other
3791,114989,20250106,2025-01-06,765,1190,2,1,150.21,Wrong Configuration
3792,23609,20251210,2025-12-10,557,1077,1,11,2524.43,Customer Cancellation
3793,39147,20250430,2025-04-30,676,1128,5,2,217.48,Defect
3794,7078,20251105,2025-11-05,772,1085,8,12,7334.84,Customer Cancellation
3795,83020,20240404,2024-04-04,570,1037,9,1,787.9,Customer Cancellation
3796,36757,20211118,2021-11-18,994,1164,7,2,69.79,Other
3797,38467,20240620,2024-06-20,74,1190,5,1,181.92,Defect
3798,28004,20210601,2021-06-01,866,1144,6,2,1248.87,Defect
3799,28238,20241113,2024-11-13,303,1183,1,12,2915.48,Other
3800,80310,20240506,2024-05-06,424,1022,6,1,748.83,Defect
3801,65280,20251201,2025-12-01,281,1079,10,25,4322.42,Defect
3802,97723,20240229,2024-02-29,612,1044,1,8,3077.34,Defect
3803,101192,20250824,2025-08-24,112,1100,4,17,23364.53,Wrong Configuration
3804,87043,20251212,2025-12-12,1134,1153,9,21,13852.63,Defect
3805,18875,20240330,2024-03-30,332,1001,6,1,891.44,Customer Cancellation
3806,34392,20240421,2024-04-21,486,1111,3,8,12107.35,Customer Cancellation
3807,113551,20240102,2024-01-02,1181,1103,3,1,1600.25,Wrong Configuration
3808,103885,20230213,2023-02-13,347,1077,5,1,232.19,Defect
3809,58105,20230306,2023-03-06,1070,1149,5,23,13012.76,Defect
3810,7746,20231004,2023-10-04,911,1109,6,2,3391.01,Wrong Configuration
3811,38232,20231213,2023-12-13,321,1121,6,23,1881.05,Shipping Damage
3812,21024,20220723,2022-07-23,442,1077,1,12,2627.93,Customer Cancellation
3813,113057,20240411,2024-04-11,401,1119,8,19,28557.79,Shipping Damage
3814,30087,20220118,2022-01-18,594,1140,8,21,14068.03,Customer Cancellation
3815,1830,20240329,2024-03-29,231,1154,6,2,1593.73,Defect
3816,108283,20251119,2025-11-19,849,1117,5,22,33442.55,Defect
3817,39771,20240804,2024-08-04,566,1186,1,10,1909.84,Wrong Configuration
3818,103801,20230616,2023-06-16,88,1071,3,26,3733.75,Wrong Configuration
3819,115215,20230408,2023-04-08,465,1186,6,6,1024.2,Shipping Damage
3820,80549,20250504,2025-05-04,179,1197,6,16,3336.65,Defect
3821,110257,20230608,2023-06-08,465,1080,6,41,43237.13,Customer Cancellation
3822,65941,20211208,2021-12-08,1012,1052,5,21,6386.11,Defect
3823,95714,20250625,2025-06-25,598,1161,2,24,1058.75,Wrong Configuration
3824,44894,20241122,2024-11-22,569,1019,1,10,8590.1,Defect
3825,73940,20230918,2023-09-18,1086,1199,1,46,10065.03,Shipping Damage
3826,30394,20250927,2025-09-27,229,1056,9,3,1176.13,Defect
3827,62230,20230920,2023-09-20,714,1077,6,11,2739.91,Wrong Configuration
3828,69006,20230706,2023-07-06,270,1189,8,2,440.54,Customer Cancellation
3829,36312,20251227,2025-12-27,1154,1130,8,16,1238.65,Customer Cancellation
3830,74488,20251226,2025-12-26,401,1035,8,12,7570.64,Defect
3831,95419,20221020,2022-10-20,731,1180,5,11,2273.46,Defect
3832,50557,20250313,2025-03-13,879,1002,4,1,1211.38,Defect
3833,71986,20251024,2025-10-24,446,1131,2,10,1030.35,Customer Cancellation
3834,78380,20221211,2022-12-11,730,1021,2,4,1709.65,Defect
3835,92136,20231120,2023-11-20,110,1033,8,12,8482.22,Defect
3836,23450,20211002,2021-10-02,185,1163,4,7,356.04,Shipping Damage
3837,14252,20251220,2025-12-20,769,1012,5,15,17524.37,Shipping Damage
3838,36787,20240722,2024-07-22,561,1149,3,4,2983.14,Customer Cancellation
3839,69390,20251216,2025-12-16,1173,1162,6,3,163.4,Wrong Configuration
3840,69772,20250305,2025-03-05,189,1169,4,1,65.8,Wrong Configuration
3841,43841,20251211,2025-12-11,1160,1031,1,5,3411.05,Wrong Configuration
3842,117304,20230210,2023-02-10,462,1003,2,5,4736.35,Wrong Configuration
3843,26507,20220115,2022-01-15,503,1169,6,6,342.93,Customer Cancellation
3844,96340,20220711,2022-07-11,932,1176,1,45,1826.35,Defect
3845,55054,20240916,2024-09-16,954,1124,6,3,227.4,Defect
3846,85046,20241023,2024-10-23,770,1112,2,3,3658.77,Customer Cancellation
3847,22386,20230920,2023-09-20,612,1175,1,4,221.08,Wrong Configuration
3848,22480,20251225,2025-12-25,1020,1016,5,2,2184.92,Wrong Configuration
3849,17174,20241008,2024-10-08,539,1133,6,1,72.65,Customer Cancellation
3850,22816,20250210,2025-02-10,102,1024,1,4,2221.93,Customer Cancellation
3851,4672,20241013,2024-10-13,1184,1161,7,9,440.53,Defect
3852,72655,20250220,2025-02-20,480,1002,1,9,9573.83,Shipping Damage
3853,104123,20251225,2025-12-25,1017,1030,1,4,2042.58,Defect
3854,88035,20240708,2024-07-08,193,1169,8,10,695.21,Wrong Configuration
3855,23554,20240703,2024-07-03,1079,1191,5,26,3871.89,Other
3856,48567,20240416,2024-04-16,598,1015,2,16,11021.43,Shipping Damage
3857,94444,20230212,2023-02-12,1020,1186,5,1,165.84,Wrong Configuration
3858,117833,20240817,2024-08-17,375,1108,8,1,1281.68,Defect
3859,111917,20250419,2025-04-19,642,1181,9,9,2280.06,Wrong Configuration
3860,65069,20250715,2025-07-15,219,1193,1,18,4388.97,Defect
3861,1013,20251209,2025-12-09,694,1091,9,1,786.71,Wrong Configuration
3862,57954,20220523,2022-05-23,1182,1144,6,32,18947.64,Customer Cancellation
3863,11236,20250731,2025-07-31,723,1073,5,1,138.53,Shipping Damage
3864,60141,20231209,2023-12-09,482,1183,3,3,821.25,Defect
3865,14709,20230116,2023-01-16,527,1191,8,1,178.44,Wrong Configuration
3866,32694,20251106,2025-11-06,304,1072,10,9,1933.33,Defect
3867,4851,20230804,2023-08-04,841,1191,6,1,188.41,Shipping Damage
3868,54663,20230720,2023-07-20,608,1020,4,7,4489.14,Customer Cancellation
3869,80201,20250706,2025-07-06,765,1098,2,15,9006.8,Wrong Configuration
3870,106947,20250829,2025-08-29,179,1175,6,3,158.17,Defect
3871,42580,20251203,2025-12-03,837,1031,4,16,10968.16,Wrong Configuration
3872,72833,20250213,2025-02-13,839,1119,3,12,19151.53,Shipping Damage
3873,90639,20220729,2022-07-29,442,1197,1,19,3378.73,Shipping Damage
3874,75159,20231019,2023-10-19,684,1001,1,9,6644.63,Shipping Damage
3875,39186,20250520,2025-05-20,503,1173,6,1,70.91,Other
3876,107416,20210728,2021-07-28,34,1053,9,4,1425.19,Shipping Damage
3877,114629,20240515,2024-05-15,927,1196,5,12,2860.5,Shipping Damage
3878,77307,20240307,2024-03-07,917,1120,6,1,94.1,Defect
3879,80134,20241120,2024-11-20,536,1173,5,6,390.01,Wrong Configuration
3880,40355,20250210,2025-02-10,730,1158,2,14,9022.56,Other
3881,12156,20231206,2023-12-06,61,1094,10,1,711.58,Defect
3882,106137,20220524,2022-05-24,575,1078,3,13,2018.5,Defect
3883,110321,20251220,2025-12-20,314,1125,1,8,762.64,Wrong Configuration
3884,80348,20241101,2024-11-01,1116,1121,5,12,1059.7,Wrong Configuration
3885,21156,20250515,2025-05-15,1084,1120,2,3,276.96,Defect
3886,106799,20240606,2024-06-06,517,1041,7,16,5560.5,Shipping Damage
3887,111805,20241207,2024-12-07,812,1134,3,7,863.45,Defect
3888,101846,20250123,2025-01-23,684,1074,1,19,2953.44,Shipping Damage
3889,83330,20220720,2022-07-20,192,1121,1,7,525.22,Wrong Configuration
3890,14903,20230620,2023-06-20,248,1123,10,32,2083.42,Wrong Configuration
3891,29327,20230810,2023-08-10,72,1026,1,7,3541.81,Defect
3892,97505,20230518,2023-05-18,208,1001,1,14,10893.43,Wrong Configuration
3893,28344,20221116,2022-11-16,1,1078,5,5,897.6,Customer Cancellation
3894,109785,20250620,2025-06-20,542,1181,7,1,276.39,Wrong Configuration
3895,2876,20250507,2025-05-07,980,1026,8,56,26264.89,Wrong Configuration
3896,26273,20240411,2024-04-11,849,1065,5,12,1570.01,Customer Cancellation
3897,87704,20240119,2024-01-19,431,1003,1,21,17189.43,Defect
3898,58201,20220726,2022-07-26,1012,1188,5,26,4999.54,Shipping Damage
3899,13736,20241008,2024-10-08,758,1133,10,10,685.29,Customer Cancellation
3900,81674,20240628,2024-06-28,1126,1080,5,2,1898.16,Wrong Configuration
3901,63779,20230316,2023-03-16,640,1057,1,27,10070.86,Wrong Configuration
3902,60456,20250312,2025-03-12,586,1114,2,2,3580.56,Defect
3903,17264,20241219,2024-12-19,788,1157,9,3,1747.24,Customer Cancellation
3904,54187,20230626,2023-06-26,1195,1047,2,2,699.26,Wrong Configuration
3905,100808,20210223,2021-02-23,445,1040,2,6,1639.72,Customer Cancellation
3906,89792,20230717,2023-07-17,82,1006,2,1,1113.81,Defect
3907,39274,20250820,2025-08-20,1081,1131,4,23,1775.62,Shipping Damage
3908,62966,20251114,2025-11-14,1040,1128,1,3,336.64,Wrong Configuration
3909,11153,20231102,2023-11-02,1070,1003,5,23,21027.05,Wrong Configuration
3910,79170,20220227,2022-02-27,1074,1119,5,1,1479.01,Defect
3911,13742,20250128,2025-01-28,218,1060,3,15,1680.86,Defect
3912,87138,20230603,2023-06-03,629,1022,1,200,113591.56,Other
3913,55751,20250211,2025-02-11,722,1145,1,3,2549.35,Customer Cancellation
3914,108344,20250329,2025-03-29,238,1109,4,5,8962.08,Customer Cancellation
3915,40282,20251115,2025-11-15,474,1138,5,10,712.94,Defect
3916,27544,20230303,2023-03-03,369,1009,10,1,812.31,Defect
3917,27230,20230416,2023-04-16,130,1199,3,36,8288.32,Wrong Configuration
3918,73128,20241126,2024-11-26,506,1087,5,1,565.74,Other
3919,81067,20231230,2023-12-30,982,1073,1,8,1149.97,Other
3920,9954,20220114,2022-01-14,152,1167,7,6,326.24,Defect
3921,71887,20250527,2025-05-27,469,1057,2,2,832.29,Defect
3922,86065,20250911,2025-09-11,192,1031,1,4,2808.76,Defect
3923,46655,20250224,2025-02-24,952,1020,3,2,1333.64,Defect
3924,37569,20250702,2025-07-02,586,1011,2,4,3945.49,Wrong Configuration
3925,56104,20251211,2025-12-11,538,1142,8,1,660.01,Wrong Configuration
3926,50221,20250411,2025-04-11,598,1181,2,8,1866.1,Defect
3927,51030,20220517,2022-05-17,859,1030,9,14,6449.85,Customer Cancellation
3928,7112,20230630,2023-06-30,687,1131,1,2,175.96,Defect
3929,29135,20220531,2022-05-31,128,1168,2,5,292.82,Wrong Configuration
3930,48967,20251224,2025-12-24,980,1096,8,45,29018.77,Other
3931,118827,20241204,2024-12-04,684,1173,1,10,605.19,Shipping Damage
3932,40839,20210814,2021-08-14,558,1162,1,3,138.12,Shipping Damage
3933,476,20220616,2022-06-16,640,1172,1,21,1067.11,Customer Cancellation
3934,34472,20251229,2025-12-29,950,1122,5,9,786.12,Defect
3935,113738,20250127,2025-01-27,415,1130,5,15,1160.68,Wrong Configuration
3936,113036,20250929,2025-09-29,16,1058,4,41,14225.64,Shipping Damage
3937,104964,20250412,2025-04-12,395,1191,1,7,1314.18,Defect
3938,52639,20251123,2025-11-23,467,1132,8,20,1606.01,Defect
3939,57617,20230112,2023-01-12,434,1177,6,1,68.21,Customer Cancellation
3940,10836,20250624,2025-06-24,753,1012,6,49,45404.65,Defect
3941,118813,20231028,2023-10-28,1083,1094,9,7,5161.42,Customer Cancellation
3942,29240,20250510,2025-05-10,778,1008,3,3,3487.57,Defect
3943,102269,20240504,2024-05-04,909,1023,10,20,10917.72,Shipping Damage
3944,81690,20251109,2025-11-09,1136,1085,6,1,706.79,Defect
3945,79706,20240604,2024-06-04,332,1009,6,4,3422.82,Defect
3946,87886,20250518,2025-05-18,1102,1025,2,5,3126.09,Other
3947,32971,20240722,2024-07-22,365,1081,1,1,739.63,Shipping Damage
3948,112728,20241228,2024-12-28,1156,1156,4,4,2691.6,Defect
3949,82261,20241003,2024-10-03,426,1044,1,6,2282.6,Shipping Damage
3950,53470,20250512,2025-05-12,417,1020,6,42,26695.91,Other
3951,32826,20240211,2024-02-11,851,1118,2,21,16935.61,Defect
3952,7977,20251124,2025-11-24,410,1147,6,4,2563.36,Customer Cancellation
3953,46579,20231102,2023-11-02,790,1129,6,10,514.2,Customer Cancellation
3954,100469,20240218,2024-02-18,250,1112,3,1,1162.13,Other
3955,116371,20241106,2024-11-06,985,1098,10,23,12759.77,Wrong Configuration
3956,25342,20240730,2024-07-30,909,1020,10,15,8846.43,Other
3957,38012,20251207,2025-12-07,502,1023,3,14,7779.28,Wrong Configuration
3958,59696,20250408,2025-04-08,878,1077,4,4,1073.91,Customer Cancellation
3959,66783,20250117,2025-01-17,461,1194,4,1,278.95,Wrong Configuration
3960,77341,20231214,2023-12-14,256,1137,6,5,353.45,Defect
3961,58525,20240613,2024-06-13,334,1036,1,1,570.98,Other
3962,19142,20241211,2024-12-11,929,1173,8,11,613.04,Wrong Configuration
3963,30905,20240902,2024-09-02,1162,1195,1,13,2958.91,Customer Cancellation
3964,48086,20231222,2023-12-22,558,1092,1,1,757.99,Customer Cancellation
3965,77361,20250107,2025-01-07,185,1044,4,14,4986.83,Defect
3966,39414,20251225,2025-12-25,228,1141,8,19,16888.28,Customer Cancellation
3967,41574,20231230,2023-12-30,511,1002,3,1,1166.64,Defect
3968,13188,20231016,2023-10-16,248,1008,10,17,14604.72,Defect
3969,15552,20240125,2024-01-25,169,1013,8,34,22055.4,Other
3970,97369,20250607,2025-06-07,184,1100,5,1,1691.8,Customer Cancellation
3971,44487,20251112,2025-11-12,435,1013,1,10,7642.45,Shipping Damage
3972,69768,20210905,2021-09-05,788,1127,9,40,2211.32,Customer Cancellation
3973,31190,20250918,2025-09-18,485,1171,1,12,507.96,Wrong Configuration
3974,88567,20250801,2025-08-01,823,1181,1,1,271.83,Shipping Damage
3975,70525,20250421,2025-04-21,150,1172,2,4,213.95,Defect
3976,7799,20251130,2025-11-30,362,1114,5,2,3511.27,Wrong Configuration
3977,110674,20250330,2025-03-30,334,1185,1,3,546.22,Wrong Configuration
3978,117194,20231130,2023-11-30,719,1024,1,1,524.84,Defect
3979,24303,20250901,2025-09-01,268,1069,9,7,1247.73,Customer Cancellation
3980,111091,20251019,2025-10-19,264,1122,3,13,1243.25,Defect
3981,97997,20250423,2025-04-23,634,1112,2,1,1352.69,Other
3982,40502,20230112,2023-01-12,85,1151,1,13,6313.78,Customer Cancellation
3983,40344,20221231,2022-12-31,32,1143,1,2,1253.25,Customer Cancellation
3984,45461,20250321,2025-03-21,118,1198,8,7,2054.37,Customer Cancellation
3985,61069,20230416,2023-04-16,131,1108,3,10,10818.45,Defect
3986,75308,20230215,2023-02-15,866,1055,6,6,2614.98,Shipping Damage
3987,102710,20241222,2024-12-22,427,1198,8,7,2215.4,Defect
3988,63862,20251231,2025-12-31,337,1074,10,1,193.12,Shipping Damage
3989,24236,20230206,2023-02-06,834,1002,1,27,24732.78,Shipping Damage
3990,102373,20220208,2022-02-08,267,1185,9,1,170.19,Shipping Damage
3991,20069,20240208,2024-02-08,622,1094,9,9,7811.51,Defect
3992,116852,20250613,2025-06-13,674,1146,8,24,11490.55,Shipping Damage
3993,17823,20250402,2025-04-02,1065,1160,1,1,65.15,Defect
3994,25539,20250104,2025-01-04,385,1085,3,7,4604.16,Customer Cancellation
3995,83184,20230405,2023-04-05,539,1101,6,1,1232.99,Defect
3996,119470,20230904,2023-09-04,192,1067,1,16,2816.1,Customer Cancellation
3997,43869,20240729,2024-07-29,584,1026,9,44,20843.04,Shipping Damage
3998,99951,20241201,2024-12-01,141,1033,7,9,6449.3,Defect
3999,4112,20250325,2025-03-25,734,1147,5,1,794.81,Defect
4000,35039,20250605,2025-06-05,493,1174,6,7,451.52,Wrong Configuration
4001,104685,20230620,2023-06-20,307,1161,1,4,177.0,Shipping Damage
4002,102743,20240508,2024-05-08,116,1021,10,58,28733.34,Defect
4003,35262,20240523,2024-05-23,191,1044,9,3,1041.34,Wrong Configuration
4004,12478,20250220,2025-02-20,684,1019,1,21,20583.7,Shipping Damage
4005,74287,20230607,2023-06-07,1039,1131,9,32,2688.82,Shipping Damage
4006,18227,20240829,2024-08-29,65,1083,6,1,1171.1,Wrong Configuration
4007,99632,20211208,2021-12-08,505,1079,3,3,545.25,Shipping Damage
4008,108438,20231007,2023-10-07,1070,1197,5,4,874.76,Customer Cancellation
4009,45754,20251226,2025-12-26,409,1084,4,7,4977.88,Customer Cancellation
4010,15391,20241212,2024-12-12,767,1049,4,8,4124.34,Defect
4011,1611,20241105,2024-11-05,722,1099,1,2,1461.06,Wrong Configuration
4012,58287,20220607,2022-06-07,298,1083,1,4,4103.72,Other
4013,78388,20220226,2022-02-26,140,1040,8,1,309.74,Defect
4014,88760,20250809,2025-08-09,1128,1174,7,40,2437.18,Defect
4015,71051,20250504,2025-05-04,495,1066,2,14,2432.6,Defect
4016,13260,20241229,2024-12-29,118,1101,8,17,18162.66,Customer Cancellation
4017,76237,20251209,2025-12-09,417,1078,6,16,2559.9,Defect
4018,94244,20240428,2024-04-28,37,1145,3,7,4997.84,Shipping Damage
4019,3118,20240706,2024-07-06,301,1154,10,16,11498.34,Defect
4020,3739,20251125,2025-11-25,1116,1026,5,13,6578.96,Shipping Damage
4021,91801,20250821,2025-08-21,138,1137,4,1,75.05,Shipping Damage
4022,88828,20250415,2025-04-15,575,1084,3,15,10817.93,Defect
4023,103905,20251210,2025-12-10,1121,1111,5,1,1616.8,Defect
4024,29921,20220806,2022-08-06,962,1012,4,2,2182.54,Customer Cancellation
4025,70716,20230126,2023-01-26,720,1191,5,14,2345.21,Customer Cancellation
4026,37241,20240723,2024-07-23,1133,1060,3,26,2753.13,Defect
4027,23373,20250203,2025-02-03,905,1025,1,11,7269.42,Shipping Damage
4028,53721,20241106,2024-11-06,898,1019,4,2,1785.91,Defect
4029,78070,20230110,2023-01-10,695,1169,1,7,388.25,Other
4030,119542,20251004,2025-10-04,766,1198,4,5,1445.83,Shipping Damage
4031,54572,20241223,2024-12-23,435,1020,1,6,4038.87,Defect
4032,41503,20221214,2022-12-14,316,1052,7,17,5920.57,Defect
4033,94654,20231022,2023-10-22,1127,1041,6,1,381.93,Wrong Configuration
4034,25773,20210812,2021-08-12,565,1075,8,4,782.81,Defect
4035,98828,20240417,2024-04-17,122,1022,1,11,6225.81,Wrong Configuration
4036,60605,20231228,2023-12-28,967,1055,7,5,1928.24,Defect
4037,53723,20251025,2025-10-25,530,1134,7,22,2625.48,Other
4038,109964,20240908,2024-09-08,248,1019,10,7,5846.64,Customer Cancellation
4039,41838,20221128,2022-11-28,1067,1014,6,21,14639.34,Customer Cancellation
4040,26944,20241110,2024-11-10,363,1156,8,7,3857.74,Other
4041,107327,20250322,2025-03-22,122,1038,1,6,2086.14,Wrong Configuration
4042,96931,20240415,2024-04-15,712,1121,9,17,1700.67,Defect
4043,117455,20250412,2025-04-12,983,1181,3,32,7986.97,Customer Cancellation
4044,86749,20241105,2024-11-05,783,1158,9,9,7283.17,Defect
4045,10478,20251228,2025-12-28,662,1181,3,17,4323.65,Other
4046,66076,20250831,2025-08-31,358,1193,9,9,2341.9,Other
4047,65541,20250213,2025-02-13,281,1052,10,14,5250.82,Other
4048,77707,20231003,2023-10-03,1173,1077,6,3,687.98,Defect
4049,17341,20250612,2025-06-12,465,1066,6,3,562.79,Defect
4050,78611,20251126,2025-11-26,137,1091,4,12,8278.81,Wrong Configuration
4051,106790,20220214,2022-02-14,929,1032,8,5,2851.6,Wrong Configuration
4052,68947,20240116,2024-01-16,587,1075,2,2,469.16,Other
4053,15370,20240903,2024-09-03,51,1139,5,9,800.16,Defect
4054,108091,20221114,2022-11-14,815,1121,6,7,632.69,Customer Cancellation
4055,21667,20230910,2023-09-10,592,1073,10,18,2372.26,Wrong Configuration
4056,34876,20221104,2022-11-04,130,1014,3,14,10565.07,Shipping Damage
4057,50306,20241124,2024-11-24,1096,1144,10,1,807.81,Wrong Configuration
4058,78640,20230101,2023-01-01,622,1016,9,7,7283.67,Shipping Damage
4059,81837,20241001,2024-10-01,314,1175,1,2,113.19,Defect
4060,46980,20240302,2024-03-02,684,1031,1,51,34055.82,Shipping Damage
4061,10554,20250607,2025-06-07,1158,1031,6,3,2160.86,Customer Cancellation
4062,62924,20210528,2021-05-28,811,1144,5,1,650.85,Defect
4063,26275,20230430,2023-04-30,304,1047,10,20,7245.32,Customer Cancellation
4064,111124,20250405,2025-04-05,185,1157,4,34,18610.42,Other
4065,60022,20210614,2021-06-14,1114,1067,2,1,166.89,Defect
4066,53266,20241118,2024-11-18,386,1008,2,1,1141.84,Wrong Configuration
4067,48307,20250114,2025-01-14,720,1163,5,21,1139.55,Other
4068,40978,20250714,2025-07-14,807,1032,1,3,1624.25,Shipping Damage
4069,4051,20250809,2025-08-09,675,1176,1,1,51.53,Customer Cancellation
4070,107958,20230406,2023-04-06,137,1122,4,10,731.33,Defect
4071,63856,20250523,2025-05-23,524,1047,8,1,314.79,Customer Cancellation
4072,62193,20250109,2025-01-09,602,1126,6,1,85.71,Other
4073,43113,20230603,2023-06-03,192,1109,1,6,8558.61,Wrong Configuration
4074,96994,20230909,2023-09-09,685,1196,8,3,757.35,Wrong Configuration
4075,42493,20230719,2023-07-19,415,1164,5,3,115.75,Defect
4076,43199,20250215,2025-02-15,952,1079,3,2,375.04,Wrong Configuration
4077,65758,20231029,2023-10-29,355,1024,1,13,5979.62,Customer Cancellation
4078,9990,20230427,2023-04-27,1172,1035,3,2,1289.24,Defect
4079,103674,20231203,2023-12-03,1069,1167,6,8,419.35,Wrong Configuration
4080,87738,20220618,2022-06-18,271,1085,4,49,31317.22,Defect
4081,78403,20240130,2024-01-30,629,1082,1,17,13521.62,Shipping Damage
4082,35862,20251020,2025-10-20,387,1100,8,5,6980.9,Defect
4083,55336,20240313,2024-03-13,171,1199,1,10,2791.17,Defect
4084,49415,20231212,2023-12-12,1162,1194,1,2,492.81,Other
4085,103431,20240411,2024-04-11,1160,1003,1,12,11904.9,Wrong Configuration
4086,93215,20230713,2023-07-13,238,1004,4,15,15899.98,Defect
4087,112446,20220109,2022-01-09,545,1086,6,2,1201.79,Defect
4088,107827,20251231,2025-12-31,385,1087,3,18,9884.38,Customer Cancellation
4089,110201,20240621,2024-06-21,622,1179,9,9,444.06,Other
4090,18466,20231119,2023-11-19,649,1191,4,10,1831.57,Wrong Configuration
4091,116180,20230324,2023-03-24,416,1069,9,21,3608.75,Other
4092,20769,20240222,2024-02-22,155,1058,8,11,3831.08,Shipping Damage
4093,64821,20241116,2024-11-16,253,1059,5,2,752.49,Defect
4094,97812,20250602,2025-06-02,1194,1136,5,1,88.58,Defect
4095,36919,20230622,2023-06-22,559,1106,1,28,31805.03,Customer Cancellation
4096,59566,20251201,2025-12-01,936,1055,1,4,2046.52,Wrong Configuration
4097,113460,20251011,2025-10-11,923,1171,1,1,46.57,Defect
4098,28878,20250920,2025-09-20,265,1092,2,53,39910.37,Customer Cancellation
4099,117520,20230615,2023-06-15,152,1063,7,34,4450.06,Customer Cancellation
4100,29978,20240531,2024-05-31,81,1199,4,2,525.16,Shipping Damage
4101,46931,20240113,2024-01-13,554,1008,1,4,3901.42,Defect
4102,6916,20240404,2024-04-04,75,1067,2,1,164.99,Defect
4103,14408,20251217,2025-12-17,1200,1114,1,7,13621.84,Defect
4104,110534,20251220,2025-12-20,324,1025,6,15,7994.21,Defect
4105,41304,20241215,2024-12-15,1092,1125,9,28,2444.34,Defect
4106,10269,20250106,2025-01-06,179,1108,6,27,32243.49,Other
4107,102883,20220824,2022-08-24,1109,1138,4,5,335.13,Other
4108,69654,20251222,2025-12-22,1128,1060,7,19,2486.14,Defect
4109,29286,20250915,2025-09-15,274,1013,5,1,789.13,Other
4110,8015,20250831,2025-08-31,988,1168,4,27,1622.6,Defect
4111,28209,20251209,2025-12-09,692,1094,4,25,20144.68,Wrong Configuration
4112,47790,20241226,2024-12-26,925,1187,2,10,2541.12,Customer Cancellation
4113,30337,20240606,2024-06-06,913,1063,7,4,631.28,Defect
4114,97375,20231014,2023-10-14,390,1055,8,4,1688.59,Defect
4115,59842,20241125,2024-11-25,684,1137,1,9,672.92,Defect
4116,87556,20230628,2023-06-28,548,1128,8,9,869.38,Customer Cancellation
4117,31862,20250624,2025-06-24,725,1061,1,18,4263.41,Other
4118,31602,20240414,2024-04-14,1028,1086,6,9,6376.16,Shipping Damage
4119,30492,20230719,2023-07-19,462,1068,2,1,200.14,Shipping Damage
4120,115503,20250919,2025-09-19,941,1046,9,4,2104.75,Wrong Configuration
4121,4173,20230423,2023-04-23,769,1082,5,9,7732.09,Defect
4122,92026,20221204,2022-12-04,421,1069,5,7,1085.34,Shipping Damage
4123,62942,20250715,2025-07-15,961,1098,7,5,3234.45,Defect
4124,24719,20240501,2024-05-01,170,1153,9,5,3423.19,Other
4125,47762,20230825,2023-08-25,85,1029,1,17,10008.63,Wrong Configuration
4126,23688,20210606,2021-06-06,695,1167,1,8,520.91,Customer Cancellation
4127,20529,20240318,2024-03-18,1136,1120,6,2,185.21,Defect
4128,67618,20251127,2025-11-27,684,1026,1,21,10170.14,Shipping Damage
4129,578,20251102,2025-11-02,387,1132,8,9,857.54,Defect
4130,98615,20240509,2024-05-09,382,1061,5,2,570.06,Other
4131,98660,20250401,2025-04-01,191,1128,9,15,1478.23,Defect
4132,45658,20250107,2025-01-07,252,1029,4,28,17954.59,Wrong Configuration
4133,58677,20230704,2023-07-04,399,1028,5,21,8740.56,Defect
4134,55168,20210125,2021-01-25,955,1153,4,10,5376.8,Customer Cancellation
4135,26847,20240501,2024-05-01,849,1186,5,26,4266.31,Other
4136,62042,20251207,2025-12-07,494,1194,1,8,2350.14,Wrong Configuration
4137,4178,20250109,2025-01-09,307,1030,1,2,852.2,Wrong Configuration
4138,10247,20230125,2023-01-25,263,1049,2,5,2096.78,Wrong Configuration
4139,273,20250719,2025-07-19,69,1034,9,2,1693.72,Wrong Configuration
4140,113058,20251118,2025-11-18,349,1166,5,1,45.93,Other
4141,73626,20250630,2025-06-30,36,1053,4,1,471.86,Defect
4142,91332,20220222,2022-02-22,526,1163,6,26,1232.33,Customer Cancellation
4143,79371,20250909,2025-09-09,849,1152,5,17,9254.82,Defect
4144,40569,20250413,2025-04-13,84,1028,1,1,626.33,Wrong Configuration
4145,82132,20220928,2022-09-28,57,1198,5,2,597.42,Shipping Damage
4146,52907,20251127,2025-11-27,335,1013,5,9,6385.94,Wrong Configuration
4147,109062,20251231,2025-12-31,322,1006,1,1,1154.02,Other
4148,69914,20250321,2025-03-21,794,1096,6,1,686.98,Customer Cancellation
4149,7577,20250502,2025-05-02,997,1055,7,12,4939.12,Defect
4150,114236,20230427,2023-04-27,288,1016,2,2,2091.0,Other
4151,29447,20240128,2024-01-28,723,1141,5,2,1529.38,Other
4152,58562,20240629,2024-06-29,367,1003,6,2,2016.39,Wrong Configuration
4153,79096,20240426,2024-04-26,248,1054,10,19,7501.97,Customer Cancellation
4154,99736,20220912,2022-09-12,37,1131,3,8,594.29,Shipping Damage
4155,52990,20240414,2024-04-14,578,1150,2,6,3192.47,Defect
4156,37292,20240205,2024-02-05,353,1145,1,15,10225.39,Shipping Damage
4157,43094,20240514,2024-05-14,455,1005,7,3,3678.71,Wrong Configuration
4158,10763,20251126,2025-11-26,170,1133,9,6,434.96,Defect
4159,56132,20241219,2024-12-19,955,1129,4,3,149.49,Wrong Configuration
4160,95739,20251230,2025-12-30,534,1123,5,33,2460.96,Defect
4161,19884,20220813,2022-08-13,416,1135,9,8,592.46,Defect
4162,16073,20250731,2025-07-31,570,1081,9,1,789.65,Wrong Configuration
4163,36083,20231116,2023-11-16,947,1018,3,5,4302.8,Other
4164,75804,20251114,2025-11-14,772,1011,8,19,17891.07,Defect
4165,15537,20240208,2024-02-08,1083,1184,9,9,1599.25,Shipping Damage
4166,119220,20251112,2025-11-12,280,1016,6,8,8040.15,Wrong Configuration
4167,110815,20240617,2024-06-17,16,1019,4,4,3332.57,Customer Cancellation
4168,31085,20250419,2025-04-19,281,1122,10,4,299.25,Wrong Configuration
4169,98514,20221031,2022-10-31,88,1107,3,12,16559.95,Customer Cancellation
4170,4323,20241207,2024-12-07,516,1054,2,2,966.34,Defect
4171,81976,20250114,2025-01-14,265,1035,2,2,1226.9,Customer Cancellation
4172,25935,20240511,2024-05-11,37,1016,3,5,5791.08,Customer Cancellation
4173,39752,20210530,2021-05-30,252,1106,4,25,25050.37,Customer Cancellation
4174,52984,20251212,2025-12-12,977,1078,6,8,1560.65,Defect
4175,91653,20230902,2023-09-02,980,1055,8,32,11613.85,Other
4176,105013,20250104,2025-01-04,718,1169,8,6,394.49,Defect
4177,42430,20250531,2025-05-31,543,1145,5,1,809.46,Wrong Configuration
4178,52347,20250318,2025-03-18,883,1086,6,1,765.18,Customer Cancellation
4179,63940,20210929,2021-09-29,565,1157,8,3,1473.37,Wrong Configuration
4180,87870,20241004,2024-10-04,333,1181,4,14,3216.04,Defect
4181,41370,20241019,2024-10-19,425,1171,5,3,138.19,Defect
4182,95114,20251125,2025-11-25,880,1139,1,1,86.77,Shipping Damage
4183,106290,20241001,2024-10-01,1120,1037,6,17,12077.41,Defect
4184,2714,20241006,2024-10-06,617,1079,1,1,164.83,Wrong Configuration
4185,116087,20250410,2025-04-10,1079,1119,5,4,6152.66,Defect
4186,84086,20240309,2024-03-09,1047,1083,4,2,2241.59,Other
4187,73178,20240510,2024-05-10,190,1182,3,1,269.38,Wrong Configuration
4188,69011,20251230,2025-12-30,136,1008,6,7,8515.23,Defect
4189,103942,20250328,2025-03-28,70,1127,5,3,215.71,Customer Cancellation
4190,17601,20230523,2023-05-23,1017,1055,1,1,461.32,Customer Cancellation
4191,84131,20230608,2023-06-08,382,1013,5,3,2188.5,Other
4192,63820,20230310,2023-03-10,622,1039,9,7,5769.12,Shipping Damage
4193,74242,20250519,2025-05-19,121,1116,6,4,6834.38,Wrong Configuration
4194,6017,20240829,2024-08-29,161,1026,4,3,1747.58,Wrong Configuration
4195,100869,20231221,2023-12-21,207,1190,6,1,177.79,Shipping Damage
4196,17655,20251030,2025-10-30,293,1160,6,6,373.48,Shipping Damage
4197,59835,20240315,2024-03-15,765,1177,2,12,790.75,Wrong Configuration
4198,41859,20251003,2025-10-03,495,1068,2,16,3392.55,Other
4199,22044,20240825,2024-08-25,1048,1007,2,4,5187.76,Other
4200,5443,20231106,2023-11-06,845,1171,10,8,321.4,Wrong Configuration
